"folio","edad","sexo","educacion","cse","n_personas","macrozona","prob_gastar_comida_fuera","gasto_cond_comida_fuera","gasto_esp_comida_fuera"
100170101,56,"1","6","2",5,NA,NA,89725.4335691707,NA
100170301,81,"1",NA,"2",2,NA,NA,89725.4335691707,NA
100170401,60,"1","5","2",2,NA,NA,89725.4335691707,NA
100170601,52,"2","6","2",1,NA,NA,89725.4335691707,NA
100170602,29,"2","6","2",2,NA,NA,89725.4335691707,NA
100170801,35,"2","4","2",1,NA,NA,89725.4335691707,NA
100210101,69,"2","6","2",1,NA,NA,89725.4335691707,NA
100210201,39,"1","11","2",4,NA,NA,89725.4335691707,NA
100210401,67,"2","3","2",3,NA,NA,89725.4335691707,NA
100210501,45,"2","8","2",4,NA,NA,89725.4335691707,NA
100210601,68,"1","6","2",5,NA,NA,89725.4335691707,NA
100210701,65,"1","8","2",4,NA,NA,89725.4335691707,NA
100210801,50,"2","8","2",4,NA,NA,89725.4335691707,NA
100330101,47,"2","11",NA,6,NA,NA,89725.4335691707,NA
100330201,65,"1","8",NA,3,NA,NA,89725.4335691707,NA
100330401,62,"2",NA,NA,1,NA,NA,89725.4335691707,NA
100330501,63,"1","5",NA,5,NA,NA,89725.4335691707,NA
100330601,39,"1","7",NA,2,NA,NA,89725.4335691707,NA
100330701,50,"1","11",NA,2,NA,NA,89725.4335691707,NA
100330901,63,"1","11",NA,5,NA,NA,89725.4335691707,NA
100340101,59,"2","5","3",2,NA,NA,89725.4335691707,NA
100340102,26,"2","7","3",2,NA,NA,89725.4335691707,NA
100340201,65,"2","4","3",1,NA,NA,89725.4335691707,NA
100340301,44,"2","1","3",2,NA,NA,89725.4335691707,NA
100340501,68,"1","5","3",6,NA,NA,89725.4335691707,NA
100340701,74,"1","1","3",1,NA,NA,89725.4335691707,NA
100370101,69,"2","9",NA,2,NA,NA,89725.4335691707,NA
100490101,35,"2","6","1",4,NA,NA,89725.4335691707,NA
100490201,29,"2","6","1",4,NA,NA,89725.4335691707,NA
100490401,65,"2","3","1",2,NA,NA,89725.4335691707,NA
100490501,60,"2","5","1",12,NA,NA,89725.4335691707,NA
100490601,31,"2","6","1",6,NA,NA,89725.4335691707,NA
100490701,59,"2","5","1",4,NA,NA,89725.4335691707,NA
100490801,56,"1","11","1",1,NA,NA,89725.4335691707,NA
100590101,81,"1","1",NA,4,NA,NA,89725.4335691707,NA
100590201,42,"2","1",NA,4,NA,NA,89725.4335691707,NA
100590301,80,"1","11",NA,2,NA,NA,89725.4335691707,NA
100590401,38,"1","5",NA,3,NA,NA,89725.4335691707,NA
100590501,24,"2","9",NA,5,NA,NA,89725.4335691707,NA
100590601,21,"1","5",NA,2,NA,NA,89725.4335691707,NA
100590801,45,"2","8",NA,4,NA,NA,89725.4335691707,NA
100590901,51,"2","7",NA,5,NA,NA,89725.4335691707,NA
100591001,58,"2","3",NA,2,NA,NA,89725.4335691707,NA
100680301,48,"1","5",NA,3,NA,NA,89725.4335691707,NA
100680401,52,"1","11",NA,4,NA,NA,89725.4335691707,NA
100680501,44,"2","9",NA,2,NA,NA,89725.4335691707,NA
100740101,61,"2","8",NA,1,NA,NA,89725.4335691707,NA
100740301,60,"1","11",NA,1,NA,NA,89725.4335691707,NA
100740401,42,"2","11",NA,2,NA,NA,89725.4335691707,NA
100740501,55,"2","6",NA,3,NA,NA,89725.4335691707,NA
100740601,60,"2","5",NA,4,NA,NA,89725.4335691707,NA
100740701,44,"2","5",NA,2,NA,NA,89725.4335691707,NA
100740801,51,"2","11",NA,2,NA,NA,89725.4335691707,NA
100910101,61,"1","5","2",4,NA,NA,89725.4335691707,NA
100910201,59,"1",NA,"2",3,NA,NA,89725.4335691707,NA
100910301,42,"2","11","2",3,NA,NA,89725.4335691707,NA
100910401,31,"2","3","2",3,NA,NA,89725.4335691707,NA
100910801,39,"1","4","2",4,NA,NA,89725.4335691707,NA
100990101,33,"2","8","3",1,NA,NA,89725.4335691707,NA
100990501,48,"2","11","3",3,NA,NA,89725.4335691707,NA
100990601,35,"2","5","3",3,NA,NA,89725.4335691707,NA
100990801,37,"1","9","3",4,NA,NA,89725.4335691707,NA
101120101,45,"1","11","2",3,NA,NA,89725.4335691707,NA
101120401,37,"1","12","2",3,NA,NA,89725.4335691707,NA
101120501,50,"1","11","2",4,NA,NA,89725.4335691707,NA
101120601,68,"2","11","2",2,NA,NA,89725.4335691707,NA
101120701,58,"1","8","2",2,NA,NA,89725.4335691707,NA
101260801,49,"2","12","3",3,NA,NA,89725.4335691707,NA
101300101,43,"2","11","2",1,NA,NA,89725.4335691707,NA
101300201,48,"1","12","2",1,NA,NA,89725.4335691707,NA
101300301,36,"1","11","2",1,NA,NA,89725.4335691707,NA
101300601,46,"2","5","2",3,NA,NA,89725.4335691707,NA
101420101,72,"1","5","2",3,NA,NA,89725.4335691707,NA
101420201,56,"1","1","2",3,NA,NA,89725.4335691707,NA
101420401,46,"1","11","2",3,NA,NA,89725.4335691707,NA
101420501,80,"1",NA,"2",1,NA,NA,89725.4335691707,NA
101420601,39,"1","6","2",5,NA,NA,89725.4335691707,NA
101420701,45,"1",NA,"2",1,NA,NA,89725.4335691707,NA
101420801,70,"2","1","2",4,NA,NA,89725.4335691707,NA
101480101,46,"2","11","3",3,NA,NA,89725.4335691707,NA
101480201,34,"1","12","3",6,NA,NA,89725.4335691707,NA
101480401,50,"1","11","3",1,NA,NA,89725.4335691707,NA
101600801,40,"1","8","3",4,NA,NA,89725.4335691707,NA
101640101,61,"1","11","3",3,NA,NA,89725.4335691707,NA
101650301,29,"1","6",NA,4,NA,NA,89725.4335691707,NA
101650401,31,"2","7",NA,3,NA,NA,89725.4335691707,NA
101700101,55,"2","8",NA,2,NA,NA,89725.4335691707,NA
101700201,55,"2","5",NA,2,NA,NA,89725.4335691707,NA
101740201,53,"1","12","3",6,NA,NA,89725.4335691707,NA
101740401,62,"1","12","3",5,NA,NA,89725.4335691707,NA
101740701,54,"2","11","3",1,NA,NA,89725.4335691707,NA
102130201,27,"1","6",NA,3,NA,NA,89725.4335691707,NA
102130301,64,"1",NA,NA,2,NA,NA,89725.4335691707,NA
102130501,37,"1","5",NA,3,NA,NA,89725.4335691707,NA
102130601,55,"2","6",NA,4,NA,NA,89725.4335691707,NA
102250101,34,"1","11",NA,3,NA,NA,89725.4335691707,NA
102250201,25,"1","9",NA,2,NA,NA,89725.4335691707,NA
102250301,24,"1","11",NA,2,NA,NA,89725.4335691707,NA
102250401,33,"1","11",NA,2,NA,NA,89725.4335691707,NA
102250501,45,"1","11",NA,1,NA,NA,89725.4335691707,NA
102250701,33,"2","11",NA,1,NA,NA,89725.4335691707,NA
102270101,52,"2",NA,"2",2,NA,NA,89725.4335691707,NA
102270201,50,"1","11","2",3,NA,NA,89725.4335691707,NA
102270401,64,"1","3","2",2,NA,NA,89725.4335691707,NA
102270501,62,"2","1","2",4,NA,NA,89725.4335691707,NA
102270601,61,"2","4","2",4,NA,NA,89725.4335691707,NA
102280501,34,"1","12","3",4,NA,NA,89725.4335691707,NA
102400201,64,"2","5",NA,3,NA,NA,89725.4335691707,NA
102550101,39,"2","11","3",4,NA,NA,89725.4335691707,NA
102550501,54,"2","11","3",4,NA,NA,89725.4335691707,NA
102590301,40,"2","8",NA,1,NA,NA,89725.4335691707,NA
102590401,55,"1","5",NA,2,NA,NA,89725.4335691707,NA
102590801,40,"2","9",NA,4,NA,NA,89725.4335691707,NA
102830101,48,"1","12",NA,2,NA,NA,89725.4335691707,NA
102830201,64,"2","6",NA,3,NA,NA,89725.4335691707,NA
102830301,42,"1","12",NA,4,NA,NA,89725.4335691707,NA
102830401,34,"2","11",NA,1,NA,NA,89725.4335691707,NA
102830701,61,"1","10",NA,2,NA,NA,89725.4335691707,NA
102830801,57,"2","11",NA,4,NA,NA,89725.4335691707,NA
103040201,65,"2","3",NA,7,NA,NA,89725.4335691707,NA
103040501,45,"2","9",NA,2,NA,NA,89725.4335691707,NA
103040701,76,"2","4",NA,2,NA,NA,89725.4335691707,NA
103040801,38,"2","11",NA,4,NA,NA,89725.4335691707,NA
103440401,66,"1",NA,"2",2,NA,NA,89725.4335691707,NA
103440501,93,"2","3","2",2,NA,NA,89725.4335691707,NA
103440601,53,"1","5","2",3,NA,NA,89725.4335691707,NA
103580101,37,"1","11","2",4,NA,NA,89725.4335691707,NA
103580301,65,"2","5","2",1,NA,NA,89725.4335691707,NA
103580601,63,"2","11","2",6,NA,NA,89725.4335691707,NA
103580701,39,"2","8","2",4,NA,NA,89725.4335691707,NA
103850201,29,"2","5",NA,5,NA,NA,89725.4335691707,NA
103850301,59,"2",NA,NA,4,NA,NA,89725.4335691707,NA
103850401,55,"2","5",NA,3,NA,NA,89725.4335691707,NA
103850501,50,"2","5",NA,4,NA,NA,89725.4335691707,NA
103850601,52,"1","6",NA,4,NA,NA,89725.4335691707,NA
103850701,22,"1","5",NA,1,NA,NA,89725.4335691707,NA
103850801,62,"2","3",NA,1,NA,NA,89725.4335691707,NA
103920101,27,"1","7",NA,1,NA,NA,89725.4335691707,NA
103920601,37,"1","11",NA,1,NA,NA,89725.4335691707,NA
104050101,38,"1","8","3",2,NA,NA,89725.4335691707,NA
104050201,54,"1","6","3",5,NA,NA,89725.4335691707,NA
104050301,63,"2","4","3",2,NA,NA,89725.4335691707,NA
104050401,32,"2","8","3",4,NA,NA,89725.4335691707,NA
104050501,69,"2","12","3",2,NA,NA,89725.4335691707,NA
104050601,74,"2",NA,"3",2,NA,NA,89725.4335691707,NA
104050701,60,"2","5","3",1,NA,NA,89725.4335691707,NA
104170101,56,"1","1",NA,4,NA,NA,89725.4335691707,NA
104170401,37,"2","5",NA,4,NA,NA,89725.4335691707,NA
104170701,63,"1","1",NA,2,NA,NA,89725.4335691707,NA
104170801,55,"2","3",NA,2,NA,NA,89725.4335691707,NA
104280101,65,"2",NA,"3",2,NA,NA,89725.4335691707,NA
104280201,39,"2","8","3",2,NA,NA,89725.4335691707,NA
104280301,40,"2","11","3",4,NA,NA,89725.4335691707,NA
104280501,90,"1",NA,"3",1,NA,NA,89725.4335691707,NA
104280801,77,"2","3","3",2,NA,NA,89725.4335691707,NA
104320401,73,"2","5",NA,2,NA,NA,89725.4335691707,NA
104320701,27,"2","11",NA,2,NA,NA,89725.4335691707,NA
104330101,47,"2","9",NA,3,NA,NA,89725.4335691707,NA
104330501,47,"2","11",NA,6,NA,NA,89725.4335691707,NA
104330701,38,"1","11",NA,1,NA,NA,89725.4335691707,NA
104350101,72,"2","5","3",1,NA,NA,89725.4335691707,NA
104350201,45,"1","11","3",2,NA,NA,89725.4335691707,NA
104350401,86,"2","3","3",1,NA,NA,89725.4335691707,NA
104350501,70,"2","4","3",3,NA,NA,89725.4335691707,NA
104350601,42,"1","9","3",4,NA,NA,89725.4335691707,NA
104350701,42,"2","11","3",3,NA,NA,89725.4335691707,NA
104390201,37,"1","11",NA,1,NA,NA,89725.4335691707,NA
104390701,61,"2","11",NA,2,NA,NA,89725.4335691707,NA
104390801,47,"2","12",NA,1,NA,NA,89725.4335691707,NA
104550601,84,"1","5","2",2,NA,NA,89725.4335691707,NA
104560101,62,"1","5","2",4,NA,NA,89725.4335691707,NA
104560201,74,"1",NA,"2",3,NA,NA,89725.4335691707,NA
104560301,54,"2","5","2",2,NA,NA,89725.4335691707,NA
104560501,67,"1","5","2",1,NA,NA,89725.4335691707,NA
104560601,65,"2",NA,"2",1,NA,NA,89725.4335691707,NA
104560801,62,"1","5","2",3,NA,NA,89725.4335691707,NA
104770101,40,"1","11",NA,3,NA,NA,89725.4335691707,NA
104770201,43,"2","11",NA,2,NA,NA,89725.4335691707,NA
104770301,64,"2","8",NA,2,NA,NA,89725.4335691707,NA
104770701,61,"1","3",NA,3,NA,NA,89725.4335691707,NA
104940101,56,"2","5","3",2,NA,NA,89725.4335691707,NA
104940601,41,"1","6","3",1,NA,NA,89725.4335691707,NA
104940701,44,"2","4","3",4,NA,NA,89725.4335691707,NA
104940801,47,"1","8","3",4,NA,NA,89725.4335691707,NA
104970301,56,"2","11","3",4,NA,NA,89725.4335691707,NA
104970401,70,"1","5","3",3,NA,NA,89725.4335691707,NA
104970501,56,"2","6","3",4,NA,NA,89725.4335691707,NA
104970601,69,"2","8","3",5,NA,NA,89725.4335691707,NA
104970801,67,"1","1","3",2,NA,NA,89725.4335691707,NA
105050101,42,"2","11",NA,5,NA,NA,89725.4335691707,NA
105050301,72,"2","3",NA,3,NA,NA,89725.4335691707,NA
105050501,57,"1","8",NA,1,NA,NA,89725.4335691707,NA
105050601,53,"2","8",NA,4,NA,NA,89725.4335691707,NA
105050701,45,"2","12",NA,2,NA,NA,89725.4335691707,NA
105050801,54,"2","11",NA,5,NA,NA,89725.4335691707,NA
105200101,34,"2","11",NA,2,NA,NA,89725.4335691707,NA
105200201,28,"1","8",NA,3,NA,NA,89725.4335691707,NA
105200601,52,"1","11",NA,1,NA,NA,89725.4335691707,NA
105240201,72,"2","11",NA,2,NA,NA,89725.4335691707,NA
105240301,65,"1","8",NA,4,NA,NA,89725.4335691707,NA
105240401,44,"2","7",NA,2,NA,NA,89725.4335691707,NA
105240501,49,"1","9",NA,4,NA,NA,89725.4335691707,NA
105240601,73,"2","5",NA,1,NA,NA,89725.4335691707,NA
105240701,85,"2",NA,NA,3,NA,NA,89725.4335691707,NA
105240801,59,"2","1",NA,2,NA,NA,89725.4335691707,NA
105240802,39,"2","9",NA,3,NA,NA,89725.4335691707,NA
105900201,65,"2",NA,"2",1,NA,NA,89725.4335691707,NA
105900202,69,"1","3","2",1,NA,NA,89725.4335691707,NA
105900203,85,"2","3","2",1,NA,NA,89725.4335691707,NA
105900204,67,"1","3","2",1,NA,NA,89725.4335691707,NA
105900401,40,"1",NA,"2",4,NA,NA,89725.4335691707,NA
105900601,30,"1","8","2",2,NA,NA,89725.4335691707,NA
105920401,62,"2","1","2",4,NA,NA,89725.4335691707,NA
105920501,62,"2",NA,"2",2,NA,NA,89725.4335691707,NA
105920701,51,"2","7","2",5,NA,NA,89725.4335691707,NA
106020101,51,"1","8",NA,1,NA,NA,89725.4335691707,NA
106020201,72,"1","1",NA,3,NA,NA,89725.4335691707,NA
106020301,71,"2","6",NA,3,NA,NA,89725.4335691707,NA
106020401,55,"1","7",NA,2,NA,NA,89725.4335691707,NA
106020501,50,"2","8",NA,2,NA,NA,89725.4335691707,NA
106020601,49,"2","6",NA,2,NA,NA,89725.4335691707,NA
106020701,21,"1","9",NA,1,NA,NA,89725.4335691707,NA
106020801,30,"1","11",NA,3,NA,NA,89725.4335691707,NA
106160201,63,"1","11",NA,5,NA,NA,89725.4335691707,NA
106160501,60,"2","11",NA,2,NA,NA,89725.4335691707,NA
106160601,70,"1","11",NA,1,NA,NA,89725.4335691707,NA
106190101,69,"1","12","3",3,NA,NA,89725.4335691707,NA
106190201,47,"1","6","3",5,NA,NA,89725.4335691707,NA
106190301,74,"2","5","3",2,NA,NA,89725.4335691707,NA
106190701,56,"1","5","3",1,NA,NA,89725.4335691707,NA
106190801,56,"2","5","3",3,NA,NA,89725.4335691707,NA
106470201,49,"2","3",NA,2,NA,NA,89725.4335691707,NA
106470501,27,"2","7",NA,4,NA,NA,89725.4335691707,NA
106470601,47,"1","9",NA,5,NA,NA,89725.4335691707,NA
106470801,38,"1","6",NA,1,NA,NA,89725.4335691707,NA
106640101,54,"2","6","3",4,NA,NA,89725.4335691707,NA
106640201,46,"2","11","3",3,NA,NA,89725.4335691707,NA
106640601,45,"2","8","3",3,NA,NA,89725.4335691707,NA
106680101,45,"1",NA,"1",4,NA,NA,89725.4335691707,NA
106680201,25,"1","5","1",1,NA,NA,89725.4335691707,NA
106680301,49,"1","5","1",4,NA,NA,89725.4335691707,NA
106680501,55,"1","1","1",5,NA,NA,89725.4335691707,NA
106680701,84,"2","1","1",1,NA,NA,89725.4335691707,NA
106680801,61,"1","1","1",2,NA,NA,89725.4335691707,NA
106830601,29,"2","5","2",3,NA,NA,89725.4335691707,NA
106830801,64,"1","3","2",1,NA,NA,89725.4335691707,NA
106830802,64,"1","3","2",1,NA,NA,89725.4335691707,NA
106900101,48,"1","5",NA,3,NA,NA,89725.4335691707,NA
106900201,58,"1",NA,NA,5,NA,NA,89725.4335691707,NA
106900301,71,"2",NA,NA,2,NA,NA,89725.4335691707,NA
106900401,74,"2","5",NA,1,NA,NA,89725.4335691707,NA
106900501,53,"1","3",NA,2,NA,NA,89725.4335691707,NA
106900701,60,"1",NA,NA,2,NA,NA,89725.4335691707,NA
106900901,54,"2","5",NA,3,NA,NA,89725.4335691707,NA
106901001,57,"1",NA,NA,3,NA,NA,89725.4335691707,NA
107060201,60,"2","1",NA,1,NA,NA,89725.4335691707,NA
107060301,36,"2","8",NA,5,NA,NA,89725.4335691707,NA
107060401,57,"2","3",NA,2,NA,NA,89725.4335691707,NA
107060601,52,"1","6",NA,3,NA,NA,89725.4335691707,NA
107060701,62,"2","8",NA,3,NA,NA,89725.4335691707,NA
107060801,37,"2",NA,NA,3,NA,NA,89725.4335691707,NA
107070301,86,"2","5",NA,1,NA,NA,89725.4335691707,NA
107270101,40,"2","5","3",2,NA,NA,89725.4335691707,NA
107270401,45,"1","5","3",4,NA,NA,89725.4335691707,NA
107270501,72,"1","1","3",2,NA,NA,89725.4335691707,NA
107270701,48,"1","6","3",4,NA,NA,89725.4335691707,NA
107310601,39,"1","11","3",4,NA,NA,89725.4335691707,NA
107310701,37,"1","12","3",4,NA,NA,89725.4335691707,NA
107350201,37,"2","11",NA,2,NA,NA,89725.4335691707,NA
107350301,29,"2","11",NA,3,NA,NA,89725.4335691707,NA
107350401,37,"2","11",NA,2,NA,NA,89725.4335691707,NA
107350701,26,"1","11",NA,2,NA,NA,89725.4335691707,NA
107360201,46,"1","4",NA,2,NA,NA,89725.4335691707,NA
107360301,39,"1","5",NA,4,NA,NA,89725.4335691707,NA
107360501,65,"1","8",NA,2,NA,NA,89725.4335691707,NA
107360601,66,"1","3",NA,1,NA,NA,89725.4335691707,NA
107360801,86,"1","3",NA,2,NA,NA,89725.4335691707,NA
107460301,35,"2","7",NA,5,NA,NA,89725.4335691707,NA
107460501,53,"2","5",NA,4,NA,NA,89725.4335691707,NA
107460601,27,"2","5",NA,2,NA,NA,89725.4335691707,NA
107460701,83,"2","1",NA,3,NA,NA,89725.4335691707,NA
107640201,43,"1","5","2",4,NA,NA,89725.4335691707,NA
107640301,54,"1","11","2",1,NA,NA,89725.4335691707,NA
107640501,56,"1","5","2",1,NA,NA,89725.4335691707,NA
107640601,64,"1","5","2",7,NA,NA,89725.4335691707,NA
107640701,55,"2","7","2",2,NA,NA,89725.4335691707,NA
107640801,33,"1","9","2",5,NA,NA,89725.4335691707,NA
107700101,38,"2","5","2",4,NA,NA,89725.4335691707,NA
107700301,48,"2","5","2",1,NA,NA,89725.4335691707,NA
107700401,78,"2",NA,"2",2,NA,NA,89725.4335691707,NA
107700501,66,"1","6","2",1,NA,NA,89725.4335691707,NA
107700601,65,"1","1","2",5,NA,NA,89725.4335691707,NA
107700801,83,"1","1","2",1,NA,NA,89725.4335691707,NA
107860101,47,"1","6","3",4,NA,NA,89725.4335691707,NA
107860201,44,"2","11","3",4,NA,NA,89725.4335691707,NA
107860301,41,"2","11","3",6,NA,NA,89725.4335691707,NA
107860401,42,"2","5","3",4,NA,NA,89725.4335691707,NA
107860501,44,"2","6","3",3,NA,NA,89725.4335691707,NA
107860601,35,"2","11","3",5,NA,NA,89725.4335691707,NA
107860701,50,"2","5","3",2,NA,NA,89725.4335691707,NA
108020201,50,"2","5","2",4,NA,NA,89725.4335691707,NA
108020401,45,"2","5","2",3,NA,NA,89725.4335691707,NA
108150301,35,"1","11","3",2,NA,NA,89725.4335691707,NA
108150601,67,"1","12","3",2,NA,NA,89725.4335691707,NA
108150701,28,"1","11","3",1,NA,NA,89725.4335691707,NA
108180101,58,"1","1",NA,2,NA,NA,89725.4335691707,NA
108180201,62,"1","1",NA,2,NA,NA,89725.4335691707,NA
108180501,58,"2",NA,NA,1,NA,NA,89725.4335691707,NA
108180601,51,"2","5",NA,4,NA,NA,89725.4335691707,NA
108180701,74,"1","9",NA,4,NA,NA,89725.4335691707,NA
108700101,40,"2","11",NA,2,NA,NA,89725.4335691707,NA
108700201,41,"2","11",NA,2,NA,NA,89725.4335691707,NA
108700401,32,"1","11",NA,1,NA,NA,89725.4335691707,NA
108700601,61,"1","12",NA,2,NA,NA,89725.4335691707,NA
108700701,35,"2","9",NA,4,NA,NA,89725.4335691707,NA
108810101,54,"2","5","2",3,NA,NA,89725.4335691707,NA
108810301,38,"2",NA,"2",3,NA,NA,89725.4335691707,NA
108810401,62,"2",NA,"2",2,NA,NA,89725.4335691707,NA
108810501,68,"2","1","2",2,NA,NA,89725.4335691707,NA
108810601,39,"2","6","2",1,NA,NA,89725.4335691707,NA
108810701,39,"2","5","2",3,NA,NA,89725.4335691707,NA
108810801,65,"2",NA,"2",2,NA,NA,89725.4335691707,NA
108820101,29,"2","5",NA,3,NA,NA,89725.4335691707,NA
108820201,70,"1","1",NA,6,NA,NA,89725.4335691707,NA
108820301,80,"2",NA,NA,3,NA,NA,89725.4335691707,NA
108820401,73,"1","1",NA,2,NA,NA,89725.4335691707,NA
108820601,19,"1","5",NA,2,NA,NA,89725.4335691707,NA
108820701,32,"1","5",NA,1,NA,NA,89725.4335691707,NA
108820801,54,"1",NA,NA,3,NA,NA,89725.4335691707,NA
108830201,55,"2","8","2",1,NA,NA,89725.4335691707,NA
108830601,68,"1","3","2",4,NA,NA,89725.4335691707,NA
109060301,59,"2","5",NA,3,NA,NA,89725.4335691707,NA
109250601,61,"1","4",NA,4,NA,NA,89725.4335691707,NA
109270401,59,"2","7",NA,2,NA,NA,89725.4335691707,NA
109270901,47,"2","3",NA,3,NA,NA,89725.4335691707,NA
109271001,66,"1","1",NA,1,NA,NA,89725.4335691707,NA
109440301,29,"1","11",NA,1,NA,NA,89725.4335691707,NA
109440701,24,"2","9",NA,1,NA,NA,89725.4335691707,NA
109440801,33,"2","11",NA,1,NA,NA,89725.4335691707,NA
109510201,54,"1","6",NA,5,NA,NA,89725.4335691707,NA
109510301,51,"1","6",NA,3,NA,NA,89725.4335691707,NA
109510501,24,"2","7",NA,4,NA,NA,89725.4335691707,NA
109510701,69,"1","9",NA,4,NA,NA,89725.4335691707,NA
109510801,36,"1","8",NA,5,NA,NA,89725.4335691707,NA
109570301,36,"1","11",NA,4,NA,NA,89725.4335691707,NA
109570401,35,"1","11",NA,1,NA,NA,89725.4335691707,NA
109570801,93,"2","11",NA,2,NA,NA,89725.4335691707,NA
109630201,71,"1","3","1",2,NA,NA,89725.4335691707,NA
109630301,59,"2","1","1",6,NA,NA,89725.4335691707,NA
109630401,22,"1","3","1",4,NA,NA,89725.4335691707,NA
109630501,72,"1","1","1",2,NA,NA,89725.4335691707,NA
109630601,64,"2","1","1",1,NA,NA,89725.4335691707,NA
109630701,41,"1",NA,"1",5,NA,NA,89725.4335691707,NA
109630801,63,"1","1","1",4,NA,NA,89725.4335691707,NA
109770101,60,"1","1",NA,3,NA,NA,89725.4335691707,NA
109770201,39,"2","6",NA,3,NA,NA,89725.4335691707,NA
109770301,43,"1","8",NA,5,NA,NA,89725.4335691707,NA
109770501,42,"1","9",NA,4,NA,NA,89725.4335691707,NA
109770601,42,"2","7",NA,3,NA,NA,89725.4335691707,NA
109770701,44,"2","1",NA,2,NA,NA,89725.4335691707,NA
109770801,24,"1","9",NA,3,NA,NA,89725.4335691707,NA
109790101,61,"2","3","2",2,NA,NA,89725.4335691707,NA
109790301,38,"1","6","2",5,NA,NA,89725.4335691707,NA
109790601,71,"2",NA,"2",2,NA,NA,89725.4335691707,NA
109790701,32,"1",NA,"2",3,NA,NA,89725.4335691707,NA
109790801,74,"1","1","2",3,NA,NA,89725.4335691707,NA
109880301,62,"2","5","2",4,NA,NA,89725.4335691707,NA
109880501,29,"1","3","2",1,NA,NA,89725.4335691707,NA
109880601,38,"2","-88","2",4,NA,NA,89725.4335691707,NA
109880701,48,"1","5","2",1,NA,NA,89725.4335691707,NA
109930101,26,"1","5","2",2,NA,NA,89725.4335691707,NA
109930201,37,"2","7","2",4,NA,NA,89725.4335691707,NA
109930301,55,"1",NA,"2",5,NA,NA,89725.4335691707,NA
109930401,65,"2",NA,"2",6,NA,NA,89725.4335691707,NA
109930501,82,"1","1","2",4,NA,NA,89725.4335691707,NA
109930701,60,"1","5","2",4,NA,NA,89725.4335691707,NA
109930801,28,"2","11","2",2,NA,NA,89725.4335691707,NA
109990101,49,"2","12","3",7,NA,NA,89725.4335691707,NA
109990201,43,"1","9","3",3,NA,NA,89725.4335691707,NA
109990501,46,"2","8","3",4,NA,NA,89725.4335691707,NA
109990701,34,"1","11","3",1,NA,NA,89725.4335691707,NA
109990801,42,"1","10","3",3,NA,NA,89725.4335691707,NA
110080101,29,"1","8","3",5,NA,NA,89725.4335691707,NA
110080201,42,"2","12","3",1,NA,NA,89725.4335691707,NA
110080401,45,"2","11","3",5,NA,NA,89725.4335691707,NA
110270101,52,"1","4",NA,5,NA,NA,89725.4335691707,NA
110270201,47,"1",NA,NA,1,NA,NA,89725.4335691707,NA
110270301,36,"1","1",NA,1,NA,NA,89725.4335691707,NA
110270302,28,"1","9",NA,1,NA,NA,89725.4335691707,NA
110270401,63,"2",NA,NA,2,NA,NA,89725.4335691707,NA
110270601,28,"2","1",NA,3,NA,NA,89725.4335691707,NA
110270701,38,"1","5",NA,4,NA,NA,89725.4335691707,NA
110270801,28,"2","6",NA,4,NA,NA,89725.4335691707,NA
110470101,29,"2","11","3",6,NA,NA,89725.4335691707,NA
110470201,45,"2","9","3",4,NA,NA,89725.4335691707,NA
110470601,56,"1","11","3",3,NA,NA,89725.4335691707,NA
110470701,58,"2","5","3",5,NA,NA,89725.4335691707,NA
110470801,60,"1","12","3",1,NA,NA,89725.4335691707,NA
110640101,76,"2","1",NA,1,NA,NA,89725.4335691707,NA
110640201,48,"2","5",NA,2,NA,NA,89725.4335691707,NA
110640301,52,"2","3",NA,3,NA,NA,89725.4335691707,NA
110640401,57,"2",NA,NA,2,NA,NA,89725.4335691707,NA
110640501,52,"2","8",NA,1,NA,NA,89725.4335691707,NA
110870101,22,"2","5",NA,2,NA,NA,89725.4335691707,NA
110870201,72,"2",NA,NA,1,NA,NA,89725.4335691707,NA
110870301,40,"2","3",NA,4,NA,NA,89725.4335691707,NA
110870401,54,"2","6",NA,1,NA,NA,89725.4335691707,NA
110870501,37,"2","7",NA,6,NA,NA,89725.4335691707,NA
110870601,40,"2","5",NA,5,NA,NA,89725.4335691707,NA
110870701,30,"1","7",NA,2,NA,NA,89725.4335691707,NA
110870801,59,"2",NA,NA,2,NA,NA,89725.4335691707,NA
110960201,51,"1",NA,NA,5,NA,NA,89725.4335691707,NA
110960301,56,"1","5",NA,2,NA,NA,89725.4335691707,NA
110960401,47,"2","5",NA,2,NA,NA,89725.4335691707,NA
110960501,46,"1","9",NA,4,NA,NA,89725.4335691707,NA
110960701,59,"2","9",NA,3,NA,NA,89725.4335691707,NA
110960801,63,"1","5",NA,3,NA,NA,89725.4335691707,NA
111090101,70,"1",NA,"2",2,NA,NA,89725.4335691707,NA
111090201,74,"1",NA,"2",2,NA,NA,89725.4335691707,NA
111090401,34,"2","7","2",1,NA,NA,89725.4335691707,NA
111090501,85,"2",NA,"2",2,NA,NA,89725.4335691707,NA
111090701,58,"1","5","2",1,NA,NA,89725.4335691707,NA
111090801,69,"2","3","2",2,NA,NA,89725.4335691707,NA
111110201,82,"1","1",NA,4,NA,NA,89725.4335691707,NA
111110501,46,"2","11",NA,2,NA,NA,89725.4335691707,NA
111110601,41,"2","9",NA,2,NA,NA,89725.4335691707,NA
111110701,28,"2","11",NA,1,NA,NA,89725.4335691707,NA
111110702,28,"2","10",NA,1,NA,NA,89725.4335691707,NA
111280101,47,"1","11",NA,4,NA,NA,89725.4335691707,NA
111280201,66,"1","5",NA,4,NA,NA,89725.4335691707,NA
111280301,59,"1","8",NA,4,NA,NA,89725.4335691707,NA
111280501,55,"1","9",NA,3,NA,NA,89725.4335691707,NA
111280601,73,"2",NA,NA,3,NA,NA,89725.4335691707,NA
111280801,58,"2","8",NA,2,NA,NA,89725.4335691707,NA
111350101,54,"1","6","2",4,NA,NA,89725.4335691707,NA
111350201,50,"2","6","2",3,NA,NA,89725.4335691707,NA
111350301,71,"2",NA,"2",2,NA,NA,89725.4335691707,NA
111350401,39,"2","5","2",5,NA,NA,89725.4335691707,NA
111350701,64,"2",NA,"2",2,NA,NA,89725.4335691707,NA
111490101,22,"1","-88","2",2,NA,NA,89725.4335691707,NA
111490301,68,"1",NA,"2",4,NA,NA,89725.4335691707,NA
111490401,52,"1","6","2",1,NA,NA,89725.4335691707,NA
111490501,37,"2","9","2",3,NA,NA,89725.4335691707,NA
111490601,30,"1","9","2",5,NA,NA,89725.4335691707,NA
111490701,52,"1",NA,"2",4,NA,NA,89725.4335691707,NA
111550201,60,"2","1","2",3,NA,NA,89725.4335691707,NA
111550301,67,"2","5","2",2,NA,NA,89725.4335691707,NA
111550401,34,"1","7","2",4,NA,NA,89725.4335691707,NA
111550501,56,"2","5","2",1,NA,NA,89725.4335691707,NA
111550601,59,"2","1","2",2,NA,NA,89725.4335691707,NA
111600201,66,"1","1",NA,1,NA,NA,89725.4335691707,NA
111600301,68,"1","8",NA,2,NA,NA,89725.4335691707,NA
111600401,74,"1","3",NA,2,NA,NA,89725.4335691707,NA
111600501,71,"1",NA,NA,2,NA,NA,89725.4335691707,NA
111600601,46,"1","5",NA,1,NA,NA,89725.4335691707,NA
111600801,61,"1","1",NA,2,NA,NA,89725.4335691707,NA
111710101,35,"2","11","3",3,NA,NA,89725.4335691707,NA
111710201,54,"2","8","3",4,NA,NA,89725.4335691707,NA
111710501,34,"2","11","3",2,NA,NA,89725.4335691707,NA
111710601,60,"2","3","3",3,NA,NA,89725.4335691707,NA
111710701,53,"2","7","3",4,NA,NA,89725.4335691707,NA
111830101,61,"2","5","2",3,NA,NA,89725.4335691707,NA
111830301,56,"1","8","2",2,NA,NA,89725.4335691707,NA
111830501,60,"2","6","2",2,NA,NA,89725.4335691707,NA
111830601,48,"2","9","2",6,NA,NA,89725.4335691707,NA
111830701,21,"1","1","2",3,NA,NA,89725.4335691707,NA
111830801,75,"2","3","2",1,NA,NA,89725.4335691707,NA
111840101,35,"1","11","3",2,NA,NA,89725.4335691707,NA
111840301,66,"2","4","3",1,NA,NA,89725.4335691707,NA
111840401,55,"2","5","3",3,NA,NA,89725.4335691707,NA
111840501,73,"2","3","3",1,NA,NA,89725.4335691707,NA
111840701,24,"1","10","3",3,NA,NA,89725.4335691707,NA
111840801,28,"2","11","3",4,NA,NA,89725.4335691707,NA
112330101,56,"2","5",NA,3,NA,NA,89725.4335691707,NA
112330801,46,"1","6",NA,2,NA,NA,89725.4335691707,NA
112410101,60,"1","9",NA,4,NA,NA,89725.4335691707,NA
112410201,62,"1","9",NA,3,NA,NA,89725.4335691707,NA
112410301,45,"1","11",NA,2,NA,NA,89725.4335691707,NA
112410601,88,"1",NA,NA,2,NA,NA,89725.4335691707,NA
112410801,43,"1","11",NA,4,NA,NA,89725.4335691707,NA
112460201,32,"1","11",NA,1,NA,NA,89725.4335691707,NA
112460501,66,"2","5",NA,1,NA,NA,89725.4335691707,NA
112460701,62,"1","4",NA,2,NA,NA,89725.4335691707,NA
112470101,56,"2",NA,NA,3,NA,NA,89725.4335691707,NA
112470201,58,"1","5",NA,3,NA,NA,89725.4335691707,NA
112470301,52,"2","5",NA,5,NA,NA,89725.4335691707,NA
112470302,79,"2",NA,NA,2,NA,NA,89725.4335691707,NA
112470401,28,"2","5",NA,5,NA,NA,89725.4335691707,NA
112470501,34,"2","11",NA,3,NA,NA,89725.4335691707,NA
112470701,61,"1","1",NA,4,NA,NA,89725.4335691707,NA
112470801,54,"1","3",NA,4,NA,NA,89725.4335691707,NA
112490101,61,"2",NA,NA,2,NA,NA,89725.4335691707,NA
112490201,69,"2",NA,NA,2,NA,NA,89725.4335691707,NA
112490301,31,"1","5",NA,3,NA,NA,89725.4335691707,NA
112490401,52,"1","5",NA,4,NA,NA,89725.4335691707,NA
112490501,45,"2","5",NA,2,NA,NA,89725.4335691707,NA
112490601,82,"1","-88",NA,2,NA,NA,89725.4335691707,NA
112490701,68,"1","3",NA,4,NA,NA,89725.4335691707,NA
112490801,62,"1","1",NA,1,NA,NA,89725.4335691707,NA
112490901,63,"1","5",NA,4,NA,NA,89725.4335691707,NA
112491001,33,"2",NA,NA,6,NA,NA,89725.4335691707,NA
112970101,74,"2","8","3",1,NA,NA,89725.4335691707,NA
112970201,56,"2","11","3",5,NA,NA,89725.4335691707,NA
112970301,51,"1","11","3",5,NA,NA,89725.4335691707,NA
112970501,35,"1","11","3",3,NA,NA,89725.4335691707,NA
112970601,53,"2","11","3",4,NA,NA,89725.4335691707,NA
112970701,50,"1","8","3",4,NA,NA,89725.4335691707,NA
113010101,41,"1","12",NA,3,NA,NA,89725.4335691707,NA
113010201,36,"1","11",NA,2,NA,NA,89725.4335691707,NA
113010301,60,"1","11",NA,5,NA,NA,89725.4335691707,NA
113010601,93,"2","8",NA,2,NA,NA,89725.4335691707,NA
113010701,57,"2","11",NA,3,NA,NA,89725.4335691707,NA
113010801,33,"2","12",NA,3,NA,NA,89725.4335691707,NA
113030401,42,"2","11","3",3,NA,NA,89725.4335691707,NA
113030501,55,"1","12","3",5,NA,NA,89725.4335691707,NA
113030701,72,"2","11","3",1,NA,NA,89725.4335691707,NA
113030801,54,"2","11","3",5,NA,NA,89725.4335691707,NA
113040101,40,"2","9",NA,3,NA,NA,89725.4335691707,NA
113040201,43,"1","5",NA,6,NA,NA,89725.4335691707,NA
113040401,54,"2","1",NA,4,NA,NA,89725.4335691707,NA
113040501,58,"2","1",NA,3,NA,NA,89725.4335691707,NA
113040601,40,"2","6",NA,4,NA,NA,89725.4335691707,NA
113040701,88,"1",NA,NA,3,NA,NA,89725.4335691707,NA
113130101,45,"1","11",NA,5,NA,NA,89725.4335691707,NA
113130301,59,"2","11",NA,3,NA,NA,89725.4335691707,NA
113130501,41,"2","11",NA,2,NA,NA,89725.4335691707,NA
113130601,80,"1","11",NA,2,NA,NA,89725.4335691707,NA
113130701,72,"2","8",NA,2,NA,NA,89725.4335691707,NA
113130801,41,"1","12",NA,3,NA,NA,89725.4335691707,NA
113140101,29,"1","9","2",6,NA,NA,89725.4335691707,NA
113140201,68,"2","4","2",1,NA,NA,89725.4335691707,NA
113140301,29,"2","5","2",5,NA,NA,89725.4335691707,NA
113140302,39,"2","5","2",3,NA,NA,89725.4335691707,NA
113140303,36,"2","5","2",4,NA,NA,89725.4335691707,NA
113140401,69,"1",NA,"2",1,NA,NA,89725.4335691707,NA
113140501,56,"1","11","2",1,NA,NA,89725.4335691707,NA
113140701,61,"1","5","2",2,NA,NA,89725.4335691707,NA
113190101,59,"1","5","1",3,NA,NA,89725.4335691707,NA
113190201,68,"2","1","1",2,NA,NA,89725.4335691707,NA
113190301,70,"2",NA,"1",4,NA,NA,89725.4335691707,NA
113190401,63,"2","3","1",2,NA,NA,89725.4335691707,NA
113190501,48,"1","6","1",4,NA,NA,89725.4335691707,NA
113190601,50,"2","4","1",3,NA,NA,89725.4335691707,NA
113190701,54,"2","6","1",6,NA,NA,89725.4335691707,NA
113190801,51,"2","1","1",3,NA,NA,89725.4335691707,NA
113300101,61,"1","6",NA,2,NA,NA,89725.4335691707,NA
113300401,82,"1","5",NA,8,NA,NA,89725.4335691707,NA
113300701,30,"1","11",NA,1,NA,NA,89725.4335691707,NA
113590801,39,"2","3",NA,7,NA,NA,89725.4335691707,NA
114090201,37,"2","5","2",2,NA,NA,89725.4335691707,NA
114090301,72,"2","3","2",2,NA,NA,89725.4335691707,NA
114090401,65,"2",NA,"2",2,NA,NA,89725.4335691707,NA
114090402,45,"1","3","2",4,NA,NA,89725.4335691707,NA
114090601,84,"2",NA,"2",1,NA,NA,89725.4335691707,NA
114090801,60,"2","5","2",4,NA,NA,89725.4335691707,NA
114390101,32,"2","11","2",4,NA,NA,89725.4335691707,NA
114390301,60,"1","5","2",4,NA,NA,89725.4335691707,NA
114390401,67,"2","12","2",1,NA,NA,89725.4335691707,NA
114390501,52,"1","11","2",4,NA,NA,89725.4335691707,NA
114390601,60,"2","6","2",1,NA,NA,89725.4335691707,NA
114390801,58,"2","8","2",2,NA,NA,89725.4335691707,NA
114430101,75,"1","5",NA,1,NA,NA,89725.4335691707,NA
114430201,60,"1","8",NA,4,NA,NA,89725.4335691707,NA
114430301,48,"2","6",NA,4,NA,NA,89725.4335691707,NA
114430601,42,"2","6",NA,1,NA,NA,89725.4335691707,NA
114430701,57,"1","8",NA,4,NA,NA,89725.4335691707,NA
114430801,81,"2","1",NA,1,NA,NA,89725.4335691707,NA
114530101,54,"1","3","2",4,NA,NA,89725.4335691707,NA
114530301,45,"2","5","2",3,NA,NA,89725.4335691707,NA
114530401,30,"2","6","2",3,NA,NA,89725.4335691707,NA
114530501,35,"2","6","2",4,NA,NA,89725.4335691707,NA
114530601,41,"2","6","2",3,NA,NA,89725.4335691707,NA
114530701,54,"1","6","2",3,NA,NA,89725.4335691707,NA
114530801,34,"2","5","2",3,NA,NA,89725.4335691707,NA
114540101,62,"2","5",NA,2,NA,NA,89725.4335691707,NA
114540401,46,"1","6",NA,4,NA,NA,89725.4335691707,NA
114540501,54,"1",NA,NA,3,NA,NA,89725.4335691707,NA
114540601,29,"1","11",NA,4,NA,NA,89725.4335691707,NA
114540701,33,"1","6",NA,4,NA,NA,89725.4335691707,NA
114540801,24,"2","3",NA,5,NA,NA,89725.4335691707,NA
114560201,51,"1","11",NA,4,NA,NA,89725.4335691707,NA
114560601,75,"2","11",NA,3,NA,NA,89725.4335691707,NA
114560801,48,"1","9",NA,2,NA,NA,89725.4335691707,NA
114620201,64,"1","11",NA,3,NA,NA,89725.4335691707,NA
114620301,40,"2",NA,NA,2,NA,NA,89725.4335691707,NA
114620501,84,"2","4",NA,2,NA,NA,89725.4335691707,NA
114620601,78,"1","11",NA,2,NA,NA,89725.4335691707,NA
114620801,66,"1","1",NA,4,NA,NA,89725.4335691707,NA
114620901,51,"2","8",NA,3,NA,NA,89725.4335691707,NA
114621001,23,"1","8",NA,2,NA,NA,89725.4335691707,NA
114980101,83,"2","1",NA,5,NA,NA,89725.4335691707,NA
114980301,81,"1","3",NA,3,NA,NA,89725.4335691707,NA
114980401,64,"2","5",NA,2,NA,NA,89725.4335691707,NA
114980601,66,"2","4",NA,5,NA,NA,89725.4335691707,NA
114980801,56,"1","8",NA,1,NA,NA,89725.4335691707,NA
114990801,32,"2","11","3",1,NA,NA,89725.4335691707,NA
115050101,63,"2",NA,NA,1,NA,NA,89725.4335691707,NA
115050201,25,"1",NA,NA,5,NA,NA,89725.4335691707,NA
115050301,48,"1","3",NA,3,NA,NA,89725.4335691707,NA
115050501,54,"2","5",NA,4,NA,NA,89725.4335691707,NA
115050801,60,"1","5",NA,2,NA,NA,89725.4335691707,NA
115090201,32,"1","9","2",4,NA,NA,89725.4335691707,NA
115090401,40,"1","11","2",3,NA,NA,89725.4335691707,NA
115090601,76,"1","11","2",2,NA,NA,89725.4335691707,NA
115091001,30,"2","6","2",2,NA,NA,89725.4335691707,NA
115100101,54,"2","11",NA,3,NA,NA,89725.4335691707,NA
115100701,60,"1","11",NA,3,NA,NA,89725.4335691707,NA
115300101,33,"2","5",NA,1,NA,NA,89725.4335691707,NA
115300401,60,"2","1",NA,2,NA,NA,89725.4335691707,NA
115300501,58,"1","5",NA,2,NA,NA,89725.4335691707,NA
115300701,59,"1","11",NA,4,NA,NA,89725.4335691707,NA
115300901,80,"1","6",NA,2,NA,NA,89725.4335691707,NA
115301001,79,"2","1",NA,3,NA,NA,89725.4335691707,NA
115370101,54,"1","3","1",2,NA,NA,89725.4335691707,NA
115370201,52,"1","11","1",2,NA,NA,89725.4335691707,NA
115370601,32,"2","3","1",4,NA,NA,89725.4335691707,NA
115370701,65,"2","1","1",2,NA,NA,89725.4335691707,NA
115370801,40,"1","9","1",5,NA,NA,89725.4335691707,NA
115370901,60,"2",NA,"1",5,NA,NA,89725.4335691707,NA
115371001,31,"2","11","1",4,NA,NA,89725.4335691707,NA
115400201,40,"2","11","3",2,NA,NA,89725.4335691707,NA
115400501,50,"2","11","3",1,NA,NA,89725.4335691707,NA
115400801,30,"2","7","3",2,NA,NA,89725.4335691707,NA
115540101,72,"1","6","1",3,NA,NA,89725.4335691707,NA
115540201,81,"2","3","1",1,NA,NA,89725.4335691707,NA
115540301,32,"2","8","1",3,NA,NA,89725.4335691707,NA
115540501,92,"2","3","1",3,NA,NA,89725.4335691707,NA
115540601,51,"1","3","1",1,NA,NA,89725.4335691707,NA
115540801,78,"1","1","1",2,NA,NA,89725.4335691707,NA
115570101,60,"2","1",NA,5,NA,NA,89725.4335691707,NA
115570301,80,"1","1",NA,2,NA,NA,89725.4335691707,NA
115570401,68,"1","5",NA,3,NA,NA,89725.4335691707,NA
115570501,73,"2","4",NA,3,NA,NA,89725.4335691707,NA
115570601,52,"1","5",NA,4,NA,NA,89725.4335691707,NA
115570701,65,"2",NA,NA,5,NA,NA,89725.4335691707,NA
115570801,88,"2","1",NA,2,NA,NA,89725.4335691707,NA
115670401,84,"1","9",NA,5,NA,NA,89725.4335691707,NA
115670601,59,"1","11",NA,2,NA,NA,89725.4335691707,NA
115670801,36,"2","12",NA,4,NA,NA,89725.4335691707,NA
115710401,49,"2","5","3",3,NA,NA,89725.4335691707,NA
115710601,67,"1","8","3",2,NA,NA,89725.4335691707,NA
115710701,34,"2","11","3",3,NA,NA,89725.4335691707,NA
115710801,76,"1","1","3",3,NA,NA,89725.4335691707,NA
115780401,52,"2","11",NA,3,NA,NA,89725.4335691707,NA
116140101,68,"2","3","2",3,NA,NA,89725.4335691707,NA
116140201,40,"2","5","2",3,NA,NA,89725.4335691707,NA
116140401,39,"2","5","2",4,NA,NA,89725.4335691707,NA
116140501,70,"2",NA,"2",2,NA,NA,89725.4335691707,NA
116140601,65,"2","8","2",1,NA,NA,89725.4335691707,NA
116400101,50,"2",NA,"1",4,NA,NA,89725.4335691707,NA
116400201,79,"2","1","1",1,NA,NA,89725.4335691707,NA
116400301,36,"1","1","1",4,NA,NA,89725.4335691707,NA
116400401,75,"2",NA,"1",1,NA,NA,89725.4335691707,NA
116400501,53,"1","5","1",1,NA,NA,89725.4335691707,NA
116400601,44,"2","1","1",4,NA,NA,89725.4335691707,NA
116400602,75,"1","1","1",2,NA,NA,89725.4335691707,NA
116400701,66,"1","1","1",2,NA,NA,89725.4335691707,NA
116400702,43,"1","6","1",2,NA,NA,89725.4335691707,NA
116400703,58,"2","5","1",6,NA,NA,89725.4335691707,NA
116400704,38,"1","3","1",2,NA,NA,89725.4335691707,NA
116400705,61,"1",NA,"1",1,NA,NA,89725.4335691707,NA
116450501,29,"1","6",NA,4,NA,NA,89725.4335691707,NA
116450801,40,"1","8",NA,4,NA,NA,89725.4335691707,NA
116900101,51,"2","8","2",1,NA,NA,89725.4335691707,NA
116900301,37,"2","4","2",4,NA,NA,89725.4335691707,NA
116900501,65,"1","3","2",5,NA,NA,89725.4335691707,NA
116900601,70,"1","5","2",3,NA,NA,89725.4335691707,NA
116900701,82,"1","1","2",1,NA,NA,89725.4335691707,NA
116900801,61,"1","8","2",3,NA,NA,89725.4335691707,NA
116930101,63,"1","4","2",2,NA,NA,89725.4335691707,NA
116930201,70,"1","8","2",3,NA,NA,89725.4335691707,NA
116930301,58,"2","1","2",4,NA,NA,89725.4335691707,NA
116930401,62,"2","5","2",5,NA,NA,89725.4335691707,NA
116930501,54,"2","3","2",8,NA,NA,89725.4335691707,NA
116930701,70,"1","5","2",2,NA,NA,89725.4335691707,NA
116930801,30,"1","5","2",4,NA,NA,89725.4335691707,NA
117070201,51,"1","7",NA,1,NA,NA,89725.4335691707,NA
117070301,65,"1","4",NA,6,NA,NA,89725.4335691707,NA
117070501,55,"1","1",NA,8,NA,NA,89725.4335691707,NA
117070601,23,"1","8",NA,10,NA,NA,89725.4335691707,NA
117070801,67,"1","3",NA,3,NA,NA,89725.4335691707,NA
117090101,58,"1","6","2",3,NA,NA,89725.4335691707,NA
117090201,44,"2","9","2",3,NA,NA,89725.4335691707,NA
117090301,33,"1","9","2",1,NA,NA,89725.4335691707,NA
117090601,43,"2","1","2",2,NA,NA,89725.4335691707,NA
117090801,57,"2","6","2",4,NA,NA,89725.4335691707,NA
117150101,43,"1","5","3",4,NA,NA,89725.4335691707,NA
117150201,82,"1","5","3",2,NA,NA,89725.4335691707,NA
117150301,32,"1","9","3",3,NA,NA,89725.4335691707,NA
117150601,36,"1","6","3",6,NA,NA,89725.4335691707,NA
117150701,37,"2","11","3",1,NA,NA,89725.4335691707,NA
117150801,42,"1","11","3",3,NA,NA,89725.4335691707,NA
117290401,62,"2","5","3",3,NA,NA,89725.4335691707,NA
117440101,56,"2","4","3",4,NA,NA,89725.4335691707,NA
117440401,65,"2","4","3",1,NA,NA,89725.4335691707,NA
117440501,63,"2","8","3",1,NA,NA,89725.4335691707,NA
117440701,44,"1","9","3",3,NA,NA,89725.4335691707,NA
117440801,63,"2","5","3",2,NA,NA,89725.4335691707,NA
117480301,58,"1","5",NA,2,NA,NA,89725.4335691707,NA
117480701,54,"1","1",NA,2,NA,NA,89725.4335691707,NA
117480801,72,"1","3",NA,1,NA,NA,89725.4335691707,NA
117480901,20,"1","5",NA,1,NA,NA,89725.4335691707,NA
117481001,61,"2",NA,NA,3,NA,NA,89725.4335691707,NA
117690101,39,"1","8",NA,4,NA,NA,89725.4335691707,NA
117690201,76,"2","11",NA,3,NA,NA,89725.4335691707,NA
117690301,62,"2",NA,NA,2,NA,NA,89725.4335691707,NA
117690401,68,"2","3",NA,1,NA,NA,89725.4335691707,NA
117690801,64,"2","1",NA,1,NA,NA,89725.4335691707,NA
117700401,44,"1","11",NA,5,NA,NA,89725.4335691707,NA
117700501,31,"1","11",NA,1,NA,NA,89725.4335691707,NA
117980101,62,"1","11",NA,4,NA,NA,89725.4335691707,NA
117980701,40,"1","11",NA,4,NA,NA,89725.4335691707,NA
118070101,88,"1","1","2",1,NA,NA,89725.4335691707,NA
118070201,39,"2","8","2",2,NA,NA,89725.4335691707,NA
118070202,93,"2","1","2",1,NA,NA,89725.4335691707,NA
118070301,61,"2","6","2",1,NA,NA,89725.4335691707,NA
118070401,78,"2","3","2",1,NA,NA,89725.4335691707,NA
118070501,77,"1","1","2",2,NA,NA,89725.4335691707,NA
118070601,72,"2","3","2",3,NA,NA,89725.4335691707,NA
118070701,40,"1","11","2",3,NA,NA,89725.4335691707,NA
118070801,42,"2",NA,"2",2,NA,NA,89725.4335691707,NA
118070802,42,"1","5","2",2,NA,NA,89725.4335691707,NA
118100101,80,"1","8",NA,4,NA,NA,89725.4335691707,NA
118100201,60,"2",NA,NA,2,NA,NA,89725.4335691707,NA
118100301,56,"2",NA,NA,3,NA,NA,89725.4335691707,NA
118100401,47,"2","3",NA,3,NA,NA,89725.4335691707,NA
118100501,60,"1","3",NA,5,NA,NA,89725.4335691707,NA
118100601,29,"1","7",NA,2,NA,NA,89725.4335691707,NA
118100701,66,"2","5",NA,2,NA,NA,89725.4335691707,NA
118100801,52,"1","11",NA,4,NA,NA,89725.4335691707,NA
118200801,40,"1","12",NA,3,NA,NA,89725.4335691707,NA
118450201,75,"1",NA,"1",7,NA,NA,89725.4335691707,NA
118450401,39,"1","9","1",3,NA,NA,89725.4335691707,NA
118450501,53,"1","6","1",3,NA,NA,89725.4335691707,NA
118450701,37,"1","8","1",6,NA,NA,89725.4335691707,NA
118450801,27,"1","6","1",3,NA,NA,89725.4335691707,NA
118460101,75,"2","1","2",2,NA,NA,89725.4335691707,NA
118460201,67,"2",NA,"2",2,NA,NA,89725.4335691707,NA
118460301,60,"2","1","2",3,NA,NA,89725.4335691707,NA
118460501,42,"1","11","2",5,NA,NA,89725.4335691707,NA
118460601,60,"2","6","2",2,NA,NA,89725.4335691707,NA
118530101,50,"2","5",NA,2,NA,NA,89725.4335691707,NA
118530201,72,"1","5",NA,5,NA,NA,89725.4335691707,NA
118530301,56,"2","6",NA,3,NA,NA,89725.4335691707,NA
118530401,60,"1","1",NA,2,NA,NA,89725.4335691707,NA
118530601,49,"1","6",NA,4,NA,NA,89725.4335691707,NA
118530701,53,"2","5",NA,2,NA,NA,89725.4335691707,NA
118530801,48,"2","5",NA,3,NA,NA,89725.4335691707,NA
118650301,48,"1","11","3",3,NA,NA,89725.4335691707,NA
118650401,36,"2","11","3",4,NA,NA,89725.4335691707,NA
118650501,74,"2","8","3",2,NA,NA,89725.4335691707,NA
118650601,44,"2","11","3",1,NA,NA,89725.4335691707,NA
118650701,41,"1","8","3",4,NA,NA,89725.4335691707,NA
118690501,39,"1","7",NA,1,NA,NA,89725.4335691707,NA
118800101,86,"2","11",NA,1,NA,NA,89725.4335691707,NA
118800201,70,"2","8",NA,1,NA,NA,89725.4335691707,NA
118800301,40,"2","10",NA,3,NA,NA,89725.4335691707,NA
118800501,63,"2","3",NA,1,NA,NA,89725.4335691707,NA
118800601,80,"2","5",NA,1,NA,NA,89725.4335691707,NA
118800701,72,"2","11",NA,1,NA,NA,89725.4335691707,NA
118800801,32,"2","11",NA,3,NA,NA,89725.4335691707,NA
118970101,47,"1","11",NA,2,NA,NA,89725.4335691707,NA
118970301,31,"1","11",NA,3,NA,NA,89725.4335691707,NA
118970501,35,"2","11",NA,3,NA,NA,89725.4335691707,NA
118970701,32,"2","12",NA,1,NA,NA,89725.4335691707,NA
118980101,35,"1","6","2",4,NA,NA,89725.4335691707,NA
118980201,71,"1",NA,"2",2,NA,NA,89725.4335691707,NA
118980301,29,"2","8","2",2,NA,NA,89725.4335691707,NA
118980401,70,"1","5","2",2,NA,NA,89725.4335691707,NA
118980501,56,"2","6","2",5,NA,NA,89725.4335691707,NA
118980601,20,"1","7","2",1,NA,NA,89725.4335691707,NA
118980701,46,"2","3","2",5,NA,NA,89725.4335691707,NA
118980801,52,"2","5","2",1,NA,NA,89725.4335691707,NA
119090101,46,"2","7",NA,3,NA,NA,89725.4335691707,NA
119090201,58,"1","11",NA,4,NA,NA,89725.4335691707,NA
119090601,37,"2","11",NA,1,NA,NA,89725.4335691707,NA
119090801,41,"2","6",NA,1,NA,NA,89725.4335691707,NA
119300101,51,"2","5","2",5,NA,NA,89725.4335691707,NA
119300201,67,"2","3","2",1,NA,NA,89725.4335691707,NA
119300301,64,"2","5","2",3,NA,NA,89725.4335691707,NA
119300401,57,"1","8","2",2,NA,NA,89725.4335691707,NA
119300501,62,"1",NA,"2",2,NA,NA,89725.4335691707,NA
119300601,39,"2","5","2",5,NA,NA,89725.4335691707,NA
119300701,57,"1","4","2",2,NA,NA,89725.4335691707,NA
119300801,56,"1","5","2",2,NA,NA,89725.4335691707,NA
119320401,53,"2","11",NA,5,NA,NA,89725.4335691707,NA
119320501,65,"1","11",NA,2,NA,NA,89725.4335691707,NA
119320601,37,"1","11",NA,5,NA,NA,89725.4335691707,NA
119320701,62,"2","9",NA,1,NA,NA,89725.4335691707,NA
119320801,59,"2","11",NA,5,NA,NA,89725.4335691707,NA
119340101,69,"2","5","2",3,NA,NA,89725.4335691707,NA
119340501,46,"2","5","2",1,NA,NA,89725.4335691707,NA
119340601,71,"2","1","2",6,NA,NA,89725.4335691707,NA
119340701,30,"2","11","2",3,NA,NA,89725.4335691707,NA
119340801,46,"1","3","2",7,NA,NA,89725.4335691707,NA
119370201,65,"1","11",NA,3,NA,NA,89725.4335691707,NA
119370401,43,"1","11",NA,3,NA,NA,89725.4335691707,NA
119370501,41,"1","11",NA,3,NA,NA,89725.4335691707,NA
119370601,26,"2","11",NA,3,NA,NA,89725.4335691707,NA
119370701,72,"2","8",NA,1,NA,NA,89725.4335691707,NA
119370801,41,"1","11",NA,3,NA,NA,89725.4335691707,NA
119400201,29,"2","11",NA,1,NA,NA,89725.4335691707,NA
119400501,32,"1","11",NA,2,NA,NA,89725.4335691707,NA
119400801,42,"2","8",NA,2,NA,NA,89725.4335691707,NA
119420101,59,"1","6",NA,4,NA,NA,89725.4335691707,NA
119420201,72,"2","6",NA,7,NA,NA,89725.4335691707,NA
119420301,44,"2","5",NA,7,NA,NA,89725.4335691707,NA
119420501,46,"2","5",NA,7,NA,NA,89725.4335691707,NA
119420601,74,"2","3",NA,2,NA,NA,89725.4335691707,NA
119420801,58,"2",NA,NA,2,NA,NA,89725.4335691707,NA
119650401,25,"2","5",NA,3,NA,NA,89725.4335691707,NA
119740101,58,"2","11",NA,3,NA,NA,89725.4335691707,NA
119740201,56,"2","8",NA,3,NA,NA,89725.4335691707,NA
119740601,35,"1","7",NA,3,NA,NA,89725.4335691707,NA
119740801,53,"1","8",NA,2,NA,NA,89725.4335691707,NA
119820101,29,"1","4","1",2,NA,NA,89725.4335691707,NA
119820301,65,"1",NA,"1",2,NA,NA,89725.4335691707,NA
119820401,73,"2",NA,"1",3,NA,NA,89725.4335691707,NA
119820501,29,"1","1","1",5,NA,NA,89725.4335691707,NA
119820801,64,"2","5","1",1,NA,NA,89725.4335691707,NA
119930101,53,"1",NA,NA,4,NA,NA,89725.4335691707,NA
119930201,39,"1","4",NA,6,NA,NA,89725.4335691707,NA
119930301,44,"1","5",NA,1,NA,NA,89725.4335691707,NA
119930401,43,"1",NA,NA,4,NA,NA,89725.4335691707,NA
119930601,44,"2","11",NA,3,NA,NA,89725.4335691707,NA
119930701,72,"1","1",NA,4,NA,NA,89725.4335691707,NA
119930801,36,"1","3",NA,3,NA,NA,89725.4335691707,NA
120110101,63,"1","11",NA,2,NA,NA,89725.4335691707,NA
120160401,49,"1","11","3",4,NA,NA,89725.4335691707,NA
120160501,35,"2","11","3",2,NA,NA,89725.4335691707,NA
120340501,84,"1","11",NA,2,NA,NA,89725.4335691707,NA
120420401,58,"1","5","2",3,NA,NA,89725.4335691707,NA
120420501,60,"2","8","2",1,NA,NA,89725.4335691707,NA
120460101,67,"2","8","2",2,NA,NA,89725.4335691707,NA
120460201,40,"2","7","2",3,NA,NA,89725.4335691707,NA
120460401,48,"1","8","2",4,NA,NA,89725.4335691707,NA
120460601,57,"1","5","2",4,NA,NA,89725.4335691707,NA
120460701,73,"2","1","2",2,NA,NA,89725.4335691707,NA
120460801,62,"1","5","2",1,NA,NA,89725.4335691707,NA
120480401,41,"2","11","3",5,NA,NA,89725.4335691707,NA
120690301,44,"2","11",NA,3,NA,NA,89725.4335691707,NA
120690501,58,"2","12",NA,4,NA,NA,89725.4335691707,NA
120760101,46,"1","11","2",5,NA,NA,89725.4335691707,NA
120760201,60,"2","5","2",3,NA,NA,89725.4335691707,NA
120760401,47,"2","6","2",5,NA,NA,89725.4335691707,NA
120760501,87,"1","1","2",2,NA,NA,89725.4335691707,NA
120760601,55,"2","5","2",2,NA,NA,89725.4335691707,NA
120760701,51,"2","5","2",2,NA,NA,89725.4335691707,NA
120760801,38,"2","8","2",2,NA,NA,89725.4335691707,NA
121190101,57,"1","5",NA,4,NA,NA,89725.4335691707,NA
121190201,67,"1","11",NA,3,NA,NA,89725.4335691707,NA
121190501,77,"2","12",NA,2,NA,NA,89725.4335691707,NA
121230101,46,"2","9","2",3,NA,NA,89725.4335691707,NA
121230201,32,"1","6","2",4,NA,NA,89725.4335691707,NA
121230301,50,"1","4","2",2,NA,NA,89725.4335691707,NA
121230401,23,"2","8","2",2,NA,NA,89725.4335691707,NA
121230501,43,"2","6","2",4,NA,NA,89725.4335691707,NA
121230701,18,"2",NA,"2",1,NA,NA,89725.4335691707,NA
121230801,34,"2","5","2",1,NA,NA,89725.4335691707,NA
121260201,70,"2","9","3",2,NA,NA,89725.4335691707,NA
121260501,55,"2","4","3",1,NA,NA,89725.4335691707,NA
121260601,47,"2","9","3",3,NA,NA,89725.4335691707,NA
121260701,58,"2","11","3",4,NA,NA,89725.4335691707,NA
121340101,52,"2","6","2",2,NA,NA,89725.4335691707,NA
121340201,50,"2",NA,"2",8,NA,NA,89725.4335691707,NA
121340301,41,"2","5","2",5,NA,NA,89725.4335691707,NA
121340401,44,"1","6","2",7,NA,NA,89725.4335691707,NA
121340501,60,"2","3","2",2,NA,NA,89725.4335691707,NA
121340701,37,"1","6","2",2,NA,NA,89725.4335691707,NA
121340801,50,"2","6","2",3,NA,NA,89725.4335691707,NA
121350101,44,"2","9","3",5,NA,NA,89725.4335691707,NA
121350301,53,"1","11","3",6,NA,NA,89725.4335691707,NA
121350401,65,"2","11","3",2,NA,NA,89725.4335691707,NA
121350501,36,"2","11","3",4,NA,NA,89725.4335691707,NA
121350601,63,"1","8","3",2,NA,NA,89725.4335691707,NA
121350801,38,"2","8","3",6,NA,NA,89725.4335691707,NA
121410101,58,"1","1",NA,3,NA,NA,89725.4335691707,NA
121410201,20,"2","3",NA,4,NA,NA,89725.4335691707,NA
121410301,49,"2","1",NA,5,NA,NA,89725.4335691707,NA
121410401,48,"2","3",NA,3,NA,NA,89725.4335691707,NA
121410501,45,"2",NA,NA,4,NA,NA,89725.4335691707,NA
121410601,58,"2","3",NA,1,NA,NA,89725.4335691707,NA
121410701,73,"1",NA,NA,3,NA,NA,89725.4335691707,NA
121410801,54,"1","1",NA,1,NA,NA,89725.4335691707,NA
121410802,64,"2",NA,NA,1,NA,NA,89725.4335691707,NA
121410901,48,"2",NA,NA,3,NA,NA,89725.4335691707,NA
121411001,29,"1","5",NA,5,NA,NA,89725.4335691707,NA
121420101,57,"1","8",NA,2,NA,NA,89725.4335691707,NA
121420201,58,"2","1",NA,1,NA,NA,89725.4335691707,NA
121420301,37,"2","8",NA,6,NA,NA,89725.4335691707,NA
121420501,30,"2","9",NA,3,NA,NA,89725.4335691707,NA
121420601,45,"2","10",NA,4,NA,NA,89725.4335691707,NA
121420701,75,"1","1",NA,5,NA,NA,89725.4335691707,NA
121420801,33,"2","8",NA,6,NA,NA,89725.4335691707,NA
121470201,53,"1","11",NA,3,NA,NA,89725.4335691707,NA
121470301,38,"2","12",NA,2,NA,NA,89725.4335691707,NA
121490201,84,"2","5","3",1,NA,NA,89725.4335691707,NA
121490501,42,"2","12","3",4,NA,NA,89725.4335691707,NA
121490601,55,"2","9","3",1,NA,NA,89725.4335691707,NA
121490801,43,"2","11","3",2,NA,NA,89725.4335691707,NA
121540301,28,"1","9",NA,2,NA,NA,89725.4335691707,NA
121540501,31,"1","11",NA,2,NA,NA,89725.4335691707,NA
121540601,33,"2","11",NA,1,NA,NA,89725.4335691707,NA
121790201,52,"1","8",NA,3,NA,NA,89725.4335691707,NA
121790501,49,"2","11",NA,3,NA,NA,89725.4335691707,NA
121790701,72,"2","11",NA,4,NA,NA,89725.4335691707,NA
121790801,65,"1","11",NA,2,NA,NA,89725.4335691707,NA
121970101,39,"1","8",NA,3,NA,NA,89725.4335691707,NA
121970401,50,"1","8",NA,4,NA,NA,89725.4335691707,NA
121970701,60,"2","8",NA,2,NA,NA,89725.4335691707,NA
122060101,27,"2","3","2",2,NA,NA,89725.4335691707,NA
122060301,52,"2","5","2",5,NA,NA,89725.4335691707,NA
122060401,52,"2","6","2",3,NA,NA,89725.4335691707,NA
122060501,52,"2","8","2",3,NA,NA,89725.4335691707,NA
122060601,47,"2","6","2",6,NA,NA,89725.4335691707,NA
122060701,66,"2","-88","2",3,NA,NA,89725.4335691707,NA
122060801,32,"1","11","2",4,NA,NA,89725.4335691707,NA
122110101,66,"2",NA,"2",1,NA,NA,89725.4335691707,NA
122110201,46,"2","6","2",4,NA,NA,89725.4335691707,NA
122110301,53,"2","1","2",5,NA,NA,89725.4335691707,NA
122110401,57,"2","1","2",4,NA,NA,89725.4335691707,NA
122110501,51,"2",NA,"2",6,NA,NA,89725.4335691707,NA
122110601,31,"2","5","2",5,NA,NA,89725.4335691707,NA
122110701,27,"1","3","2",4,NA,NA,89725.4335691707,NA
122110801,52,"2",NA,"2",7,NA,NA,89725.4335691707,NA
122130101,41,"1","6","2",3,NA,NA,89725.4335691707,NA
122130501,56,"2",NA,"2",3,NA,NA,89725.4335691707,NA
122130701,44,"2","6","2",3,NA,NA,89725.4335691707,NA
122220101,89,"2","3",NA,1,NA,NA,89725.4335691707,NA
122220201,87,"2",NA,NA,3,NA,NA,89725.4335691707,NA
122220301,43,"1","3",NA,2,NA,NA,89725.4335691707,NA
122220601,72,"1",NA,NA,1,NA,NA,89725.4335691707,NA
122220701,66,"1","3",NA,1,NA,NA,89725.4335691707,NA
122220801,78,"2",NA,NA,1,NA,NA,89725.4335691707,NA
122290101,46,"2","9",NA,5,NA,NA,89725.4335691707,NA
122290301,51,"2","8",NA,4,NA,NA,89725.4335691707,NA
122290401,40,"1","1",NA,2,NA,NA,89725.4335691707,NA
122290501,62,"2","5",NA,2,NA,NA,89725.4335691707,NA
122290701,48,"2","3",NA,4,NA,NA,89725.4335691707,NA
122360201,53,"2","8",NA,4,NA,NA,89725.4335691707,NA
122360301,53,"2","11",NA,1,NA,NA,89725.4335691707,NA
122360401,75,"2","9",NA,1,NA,NA,89725.4335691707,NA
122360601,70,"1","11",NA,3,NA,NA,89725.4335691707,NA
122360701,46,"2","11",NA,3,NA,NA,89725.4335691707,NA
122360801,67,"2","12",NA,1,NA,NA,89725.4335691707,NA
122940201,47,"2","5",NA,2,NA,NA,89725.4335691707,NA
122940601,52,"2","1",NA,1,NA,NA,89725.4335691707,NA
122940701,53,"2","6",NA,4,NA,NA,89725.4335691707,NA
122940801,41,"2","6",NA,3,NA,NA,89725.4335691707,NA
122990201,53,"1","5","2",3,NA,NA,89725.4335691707,NA
122990301,88,"1",NA,"2",2,NA,NA,89725.4335691707,NA
122990401,53,"1","4","2",2,NA,NA,89725.4335691707,NA
122990601,60,"1","1","2",3,NA,NA,89725.4335691707,NA
122990701,80,"2",NA,"2",2,NA,NA,89725.4335691707,NA
122990801,79,"2","5","2",6,NA,NA,89725.4335691707,NA
123040101,64,"2",NA,NA,1,NA,NA,89725.4335691707,NA
123040201,44,"2","5",NA,9,NA,NA,89725.4335691707,NA
123040301,36,"1","3",NA,2,NA,NA,89725.4335691707,NA
123040501,52,"2","11",NA,2,NA,NA,89725.4335691707,NA
123040601,56,"2",NA,NA,6,NA,NA,89725.4335691707,NA
123040801,37,"1","8",NA,2,NA,NA,89725.4335691707,NA
123050201,57,"2",NA,"2",4,NA,NA,89725.4335691707,NA
123050501,67,"1",NA,"2",1,NA,NA,89725.4335691707,NA
123050601,57,"1","3","2",4,NA,NA,89725.4335691707,NA
123050701,59,"2",NA,"2",1,NA,NA,89725.4335691707,NA
123610101,37,"1","6","2",2,NA,NA,89725.4335691707,NA
123610201,19,"2","3","2",2,NA,NA,89725.4335691707,NA
123610301,46,"2","1","2",3,NA,NA,89725.4335691707,NA
123610401,58,"1","3","2",4,NA,NA,89725.4335691707,NA
123610601,48,"2","1","2",5,NA,NA,89725.4335691707,NA
123610801,43,"2","5","2",4,NA,NA,89725.4335691707,NA
123650101,44,"1","5",NA,4,NA,NA,89725.4335691707,NA
123650201,26,"1","6",NA,3,NA,NA,89725.4335691707,NA
123650301,73,"1","11",NA,1,NA,NA,89725.4335691707,NA
123650401,54,"2","7",NA,3,NA,NA,89725.4335691707,NA
123650601,51,"1","11",NA,1,NA,NA,89725.4335691707,NA
123650701,37,"1","5",NA,2,NA,NA,89725.4335691707,NA
123650801,38,"2","11",NA,4,NA,NA,89725.4335691707,NA
123650802,45,"1","5",NA,1,NA,NA,89725.4335691707,NA
123730101,33,"1","8","2",3,NA,NA,89725.4335691707,NA
123730201,60,"2","1","2",3,NA,NA,89725.4335691707,NA
123730301,66,"1","5","2",7,NA,NA,89725.4335691707,NA
123730401,52,"1","6","2",4,NA,NA,89725.4335691707,NA
123730501,35,"1","8","2",2,NA,NA,89725.4335691707,NA
123730601,31,"1","7","2",2,NA,NA,89725.4335691707,NA
123730701,41,"2","6","2",4,NA,NA,89725.4335691707,NA
123730801,53,"1","-88","2",1,NA,NA,89725.4335691707,NA
124030101,71,"1","12",NA,2,NA,NA,89725.4335691707,NA
124030201,38,"2","10",NA,2,NA,NA,89725.4335691707,NA
124030301,40,"1","11",NA,2,NA,NA,89725.4335691707,NA
124030601,57,"2","11",NA,1,NA,NA,89725.4335691707,NA
124200201,34,"1","8",NA,3,NA,NA,89725.4335691707,NA
124200801,55,"2","11",NA,2,NA,NA,89725.4335691707,NA
124370201,61,"2","5",NA,2,NA,NA,89725.4335691707,NA
124370401,56,"2","6",NA,5,NA,NA,89725.4335691707,NA
124370601,34,"2","11",NA,1,NA,NA,89725.4335691707,NA
124390201,50,"2","1","2",2,NA,NA,89725.4335691707,NA
124390301,42,"1","3","2",7,NA,NA,89725.4335691707,NA
124390401,62,"2","5","2",5,NA,NA,89725.4335691707,NA
124390601,63,"1","6","2",3,NA,NA,89725.4335691707,NA
124390701,40,"2",NA,"2",4,NA,NA,89725.4335691707,NA
124390702,62,"2","1","2",3,NA,NA,89725.4335691707,NA
124390801,26,"1","6","2",2,NA,NA,89725.4335691707,NA
124490201,60,"2","8",NA,1,NA,NA,89725.4335691707,NA
124490301,86,"2","5",NA,5,NA,NA,89725.4335691707,NA
124490401,61,"2","4",NA,1,NA,NA,89725.4335691707,NA
124490601,34,"2","11",NA,2,NA,NA,89725.4335691707,NA
124490701,25,"2","11",NA,1,NA,NA,89725.4335691707,NA
124490801,62,"2","1",NA,1,NA,NA,89725.4335691707,NA
124500101,74,"1","3",NA,2,NA,NA,89725.4335691707,NA
124640101,41,"1","3",NA,6,NA,NA,89725.4335691707,NA
124640401,77,"2",NA,NA,4,NA,NA,89725.4335691707,NA
124640501,63,"2","5",NA,5,NA,NA,89725.4335691707,NA
124640701,71,"2","3",NA,1,NA,NA,89725.4335691707,NA
124640801,56,"1","3",NA,2,NA,NA,89725.4335691707,NA
124780101,42,"2","1","2",3,NA,NA,89725.4335691707,NA
124780201,70,"1",NA,"2",3,NA,NA,89725.4335691707,NA
124780301,55,"1","5","2",5,NA,NA,89725.4335691707,NA
124780501,41,"2","11","2",3,NA,NA,89725.4335691707,NA
124780601,28,"1","8","2",1,NA,NA,89725.4335691707,NA
124780701,62,"1","8","2",2,NA,NA,89725.4335691707,NA
125200101,44,"2","1","2",2,NA,NA,89725.4335691707,NA
125200201,65,"2","3","2",1,NA,NA,89725.4335691707,NA
125200401,46,"2","1","2",3,NA,NA,89725.4335691707,NA
125200501,73,"2","1","2",1,NA,NA,89725.4335691707,NA
125200601,63,"1","1","2",5,NA,NA,89725.4335691707,NA
125200701,58,"2","5","2",2,NA,NA,89725.4335691707,NA
125360201,56,"2","5","2",3,NA,NA,89725.4335691707,NA
125360501,25,"2","8","2",3,NA,NA,89725.4335691707,NA
125360701,36,"2","5","2",7,NA,NA,89725.4335691707,NA
125360801,68,"2",NA,"2",3,NA,NA,89725.4335691707,NA
125460201,59,"2","5","2",3,NA,NA,89725.4335691707,NA
125460601,50,"1","5","2",1,NA,NA,89725.4335691707,NA
125460701,86,"1",NA,"2",4,NA,NA,89725.4335691707,NA
125620301,25,"1","8",NA,2,NA,NA,89725.4335691707,NA
125620401,47,"1","9",NA,6,NA,NA,89725.4335691707,NA
125620601,65,"2","5",NA,2,NA,NA,89725.4335691707,NA
125620701,46,"2","5",NA,3,NA,NA,89725.4335691707,NA
125670501,54,"2","12",NA,5,NA,NA,89725.4335691707,NA
125670601,62,"2","11",NA,1,NA,NA,89725.4335691707,NA
125670701,35,"1","7",NA,1,NA,NA,89725.4335691707,NA
125670801,39,"1","12",NA,1,NA,NA,89725.4335691707,NA
125730301,33,"1","3","2",7,NA,NA,89725.4335691707,NA
125730401,39,"2","3","2",3,NA,NA,89725.4335691707,NA
125730501,33,"2",NA,"2",4,NA,NA,89725.4335691707,NA
125730601,34,"1",NA,"2",5,NA,NA,89725.4335691707,NA
125730801,76,"1","4","2",3,NA,NA,89725.4335691707,NA
125750201,65,"2",NA,"2",2,NA,NA,89725.4335691707,NA
125750401,77,"2",NA,"2",4,NA,NA,89725.4335691707,NA
125750501,82,"1","5","2",1,NA,NA,89725.4335691707,NA
125750701,26,"1","9","2",2,NA,NA,89725.4335691707,NA
125750801,68,"1","5","2",4,NA,NA,89725.4335691707,NA
126050201,50,"2","11",NA,2,NA,NA,89725.4335691707,NA
126050301,68,"1","8",NA,2,NA,NA,89725.4335691707,NA
126050401,22,"1","9",NA,3,NA,NA,89725.4335691707,NA
126050601,37,"2","8",NA,2,NA,NA,89725.4335691707,NA
126420101,45,"2","5","1",2,NA,NA,89725.4335691707,NA
126420301,39,"2",NA,"1",3,NA,NA,89725.4335691707,NA
126420401,23,"2","6","1",3,NA,NA,89725.4335691707,NA
126420501,71,"2","3","1",1,NA,NA,89725.4335691707,NA
126420601,61,"2","6","1",3,NA,NA,89725.4335691707,NA
126420701,66,"1","1","1",2,NA,NA,89725.4335691707,NA
126420801,77,"2","1","1",1,NA,NA,89725.4335691707,NA
126530101,48,"1","5","2",1,NA,NA,89725.4335691707,NA
126530201,45,"2","9","2",6,NA,NA,89725.4335691707,NA
126530501,35,"1","5","2",4,NA,NA,89725.4335691707,NA
126680101,56,"1","4","2",2,NA,NA,89725.4335691707,NA
126680301,47,"1","8","2",1,NA,NA,89725.4335691707,NA
126680601,56,"1","3","2",7,NA,NA,89725.4335691707,NA
126680701,59,"1",NA,"2",2,NA,NA,89725.4335691707,NA
126680801,49,"2","1","2",5,NA,NA,89725.4335691707,NA
126860101,80,"1","3","2",4,NA,NA,89725.4335691707,NA
126860201,67,"2","1","2",5,NA,NA,89725.4335691707,NA
126860301,92,"2","1","2",1,NA,NA,89725.4335691707,NA
126860601,60,"2","3","2",2,NA,NA,89725.4335691707,NA
126860701,95,"2","-88","2",5,NA,NA,89725.4335691707,NA
126980101,59,"2","1",NA,2,NA,NA,89725.4335691707,NA
126980201,41,"2","5",NA,4,NA,NA,89725.4335691707,NA
126980301,67,"1","5",NA,4,NA,NA,89725.4335691707,NA
126980501,70,"2","1",NA,3,NA,NA,89725.4335691707,NA
126980701,54,"1","1",NA,10,NA,NA,89725.4335691707,NA
126980801,54,"2",NA,NA,2,NA,NA,89725.4335691707,NA
126980802,56,"1","1",NA,1,NA,NA,89725.4335691707,NA
127040101,36,"1","9","3",4,NA,NA,89725.4335691707,NA
127040201,78,"2","3","3",1,NA,NA,89725.4335691707,NA
127040301,70,"1","3","3",2,NA,NA,89725.4335691707,NA
127040401,59,"2","6","3",2,NA,NA,89725.4335691707,NA
127040501,39,"2","6","3",3,NA,NA,89725.4335691707,NA
127040601,50,"2","6","3",5,NA,NA,89725.4335691707,NA
127040701,54,"2","3","3",5,NA,NA,89725.4335691707,NA
127040801,44,"2","8","3",3,NA,NA,89725.4335691707,NA
127250801,52,"2","5","3",3,NA,NA,89725.4335691707,NA
127250802,26,"2","5","3",3,NA,NA,89725.4335691707,NA
127350101,60,"2","1","1",2,NA,NA,89725.4335691707,NA
127350301,45,"2","5","1",4,NA,NA,89725.4335691707,NA
127350401,45,"1","4","1",2,NA,NA,89725.4335691707,NA
127350501,85,"2","1","1",2,NA,NA,89725.4335691707,NA
127350601,42,"2","6","1",3,NA,NA,89725.4335691707,NA
127350701,84,"2","1","1",1,NA,NA,89725.4335691707,NA
127350801,65,"2","1","1",2,NA,NA,89725.4335691707,NA
127430301,63,"2","11","3",4,NA,NA,89725.4335691707,NA
127430501,54,"2","8","3",3,NA,NA,89725.4335691707,NA
127430601,78,"2","11","3",5,NA,NA,89725.4335691707,NA
127540101,26,"2","11",NA,2,NA,NA,89725.4335691707,NA
127540701,34,"2","9",NA,6,NA,NA,89725.4335691707,NA
127700101,75,"1","11",NA,5,NA,NA,89725.4335691707,NA
127700301,57,"2","10",NA,2,NA,NA,89725.4335691707,NA
127700401,32,"1","11",NA,1,NA,NA,89725.4335691707,NA
127700501,83,"2","9",NA,2,NA,NA,89725.4335691707,NA
127890201,60,"1","6","3",4,NA,NA,89725.4335691707,NA
127890301,54,"2","7","3",3,NA,NA,89725.4335691707,NA
127890601,55,"1","6","3",7,NA,NA,89725.4335691707,NA
127890701,53,"2","9","3",4,NA,NA,89725.4335691707,NA
128060201,65,"1","5","2",1,NA,NA,89725.4335691707,NA
128060301,78,"1","11","2",2,NA,NA,89725.4335691707,NA
128060401,75,"1","11","2",3,NA,NA,89725.4335691707,NA
128060601,83,"1","5","2",2,NA,NA,89725.4335691707,NA
128070101,73,"2","4",NA,2,NA,NA,89725.4335691707,NA
128070201,54,"2","5",NA,2,NA,NA,89725.4335691707,NA
128070301,65,"2","9",NA,3,NA,NA,89725.4335691707,NA
128070501,55,"2","1",NA,3,NA,NA,89725.4335691707,NA
128070701,73,"2","1",NA,5,NA,NA,89725.4335691707,NA
128130101,34,"2","8","2",2,NA,NA,89725.4335691707,NA
128130201,72,"1","5","2",2,NA,NA,89725.4335691707,NA
128130301,67,"1","11","2",3,NA,NA,89725.4335691707,NA
128130501,24,"2","7","2",3,NA,NA,89725.4335691707,NA
128130502,62,"1",NA,"2",3,NA,NA,89725.4335691707,NA
128130601,73,"1","4","2",3,NA,NA,89725.4335691707,NA
128130701,63,"1","4","2",3,NA,NA,89725.4335691707,NA
128130702,36,"2","6","2",3,NA,NA,89725.4335691707,NA
128130801,84,"1",NA,"2",1,NA,NA,89725.4335691707,NA
128300301,40,"1","9",NA,1,NA,NA,89725.4335691707,NA
128300401,71,"1","9",NA,2,NA,NA,89725.4335691707,NA
128300501,48,"2","1",NA,4,NA,NA,89725.4335691707,NA
128300601,83,"1","5",NA,2,NA,NA,89725.4335691707,NA
128300701,55,"1","6",NA,3,NA,NA,89725.4335691707,NA
128300801,63,"1","5",NA,4,NA,NA,89725.4335691707,NA
128440101,91,"2",NA,NA,2,NA,NA,89725.4335691707,NA
128440201,89,"1",NA,NA,6,NA,NA,89725.4335691707,NA
128440301,56,"1",NA,NA,2,NA,NA,89725.4335691707,NA
128440401,61,"2","1",NA,1,NA,NA,89725.4335691707,NA
128440501,35,"2","3",NA,6,NA,NA,89725.4335691707,NA
128440601,39,"1",NA,NA,8,NA,NA,89725.4335691707,NA
128440701,64,"2",NA,NA,2,NA,NA,89725.4335691707,NA
128440801,26,"1","3",NA,5,NA,NA,89725.4335691707,NA
128440901,72,"1","1",NA,2,NA,NA,89725.4335691707,NA
128441001,47,"2","8",NA,4,NA,NA,89725.4335691707,NA
128460101,46,"1",NA,NA,4,NA,NA,89725.4335691707,NA
128460201,70,"1",NA,NA,1,NA,NA,89725.4335691707,NA
128460301,63,"1","1",NA,1,NA,NA,89725.4335691707,NA
128460501,52,"1","1",NA,3,NA,NA,89725.4335691707,NA
128460601,57,"2","1",NA,3,NA,NA,89725.4335691707,NA
128460801,89,"1",NA,NA,2,NA,NA,89725.4335691707,NA
128461001,74,"1","1",NA,3,NA,NA,89725.4335691707,NA
128620101,50,"2",NA,NA,3,NA,NA,89725.4335691707,NA
128620201,33,"1",NA,NA,4,NA,NA,89725.4335691707,NA
128620301,69,"1",NA,NA,3,NA,NA,89725.4335691707,NA
128620401,27,"2","3",NA,1,NA,NA,89725.4335691707,NA
128620501,42,"1","4",NA,4,NA,NA,89725.4335691707,NA
128620601,43,"1","11",NA,1,NA,NA,89725.4335691707,NA
128620701,69,"2","1",NA,2,NA,NA,89725.4335691707,NA
128620801,34,"2","5",NA,3,NA,NA,89725.4335691707,NA
128640101,76,"1","8",NA,2,NA,NA,89725.4335691707,NA
128640201,44,"2","10",NA,4,NA,NA,89725.4335691707,NA
128640401,75,"2",NA,NA,2,NA,NA,89725.4335691707,NA
128640501,79,"1","6",NA,2,NA,NA,89725.4335691707,NA
128640801,33,"2","9",NA,4,NA,NA,89725.4335691707,NA
128910101,49,"2","11",NA,2,NA,NA,89725.4335691707,NA
128910201,42,"1","5",NA,3,NA,NA,89725.4335691707,NA
128910401,64,"1","5",NA,2,NA,NA,89725.4335691707,NA
128910601,90,"2","11",NA,1,NA,NA,89725.4335691707,NA
128910701,73,"1",NA,NA,2,NA,NA,89725.4335691707,NA
128910702,42,"1","6",NA,3,NA,NA,89725.4335691707,NA
128910801,59,"2","6",NA,4,NA,NA,89725.4335691707,NA
128920201,55,"2","11",NA,2,NA,NA,89725.4335691707,NA
128920301,41,"1","11",NA,2,NA,NA,89725.4335691707,NA
128920601,26,"2","10",NA,1,NA,NA,89725.4335691707,NA
128920801,34,"2","6",NA,1,NA,NA,89725.4335691707,NA
128960301,39,"1","11","3",2,NA,NA,89725.4335691707,NA
128960601,29,"1","11","3",2,NA,NA,89725.4335691707,NA
128960801,30,"2","9","3",2,NA,NA,89725.4335691707,NA
129220101,46,"2","10",NA,4,NA,NA,89725.4335691707,NA
129220801,57,"1","12",NA,4,NA,NA,89725.4335691707,NA
129570301,77,"2",NA,"2",3,NA,NA,89725.4335691707,NA
129570501,81,"1",NA,"2",2,NA,NA,89725.4335691707,NA
129570701,78,"2","1","2",1,NA,NA,89725.4335691707,NA
129760101,33,"2","11","3",2,NA,NA,89725.4335691707,NA
129760201,37,"2","11","3",2,NA,NA,89725.4335691707,NA
129760301,29,"2","5","3",4,NA,NA,89725.4335691707,NA
129760401,39,"2","11","3",4,NA,NA,89725.4335691707,NA
129760801,24,"2",NA,"3",2,NA,NA,89725.4335691707,NA
129770101,59,"1","6","3",3,NA,NA,89725.4335691707,NA
129770201,37,"2","11","3",3,NA,NA,89725.4335691707,NA
129770301,70,"2","11","3",4,NA,NA,89725.4335691707,NA
129770401,50,"2","6","3",2,NA,NA,89725.4335691707,NA
129770501,48,"1","3","3",5,NA,NA,89725.4335691707,NA
129770601,53,"1","11","3",3,NA,NA,89725.4335691707,NA
129770801,52,"2","8","3",3,NA,NA,89725.4335691707,NA
129960101,65,"2","3",NA,1,NA,NA,89725.4335691707,NA
129960201,32,"2","5",NA,4,NA,NA,89725.4335691707,NA
129960401,56,"1","11",NA,4,NA,NA,89725.4335691707,NA
129960501,64,"2",NA,NA,2,NA,NA,89725.4335691707,NA
129960601,76,"1","9",NA,3,NA,NA,89725.4335691707,NA
129960701,71,"2","5",NA,3,NA,NA,89725.4335691707,NA
129960801,84,"2","-88",NA,1,NA,NA,89725.4335691707,NA
130140101,32,"1","11","3",2,NA,NA,89725.4335691707,NA
130140201,48,"2","11","3",2,NA,NA,89725.4335691707,NA
130140401,42,"1","8","3",4,NA,NA,89725.4335691707,NA
130140801,34,"2","11","3",5,NA,NA,89725.4335691707,NA
130240101,61,"2","11",NA,2,NA,NA,89725.4335691707,NA
130240201,84,"2","5",NA,2,NA,NA,89725.4335691707,NA
130240301,25,"1","9",NA,3,NA,NA,89725.4335691707,NA
130430201,28,"2","11",NA,3,NA,NA,89725.4335691707,NA
130430401,33,"2","5",NA,2,NA,NA,89725.4335691707,NA
130430701,35,"1","8",NA,1,NA,NA,89725.4335691707,NA
130460201,52,"1","11","3",2,NA,NA,89725.4335691707,NA
130460501,46,"2","11","3",3,NA,NA,89725.4335691707,NA
130460801,33,"2","11","3",4,NA,NA,89725.4335691707,NA
130630101,61,"2","5",NA,3,NA,NA,89725.4335691707,NA
130630201,84,"2",NA,NA,3,NA,NA,89725.4335691707,NA
130630301,63,"1","4",NA,3,NA,NA,89725.4335691707,NA
130630401,84,"2","3",NA,1,NA,NA,89725.4335691707,NA
130630601,65,"1","4",NA,5,NA,NA,89725.4335691707,NA
130630701,43,"1","8",NA,2,NA,NA,89725.4335691707,NA
130730101,45,"2",NA,NA,2,NA,NA,89725.4335691707,NA
130730201,46,"2","11",NA,4,NA,NA,89725.4335691707,NA
130730301,52,"1","1",NA,2,NA,NA,89725.4335691707,NA
130730401,53,"2",NA,NA,2,NA,NA,89725.4335691707,NA
130730501,50,"2","3",NA,3,NA,NA,89725.4335691707,NA
130730601,39,"2","1",NA,4,NA,NA,89725.4335691707,NA
130730701,79,"2","1",NA,1,NA,NA,89725.4335691707,NA
130730901,92,"2",NA,NA,4,NA,NA,89725.4335691707,NA
130731001,74,"2","1",NA,5,NA,NA,89725.4335691707,NA
130780401,53,"1","11","3",6,NA,NA,89725.4335691707,NA
130780601,57,"1","12","3",3,NA,NA,89725.4335691707,NA
131030601,55,"2","12",NA,4,NA,NA,89725.4335691707,NA
131030801,47,"2","12",NA,4,NA,NA,89725.4335691707,NA
131230101,58,"2",NA,"1",2,NA,NA,89725.4335691707,NA
131230201,74,"2","-88","1",5,NA,NA,89725.4335691707,NA
131230301,75,"1","-88","1",3,NA,NA,89725.4335691707,NA
131230401,46,"1",NA,"1",5,NA,NA,89725.4335691707,NA
131230501,85,"2",NA,"1",2,NA,NA,89725.4335691707,NA
131230701,75,"1",NA,"1",3,NA,NA,89725.4335691707,NA
131360101,65,"1","11",NA,4,NA,NA,89725.4335691707,NA
131360401,72,"2","11",NA,3,NA,NA,89725.4335691707,NA
131360701,67,"1","8",NA,2,NA,NA,89725.4335691707,NA
131400301,60,"2","6","1",2,NA,NA,89725.4335691707,NA
131400401,78,"2","1","1",1,NA,NA,89725.4335691707,NA
131400701,71,"1","3","1",5,NA,NA,89725.4335691707,NA
131820101,46,"2","3",NA,1,NA,NA,89725.4335691707,NA
131820201,28,"1","3",NA,6,NA,NA,89725.4335691707,NA
131820301,80,"1","3",NA,2,NA,NA,89725.4335691707,NA
131820601,65,"1",NA,NA,9,NA,NA,89725.4335691707,NA
131820701,61,"1","8",NA,4,NA,NA,89725.4335691707,NA
131910201,30,"1","9",NA,1,NA,NA,89725.4335691707,NA
131910301,72,"2","6",NA,2,NA,NA,89725.4335691707,NA
131910401,83,"2","11",NA,1,NA,NA,89725.4335691707,NA
131910601,50,"1","12",NA,3,NA,NA,89725.4335691707,NA
131910701,72,"1","11",NA,2,NA,NA,89725.4335691707,NA
131910801,46,"1","12",NA,2,NA,NA,89725.4335691707,NA
131960201,65,"2","3","2",5,NA,NA,89725.4335691707,NA
131960301,63,"1","5","2",4,NA,NA,89725.4335691707,NA
131960401,49,"1","9","2",3,NA,NA,89725.4335691707,NA
131960501,82,"1","5","2",2,NA,NA,89725.4335691707,NA
131960601,37,"1","7","2",3,NA,NA,89725.4335691707,NA
131960701,66,"1","6","2",3,NA,NA,89725.4335691707,NA
131960801,51,"2","7","2",3,NA,NA,89725.4335691707,NA
132070201,30,"1","1","2",6,NA,NA,89725.4335691707,NA
132070301,53,"2","3","2",3,NA,NA,89725.4335691707,NA
132070401,84,"2","1","2",2,NA,NA,89725.4335691707,NA
132070501,49,"1","5","2",5,NA,NA,89725.4335691707,NA
132070701,43,"2","5","2",2,NA,NA,89725.4335691707,NA
132070801,47,"2","6","2",5,NA,NA,89725.4335691707,NA
132160301,60,"2","11","3",3,NA,NA,89725.4335691707,NA
132180301,66,"2","12","3",1,NA,NA,89725.4335691707,NA
132270101,32,"1","5",NA,3,NA,NA,89725.4335691707,NA
132270501,44,"2","11",NA,2,NA,NA,89725.4335691707,NA
132270801,30,"2","5",NA,3,NA,NA,89725.4335691707,NA
132480101,55,"2","1","3",7,NA,NA,89725.4335691707,NA
132480201,57,"1","8","3",5,NA,NA,89725.4335691707,NA
132480301,49,"1","6","3",5,NA,NA,89725.4335691707,NA
132480401,49,"2","6","3",3,NA,NA,89725.4335691707,NA
132480701,43,"2","7","3",3,NA,NA,89725.4335691707,NA
132480801,64,"1","11","3",1,NA,NA,89725.4335691707,NA
132610101,51,"2","8","2",2,NA,NA,89725.4335691707,NA
132610201,46,"1","8","2",5,NA,NA,89725.4335691707,NA
132610301,64,"1","6","2",4,NA,NA,89725.4335691707,NA
132610401,31,"2","6","2",5,NA,NA,89725.4335691707,NA
132610501,70,"2","6","2",3,NA,NA,89725.4335691707,NA
132610601,60,"1","5","2",3,NA,NA,89725.4335691707,NA
132610801,78,"2","5","2",2,NA,NA,89725.4335691707,NA
132610802,58,"2","1","2",2,NA,NA,89725.4335691707,NA
132750101,94,"2","4",NA,2,NA,NA,89725.4335691707,NA
132750201,25,"1","9",NA,1,NA,NA,89725.4335691707,NA
132750501,55,"1","8",NA,2,NA,NA,89725.4335691707,NA
132750601,51,"1","11",NA,4,NA,NA,89725.4335691707,NA
132750701,50,"2","8",NA,4,NA,NA,89725.4335691707,NA
132810101,60,"1","9","3",3,NA,NA,89725.4335691707,NA
132810401,45,"1","11","3",4,NA,NA,89725.4335691707,NA
132810501,46,"2","11","3",5,NA,NA,89725.4335691707,NA
132810801,52,"2","11","3",4,NA,NA,89725.4335691707,NA
132840101,50,"1","5","1",4,NA,NA,89725.4335691707,NA
132840201,62,"2",NA,"1",2,NA,NA,89725.4335691707,NA
132840202,31,"2","5","1",4,NA,NA,89725.4335691707,NA
132840301,77,"2","5","1",1,NA,NA,89725.4335691707,NA
132840401,76,"1",NA,"1",2,NA,NA,89725.4335691707,NA
132840501,51,"2","5","1",3,NA,NA,89725.4335691707,NA
132840701,66,"2","1","1",5,NA,NA,89725.4335691707,NA
132840702,65,"1","11","1",5,NA,NA,89725.4335691707,NA
132840801,55,"1",NA,"1",2,NA,NA,89725.4335691707,NA
132840802,22,"1",NA,"1",3,NA,NA,89725.4335691707,NA
132850101,43,"1","9","3",4,NA,NA,89725.4335691707,NA
132850201,40,"2","7","3",3,NA,NA,89725.4335691707,NA
132850301,35,"2","11","3",2,NA,NA,89725.4335691707,NA
132850601,36,"2","6","3",6,NA,NA,89725.4335691707,NA
132900101,39,"1","8",NA,6,NA,NA,89725.4335691707,NA
132900201,82,"1","1",NA,2,NA,NA,89725.4335691707,NA
132900301,53,"1","8",NA,5,NA,NA,89725.4335691707,NA
132900501,69,"2",NA,NA,3,NA,NA,89725.4335691707,NA
132900601,72,"2","1",NA,3,NA,NA,89725.4335691707,NA
132900701,80,"2","1",NA,3,NA,NA,89725.4335691707,NA
132900801,66,"1",NA,NA,4,NA,NA,89725.4335691707,NA
132970101,22,"1","9","3",1,NA,NA,89725.4335691707,NA
132970201,36,"1","6","3",5,NA,NA,89725.4335691707,NA
132970501,42,"1","8","3",4,NA,NA,89725.4335691707,NA
132970601,32,"2","8","3",4,NA,NA,89725.4335691707,NA
132970701,42,"1","5","3",4,NA,NA,89725.4335691707,NA
132970801,35,"1","9","3",3,NA,NA,89725.4335691707,NA
133080101,60,"1","5","2",4,NA,NA,89725.4335691707,NA
133080201,69,"2",NA,"2",3,NA,NA,89725.4335691707,NA
133080301,54,"1","5","2",1,NA,NA,89725.4335691707,NA
133080401,50,"1","3","2",2,NA,NA,89725.4335691707,NA
133080501,53,"2",NA,"2",3,NA,NA,89725.4335691707,NA
133080701,47,"1","9","2",4,NA,NA,89725.4335691707,NA
133080801,50,"2","5","2",2,NA,NA,89725.4335691707,NA
133230101,62,"2","5",NA,4,NA,NA,89725.4335691707,NA
133230201,66,"2","4",NA,5,NA,NA,89725.4335691707,NA
133230601,65,"2","3",NA,3,NA,NA,89725.4335691707,NA
133230701,29,"1","5",NA,2,NA,NA,89725.4335691707,NA
133790101,65,"1","8",NA,2,NA,NA,89725.4335691707,NA
133790301,61,"1","3",NA,1,NA,NA,89725.4335691707,NA
133790401,39,"1","6",NA,5,NA,NA,89725.4335691707,NA
133790501,55,"2","5",NA,4,NA,NA,89725.4335691707,NA
133790601,84,"1",NA,NA,1,NA,NA,89725.4335691707,NA
133790701,60,"1",NA,NA,2,NA,NA,89725.4335691707,NA
133790801,45,"1","8",NA,2,NA,NA,89725.4335691707,NA
133790901,73,"1","1",NA,2,NA,NA,89725.4335691707,NA
133940201,65,"1","5","2",3,NA,NA,89725.4335691707,NA
133940401,76,"2","-88","2",3,NA,NA,89725.4335691707,NA
133940701,32,"1","5","2",5,NA,NA,89725.4335691707,NA
133940801,58,"1","11","2",3,NA,NA,89725.4335691707,NA
133990201,43,"2","11","3",5,NA,NA,89725.4335691707,NA
133990301,40,"2","3","3",3,NA,NA,89725.4335691707,NA
133990401,57,"1","9","3",3,NA,NA,89725.4335691707,NA
133990601,38,"1","5","3",3,NA,NA,89725.4335691707,NA
133990701,45,"1","8","3",3,NA,NA,89725.4335691707,NA
133990801,29,"2","11","3",2,NA,NA,89725.4335691707,NA
134180201,53,"1","11",NA,3,NA,NA,89725.4335691707,NA
134180401,62,"1","11",NA,2,NA,NA,89725.4335691707,NA
134180501,47,"1","11",NA,5,NA,NA,89725.4335691707,NA
134180601,55,"1","11",NA,5,NA,NA,89725.4335691707,NA
134180801,52,"1","11",NA,4,NA,NA,89725.4335691707,NA
134690101,65,"2","1",NA,5,NA,NA,89725.4335691707,NA
134690201,38,"2","8",NA,4,NA,NA,89725.4335691707,NA
134690601,43,"1","5",NA,2,NA,NA,89725.4335691707,NA
134730101,75,"1",NA,NA,1,NA,NA,89725.4335691707,NA
134730201,74,"1","1",NA,10,NA,NA,89725.4335691707,NA
134730401,80,"1","-88",NA,6,NA,NA,89725.4335691707,NA
134730501,67,"2",NA,NA,1,NA,NA,89725.4335691707,NA
134730601,34,"1","6",NA,5,NA,NA,89725.4335691707,NA
134730701,71,"1","1",NA,2,NA,NA,89725.4335691707,NA
134730901,59,"2","1",NA,4,NA,NA,89725.4335691707,NA
134731001,56,"1","3",NA,2,NA,NA,89725.4335691707,NA
134760101,32,"1","11","1",5,NA,NA,89725.4335691707,NA
134760201,55,"1","3","1",1,NA,NA,89725.4335691707,NA
134760301,59,"1","3","1",1,NA,NA,89725.4335691707,NA
134760401,32,"2","3","1",2,NA,NA,89725.4335691707,NA
134760701,73,"2","1","1",12,NA,NA,89725.4335691707,NA
134760801,74,"1","6","1",5,NA,NA,89725.4335691707,NA
134930101,41,"2","11","3",5,NA,NA,89725.4335691707,NA
134930201,44,"1","11","3",4,NA,NA,89725.4335691707,NA
134930401,42,"1","5","3",3,NA,NA,89725.4335691707,NA
134930701,30,"2","11","3",1,NA,NA,89725.4335691707,NA
134940101,68,"1","5","2",2,NA,NA,89725.4335691707,NA
134940301,69,"2","5","2",1,NA,NA,89725.4335691707,NA
134940401,37,"1","6","2",5,NA,NA,89725.4335691707,NA
134940501,66,"2","3","2",2,NA,NA,89725.4335691707,NA
134940701,42,"1","8","2",4,NA,NA,89725.4335691707,NA
134940801,33,"2","8","2",2,NA,NA,89725.4335691707,NA
134960201,59,"2","1","3",2,NA,NA,89725.4335691707,NA
134960301,42,"2","5","3",3,NA,NA,89725.4335691707,NA
134960401,37,"2","5","3",4,NA,NA,89725.4335691707,NA
134960801,67,"2",NA,"3",5,NA,NA,89725.4335691707,NA
135030101,37,"2","9","1",3,NA,NA,89725.4335691707,NA
135030201,20,"1","3","1",1,NA,NA,89725.4335691707,NA
135030301,41,"2","6","1",5,NA,NA,89725.4335691707,NA
135030401,44,"2","5","1",3,NA,NA,89725.4335691707,NA
135030701,81,"2","5","1",4,NA,NA,89725.4335691707,NA
135030801,70,"2","1","1",3,NA,NA,89725.4335691707,NA
135090101,82,"2","1","2",2,NA,NA,89725.4335691707,NA
135090201,69,"1","3","2",3,NA,NA,89725.4335691707,NA
135090301,67,"2",NA,"2",4,NA,NA,89725.4335691707,NA
135090401,56,"1","11","2",2,NA,NA,89725.4335691707,NA
135090501,30,"1","5","2",3,NA,NA,89725.4335691707,NA
135090601,76,"1","1","2",2,NA,NA,89725.4335691707,NA
135090701,44,"1","11","2",4,NA,NA,89725.4335691707,NA
135090801,58,"1","5","2",3,NA,NA,89725.4335691707,NA
135240101,50,"2","10","3",4,NA,NA,89725.4335691707,NA
135240201,42,"1","11","3",2,NA,NA,89725.4335691707,NA
135240401,53,"2","11","3",4,NA,NA,89725.4335691707,NA
135240701,58,"1","11","3",4,NA,NA,89725.4335691707,NA
135250101,61,"1","8","2",1,NA,NA,89725.4335691707,NA
135250201,83,"2","1","2",3,NA,NA,89725.4335691707,NA
135250301,38,"1","8","2",4,NA,NA,89725.4335691707,NA
135250401,68,"1","1","2",3,NA,NA,89725.4335691707,NA
135250501,52,"1","5","2",2,NA,NA,89725.4335691707,NA
135250601,72,"1","11","2",1,NA,NA,89725.4335691707,NA
135250701,69,"1","5","2",6,NA,NA,89725.4335691707,NA
135250801,59,"1","8","2",4,NA,NA,89725.4335691707,NA
135260201,48,"1","11","3",4,NA,NA,89725.4335691707,NA
135260501,51,"1","12","3",4,NA,NA,89725.4335691707,NA
135260801,62,"1","8","3",3,NA,NA,89725.4335691707,NA
135430101,91,"2","-88",NA,2,NA,NA,89725.4335691707,NA
135430201,71,"1","1",NA,3,NA,NA,89725.4335691707,NA
135430301,69,"1","5",NA,3,NA,NA,89725.4335691707,NA
135430401,54,"2","6",NA,4,NA,NA,89725.4335691707,NA
135430501,61,"2","8",NA,3,NA,NA,89725.4335691707,NA
135430601,84,"2","4",NA,2,NA,NA,89725.4335691707,NA
135430801,40,"2","5",NA,4,NA,NA,89725.4335691707,NA
135470401,72,"2","5",NA,2,NA,NA,89725.4335691707,NA
135470601,66,"2","8",NA,3,NA,NA,89725.4335691707,NA
135470701,40,"1","11",NA,5,NA,NA,89725.4335691707,NA
135470801,86,"1","1",NA,4,NA,NA,89725.4335691707,NA
135470901,58,"1",NA,NA,3,NA,NA,89725.4335691707,NA
135630801,80,"2","11","3",1,NA,NA,89725.4335691707,NA
135680101,35,"2","11","2",4,NA,NA,89725.4335691707,NA
135680201,52,"2","8","2",1,NA,NA,89725.4335691707,NA
135680301,80,"2","5","2",2,NA,NA,89725.4335691707,NA
135680601,76,"1","5","2",2,NA,NA,89725.4335691707,NA
135680701,75,"1","3","2",4,NA,NA,89725.4335691707,NA
135680801,28,"2","8","2",3,NA,NA,89725.4335691707,NA
135750801,80,"2","11","3",1,NA,NA,89725.4335691707,NA
135790201,49,"2","8",NA,3,NA,NA,89725.4335691707,NA
135790301,63,"2","11",NA,2,NA,NA,89725.4335691707,NA
135790401,29,"2","11",NA,1,NA,NA,89725.4335691707,NA
135790501,30,"2","11",NA,1,NA,NA,89725.4335691707,NA
135820101,68,"1","9","3",3,NA,NA,89725.4335691707,NA
135820301,34,"1","8","3",5,NA,NA,89725.4335691707,NA
135820401,90,"2","3","3",1,NA,NA,89725.4335691707,NA
135820501,38,"2","11","3",3,NA,NA,89725.4335691707,NA
135820801,57,"1","11","3",5,NA,NA,89725.4335691707,NA
135860201,47,"2","11",NA,3,NA,NA,89725.4335691707,NA
135860301,51,"2","8",NA,3,NA,NA,89725.4335691707,NA
135860401,69,"1","3",NA,7,NA,NA,89725.4335691707,NA
135860501,27,"1","5",NA,2,NA,NA,89725.4335691707,NA
135860601,61,"1","5",NA,2,NA,NA,89725.4335691707,NA
135860801,64,"1","5",NA,2,NA,NA,89725.4335691707,NA
135920201,41,"2","11",NA,2,NA,NA,89725.4335691707,NA
135920601,27,"2","5",NA,2,NA,NA,89725.4335691707,NA
135920701,27,"1","9",NA,1,NA,NA,89725.4335691707,NA
135920801,18,"1","3",NA,1,NA,NA,89725.4335691707,NA
136000101,45,"2","5","2",3,NA,NA,89725.4335691707,NA
136000201,49,"2","3","2",4,NA,NA,89725.4335691707,NA
136000301,51,"2","5","2",2,NA,NA,89725.4335691707,NA
136000401,67,"1","4","2",2,NA,NA,89725.4335691707,NA
136000501,42,"2","1","2",2,NA,NA,89725.4335691707,NA
136000601,47,"2","1","2",5,NA,NA,89725.4335691707,NA
136000701,58,"1","6","2",4,NA,NA,89725.4335691707,NA
136000801,58,"2","5","2",1,NA,NA,89725.4335691707,NA
136010101,48,"2","8","2",4,NA,NA,89725.4335691707,NA
136010701,26,"2",NA,"2",5,NA,NA,89725.4335691707,NA
136010801,67,"2","5","2",5,NA,NA,89725.4335691707,NA
136060201,26,"2","9","3",2,NA,NA,89725.4335691707,NA
136060501,60,"2","11","3",3,NA,NA,89725.4335691707,NA
136060601,44,"2","6","3",2,NA,NA,89725.4335691707,NA
136070201,74,"2","3","2",6,NA,NA,89725.4335691707,NA
136070401,36,"2","11","2",2,NA,NA,89725.4335691707,NA
136070501,84,"2","11","2",1,NA,NA,89725.4335691707,NA
136070601,36,"1","11","2",3,NA,NA,89725.4335691707,NA
136070801,77,"2",NA,"2",1,NA,NA,89725.4335691707,NA
136180101,82,"2","5","3",4,NA,NA,89725.4335691707,NA
136180501,57,"2","11","3",2,NA,NA,89725.4335691707,NA
136180701,42,"2","9","3",2,NA,NA,89725.4335691707,NA
136550101,33,"1","6","1",2,NA,NA,89725.4335691707,NA
136550201,75,"2","1","1",2,NA,NA,89725.4335691707,NA
136550301,41,"2","9","1",3,NA,NA,89725.4335691707,NA
136550501,47,"2",NA,"1",5,NA,NA,89725.4335691707,NA
136550601,63,"1",NA,"1",4,NA,NA,89725.4335691707,NA
136650101,74,"1","11","2",2,NA,NA,89725.4335691707,NA
136650201,86,"1","11","2",2,NA,NA,89725.4335691707,NA
136790101,63,"2","1","2",3,NA,NA,89725.4335691707,NA
136790301,80,"2",NA,"2",2,NA,NA,89725.4335691707,NA
136790302,34,"2","11","2",1,NA,NA,89725.4335691707,NA
136790303,46,"1","3","2",3,NA,NA,89725.4335691707,NA
136790304,35,"2","9","2",2,NA,NA,89725.4335691707,NA
136790401,78,"2",NA,"2",1,NA,NA,89725.4335691707,NA
136790601,34,"1","6","2",2,NA,NA,89725.4335691707,NA
136790801,47,"1","6","2",3,NA,NA,89725.4335691707,NA
136820201,27,"1","12","3",2,NA,NA,89725.4335691707,NA
136820301,31,"2","11","3",1,NA,NA,89725.4335691707,NA
136820801,79,"2","3","3",3,NA,NA,89725.4335691707,NA
136950501,49,"2","1","3",1,NA,NA,89725.4335691707,NA
136950601,34,"2","6","3",7,NA,NA,89725.4335691707,NA
137010301,27,"1","9","3",2,NA,NA,89725.4335691707,NA
137010401,45,"1","11","3",3,NA,NA,89725.4335691707,NA
137010501,75,"1","12","3",1,NA,NA,89725.4335691707,NA
137010601,76,"2","8","3",1,NA,NA,89725.4335691707,NA
137010801,26,"2","11","3",3,NA,NA,89725.4335691707,NA
137190101,77,"2","1","1",3,NA,NA,89725.4335691707,NA
137190301,62,"2","5","1",3,NA,NA,89725.4335691707,NA
137190401,62,"1",NA,"1",6,NA,NA,89725.4335691707,NA
137190601,64,"2","5","1",2,NA,NA,89725.4335691707,NA
137190701,39,"2","5","1",7,NA,NA,89725.4335691707,NA
137190801,76,"2","1","1",12,NA,NA,89725.4335691707,NA
137240301,33,"2","11","3",1,NA,NA,89725.4335691707,NA
137240401,52,"2","6","3",2,NA,NA,89725.4335691707,NA
137240501,32,"1","12","3",2,NA,NA,89725.4335691707,NA
137240701,41,"1","9","3",5,NA,NA,89725.4335691707,NA
137240801,26,"2","11","3",2,NA,NA,89725.4335691707,NA
137250501,42,"2","7","3",4,NA,NA,89725.4335691707,NA
137250601,64,"1","4","3",5,NA,NA,89725.4335691707,NA
137250801,59,"2","5","3",5,NA,NA,89725.4335691707,NA
137260201,33,"1","5","3",6,NA,NA,89725.4335691707,NA
137420101,29,"2","8",NA,4,NA,NA,89725.4335691707,NA
137600101,44,"2","11",NA,6,NA,NA,89725.4335691707,NA
137600201,49,"2","3",NA,5,NA,NA,89725.4335691707,NA
137600301,52,"1","5",NA,4,NA,NA,89725.4335691707,NA
137600401,52,"1","3",NA,2,NA,NA,89725.4335691707,NA
137600701,45,"2","8",NA,4,NA,NA,89725.4335691707,NA
137710201,41,"2","5","3",3,NA,NA,89725.4335691707,NA
137710601,33,"2","6","3",5,NA,NA,89725.4335691707,NA
137710701,25,"2","7","3",2,NA,NA,89725.4335691707,NA
137710801,48,"1","3","3",2,NA,NA,89725.4335691707,NA
137740101,48,"1","5","2",4,NA,NA,89725.4335691707,NA
137740201,44,"2","5","2",3,NA,NA,89725.4335691707,NA
137740202,83,"2","1","2",1,NA,NA,89725.4335691707,NA
137740301,49,"1","11","2",2,NA,NA,89725.4335691707,NA
137740401,56,"1","3","2",3,NA,NA,89725.4335691707,NA
137740501,58,"1","5","2",4,NA,NA,89725.4335691707,NA
137740601,58,"2",NA,"2",8,NA,NA,89725.4335691707,NA
137740701,60,"1","5","2",3,NA,NA,89725.4335691707,NA
137740801,25,"2","6","2",6,NA,NA,89725.4335691707,NA
137910101,49,"1","12","3",1,NA,NA,89725.4335691707,NA
137910201,67,"1","11","3",4,NA,NA,89725.4335691707,NA
137910301,60,"2","8","3",2,NA,NA,89725.4335691707,NA
137910401,81,"1","11","3",3,NA,NA,89725.4335691707,NA
137910601,58,"1","9","3",5,NA,NA,89725.4335691707,NA
137910801,57,"1","12","3",2,NA,NA,89725.4335691707,NA
137970101,33,"2","5",NA,4,NA,NA,89725.4335691707,NA
137970301,30,"2","5",NA,10,NA,NA,89725.4335691707,NA
137970401,42,"1","3",NA,3,NA,NA,89725.4335691707,NA
137970501,63,"2","11",NA,3,NA,NA,89725.4335691707,NA
137970601,70,"1","1",NA,5,NA,NA,89725.4335691707,NA
137970701,46,"2","5",NA,5,NA,NA,89725.4335691707,NA
137970801,74,"1","1",NA,4,NA,NA,89725.4335691707,NA
138490101,65,"2","1","1",3,NA,NA,89725.4335691707,NA
138490201,63,"2","1","1",1,NA,NA,89725.4335691707,NA
138490301,29,"1","5","1",2,NA,NA,89725.4335691707,NA
138490401,68,"1","1","1",3,NA,NA,89725.4335691707,NA
138490501,45,"1","11","1",2,NA,NA,89725.4335691707,NA
138490601,29,"1",NA,"1",5,NA,NA,89725.4335691707,NA
138490701,39,"1","3","1",4,NA,NA,89725.4335691707,NA
138490702,45,"1",NA,"1",3,NA,NA,89725.4335691707,NA
138790301,68,"1","11",NA,3,NA,NA,89725.4335691707,NA
138790401,26,"1","8",NA,2,NA,NA,89725.4335691707,NA
138790501,35,"2","11",NA,2,NA,NA,89725.4335691707,NA
139100101,60,"1","5",NA,6,NA,NA,89725.4335691707,NA
139100201,51,"1","6",NA,4,NA,NA,89725.4335691707,NA
139100301,38,"2","9",NA,3,NA,NA,89725.4335691707,NA
139100401,31,"1","8",NA,2,NA,NA,89725.4335691707,NA
139100501,54,"1","3",NA,1,NA,NA,89725.4335691707,NA
139100601,19,"2","5",NA,4,NA,NA,89725.4335691707,NA
139100801,53,"1","5",NA,2,NA,NA,89725.4335691707,NA
139580201,39,"1","11","3",1,NA,NA,89725.4335691707,NA
139580601,43,"2","11","3",3,NA,NA,89725.4335691707,NA
139580801,26,"2","8","3",2,NA,NA,89725.4335691707,NA
139710201,63,"2","1",NA,3,NA,NA,89725.4335691707,NA
139710301,36,"1","3",NA,5,NA,NA,89725.4335691707,NA
139710401,49,"1","3",NA,1,NA,NA,89725.4335691707,NA
139710701,57,"2","5",NA,4,NA,NA,89725.4335691707,NA
139850101,73,"2",NA,"1",1,NA,NA,89725.4335691707,NA
139850201,88,"2",NA,"1",1,NA,NA,89725.4335691707,NA
139850202,47,"1","7","1",3,NA,NA,89725.4335691707,NA
139850301,79,"2","5","1",1,NA,NA,89725.4335691707,NA
139850401,41,"1","5","1",4,NA,NA,89725.4335691707,NA
139850402,35,"1","7","1",4,NA,NA,89725.4335691707,NA
139850501,83,"2",NA,"1",2,NA,NA,89725.4335691707,NA
139850502,55,"2","6","1",1,NA,NA,89725.4335691707,NA
139850601,56,"1","12","1",3,NA,NA,89725.4335691707,NA
139850701,43,"1","3","1",4,NA,NA,89725.4335691707,NA
139850801,82,"2","3","1",3,NA,NA,89725.4335691707,NA
139890201,42,"1","11","2",4,NA,NA,89725.4335691707,NA
139890301,62,"2","5","2",4,NA,NA,89725.4335691707,NA
139890501,74,"2","3","2",2,NA,NA,89725.4335691707,NA
140010101,49,"1","12",NA,2,NA,NA,89725.4335691707,NA
140010201,42,"1","11",NA,5,NA,NA,89725.4335691707,NA
140010301,58,"2","11",NA,2,NA,NA,89725.4335691707,NA
140010401,78,"1","5",NA,2,NA,NA,89725.4335691707,NA
140010501,85,"1","6",NA,3,NA,NA,89725.4335691707,NA
140010601,66,"1","11",NA,5,NA,NA,89725.4335691707,NA
140010801,66,"2","11",NA,2,NA,NA,89725.4335691707,NA
140130101,67,"1","3","2",1,NA,NA,89725.4335691707,NA
140130201,52,"2","6","2",3,NA,NA,89725.4335691707,NA
140130301,47,"2","6","2",2,NA,NA,89725.4335691707,NA
140130401,64,"1","5","2",3,NA,NA,89725.4335691707,NA
140130501,66,"1","5","2",11,NA,NA,89725.4335691707,NA
140130701,54,"1","1","2",5,NA,NA,89725.4335691707,NA
140130801,64,"2","5","2",3,NA,NA,89725.4335691707,NA
140210101,33,"1","12",NA,2,NA,NA,89725.4335691707,NA
140210301,51,"1","12",NA,3,NA,NA,89725.4335691707,NA
140210401,61,"2","12",NA,2,NA,NA,89725.4335691707,NA
140210501,28,"1","11",NA,2,NA,NA,89725.4335691707,NA
140210701,39,"1","9",NA,5,NA,NA,89725.4335691707,NA
140230301,81,"1","9",NA,2,NA,NA,89725.4335691707,NA
140230401,60,"1","8",NA,2,NA,NA,89725.4335691707,NA
140230501,77,"1","3",NA,2,NA,NA,89725.4335691707,NA
140230701,50,"2","8",NA,3,NA,NA,89725.4335691707,NA
140640101,40,"2","11",NA,3,NA,NA,89725.4335691707,NA
140640201,41,"1","11",NA,5,NA,NA,89725.4335691707,NA
140640401,65,"2","6",NA,2,NA,NA,89725.4335691707,NA
140640701,83,"2","1",NA,1,NA,NA,89725.4335691707,NA
140640801,63,"2","8",NA,2,NA,NA,89725.4335691707,NA
140700201,38,"2","5",NA,5,NA,NA,89725.4335691707,NA
140700701,51,"2",NA,NA,4,NA,NA,89725.4335691707,NA
140700801,27,"2","11",NA,1,NA,NA,89725.4335691707,NA
140700901,61,"2","8",NA,3,NA,NA,89725.4335691707,NA
140701001,63,"2","1",NA,7,NA,NA,89725.4335691707,NA
140750101,69,"2","9",NA,2,NA,NA,89725.4335691707,NA
140750301,68,"1","12",NA,2,NA,NA,89725.4335691707,NA
140750401,60,"2","11",NA,3,NA,NA,89725.4335691707,NA
140750801,46,"2","11",NA,4,NA,NA,89725.4335691707,NA
140840101,81,"1","12","3",3,NA,NA,89725.4335691707,NA
140840301,48,"1","11","3",1,NA,NA,89725.4335691707,NA
141170401,44,"1","12",NA,6,NA,NA,89725.4335691707,NA
141290101,80,"2","3",NA,2,NA,NA,89725.4335691707,NA
141290301,41,"1","5",NA,4,NA,NA,89725.4335691707,NA
141290501,36,"2","6",NA,5,NA,NA,89725.4335691707,NA
141290601,78,"1","8",NA,3,NA,NA,89725.4335691707,NA
141290701,71,"1","-88",NA,4,NA,NA,89725.4335691707,NA
141290801,58,"1","6",NA,3,NA,NA,89725.4335691707,NA
141340101,62,"1","-88","3",3,NA,NA,89725.4335691707,NA
141340201,58,"2","1","3",5,NA,NA,89725.4335691707,NA
141340501,49,"2","6","3",3,NA,NA,89725.4335691707,NA
141340601,28,"1","11","3",2,NA,NA,89725.4335691707,NA
141350401,61,"1","11",NA,3,NA,NA,89725.4335691707,NA
141420101,18,"2","3","2",3,NA,NA,89725.4335691707,NA
141420501,55,"2","12","2",4,NA,NA,89725.4335691707,NA
141420801,28,"1","9","2",2,NA,NA,89725.4335691707,NA
141670101,29,"2","9","2",4,NA,NA,89725.4335691707,NA
141670301,23,"1","5","2",2,NA,NA,89725.4335691707,NA
141670401,31,"2","12","2",3,NA,NA,89725.4335691707,NA
141670501,40,"2","11","2",4,NA,NA,89725.4335691707,NA
141670701,30,"1","11","2",2,NA,NA,89725.4335691707,NA
141670801,31,"1","11","2",3,NA,NA,89725.4335691707,NA
141820201,29,"2","11",NA,2,NA,NA,89725.4335691707,NA
141820301,44,"2","5",NA,4,NA,NA,89725.4335691707,NA
141820701,38,"2","8",NA,2,NA,NA,89725.4335691707,NA
142120101,30,"1","12",NA,1,NA,NA,89725.4335691707,NA
142120301,54,"1","12",NA,3,NA,NA,89725.4335691707,NA
142120401,26,"1","8",NA,2,NA,NA,89725.4335691707,NA
142120501,40,"1","1",NA,1,NA,NA,89725.4335691707,NA
142120601,34,"1","9",NA,2,NA,NA,89725.4335691707,NA
142120801,49,"2","11",NA,2,NA,NA,89725.4335691707,NA
142460101,73,"1","9",NA,3,NA,NA,89725.4335691707,NA
142460201,48,"1","8",NA,2,NA,NA,89725.4335691707,NA
142460301,54,"1","5",NA,2,NA,NA,89725.4335691707,NA
142460401,74,"1","1",NA,1,NA,NA,89725.4335691707,NA
142460501,50,"1","5",NA,4,NA,NA,89725.4335691707,NA
142460801,57,"2",NA,NA,2,NA,NA,89725.4335691707,NA
142630101,75,"2",NA,"2",2,NA,NA,89725.4335691707,NA
142630201,78,"1","5","2",2,NA,NA,89725.4335691707,NA
142630301,70,"1","5","2",2,NA,NA,89725.4335691707,NA
142630302,50,"2","5","2",2,NA,NA,89725.4335691707,NA
142630701,77,"2","1","2",3,NA,NA,89725.4335691707,NA
142630801,79,"2",NA,"2",3,NA,NA,89725.4335691707,NA
142810301,24,"1","9","2",2,NA,NA,89725.4335691707,NA
142870101,47,"2","6",NA,3,NA,NA,89725.4335691707,NA
142870201,57,"1","8",NA,3,NA,NA,89725.4335691707,NA
142870301,42,"2","5",NA,4,NA,NA,89725.4335691707,NA
142870501,66,"2",NA,NA,3,NA,NA,89725.4335691707,NA
142870701,20,"2","6",NA,3,NA,NA,89725.4335691707,NA
142870801,65,"2","6",NA,3,NA,NA,89725.4335691707,NA
143100101,61,"1","11","3",3,NA,NA,89725.4335691707,NA
143100201,41,"2","11","3",4,NA,NA,89725.4335691707,NA
143100301,53,"1","6","3",1,NA,NA,89725.4335691707,NA
143100401,50,"1","1","3",3,NA,NA,89725.4335691707,NA
143100501,68,"2","8","3",1,NA,NA,89725.4335691707,NA
143100601,26,"1","11","3",1,NA,NA,89725.4335691707,NA
143100701,37,"2","11","3",3,NA,NA,89725.4335691707,NA
143100801,28,"1","6","3",2,NA,NA,89725.4335691707,NA
143150201,57,"2","5","3",3,NA,NA,89725.4335691707,NA
143150301,42,"2","5","3",5,NA,NA,89725.4335691707,NA
143150401,30,"1","9","3",2,NA,NA,89725.4335691707,NA
143150701,55,"2","5","3",4,NA,NA,89725.4335691707,NA
143150801,38,"2","5","3",5,NA,NA,89725.4335691707,NA
143150802,65,"1","4","3",1,NA,NA,89725.4335691707,NA
143270101,37,"1","5","3",3,NA,NA,89725.4335691707,NA
143270201,41,"1",NA,"3",1,NA,NA,89725.4335691707,NA
143270301,32,"2","8","3",3,NA,NA,89725.4335691707,NA
143270401,34,"1","11","3",2,NA,NA,89725.4335691707,NA
143270501,38,"2","5","3",5,NA,NA,89725.4335691707,NA
143270801,53,"2","6","3",4,NA,NA,89725.4335691707,NA
143330101,63,"2","1","1",3,NA,NA,89725.4335691707,NA
143330201,66,"1",NA,"1",4,NA,NA,89725.4335691707,NA
143330301,60,"2","-88","1",5,NA,NA,89725.4335691707,NA
143330401,29,"1","6","1",4,NA,NA,89725.4335691707,NA
143330501,52,"1",NA,"1",1,NA,NA,89725.4335691707,NA
143330601,46,"2","5","1",3,NA,NA,89725.4335691707,NA
143330701,48,"2","3","1",2,NA,NA,89725.4335691707,NA
143330801,45,"1","6","1",3,NA,NA,89725.4335691707,NA
143340101,52,"2","5",NA,3,NA,NA,89725.4335691707,NA
143340301,53,"1","5",NA,5,NA,NA,89725.4335691707,NA
143340401,49,"1","5",NA,4,NA,NA,89725.4335691707,NA
143340701,52,"2","3",NA,3,NA,NA,89725.4335691707,NA
143450101,50,"1","8",NA,1,NA,NA,89725.4335691707,NA
143450201,80,"2","3",NA,1,NA,NA,89725.4335691707,NA
143450301,29,"2","9",NA,2,NA,NA,89725.4335691707,NA
143450401,37,"1","5",NA,5,NA,NA,89725.4335691707,NA
143450501,30,"2","11",NA,2,NA,NA,89725.4335691707,NA
143450601,29,"2","11",NA,2,NA,NA,89725.4335691707,NA
143450701,42,"1","11",NA,1,NA,NA,89725.4335691707,NA
143450801,42,"1","9",NA,2,NA,NA,89725.4335691707,NA
143900201,39,"2","6",NA,4,NA,NA,89725.4335691707,NA
143900301,53,"1","5",NA,2,NA,NA,89725.4335691707,NA
143900501,31,"1","11",NA,1,NA,NA,89725.4335691707,NA
143900801,30,"1","5",NA,1,NA,NA,89725.4335691707,NA
143960101,69,"1","8",NA,3,NA,NA,89725.4335691707,NA
143960201,63,"1","6",NA,2,NA,NA,89725.4335691707,NA
143960301,61,"2","1",NA,3,NA,NA,89725.4335691707,NA
143960401,70,"2","4",NA,1,NA,NA,89725.4335691707,NA
143960402,50,"1","6",NA,1,NA,NA,89725.4335691707,NA
143960501,55,"2","6",NA,7,NA,NA,89725.4335691707,NA
143960601,58,"1",NA,NA,2,NA,NA,89725.4335691707,NA
143960701,50,"1","6",NA,4,NA,NA,89725.4335691707,NA
143990101,60,"2","11","3",2,NA,NA,89725.4335691707,NA
143990301,85,"1","11","3",2,NA,NA,89725.4335691707,NA
143990501,70,"2","8","3",2,NA,NA,89725.4335691707,NA
143990801,74,"1","4","3",2,NA,NA,89725.4335691707,NA
144030101,54,"2",NA,NA,3,NA,NA,89725.4335691707,NA
144030201,66,"2",NA,NA,2,NA,NA,89725.4335691707,NA
144030301,21,"1","3",NA,2,NA,NA,89725.4335691707,NA
144030601,74,"1","1",NA,5,NA,NA,89725.4335691707,NA
144030701,27,"1","3",NA,3,NA,NA,89725.4335691707,NA
144030801,46,"2","3",NA,6,NA,NA,89725.4335691707,NA
144240101,35,"2","5","1",5,NA,NA,89725.4335691707,NA
144240501,72,"1","1","1",4,NA,NA,89725.4335691707,NA
144240601,69,"1",NA,"1",3,NA,NA,89725.4335691707,NA
144380101,65,"2","3","1",1,NA,NA,89725.4335691707,NA
144380201,47,"1","3","1",2,NA,NA,89725.4335691707,NA
144380301,56,"1",NA,"1",2,NA,NA,89725.4335691707,NA
144380401,77,"1","3","1",2,NA,NA,89725.4335691707,NA
144380501,48,"1","6","1",4,NA,NA,89725.4335691707,NA
144380701,31,"2","5","1",1,NA,NA,89725.4335691707,NA
144380801,56,"2",NA,"1",4,NA,NA,89725.4335691707,NA
144520101,36,"2","11",NA,2,NA,NA,89725.4335691707,NA
144520301,48,"2","9",NA,2,NA,NA,89725.4335691707,NA
144520501,37,"2","11",NA,2,NA,NA,89725.4335691707,NA
144720201,62,"1","8",NA,1,NA,NA,89725.4335691707,NA
144720301,50,"1","1",NA,2,NA,NA,89725.4335691707,NA
144720401,63,"1","3",NA,1,NA,NA,89725.4335691707,NA
144720801,31,"2","11",NA,2,NA,NA,89725.4335691707,NA
145130201,67,"1","11","3",3,NA,NA,89725.4335691707,NA
145130301,43,"2","11","3",5,NA,NA,89725.4335691707,NA
145130401,51,"1","12","3",6,NA,NA,89725.4335691707,NA
145130501,36,"1","11","3",3,NA,NA,89725.4335691707,NA
145130601,33,"2","7","3",4,NA,NA,89725.4335691707,NA
145130801,33,"2","11","3",3,NA,NA,89725.4335691707,NA
145200101,56,"2","11",NA,2,NA,NA,89725.4335691707,NA
145200201,54,"1","7",NA,2,NA,NA,89725.4335691707,NA
145200401,60,"1","9",NA,3,NA,NA,89725.4335691707,NA
145200501,72,"2","3",NA,1,NA,NA,89725.4335691707,NA
145200601,82,"2","1",NA,3,NA,NA,89725.4335691707,NA
145200701,69,"1","12",NA,3,NA,NA,89725.4335691707,NA
145200801,60,"2","5",NA,4,NA,NA,89725.4335691707,NA
145250101,37,"1","5","3",2,NA,NA,89725.4335691707,NA
145250102,35,"1","5","3",4,NA,NA,89725.4335691707,NA
145250301,65,"2",NA,"3",2,NA,NA,89725.4335691707,NA
145250501,46,"2","5","3",3,NA,NA,89725.4335691707,NA
145250601,32,"2","11","3",2,NA,NA,89725.4335691707,NA
145250701,70,"2","5","3",2,NA,NA,89725.4335691707,NA
145250801,42,"2",NA,"3",4,NA,NA,89725.4335691707,NA
145250802,71,"1","9","3",1,NA,NA,89725.4335691707,NA
145780101,55,"1","4",NA,3,NA,NA,89725.4335691707,NA
145780201,75,"2","8",NA,3,NA,NA,89725.4335691707,NA
145780301,57,"2",NA,NA,1,NA,NA,89725.4335691707,NA
145780401,53,"1",NA,NA,4,NA,NA,89725.4335691707,NA
145780601,53,"1","6",NA,2,NA,NA,89725.4335691707,NA
145780701,62,"2","4",NA,1,NA,NA,89725.4335691707,NA
145780801,70,"2","1",NA,3,NA,NA,89725.4335691707,NA
145780901,60,"2","1",NA,3,NA,NA,89725.4335691707,NA
145781001,40,"2","1",NA,4,NA,NA,89725.4335691707,NA
145910101,51,"1","5",NA,2,NA,NA,89725.4335691707,NA
146020401,27,"1","8","1",3,NA,NA,89725.4335691707,NA
146020501,33,"1","5","1",4,NA,NA,89725.4335691707,NA
146020801,42,"1","3","1",4,NA,NA,89725.4335691707,NA
146110401,31,"2","12","3",1,NA,NA,89725.4335691707,NA
146110601,69,"1","6","3",2,NA,NA,89725.4335691707,NA
146110701,67,"2","11","3",5,NA,NA,89725.4335691707,NA
146120101,42,"1","11","3",3,NA,NA,89725.4335691707,NA
146120601,75,"2","3","3",1,NA,NA,89725.4335691707,NA
146120801,47,"2","11","3",3,NA,NA,89725.4335691707,NA
146170101,75,"2",NA,"2",2,NA,NA,89725.4335691707,NA
146170301,31,"2","5","2",3,NA,NA,89725.4335691707,NA
146170401,50,"1","3","2",2,NA,NA,89725.4335691707,NA
146170501,38,"2","6","2",4,NA,NA,89725.4335691707,NA
146170601,52,"2","8","2",1,NA,NA,89725.4335691707,NA
146170701,53,"1",NA,"2",4,NA,NA,89725.4335691707,NA
146170801,23,"2","4","2",3,NA,NA,89725.4335691707,NA
146360101,39,"1","11","2",5,NA,NA,89725.4335691707,NA
146360201,82,"2",NA,"2",3,NA,NA,89725.4335691707,NA
146360401,58,"2","6","2",4,NA,NA,89725.4335691707,NA
146360501,31,"1","8","2",3,NA,NA,89725.4335691707,NA
146360601,81,"1","1","2",9,NA,NA,89725.4335691707,NA
146360701,48,"2","5","2",4,NA,NA,89725.4335691707,NA
146360801,68,"2","1","2",3,NA,NA,89725.4335691707,NA
146390101,40,"1","5","2",5,NA,NA,89725.4335691707,NA
146390301,62,"1",NA,"2",6,NA,NA,89725.4335691707,NA
146390401,45,"2","3","2",2,NA,NA,89725.4335691707,NA
146390501,47,"2","5","2",5,NA,NA,89725.4335691707,NA
146390601,26,"2","7","2",3,NA,NA,89725.4335691707,NA
146390701,42,"2","5","2",7,NA,NA,89725.4335691707,NA
146510101,62,"1","-88","2",8,NA,NA,89725.4335691707,NA
146510401,77,"1","1","2",2,NA,NA,89725.4335691707,NA
146510601,57,"2",NA,"2",2,NA,NA,89725.4335691707,NA
146510701,41,"2",NA,"2",5,NA,NA,89725.4335691707,NA
146510801,24,"2",NA,"2",3,NA,NA,89725.4335691707,NA
146530501,37,"2","9","3",5,NA,NA,89725.4335691707,NA
146530601,39,"2","11","3",3,NA,NA,89725.4335691707,NA
146530701,40,"1","11","3",5,NA,NA,89725.4335691707,NA
146530801,57,"2","5","3",8,NA,NA,89725.4335691707,NA
146660201,48,"1","12","3",3,NA,NA,89725.4335691707,NA
146670201,80,"2",NA,"2",3,NA,NA,89725.4335691707,NA
146670301,68,"2","3","2",2,NA,NA,89725.4335691707,NA
146670401,63,"2","4","2",3,NA,NA,89725.4335691707,NA
146670501,47,"2",NA,"2",3,NA,NA,89725.4335691707,NA
146670601,49,"2","3","2",3,NA,NA,89725.4335691707,NA
146670701,57,"1","1","2",2,NA,NA,89725.4335691707,NA
146670801,61,"2",NA,"2",3,NA,NA,89725.4335691707,NA
146770201,56,"2","9","2",6,NA,NA,89725.4335691707,NA
146770301,42,"1","11","2",4,NA,NA,89725.4335691707,NA
146770401,77,"1",NA,"2",4,NA,NA,89725.4335691707,NA
147110101,32,"2","6",NA,4,NA,NA,89725.4335691707,NA
147110201,54,"1","3",NA,3,NA,NA,89725.4335691707,NA
147110301,61,"1","3",NA,8,NA,NA,89725.4335691707,NA
147110401,58,"2","3",NA,2,NA,NA,89725.4335691707,NA
147110501,40,"2","5",NA,2,NA,NA,89725.4335691707,NA
147110601,56,"2",NA,NA,3,NA,NA,89725.4335691707,NA
147110701,26,"1","5",NA,4,NA,NA,89725.4335691707,NA
147110801,90,"1","5",NA,1,NA,NA,89725.4335691707,NA
147240201,60,"1","9","3",4,NA,NA,89725.4335691707,NA
147270101,75,"2","3",NA,3,NA,NA,89725.4335691707,NA
147270401,52,"2","6",NA,2,NA,NA,89725.4335691707,NA
147270601,66,"2","5",NA,2,NA,NA,89725.4335691707,NA
147270801,66,"1","3",NA,2,NA,NA,89725.4335691707,NA
147350101,60,"1","11",NA,1,NA,NA,89725.4335691707,NA
147620101,66,"2","5",NA,3,NA,NA,89725.4335691707,NA
147790101,54,"1","11","2",4,NA,NA,89725.4335691707,NA
147790201,54,"1","8","2",4,NA,NA,89725.4335691707,NA
147790401,34,"1","11","2",4,NA,NA,89725.4335691707,NA
147790501,41,"1",NA,"2",3,NA,NA,89725.4335691707,NA
147790601,52,"2","5","2",3,NA,NA,89725.4335691707,NA
147790801,38,"2","5","2",8,NA,NA,89725.4335691707,NA
147830101,55,"2","6",NA,1,NA,NA,89725.4335691707,NA
147830301,50,"2","8",NA,1,NA,NA,89725.4335691707,NA
147830401,36,"2","8",NA,5,NA,NA,89725.4335691707,NA
147830601,51,"2","11",NA,1,NA,NA,89725.4335691707,NA
147860201,66,"2",NA,"2",1,NA,NA,89725.4335691707,NA
147860401,53,"1","4","2",6,NA,NA,89725.4335691707,NA
147860601,70,"1","1","2",1,NA,NA,89725.4335691707,NA
147860701,47,"2","6","2",2,NA,NA,89725.4335691707,NA
147910101,76,"1","3",NA,2,NA,NA,89725.4335691707,NA
147910301,54,"2","5",NA,4,NA,NA,89725.4335691707,NA
147910401,71,"2","3",NA,1,NA,NA,89725.4335691707,NA
147910701,48,"2",NA,NA,3,NA,NA,89725.4335691707,NA
147910801,67,"1","3",NA,1,NA,NA,89725.4335691707,NA
147990101,35,"2","5","3",4,NA,NA,89725.4335691707,NA
147990701,29,"1","5","3",5,NA,NA,89725.4335691707,NA
148060201,46,"2","8","2",3,NA,NA,89725.4335691707,NA
148060601,35,"1","6","2",5,NA,NA,89725.4335691707,NA
148060801,59,"1","3","2",3,NA,NA,89725.4335691707,NA
148070101,54,"2","9",NA,1,NA,NA,89725.4335691707,NA
148070201,33,"1","11",NA,2,NA,NA,89725.4335691707,NA
148070301,39,"1","11",NA,1,NA,NA,89725.4335691707,NA
148070501,31,"2","11",NA,2,NA,NA,89725.4335691707,NA
148070601,81,"1","11",NA,2,NA,NA,89725.4335691707,NA
148070701,47,"2","10",NA,2,NA,NA,89725.4335691707,NA
148070801,33,"2","12",NA,2,NA,NA,89725.4335691707,NA
148100201,72,"2","5","1",6,NA,NA,89725.4335691707,NA
148100301,62,"1","1","1",2,NA,NA,89725.4335691707,NA
148100501,48,"1","6","1",1,NA,NA,89725.4335691707,NA
148100701,67,"2",NA,"1",2,NA,NA,89725.4335691707,NA
148100801,63,"1","4","1",2,NA,NA,89725.4335691707,NA
148300201,72,"1",NA,NA,2,NA,NA,89725.4335691707,NA
148300301,56,"1","5",NA,3,NA,NA,89725.4335691707,NA
148300501,66,"1","3",NA,3,NA,NA,89725.4335691707,NA
148300601,70,"2",NA,NA,1,NA,NA,89725.4335691707,NA
148300701,75,"1",NA,NA,2,NA,NA,89725.4335691707,NA
148300801,73,"1","1",NA,4,NA,NA,89725.4335691707,NA
148300901,31,"2","7",NA,5,NA,NA,89725.4335691707,NA
148301001,86,"2","1",NA,2,NA,NA,89725.4335691707,NA
148440101,80,"2","4","2",1,NA,NA,89725.4335691707,NA
148440201,32,"1","5","2",1,NA,NA,89725.4335691707,NA
148440401,41,"1","5","2",7,NA,NA,89725.4335691707,NA
148440501,34,"2","8","2",3,NA,NA,89725.4335691707,NA
148440801,67,"2","3","2",6,NA,NA,89725.4335691707,NA
148480101,57,"2","5","2",4,NA,NA,89725.4335691707,NA
148480102,57,"1","6","2",5,NA,NA,89725.4335691707,NA
148480201,94,"1","5","2",2,NA,NA,89725.4335691707,NA
148480301,59,"1","5","2",4,NA,NA,89725.4335691707,NA
148480401,83,"2","1","2",1,NA,NA,89725.4335691707,NA
148480501,49,"2","5","2",5,NA,NA,89725.4335691707,NA
148530101,42,"2","5",NA,3,NA,NA,89725.4335691707,NA
148530201,62,"1",NA,NA,3,NA,NA,89725.4335691707,NA
148530301,40,"2","5",NA,5,NA,NA,89725.4335691707,NA
148530401,40,"2","5",NA,4,NA,NA,89725.4335691707,NA
148530501,29,"1","12",NA,3,NA,NA,89725.4335691707,NA
148530601,41,"1","11",NA,4,NA,NA,89725.4335691707,NA
148530701,48,"1","5",NA,4,NA,NA,89725.4335691707,NA
148630101,31,"2","11",NA,2,NA,NA,89725.4335691707,NA
148630301,81,"2","4",NA,1,NA,NA,89725.4335691707,NA
148630401,44,"1","5",NA,1,NA,NA,89725.4335691707,NA
148630501,91,"1",NA,NA,1,NA,NA,89725.4335691707,NA
148700201,31,"1","11",NA,1,NA,NA,89725.4335691707,NA
148700301,55,"2","5",NA,3,NA,NA,89725.4335691707,NA
148700401,32,"1","8",NA,1,NA,NA,89725.4335691707,NA
148700801,38,"2","10",NA,3,NA,NA,89725.4335691707,NA
148710301,56,"1","1","2",2,NA,NA,89725.4335691707,NA
148710501,78,"2","5","2",2,NA,NA,89725.4335691707,NA
148710601,35,"1","9","2",3,NA,NA,89725.4335691707,NA
148710701,48,"2","5","2",4,NA,NA,89725.4335691707,NA
148790101,27,"1","3",NA,1,NA,NA,89725.4335691707,NA
148790201,80,"2",NA,NA,2,NA,NA,89725.4335691707,NA
148790301,77,"2","1",NA,4,NA,NA,89725.4335691707,NA
148790501,84,"2","1",NA,2,NA,NA,89725.4335691707,NA
148790601,39,"1","11",NA,6,NA,NA,89725.4335691707,NA
148790801,39,"2","11",NA,4,NA,NA,89725.4335691707,NA
148830601,50,"1","8","3",1,NA,NA,89725.4335691707,NA
148900701,80,"2","8","3",1,NA,NA,89725.4335691707,NA
148940101,59,"1","1","1",2,NA,NA,89725.4335691707,NA
148940102,57,"1",NA,"1",2,NA,NA,89725.4335691707,NA
148940301,44,"1","6","1",4,NA,NA,89725.4335691707,NA
148940401,30,"1","5","1",4,NA,NA,89725.4335691707,NA
148940501,85,"1",NA,"1",1,NA,NA,89725.4335691707,NA
148940601,70,"1","1","1",2,NA,NA,89725.4335691707,NA
148940701,38,"1","5","1",4,NA,NA,89725.4335691707,NA
148940901,34,"2","6","1",5,NA,NA,89725.4335691707,NA
148941001,69,"2","1","1",3,NA,NA,89725.4335691707,NA
149060101,80,"1","1",NA,4,NA,NA,89725.4335691707,NA
149060201,54,"1",NA,NA,3,NA,NA,89725.4335691707,NA
149060601,65,"1","1",NA,2,NA,NA,89725.4335691707,NA
149060701,57,"2","1",NA,3,NA,NA,89725.4335691707,NA
149060801,71,"1","3",NA,2,NA,NA,89725.4335691707,NA
149240101,90,"1","3","2",2,NA,NA,89725.4335691707,NA
149240201,63,"1","5","2",4,NA,NA,89725.4335691707,NA
149240301,40,"1","5","2",6,NA,NA,89725.4335691707,NA
149240401,32,"2","5","2",2,NA,NA,89725.4335691707,NA
149240501,59,"1","5","2",3,NA,NA,89725.4335691707,NA
149240601,50,"1","5","2",3,NA,NA,89725.4335691707,NA
149240701,50,"1",NA,"2",2,NA,NA,89725.4335691707,NA
149240801,34,"1","5","2",5,NA,NA,89725.4335691707,NA
149240802,43,"2","5","2",1,NA,NA,89725.4335691707,NA
149240803,57,"2","1","2",1,NA,NA,89725.4335691707,NA
149240804,33,"1","3","2",2,NA,NA,89725.4335691707,NA
149240805,32,"1","5","2",3,NA,NA,89725.4335691707,NA
149320101,37,"1","9","2",1,NA,NA,89725.4335691707,NA
149320201,44,"1","5","2",2,NA,NA,89725.4335691707,NA
149320301,38,"1","11","2",3,NA,NA,89725.4335691707,NA
149320601,67,"1","7","2",4,NA,NA,89725.4335691707,NA
149320801,67,"1",NA,"2",2,NA,NA,89725.4335691707,NA
149360401,43,"2","5","2",7,NA,NA,89725.4335691707,NA
149360501,65,"2",NA,"2",3,NA,NA,89725.4335691707,NA
149360701,75,"1","1","2",2,NA,NA,89725.4335691707,NA
149490201,82,"2","5","2",4,NA,NA,89725.4335691707,NA
149490301,94,"1",NA,"2",5,NA,NA,89725.4335691707,NA
149490401,36,"1","6","2",1,NA,NA,89725.4335691707,NA
149490501,35,"1","9","2",4,NA,NA,89725.4335691707,NA
149490601,51,"2","7","2",2,NA,NA,89725.4335691707,NA
149490701,57,"2","6","2",2,NA,NA,89725.4335691707,NA
149520101,58,"1","7",NA,1,NA,NA,89725.4335691707,NA
149520301,69,"1","9",NA,5,NA,NA,89725.4335691707,NA
149520401,82,"2",NA,NA,1,NA,NA,89725.4335691707,NA
149520701,45,"2","11",NA,3,NA,NA,89725.4335691707,NA
149520801,78,"2","6",NA,2,NA,NA,89725.4335691707,NA
149810101,44,"2","11","3",2,NA,NA,89725.4335691707,NA
149810201,63,"2","8","3",1,NA,NA,89725.4335691707,NA
149810301,55,"2","11","3",5,NA,NA,89725.4335691707,NA
149810501,65,"2","11","3",2,NA,NA,89725.4335691707,NA
149810601,69,"1","11","3",2,NA,NA,89725.4335691707,NA
149810701,59,"1","11","3",3,NA,NA,89725.4335691707,NA
149840101,35,"1",NA,NA,1,NA,NA,89725.4335691707,NA
149840201,54,"2","5",NA,5,NA,NA,89725.4335691707,NA
149840401,54,"1","4",NA,6,NA,NA,89725.4335691707,NA
149840701,42,"2","1",NA,4,NA,NA,89725.4335691707,NA
149840801,48,"1","11",NA,2,NA,NA,89725.4335691707,NA
149840901,83,"2","1",NA,3,NA,NA,89725.4335691707,NA
149841001,54,"1",NA,NA,2,NA,NA,89725.4335691707,NA
149990101,48,"2","11","3",2,NA,NA,89725.4335691707,NA
149990301,36,"1","7","3",3,NA,NA,89725.4335691707,NA
149990801,50,"1","6","3",3,NA,NA,89725.4335691707,NA
150090401,39,"1","11",NA,3,NA,NA,89725.4335691707,NA
150120301,62,"2","3","3",6,NA,NA,89725.4335691707,NA
150120401,60,"1","1","3",5,NA,NA,89725.4335691707,NA
150120501,39,"2","11","3",4,NA,NA,89725.4335691707,NA
150120601,61,"2","5","3",1,NA,NA,89725.4335691707,NA
150120701,49,"2","11","3",5,NA,NA,89725.4335691707,NA
150120801,72,"1",NA,"3",4,NA,NA,89725.4335691707,NA
150450101,77,"1","1","2",1,NA,NA,89725.4335691707,NA
150450301,71,"1","1","2",2,NA,NA,89725.4335691707,NA
150450401,40,"1","5","2",3,NA,NA,89725.4335691707,NA
150450501,32,"2","11","2",4,NA,NA,89725.4335691707,NA
150450502,50,"2","5","2",2,NA,NA,89725.4335691707,NA
150450601,56,"2","6","2",2,NA,NA,89725.4335691707,NA
150450701,31,"2","5","2",4,NA,NA,89725.4335691707,NA
150450801,59,"1","1","2",1,NA,NA,89725.4335691707,NA
150460101,69,"1","5","1",2,NA,NA,89725.4335691707,NA
150460201,49,"1","5","1",1,NA,NA,89725.4335691707,NA
150460301,78,"2","5","1",2,NA,NA,89725.4335691707,NA
150460501,49,"2",NA,"1",3,NA,NA,89725.4335691707,NA
150460601,82,"1","1","1",1,NA,NA,89725.4335691707,NA
150460801,75,"1","5","1",6,NA,NA,89725.4335691707,NA
150490201,31,"2","10",NA,3,NA,NA,89725.4335691707,NA
150490301,62,"1","11",NA,5,NA,NA,89725.4335691707,NA
150490501,53,"2","12",NA,4,NA,NA,89725.4335691707,NA
150610401,74,"2","11","3",2,NA,NA,89725.4335691707,NA
150610501,40,"2","11","3",3,NA,NA,89725.4335691707,NA
150610701,60,"1","11","3",6,NA,NA,89725.4335691707,NA
150610801,36,"1","12","3",3,NA,NA,89725.4335691707,NA
150760101,62,"1","5",NA,3,NA,NA,89725.4335691707,NA
150760201,58,"1","6",NA,3,NA,NA,89725.4335691707,NA
150760501,71,"2","9",NA,1,NA,NA,89725.4335691707,NA
150760601,31,"1","9",NA,2,NA,NA,89725.4335691707,NA
150760801,48,"2","9",NA,4,NA,NA,89725.4335691707,NA
151110101,78,"1","1","2",2,NA,NA,89725.4335691707,NA
151110102,56,"1","1","2",4,NA,NA,89725.4335691707,NA
151110201,31,"2","3","2",5,NA,NA,89725.4335691707,NA
151110301,79,"2","3","2",1,NA,NA,89725.4335691707,NA
151110401,63,"1","5","2",3,NA,NA,89725.4335691707,NA
151110501,44,"1","12","2",4,NA,NA,89725.4335691707,NA
151110601,74,"2","5","2",1,NA,NA,89725.4335691707,NA
151110701,58,"2","1","2",4,NA,NA,89725.4335691707,NA
151110801,47,"2","6","2",3,NA,NA,89725.4335691707,NA
151280801,41,"1","12","3",3,NA,NA,89725.4335691707,NA
151300601,80,"1","4",NA,2,NA,NA,89725.4335691707,NA
151530101,79,"2",NA,"2",1,NA,NA,89725.4335691707,NA
151530301,40,"1","6","2",4,NA,NA,89725.4335691707,NA
151530401,54,"1",NA,"2",2,NA,NA,89725.4335691707,NA
151620801,82,"1","11",NA,1,NA,NA,89725.4335691707,NA
151740101,36,"1","10","2",4,NA,NA,89725.4335691707,NA
151740301,74,"2","5","2",2,NA,NA,89725.4335691707,NA
151740601,52,"1","5","2",4,NA,NA,89725.4335691707,NA
151740701,56,"1","3","2",8,NA,NA,89725.4335691707,NA
152000101,41,"2","5",NA,5,NA,NA,89725.4335691707,NA
152000301,57,"2","1",NA,3,NA,NA,89725.4335691707,NA
152000401,66,"1","1",NA,2,NA,NA,89725.4335691707,NA
152000501,24,"2","3",NA,2,NA,NA,89725.4335691707,NA
152000601,47,"2","5",NA,1,NA,NA,89725.4335691707,NA
152000701,80,"2",NA,NA,1,NA,NA,89725.4335691707,NA
152000801,35,"1",NA,NA,7,NA,NA,89725.4335691707,NA
152000802,46,"2","1",NA,2,NA,NA,89725.4335691707,NA
152040501,41,"2","5",NA,2,NA,NA,89725.4335691707,NA
152040601,34,"2","8",NA,3,NA,NA,89725.4335691707,NA
152040801,25,"1","6",NA,2,NA,NA,89725.4335691707,NA
152130101,60,"1","8","3",1,NA,NA,89725.4335691707,NA
152130201,58,"1","11","3",3,NA,NA,89725.4335691707,NA
152130401,47,"1","5","3",4,NA,NA,89725.4335691707,NA
152130601,66,"1","3","3",2,NA,NA,89725.4335691707,NA
152140101,71,"1","8","2",3,NA,NA,89725.4335691707,NA
152140301,24,"1","7","2",1,NA,NA,89725.4335691707,NA
152140401,68,"2","11","2",2,NA,NA,89725.4335691707,NA
152140501,61,"2","3","2",6,NA,NA,89725.4335691707,NA
152140701,78,"1","3","2",2,NA,NA,89725.4335691707,NA
152140801,82,"2","3","2",3,NA,NA,89725.4335691707,NA
152200801,31,"1","8",NA,2,NA,NA,89725.4335691707,NA
152500201,34,"1","11","3",3,NA,NA,89725.4335691707,NA
152500301,40,"2","12","3",1,NA,NA,89725.4335691707,NA
152500401,43,"2","11","3",3,NA,NA,89725.4335691707,NA
152500701,37,"2","12","3",2,NA,NA,89725.4335691707,NA
152500801,77,"1","1","3",2,NA,NA,89725.4335691707,NA
152860101,57,"2","3",NA,4,NA,NA,89725.4335691707,NA
152860201,60,"2","5",NA,2,NA,NA,89725.4335691707,NA
152860202,37,"2","5",NA,3,NA,NA,89725.4335691707,NA
152860301,45,"2","5",NA,3,NA,NA,89725.4335691707,NA
152860501,52,"2","6",NA,3,NA,NA,89725.4335691707,NA
152860601,35,"2","6",NA,1,NA,NA,89725.4335691707,NA
152860701,44,"2","3",NA,2,NA,NA,89725.4335691707,NA
152860801,32,"1",NA,NA,3,NA,NA,89725.4335691707,NA
153190101,84,"1","12","3",2,NA,NA,89725.4335691707,NA
153230101,43,"2","6","1",3,NA,NA,89725.4335691707,NA
153230201,82,"2","1","1",2,NA,NA,89725.4335691707,NA
153230301,67,"2","5","1",4,NA,NA,89725.4335691707,NA
153230501,32,"2","11","1",3,NA,NA,89725.4335691707,NA
153230801,80,"1",NA,"1",4,NA,NA,89725.4335691707,NA
153500301,85,"1","11","3",1,NA,NA,89725.4335691707,NA
153500701,78,"1","12","3",3,NA,NA,89725.4335691707,NA
153890201,34,"1","11","3",2,NA,NA,89725.4335691707,NA
153890301,46,"2","8","3",2,NA,NA,89725.4335691707,NA
153890401,32,"1","11","3",1,NA,NA,89725.4335691707,NA
153890801,41,"1","11","3",2,NA,NA,89725.4335691707,NA
153960101,27,"1","11",NA,2,NA,NA,89725.4335691707,NA
153960401,36,"1","12",NA,2,NA,NA,89725.4335691707,NA
153960601,35,"2","10",NA,1,NA,NA,89725.4335691707,NA
153980201,46,"1","6",NA,2,NA,NA,89725.4335691707,NA
153980301,30,"2","6",NA,2,NA,NA,89725.4335691707,NA
153980401,32,"1","5",NA,4,NA,NA,89725.4335691707,NA
153980501,41,"2","6",NA,6,NA,NA,89725.4335691707,NA
153980701,44,"2","6",NA,3,NA,NA,89725.4335691707,NA
154190501,37,"2","8",NA,2,NA,NA,89725.4335691707,NA
154190601,26,"2","5",NA,2,NA,NA,89725.4335691707,NA
154220301,34,"1","11","3",2,NA,NA,89725.4335691707,NA
154220401,42,"2","11","3",3,NA,NA,89725.4335691707,NA
154220601,37,"1","12","3",4,NA,NA,89725.4335691707,NA
154300301,28,"2","11","3",1,NA,NA,89725.4335691707,NA
154300501,31,"2","8","3",2,NA,NA,89725.4335691707,NA
154320301,46,"2","10","3",6,NA,NA,89725.4335691707,NA
154320501,45,"1","10","3",4,NA,NA,89725.4335691707,NA
154440201,48,"2","5","3",2,NA,NA,89725.4335691707,NA
154440401,52,"2",NA,"3",2,NA,NA,89725.4335691707,NA
154440601,63,"1","1","3",2,NA,NA,89725.4335691707,NA
154440701,43,"2","6","3",3,NA,NA,89725.4335691707,NA
154440801,54,"1","5","3",4,NA,NA,89725.4335691707,NA
154450101,54,"1",NA,NA,3,NA,NA,89725.4335691707,NA
154450501,33,"2","5",NA,3,NA,NA,89725.4335691707,NA
154450701,45,"1","9",NA,2,NA,NA,89725.4335691707,NA
154470101,79,"2","1","2",2,NA,NA,89725.4335691707,NA
154470201,38,"1","5","2",5,NA,NA,89725.4335691707,NA
154470401,53,"2","5","2",4,NA,NA,89725.4335691707,NA
154470501,58,"1",NA,"2",1,NA,NA,89725.4335691707,NA
154470601,65,"1","4","2",1,NA,NA,89725.4335691707,NA
154470701,66,"1","4","2",2,NA,NA,89725.4335691707,NA
154470801,74,"1",NA,"2",3,NA,NA,89725.4335691707,NA
154520201,56,"2","3",NA,2,NA,NA,89725.4335691707,NA
154520401,44,"1","3",NA,4,NA,NA,89725.4335691707,NA
154520601,54,"1","5",NA,2,NA,NA,89725.4335691707,NA
154520801,45,"2","3",NA,4,NA,NA,89725.4335691707,NA
154640101,34,"2","8",NA,6,NA,NA,89725.4335691707,NA
154640201,66,"2","5",NA,5,NA,NA,89725.4335691707,NA
154640301,60,"2","5",NA,2,NA,NA,89725.4335691707,NA
154640401,61,"2",NA,NA,2,NA,NA,89725.4335691707,NA
154640501,39,"1","9",NA,4,NA,NA,89725.4335691707,NA
154640701,64,"2","3",NA,2,NA,NA,89725.4335691707,NA
154640801,80,"2","1",NA,2,NA,NA,89725.4335691707,NA
154710101,39,"2","9","3",1,NA,NA,89725.4335691707,NA
154710102,37,"2","11","3",1,NA,NA,89725.4335691707,NA
154710401,34,"1","12","3",2,NA,NA,89725.4335691707,NA
154710501,46,"2","11","3",3,NA,NA,89725.4335691707,NA
155090301,66,"2","3",NA,4,NA,NA,89725.4335691707,NA
155090401,80,"1","8",NA,2,NA,NA,89725.4335691707,NA
155090701,36,"2","11",NA,1,NA,NA,89725.4335691707,NA
155090801,55,"1","5",NA,5,NA,NA,89725.4335691707,NA
155090901,72,"1","3",NA,5,NA,NA,89725.4335691707,NA
155091001,42,"1","5",NA,4,NA,NA,89725.4335691707,NA
155220101,74,"2","3",NA,2,NA,NA,89725.4335691707,NA
155220201,74,"2",NA,NA,2,NA,NA,89725.4335691707,NA
155220701,32,"2","8",NA,2,NA,NA,89725.4335691707,NA
155220801,24,"2","7",NA,3,NA,NA,89725.4335691707,NA
155220802,62,"2","11",NA,1,NA,NA,89725.4335691707,NA
155420101,62,"1","9","2",2,NA,NA,89725.4335691707,NA
155420201,53,"2","6","2",2,NA,NA,89725.4335691707,NA
155420301,78,"2",NA,"2",4,NA,NA,89725.4335691707,NA
155420601,73,"2","1","2",1,NA,NA,89725.4335691707,NA
155420701,66,"1","3","2",2,NA,NA,89725.4335691707,NA
155420801,60,"2","8","2",1,NA,NA,89725.4335691707,NA
155430401,34,"2","12",NA,2,NA,NA,89725.4335691707,NA
155510101,31,"2","6","3",4,NA,NA,89725.4335691707,NA
155510201,31,"2","11","3",2,NA,NA,89725.4335691707,NA
155510301,34,"2","11","3",4,NA,NA,89725.4335691707,NA
155510601,42,"2","5","3",3,NA,NA,89725.4335691707,NA
155510701,39,"1","12","3",1,NA,NA,89725.4335691707,NA
155510801,38,"2","6","3",2,NA,NA,89725.4335691707,NA
155660101,51,"1","5","2",4,NA,NA,89725.4335691707,NA
155660201,37,"2","5","2",6,NA,NA,89725.4335691707,NA
155660301,56,"2","5","2",4,NA,NA,89725.4335691707,NA
155660401,54,"2","6","2",4,NA,NA,89725.4335691707,NA
155660601,55,"2","7","2",3,NA,NA,89725.4335691707,NA
155660701,76,"2","5","2",2,NA,NA,89725.4335691707,NA
156220101,47,"1","3","2",3,NA,NA,89725.4335691707,NA
156220201,42,"2",NA,"2",7,NA,NA,89725.4335691707,NA
156220501,33,"2","5","2",4,NA,NA,89725.4335691707,NA
156220601,69,"2","3","2",2,NA,NA,89725.4335691707,NA
156220701,58,"1","3","2",4,NA,NA,89725.4335691707,NA
156220801,28,"1","5","2",3,NA,NA,89725.4335691707,NA
156370601,69,"2","7","2",3,NA,NA,89725.4335691707,NA
156370801,54,"2","1","2",2,NA,NA,89725.4335691707,NA
156850401,52,"1","11",NA,1,NA,NA,89725.4335691707,NA
156850601,39,"1","11",NA,3,NA,NA,89725.4335691707,NA
156850701,35,"2","12",NA,1,NA,NA,89725.4335691707,NA
156870701,76,"2","6","2",3,NA,NA,89725.4335691707,NA
156930101,81,"2",NA,"1",2,NA,NA,89725.4335691707,NA
156930201,74,"1",NA,"1",1,NA,NA,89725.4335691707,NA
156930401,38,"1","1","1",6,NA,NA,89725.4335691707,NA
156930601,62,"1","1","1",6,NA,NA,89725.4335691707,NA
156930701,56,"2",NA,"1",4,NA,NA,89725.4335691707,NA
156930801,36,"1","1","1",2,NA,NA,89725.4335691707,NA
156950201,38,"1","12","3",4,NA,NA,89725.4335691707,NA
156950601,39,"2","11","3",2,NA,NA,89725.4335691707,NA
157050301,26,"1","9","3",2,NA,NA,89725.4335691707,NA
157050401,31,"2","7","3",4,NA,NA,89725.4335691707,NA
157050501,74,"2","8","3",1,NA,NA,89725.4335691707,NA
158120101,43,"1","6","2",2,NA,NA,89725.4335691707,NA
158120201,85,"2","1","2",3,NA,NA,89725.4335691707,NA
158120301,52,"2","3","2",4,NA,NA,89725.4335691707,NA
158120501,45,"1","11","2",2,NA,NA,89725.4335691707,NA
158120601,55,"1","5","2",4,NA,NA,89725.4335691707,NA
158200201,45,"2","6",NA,4,NA,NA,89725.4335691707,NA
158200301,72,"2","3",NA,2,NA,NA,89725.4335691707,NA
158200501,70,"1","-88",NA,1,NA,NA,89725.4335691707,NA
158200601,80,"2","5",NA,2,NA,NA,89725.4335691707,NA
158200801,68,"1",NA,NA,3,NA,NA,89725.4335691707,NA
158490101,30,"2","11","3",3,NA,NA,89725.4335691707,NA
158490501,71,"1","6","3",3,NA,NA,89725.4335691707,NA
158490701,35,"2","11","3",1,NA,NA,89725.4335691707,NA
158560101,53,"1","5","1",3,NA,NA,89725.4335691707,NA
158560102,67,"2",NA,"1",1,NA,NA,89725.4335691707,NA
158560201,34,"1","5","1",5,NA,NA,89725.4335691707,NA
158560301,72,"1","1","1",2,NA,NA,89725.4335691707,NA
158560401,63,"2","8","1",3,NA,NA,89725.4335691707,NA
158560501,71,"1",NA,"1",1,NA,NA,89725.4335691707,NA
158560601,49,"2","5","1",3,NA,NA,89725.4335691707,NA
158560701,59,"2","5","1",5,NA,NA,89725.4335691707,NA
158560801,39,"1","6","1",4,NA,NA,89725.4335691707,NA
158680101,49,"1","3",NA,2,NA,NA,89725.4335691707,NA
158680301,32,"1","9",NA,1,NA,NA,89725.4335691707,NA
158680501,35,"1","6",NA,3,NA,NA,89725.4335691707,NA
158680601,56,"1","8",NA,4,NA,NA,89725.4335691707,NA
158680701,43,"2","5",NA,5,NA,NA,89725.4335691707,NA
158680801,30,"1","5",NA,2,NA,NA,89725.4335691707,NA
158890601,23,"2","5","2",2,NA,NA,89725.4335691707,NA
158890801,73,"1",NA,"2",2,NA,NA,89725.4335691707,NA
159040101,87,"2","11",NA,2,NA,NA,89725.4335691707,NA
159040401,33,"1","12",NA,1,NA,NA,89725.4335691707,NA
159040601,29,"2","10",NA,1,NA,NA,89725.4335691707,NA
159040701,37,"1","11",NA,1,NA,NA,89725.4335691707,NA
159050101,40,"2",NA,NA,4,NA,NA,89725.4335691707,NA
159050201,52,"2","6",NA,4,NA,NA,89725.4335691707,NA
159050301,63,"1","1",NA,1,NA,NA,89725.4335691707,NA
159050701,47,"2",NA,NA,4,NA,NA,89725.4335691707,NA
159050801,32,"2","6",NA,2,NA,NA,89725.4335691707,NA
159150201,66,"2","11","3",2,NA,NA,89725.4335691707,NA
159150601,64,"1","12","3",3,NA,NA,89725.4335691707,NA
159400101,56,"1","12",NA,7,NA,NA,89725.4335691707,NA
159400601,63,"1","9",NA,2,NA,NA,89725.4335691707,NA
159400701,67,"1","11",NA,3,NA,NA,89725.4335691707,NA
159760201,67,"2","7","3",3,NA,NA,89725.4335691707,NA
159760501,56,"1","11","3",1,NA,NA,89725.4335691707,NA
159760701,53,"2","12","3",3,NA,NA,89725.4335691707,NA
159780101,41,"2","12","3",1,NA,NA,89725.4335691707,NA
159780301,28,"2","11","3",2,NA,NA,89725.4335691707,NA
159780701,27,"1","12","3",1,NA,NA,89725.4335691707,NA
159780801,35,"2","12","3",1,NA,NA,89725.4335691707,NA
159790101,88,"1","1",NA,1,NA,NA,89725.4335691707,NA
159790401,52,"1","5",NA,2,NA,NA,89725.4335691707,NA
159820401,81,"2","4","2",2,NA,NA,89725.4335691707,NA
159820701,47,"1","12","2",3,NA,NA,89725.4335691707,NA
159820801,47,"1","11","2",5,NA,NA,89725.4335691707,NA
159950101,62,"2",NA,NA,1,NA,NA,89725.4335691707,NA
159950301,47,"2","3",NA,2,NA,NA,89725.4335691707,NA
159950401,72,"1","4",NA,3,NA,NA,89725.4335691707,NA
159950501,62,"1","5",NA,5,NA,NA,89725.4335691707,NA
159950601,62,"1","8",NA,4,NA,NA,89725.4335691707,NA
159950701,62,"2",NA,NA,3,NA,NA,89725.4335691707,NA
159950801,65,"2","8",NA,5,NA,NA,89725.4335691707,NA
160410301,44,"2","12","3",3,NA,NA,89725.4335691707,NA
160410401,86,"2","11","3",2,NA,NA,89725.4335691707,NA
160410501,44,"1","9","3",4,NA,NA,89725.4335691707,NA
160410801,67,"1","11","3",1,NA,NA,89725.4335691707,NA
160480101,82,"2","3",NA,1,NA,NA,89725.4335691707,NA
160480201,61,"1","11",NA,4,NA,NA,89725.4335691707,NA
160480301,92,"2",NA,NA,2,NA,NA,89725.4335691707,NA
160480401,47,"1",NA,NA,4,NA,NA,89725.4335691707,NA
160480501,29,"2","3",NA,3,NA,NA,89725.4335691707,NA
160480601,50,"2","1",NA,2,NA,NA,89725.4335691707,NA
160480701,60,"1","1",NA,6,NA,NA,89725.4335691707,NA
160480801,75,"1","1",NA,2,NA,NA,89725.4335691707,NA
160480901,65,"2","5",NA,5,NA,NA,89725.4335691707,NA
160481001,39,"1",NA,NA,3,NA,NA,89725.4335691707,NA
160670101,68,"1","3",NA,3,NA,NA,89725.4335691707,NA
160670201,58,"2","1",NA,3,NA,NA,89725.4335691707,NA
160670301,33,"1",NA,NA,1,NA,NA,89725.4335691707,NA
160670401,83,"2","1",NA,1,NA,NA,89725.4335691707,NA
160670501,38,"2","5",NA,2,NA,NA,89725.4335691707,NA
160670701,77,"1","3",NA,1,NA,NA,89725.4335691707,NA
160670801,72,"1",NA,NA,4,NA,NA,89725.4335691707,NA
160670901,85,"2","12",NA,1,NA,NA,89725.4335691707,NA
160671001,76,"2","3",NA,1,NA,NA,89725.4335691707,NA
160800301,58,"2",NA,NA,2,NA,NA,89725.4335691707,NA
160800801,72,"1","1",NA,2,NA,NA,89725.4335691707,NA
160800901,72,"1","8",NA,1,NA,NA,89725.4335691707,NA
160801001,42,"1","12",NA,2,NA,NA,89725.4335691707,NA
160980101,32,"2","11","3",2,NA,NA,89725.4335691707,NA
160980201,73,"1","11","3",3,NA,NA,89725.4335691707,NA
160980301,75,"1","9","3",7,NA,NA,89725.4335691707,NA
160980401,36,"1","11","3",3,NA,NA,89725.4335691707,NA
160980501,44,"2","8","3",4,NA,NA,89725.4335691707,NA
160980601,52,"1","-88","3",3,NA,NA,89725.4335691707,NA
160980701,23,"1","9","3",3,NA,NA,89725.4335691707,NA
161190201,40,"2","8",NA,2,NA,NA,89725.4335691707,NA
161190301,26,"1","11",NA,1,NA,NA,89725.4335691707,NA
161190501,50,"2","11",NA,2,NA,NA,89725.4335691707,NA
161190601,34,"2","11",NA,3,NA,NA,89725.4335691707,NA
161190801,50,"2","11",NA,4,NA,NA,89725.4335691707,NA
161250101,57,"1","1","2",2,NA,NA,89725.4335691707,NA
161250301,53,"2","6","2",1,NA,NA,89725.4335691707,NA
161250401,54,"2","8","2",3,NA,NA,89725.4335691707,NA
161250601,63,"1","8","2",3,NA,NA,89725.4335691707,NA
161250801,61,"2","3","2",2,NA,NA,89725.4335691707,NA
161290101,58,"2","8","2",2,NA,NA,89725.4335691707,NA
161290201,71,"1",NA,"2",3,NA,NA,89725.4335691707,NA
161290401,53,"2","8","2",3,NA,NA,89725.4335691707,NA
161290501,73,"1","11","2",1,NA,NA,89725.4335691707,NA
161290601,79,"1","3","2",1,NA,NA,89725.4335691707,NA
161290602,54,"2","3","2",2,NA,NA,89725.4335691707,NA
161410201,60,"1","6","1",2,NA,NA,89725.4335691707,NA
161410301,26,"2","8","1",2,NA,NA,89725.4335691707,NA
161410302,47,"2","9","1",2,NA,NA,89725.4335691707,NA
161410401,29,"2","9","1",3,NA,NA,89725.4335691707,NA
161410501,46,"2","4","1",3,NA,NA,89725.4335691707,NA
161410601,49,"1","6","1",3,NA,NA,89725.4335691707,NA
161410701,61,"2","1","1",4,NA,NA,89725.4335691707,NA
161410801,70,"1",NA,"1",2,NA,NA,89725.4335691707,NA
161420201,37,"1","9","3",4,NA,NA,89725.4335691707,NA
161420501,66,"1","8","3",3,NA,NA,89725.4335691707,NA
161420701,57,"1","3","3",2,NA,NA,89725.4335691707,NA
161420801,48,"2","5","3",4,NA,NA,89725.4335691707,NA
161430301,64,"2","9",NA,2,NA,NA,89725.4335691707,NA
161430601,38,"1","8",NA,1,NA,NA,89725.4335691707,NA
161430701,28,"1","11",NA,2,NA,NA,89725.4335691707,NA
161510101,50,"1","11","3",4,NA,NA,89725.4335691707,NA
161510201,90,"1","6","3",3,NA,NA,89725.4335691707,NA
161560101,46,"1","11","2",1,NA,NA,89725.4335691707,NA
161560301,41,"1","11","2",4,NA,NA,89725.4335691707,NA
161560501,64,"2","11","2",1,NA,NA,89725.4335691707,NA
161560601,33,"1","6","2",9,NA,NA,89725.4335691707,NA
161560801,42,"1","8","2",4,NA,NA,89725.4335691707,NA
161620101,48,"2","5",NA,4,NA,NA,89725.4335691707,NA
161620201,80,"1","11",NA,3,NA,NA,89725.4335691707,NA
161620301,72,"2","1",NA,2,NA,NA,89725.4335691707,NA
161620401,48,"1","5",NA,4,NA,NA,89725.4335691707,NA
161620601,51,"1",NA,NA,5,NA,NA,89725.4335691707,NA
161800101,96,"2","1",NA,1,NA,NA,89725.4335691707,NA
161800301,48,"1","8",NA,5,NA,NA,89725.4335691707,NA
161800401,46,"2","3",NA,3,NA,NA,89725.4335691707,NA
161800501,44,"2","5",NA,3,NA,NA,89725.4335691707,NA
161800601,65,"2","1",NA,2,NA,NA,89725.4335691707,NA
161800801,66,"2",NA,NA,8,NA,NA,89725.4335691707,NA
161820201,54,"2","5","2",2,NA,NA,89725.4335691707,NA
161820202,84,"2","5","2",1,NA,NA,89725.4335691707,NA
161820301,47,"2","11","2",1,NA,NA,89725.4335691707,NA
161820601,55,"2","6","2",1,NA,NA,89725.4335691707,NA
161820602,27,"1","5","2",3,NA,NA,89725.4335691707,NA
161820701,35,"2","11","2",3,NA,NA,89725.4335691707,NA
161820801,58,"2","5","2",1,NA,NA,89725.4335691707,NA
161840101,24,"1","7",NA,3,NA,NA,89725.4335691707,NA
161840201,34,"1","3",NA,6,NA,NA,89725.4335691707,NA
161840801,85,"2",NA,NA,2,NA,NA,89725.4335691707,NA
162420101,65,"1","5","2",5,NA,NA,89725.4335691707,NA
162420201,57,"2","3","2",3,NA,NA,89725.4335691707,NA
162420401,58,"1","5","2",7,NA,NA,89725.4335691707,NA
162420501,28,"1","5","2",9,NA,NA,89725.4335691707,NA
162470301,51,"2",NA,NA,5,NA,NA,89725.4335691707,NA
162470501,61,"2","8",NA,2,NA,NA,89725.4335691707,NA
162470601,50,"2","5",NA,2,NA,NA,89725.4335691707,NA
162470801,77,"2","5",NA,1,NA,NA,89725.4335691707,NA
162550101,40,"2","11","3",3,NA,NA,89725.4335691707,NA
162550301,31,"2","3","3",3,NA,NA,89725.4335691707,NA
162550401,49,"2","-88","3",1,NA,NA,89725.4335691707,NA
162550601,52,"2","8","3",3,NA,NA,89725.4335691707,NA
162550801,65,"2","5","3",1,NA,NA,89725.4335691707,NA
162670301,36,"1","11","3",4,NA,NA,89725.4335691707,NA
162670401,49,"2","3","3",4,NA,NA,89725.4335691707,NA
162670501,68,"2","4","3",1,NA,NA,89725.4335691707,NA
162670601,47,"2","8","3",4,NA,NA,89725.4335691707,NA
162670701,37,"2","7","3",1,NA,NA,89725.4335691707,NA
162980101,30,"2","5","3",2,NA,NA,89725.4335691707,NA
162980201,66,"2","5","3",1,NA,NA,89725.4335691707,NA
162980401,85,"2","3","3",1,NA,NA,89725.4335691707,NA
162980501,63,"2",NA,"3",3,NA,NA,89725.4335691707,NA
162980601,58,"2","5","3",2,NA,NA,89725.4335691707,NA
162980602,38,"2","11","3",3,NA,NA,89725.4335691707,NA
163010201,57,"2","11","2",1,NA,NA,89725.4335691707,NA
163010301,65,"1","5","2",2,NA,NA,89725.4335691707,NA
163010401,48,"1",NA,"2",4,NA,NA,89725.4335691707,NA
163010701,50,"2","4","2",3,NA,NA,89725.4335691707,NA
163010801,68,"2","1","2",1,NA,NA,89725.4335691707,NA
163050101,46,"2","6",NA,4,NA,NA,89725.4335691707,NA
163050501,38,"2","8",NA,3,NA,NA,89725.4335691707,NA
163050601,54,"2","4",NA,3,NA,NA,89725.4335691707,NA
163050701,58,"2","5",NA,1,NA,NA,89725.4335691707,NA
163230201,48,"2","11","3",3,NA,NA,89725.4335691707,NA
163230301,48,"1","6","3",4,NA,NA,89725.4335691707,NA
163230401,51,"1","5","3",4,NA,NA,89725.4335691707,NA
163230501,46,"2","12","3",2,NA,NA,89725.4335691707,NA
163390101,45,"2","5","1",6,NA,NA,89725.4335691707,NA
163390201,79,"2",NA,"1",1,NA,NA,89725.4335691707,NA
163390301,85,"2",NA,"1",3,NA,NA,89725.4335691707,NA
163390401,48,"1","11","1",5,NA,NA,89725.4335691707,NA
163390601,68,"2","4","1",3,NA,NA,89725.4335691707,NA
163390701,50,"1","5","1",1,NA,NA,89725.4335691707,NA
163390801,40,"2","6","1",3,NA,NA,89725.4335691707,NA
163600401,39,"1","5",NA,4,NA,NA,89725.4335691707,NA
163600501,70,"1","1",NA,1,NA,NA,89725.4335691707,NA
163600601,31,"1","5",NA,1,NA,NA,89725.4335691707,NA
163600701,65,"1","1",NA,3,NA,NA,89725.4335691707,NA
163600801,48,"1","5",NA,4,NA,NA,89725.4335691707,NA
163610201,45,"1","7",NA,4,NA,NA,89725.4335691707,NA
163710301,64,"2","11",NA,3,NA,NA,89725.4335691707,NA
163720101,53,"1","6",NA,4,NA,NA,89725.4335691707,NA
163720201,80,"1","4",NA,1,NA,NA,89725.4335691707,NA
163720301,31,"2","6",NA,2,NA,NA,89725.4335691707,NA
163720302,74,"1",NA,NA,2,NA,NA,89725.4335691707,NA
163720401,29,"1","9",NA,2,NA,NA,89725.4335691707,NA
163720601,27,"1","9",NA,4,NA,NA,89725.4335691707,NA
163720701,30,"1","5",NA,1,NA,NA,89725.4335691707,NA
163720801,70,"2","11",NA,3,NA,NA,89725.4335691707,NA
163780201,51,"1","12",NA,1,NA,NA,89725.4335691707,NA
163780202,31,"1","10",NA,1,NA,NA,89725.4335691707,NA
163780301,66,"1","8",NA,1,NA,NA,89725.4335691707,NA
163780501,72,"1","11",NA,2,NA,NA,89725.4335691707,NA
163780601,35,"1","11",NA,1,NA,NA,89725.4335691707,NA
163950301,72,"2",NA,"3",1,NA,NA,89725.4335691707,NA
163950401,36,"2","6","3",4,NA,NA,89725.4335691707,NA
163950501,21,"2","6","3",3,NA,NA,89725.4335691707,NA
164020101,40,"2","11","3",2,NA,NA,89725.4335691707,NA
164020301,70,"1","-88","3",2,NA,NA,89725.4335691707,NA
164020401,73,"1","5","3",3,NA,NA,89725.4335691707,NA
164020501,73,"2",NA,"3",3,NA,NA,89725.4335691707,NA
164020601,27,"2","8","3",2,NA,NA,89725.4335691707,NA
164020801,50,"2","11","3",2,NA,NA,89725.4335691707,NA
164160101,82,"2","3","3",1,NA,NA,89725.4335691707,NA
164160401,66,"1","4","3",2,NA,NA,89725.4335691707,NA
164160501,45,"1","8","3",3,NA,NA,89725.4335691707,NA
164160601,48,"2","8","3",3,NA,NA,89725.4335691707,NA
164160701,73,"2","1","3",2,NA,NA,89725.4335691707,NA
164160801,41,"2","6","3",4,NA,NA,89725.4335691707,NA
164210101,60,"2","1","2",3,NA,NA,89725.4335691707,NA
164210201,65,"1","4","2",5,NA,NA,89725.4335691707,NA
164210401,33,"2","5","2",4,NA,NA,89725.4335691707,NA
164210501,58,"1","9","2",4,NA,NA,89725.4335691707,NA
164210601,68,"2","1","2",2,NA,NA,89725.4335691707,NA
164210701,32,"2","6","2",4,NA,NA,89725.4335691707,NA
164210702,70,"2","1","2",3,NA,NA,89725.4335691707,NA
164210703,39,"2","9","2",2,NA,NA,89725.4335691707,NA
164210801,30,"2","3","2",3,NA,NA,89725.4335691707,NA
164490101,65,"2","3",NA,5,NA,NA,89725.4335691707,NA
164490301,46,"2","6",NA,2,NA,NA,89725.4335691707,NA
164490401,73,"1","1",NA,2,NA,NA,89725.4335691707,NA
164490501,70,"2","1",NA,3,NA,NA,89725.4335691707,NA
164490601,42,"2","1",NA,6,NA,NA,89725.4335691707,NA
164490801,48,"2","1",NA,2,NA,NA,89725.4335691707,NA
164790101,68,"2",NA,"2",1,NA,NA,89725.4335691707,NA
164790401,26,"1","5","2",4,NA,NA,89725.4335691707,NA
164790801,69,"2","1","2",3,NA,NA,89725.4335691707,NA
164910201,61,"2","5","2",2,NA,NA,89725.4335691707,NA
164910301,45,"2","6","2",4,NA,NA,89725.4335691707,NA
164910401,55,"2","4","2",3,NA,NA,89725.4335691707,NA
164910501,44,"2","5","2",2,NA,NA,89725.4335691707,NA
164910502,75,"1",NA,"2",1,NA,NA,89725.4335691707,NA
164910601,62,"2","3","2",2,NA,NA,89725.4335691707,NA
164910701,61,"1","11","2",3,NA,NA,89725.4335691707,NA
164910801,54,"2","1","2",2,NA,NA,89725.4335691707,NA
165300101,76,"1","11",NA,3,NA,NA,89725.4335691707,NA
165300501,30,"2","11",NA,2,NA,NA,89725.4335691707,NA
165340101,59,"1","3",NA,1,NA,NA,89725.4335691707,NA
165340201,32,"2","7",NA,6,NA,NA,89725.4335691707,NA
165340401,31,"1","5",NA,7,NA,NA,89725.4335691707,NA
165340501,75,"2",NA,NA,5,NA,NA,89725.4335691707,NA
165340601,60,"1","5",NA,4,NA,NA,89725.4335691707,NA
165340701,61,"2",NA,NA,1,NA,NA,89725.4335691707,NA
165340801,25,"1","5",NA,3,NA,NA,89725.4335691707,NA
165460101,45,"1","6",NA,3,NA,NA,89725.4335691707,NA
165460201,34,"2","11",NA,3,NA,NA,89725.4335691707,NA
165460301,43,"1","11",NA,4,NA,NA,89725.4335691707,NA
165460401,36,"1","8",NA,4,NA,NA,89725.4335691707,NA
165460501,38,"1","6",NA,5,NA,NA,89725.4335691707,NA
165460601,34,"2","8",NA,3,NA,NA,89725.4335691707,NA
165460801,43,"2","5",NA,4,NA,NA,89725.4335691707,NA
165600101,62,"1","1",NA,4,NA,NA,89725.4335691707,NA
165600201,45,"1","1",NA,6,NA,NA,89725.4335691707,NA
165600301,68,"1",NA,NA,4,NA,NA,89725.4335691707,NA
165600401,48,"2","1",NA,4,NA,NA,89725.4335691707,NA
165600501,58,"2","1",NA,1,NA,NA,89725.4335691707,NA
165600701,73,"1","6",NA,2,NA,NA,89725.4335691707,NA
165600801,23,"2","3",NA,5,NA,NA,89725.4335691707,NA
165601001,42,"1",NA,NA,5,NA,NA,89725.4335691707,NA
165670101,45,"1","9","3",4,NA,NA,89725.4335691707,NA
165670401,90,"2","11","3",1,NA,NA,89725.4335691707,NA
165740101,54,"2",NA,"2",5,NA,NA,89725.4335691707,NA
165740201,48,"1","1","2",6,NA,NA,89725.4335691707,NA
165740301,57,"2",NA,"2",2,NA,NA,89725.4335691707,NA
165740601,26,"1","6","2",3,NA,NA,89725.4335691707,NA
165740801,24,"2","6","2",2,NA,NA,89725.4335691707,NA
165750101,41,"2","11","3",4,NA,NA,89725.4335691707,NA
165750201,51,"2","11","3",4,NA,NA,89725.4335691707,NA
165750501,45,"2","11","3",1,NA,NA,89725.4335691707,NA
165750601,39,"2","11","3",4,NA,NA,89725.4335691707,NA
165770201,44,"1","6",NA,4,NA,NA,89725.4335691707,NA
165770401,28,"1","8",NA,2,NA,NA,89725.4335691707,NA
165770501,75,"1","4",NA,2,NA,NA,89725.4335691707,NA
165840101,29,"2","10","3",2,NA,NA,89725.4335691707,NA
165840201,37,"1","11","3",4,NA,NA,89725.4335691707,NA
165840301,61,"2","11","3",4,NA,NA,89725.4335691707,NA
165840401,60,"2","12","3",3,NA,NA,89725.4335691707,NA
165840501,70,"1","11","3",4,NA,NA,89725.4335691707,NA
165840601,40,"2","11","3",1,NA,NA,89725.4335691707,NA
165840801,33,"1","11","3",2,NA,NA,89725.4335691707,NA
165960201,39,"1","1",NA,6,NA,NA,89725.4335691707,NA
165960801,78,"2","1",NA,1,NA,NA,89725.4335691707,NA
166020801,58,"1","11",NA,1,NA,NA,89725.4335691707,NA
166040101,60,"1","11","3",2,NA,NA,89725.4335691707,NA
166040301,58,"1","11","3",4,NA,NA,89725.4335691707,NA
166040401,42,"2","5","3",7,NA,NA,89725.4335691707,NA
166040501,68,"2","11","3",2,NA,NA,89725.4335691707,NA
166040601,49,"2","12","3",1,NA,NA,89725.4335691707,NA
166040701,77,"2","3","3",1,NA,NA,89725.4335691707,NA
166040801,47,"2","4","3",5,NA,NA,89725.4335691707,NA
166060101,82,"1","11","1",2,NA,NA,89725.4335691707,NA
166060301,53,"1","3","1",3,NA,NA,89725.4335691707,NA
166060401,33,"2","11","1",5,NA,NA,89725.4335691707,NA
166060501,26,"2","11","1",1,NA,NA,89725.4335691707,NA
166060701,54,"1","8","1",3,NA,NA,89725.4335691707,NA
166060801,64,"2","5","1",3,NA,NA,89725.4335691707,NA
166060901,65,"2","1","1",3,NA,NA,89725.4335691707,NA
166061001,33,"1","4","1",6,NA,NA,89725.4335691707,NA
166190501,38,"2","12",NA,4,NA,NA,89725.4335691707,NA
166520101,64,"2","5","3",1,NA,NA,89725.4335691707,NA
166520201,66,"1","10","3",5,NA,NA,89725.4335691707,NA
166520301,53,"1","11","3",3,NA,NA,89725.4335691707,NA
166520401,78,"1","11","3",3,NA,NA,89725.4335691707,NA
166520501,39,"1","11","3",4,NA,NA,89725.4335691707,NA
166520601,61,"2","9","3",2,NA,NA,89725.4335691707,NA
166520701,60,"2","8","3",4,NA,NA,89725.4335691707,NA
166520801,36,"1","11","3",4,NA,NA,89725.4335691707,NA
166550101,78,"1","1",NA,1,NA,NA,89725.4335691707,NA
166550401,73,"1","4",NA,5,NA,NA,89725.4335691707,NA
166550601,36,"1","11",NA,4,NA,NA,89725.4335691707,NA
166550801,70,"1","4",NA,2,NA,NA,89725.4335691707,NA
167070101,37,"1","11",NA,2,NA,NA,89725.4335691707,NA
167070201,50,"2","12",NA,6,NA,NA,89725.4335691707,NA
167070301,65,"1","8",NA,2,NA,NA,89725.4335691707,NA
167070401,78,"2","9",NA,2,NA,NA,89725.4335691707,NA
167070701,47,"2","11",NA,4,NA,NA,89725.4335691707,NA
167190301,28,"1","11","3",1,NA,NA,89725.4335691707,NA
167260501,36,"2","11","3",3,NA,NA,89725.4335691707,NA
167450101,47,"1","1","1",2,NA,NA,89725.4335691707,NA
167450201,76,"2","1","1",2,NA,NA,89725.4335691707,NA
167450202,47,"1","5","1",1,NA,NA,89725.4335691707,NA
167450401,51,"1",NA,"1",3,NA,NA,89725.4335691707,NA
167450501,40,"2","5","1",2,NA,NA,89725.4335691707,NA
167450601,75,"1","1","1",3,NA,NA,89725.4335691707,NA
167450801,62,"2",NA,"1",5,NA,NA,89725.4335691707,NA
167590101,36,"1","9","3",5,NA,NA,89725.4335691707,NA
167590301,33,"2","3","3",1,NA,NA,89725.4335691707,NA
167670101,53,"2","1","2",3,NA,NA,89725.4335691707,NA
167670201,53,"1","3","2",3,NA,NA,89725.4335691707,NA
167670401,28,"2","3","2",4,NA,NA,89725.4335691707,NA
167670501,32,"1","5","2",2,NA,NA,89725.4335691707,NA
167670601,42,"2","1","2",5,NA,NA,89725.4335691707,NA
167670701,38,"2","5","2",4,NA,NA,89725.4335691707,NA
167670801,53,"1","5","2",1,NA,NA,89725.4335691707,NA
167750401,31,"1","8",NA,5,NA,NA,89725.4335691707,NA
167750501,69,"2","8",NA,1,NA,NA,89725.4335691707,NA
167750502,58,"2","6",NA,1,NA,NA,89725.4335691707,NA
167750601,58,"1","3",NA,2,NA,NA,89725.4335691707,NA
167750801,56,"2",NA,NA,3,NA,NA,89725.4335691707,NA
167840101,54,"2",NA,NA,7,NA,NA,89725.4335691707,NA
167840201,55,"2",NA,NA,2,NA,NA,89725.4335691707,NA
167840301,72,"2","8",NA,1,NA,NA,89725.4335691707,NA
167840401,40,"2","3",NA,3,NA,NA,89725.4335691707,NA
167840501,28,"2","11",NA,3,NA,NA,89725.4335691707,NA
167840601,39,"2","9",NA,4,NA,NA,89725.4335691707,NA
167840701,63,"1",NA,NA,3,NA,NA,89725.4335691707,NA
167840801,85,"1","4",NA,1,NA,NA,89725.4335691707,NA
167840901,49,"2","8",NA,2,NA,NA,89725.4335691707,NA
167841001,44,"1","6",NA,4,NA,NA,89725.4335691707,NA
168030101,86,"2",NA,NA,1,NA,NA,89725.4335691707,NA
168030201,84,"1","11",NA,2,NA,NA,89725.4335691707,NA
168030301,57,"1","6",NA,6,NA,NA,89725.4335691707,NA
168030401,35,"2","3",NA,6,NA,NA,89725.4335691707,NA
168030501,62,"2","4",NA,2,NA,NA,89725.4335691707,NA
168030601,54,"2","5",NA,4,NA,NA,89725.4335691707,NA
168030701,44,"2","5",NA,5,NA,NA,89725.4335691707,NA
168030801,51,"2","7",NA,2,NA,NA,89725.4335691707,NA
168080401,47,"1","8","3",4,NA,NA,89725.4335691707,NA
168180101,45,"1","11","3",5,NA,NA,89725.4335691707,NA
168180301,40,"1","11","3",5,NA,NA,89725.4335691707,NA
168180401,38,"1","11","3",6,NA,NA,89725.4335691707,NA
168380101,58,"2","3","1",1,NA,NA,89725.4335691707,NA
168380201,36,"2","1","1",5,NA,NA,89725.4335691707,NA
168380301,62,"1",NA,"1",5,NA,NA,89725.4335691707,NA
168380401,36,"1","7","1",1,NA,NA,89725.4335691707,NA
168380601,89,"1",NA,"1",2,NA,NA,89725.4335691707,NA
168380701,83,"1",NA,"1",2,NA,NA,89725.4335691707,NA
168460101,38,"2","11",NA,5,NA,NA,89725.4335691707,NA
168460201,84,"2","5",NA,1,NA,NA,89725.4335691707,NA
168460301,80,"2","12",NA,1,NA,NA,89725.4335691707,NA
168460401,34,"1","7",NA,3,NA,NA,89725.4335691707,NA
168460601,47,"1","11",NA,1,NA,NA,89725.4335691707,NA
168460701,76,"2","11",NA,1,NA,NA,89725.4335691707,NA
168460801,83,"1","4",NA,3,NA,NA,89725.4335691707,NA
168560201,71,"2","3",NA,1,NA,NA,89725.4335691707,NA
168560601,23,"1","11",NA,1,NA,NA,89725.4335691707,NA
168560701,65,"1","9",NA,3,NA,NA,89725.4335691707,NA
168570101,36,"1","8","3",4,NA,NA,89725.4335691707,NA
168570301,49,"2","5","3",3,NA,NA,89725.4335691707,NA
168570501,38,"1","6","3",1,NA,NA,89725.4335691707,NA
168580201,30,"2","9",NA,2,NA,NA,89725.4335691707,NA
168580301,55,"2","11",NA,4,NA,NA,89725.4335691707,NA
168580601,67,"2","5",NA,2,NA,NA,89725.4335691707,NA
168580801,64,"2","6",NA,4,NA,NA,89725.4335691707,NA
168640101,64,"2",NA,"2",1,NA,NA,89725.4335691707,NA
168640201,56,"1",NA,"2",6,NA,NA,89725.4335691707,NA
168640301,50,"2","5","2",3,NA,NA,89725.4335691707,NA
168640401,47,"1","6","2",4,NA,NA,89725.4335691707,NA
168640601,79,"2","3","2",2,NA,NA,89725.4335691707,NA
168640701,78,"2","3","2",1,NA,NA,89725.4335691707,NA
168640702,36,"1",NA,"2",1,NA,NA,89725.4335691707,NA
168640801,63,"2","1","2",3,NA,NA,89725.4335691707,NA
168750101,77,"2","4",NA,2,NA,NA,89725.4335691707,NA
168750501,55,"1","11",NA,5,NA,NA,89725.4335691707,NA
168750701,62,"2","8",NA,3,NA,NA,89725.4335691707,NA
168750801,62,"1","11",NA,5,NA,NA,89725.4335691707,NA
168750901,49,"1","12",NA,4,NA,NA,89725.4335691707,NA
168751001,64,"1","11",NA,2,NA,NA,89725.4335691707,NA
169090101,79,"2",NA,"2",2,NA,NA,89725.4335691707,NA
169090201,69,"2","5","2",2,NA,NA,89725.4335691707,NA
169090301,71,"2","5","2",2,NA,NA,89725.4335691707,NA
169090401,46,"2","8","2",2,NA,NA,89725.4335691707,NA
169090501,64,"2",NA,"2",2,NA,NA,89725.4335691707,NA
169090601,48,"1","8","2",1,NA,NA,89725.4335691707,NA
169090602,47,"2","6","2",4,NA,NA,89725.4335691707,NA
169090701,60,"2","8","2",4,NA,NA,89725.4335691707,NA
169290101,65,"2","5","2",2,NA,NA,89725.4335691707,NA
169290201,39,"2","6","2",5,NA,NA,89725.4335691707,NA
169290301,64,"2","1","2",3,NA,NA,89725.4335691707,NA
169290601,48,"1","5","2",4,NA,NA,89725.4335691707,NA
169290701,67,"2",NA,"2",3,NA,NA,89725.4335691707,NA
169370101,33,"2","11","3",2,NA,NA,89725.4335691707,NA
169370401,29,"1","9","3",1,NA,NA,89725.4335691707,NA
169370501,42,"2","8","3",4,NA,NA,89725.4335691707,NA
169370601,56,"2","11","3",3,NA,NA,89725.4335691707,NA
169370801,30,"2","12","3",2,NA,NA,89725.4335691707,NA
169390101,39,"2","11",NA,1,NA,NA,89725.4335691707,NA
169390401,20,"1","9",NA,1,NA,NA,89725.4335691707,NA
169760101,61,"2","8",NA,3,NA,NA,89725.4335691707,NA
169760201,62,"2","8",NA,4,NA,NA,89725.4335691707,NA
169760301,51,"1","5",NA,1,NA,NA,89725.4335691707,NA
169760401,62,"1","5",NA,3,NA,NA,89725.4335691707,NA
169760501,40,"1","8",NA,4,NA,NA,89725.4335691707,NA
169760701,65,"2","3",NA,4,NA,NA,89725.4335691707,NA
169800101,87,"2","3","3",1,NA,NA,89725.4335691707,NA
169800301,39,"2","8","3",5,NA,NA,89725.4335691707,NA
169800401,71,"2","5","3",4,NA,NA,89725.4335691707,NA
169800601,29,"2","11","3",2,NA,NA,89725.4335691707,NA
169800801,84,"2","11","3",1,NA,NA,89725.4335691707,NA
169990401,67,"1","4",NA,4,NA,NA,89725.4335691707,NA
169990501,33,"2","11",NA,3,NA,NA,89725.4335691707,NA
169990701,47,"1","11",NA,4,NA,NA,89725.4335691707,NA
170160101,60,"1","6",NA,3,NA,NA,89725.4335691707,NA
170160201,57,"2","6",NA,2,NA,NA,89725.4335691707,NA
170160401,27,"2","6",NA,2,NA,NA,89725.4335691707,NA
170160501,71,"2","1",NA,2,NA,NA,89725.4335691707,NA
170160601,42,"1","8",NA,5,NA,NA,89725.4335691707,NA
170160701,53,"1","6",NA,2,NA,NA,89725.4335691707,NA
170160801,48,"2","7",NA,3,NA,NA,89725.4335691707,NA
170510201,77,"2","3","1",1,NA,NA,89725.4335691707,NA
170510301,65,"1","5","1",3,NA,NA,89725.4335691707,NA
170510401,37,"2","6","1",5,NA,NA,89725.4335691707,NA
170510501,84,"1","1","1",6,NA,NA,89725.4335691707,NA
170510601,57,"1","5","1",3,NA,NA,89725.4335691707,NA
170510701,63,"1","5","1",6,NA,NA,89725.4335691707,NA
170510801,75,"1",NA,"1",1,NA,NA,89725.4335691707,NA
170550301,28,"1","11",NA,3,NA,NA,89725.4335691707,NA
170550601,40,"2","11",NA,3,NA,NA,89725.4335691707,NA
170550701,68,"2","11",NA,2,NA,NA,89725.4335691707,NA
170550801,67,"1","11",NA,2,NA,NA,89725.4335691707,NA
170810101,41,"2",NA,NA,3,NA,NA,89725.4335691707,NA
170810201,47,"2","3",NA,3,NA,NA,89725.4335691707,NA
170810501,54,"2","1",NA,2,NA,NA,89725.4335691707,NA
170810502,25,"2","1",NA,3,NA,NA,89725.4335691707,NA
170810701,60,"1","1",NA,5,NA,NA,89725.4335691707,NA
170820201,25,"2","9","3",3,NA,NA,89725.4335691707,NA
170820501,42,"1","11","3",1,NA,NA,89725.4335691707,NA
170820801,69,"2","9","3",1,NA,NA,89725.4335691707,NA
171150101,48,"1",NA,NA,5,NA,NA,89725.4335691707,NA
171150201,30,"2","3",NA,4,NA,NA,89725.4335691707,NA
171150401,30,"1","5",NA,5,NA,NA,89725.4335691707,NA
171150501,64,"1","4",NA,5,NA,NA,89725.4335691707,NA
171150601,39,"2","6",NA,4,NA,NA,89725.4335691707,NA
171150701,61,"1","3",NA,3,NA,NA,89725.4335691707,NA
171150801,79,"1",NA,NA,2,NA,NA,89725.4335691707,NA
171160201,44,"1","11","1",3,NA,NA,89725.4335691707,NA
171160401,35,"2","5","1",3,NA,NA,89725.4335691707,NA
171160501,42,"2",NA,"1",7,NA,NA,89725.4335691707,NA
171160601,45,"2","6","1",1,NA,NA,89725.4335691707,NA
171160701,35,"2","11","1",2,NA,NA,89725.4335691707,NA
171160801,33,"1","11","1",3,NA,NA,89725.4335691707,NA
171460101,33,"2",NA,NA,4,NA,NA,89725.4335691707,NA
171460301,58,"2","3",NA,4,NA,NA,89725.4335691707,NA
171460601,35,"1","3",NA,4,NA,NA,89725.4335691707,NA
171460701,94,"1","5",NA,3,NA,NA,89725.4335691707,NA
171460801,32,"2","7",NA,1,NA,NA,89725.4335691707,NA
171600501,63,"2","12",NA,2,NA,NA,89725.4335691707,NA
171600601,38,"2","9",NA,2,NA,NA,89725.4335691707,NA
171600801,54,"1","11",NA,4,NA,NA,89725.4335691707,NA
171610101,75,"1","6","2",1,NA,NA,89725.4335691707,NA
171610201,72,"1","5","2",3,NA,NA,89725.4335691707,NA
171610301,67,"1","5","2",1,NA,NA,89725.4335691707,NA
171610401,47,"2","5","2",3,NA,NA,89725.4335691707,NA
171610601,39,"1","6","2",5,NA,NA,89725.4335691707,NA
171610701,34,"1","11","2",3,NA,NA,89725.4335691707,NA
171640101,60,"2","5","2",3,NA,NA,89725.4335691707,NA
171640201,55,"1","11","2",5,NA,NA,89725.4335691707,NA
171640301,65,"2","6","2",1,NA,NA,89725.4335691707,NA
171640401,33,"1","11","2",3,NA,NA,89725.4335691707,NA
171640501,68,"2","5","2",1,NA,NA,89725.4335691707,NA
171640701,65,"1","5","2",3,NA,NA,89725.4335691707,NA
171720101,47,"1",NA,NA,4,NA,NA,89725.4335691707,NA
171720201,76,"1","5",NA,2,NA,NA,89725.4335691707,NA
171720501,54,"1","11",NA,4,NA,NA,89725.4335691707,NA
171720601,54,"1","11",NA,4,NA,NA,89725.4335691707,NA
171720701,75,"1","6",NA,2,NA,NA,89725.4335691707,NA
171720801,47,"1","12",NA,5,NA,NA,89725.4335691707,NA
171720901,60,"2","12",NA,2,NA,NA,89725.4335691707,NA
171721001,56,"1","12",NA,4,NA,NA,89725.4335691707,NA
171910601,31,"1","11",NA,1,NA,NA,89725.4335691707,NA
171910701,60,"2","5",NA,2,NA,NA,89725.4335691707,NA
171910801,40,"1","9",NA,2,NA,NA,89725.4335691707,NA
171990101,37,"1","6","3",4,NA,NA,89725.4335691707,NA
171990201,61,"2","7","3",5,NA,NA,89725.4335691707,NA
171990301,46,"1","11","3",2,NA,NA,89725.4335691707,NA
171990501,48,"1",NA,"3",2,NA,NA,89725.4335691707,NA
171990701,41,"2","11","3",4,NA,NA,89725.4335691707,NA
171990801,43,"2","12","3",4,NA,NA,89725.4335691707,NA
172200301,73,"1","9","2",2,NA,NA,89725.4335691707,NA
172200401,65,"2","11","2",3,NA,NA,89725.4335691707,NA
172200501,34,"2","5","2",4,NA,NA,89725.4335691707,NA
172200601,68,"2","1","2",3,NA,NA,89725.4335691707,NA
172200801,74,"2","1","2",3,NA,NA,89725.4335691707,NA
172460101,64,"2","1","1",1,NA,NA,89725.4335691707,NA
172460201,52,"2","5","1",5,NA,NA,89725.4335691707,NA
172460301,88,"2",NA,"1",1,NA,NA,89725.4335691707,NA
172460401,47,"1","1","1",2,NA,NA,89725.4335691707,NA
172460501,75,"2","5","1",2,NA,NA,89725.4335691707,NA
172460601,65,"2",NA,"1",3,NA,NA,89725.4335691707,NA
172460801,58,"2",NA,"1",1,NA,NA,89725.4335691707,NA
172550101,55,"1","5",NA,1,NA,NA,89725.4335691707,NA
172550201,80,"1","-88",NA,1,NA,NA,89725.4335691707,NA
172550301,35,"2","5",NA,3,NA,NA,89725.4335691707,NA
172550401,63,"2","3",NA,2,NA,NA,89725.4335691707,NA
172550501,72,"1","1",NA,2,NA,NA,89725.4335691707,NA
172550601,56,"2","1",NA,2,NA,NA,89725.4335691707,NA
172550701,56,"2",NA,NA,1,NA,NA,89725.4335691707,NA
172550801,65,"2","1",NA,1,NA,NA,89725.4335691707,NA
172550901,41,"2","6",NA,4,NA,NA,89725.4335691707,NA
172551001,63,"1","1",NA,3,NA,NA,89725.4335691707,NA
172710401,54,"1","5","3",4,NA,NA,89725.4335691707,NA
172710501,49,"2","11","3",2,NA,NA,89725.4335691707,NA
172710601,53,"1","12","3",3,NA,NA,89725.4335691707,NA
172710801,63,"2","9","3",2,NA,NA,89725.4335691707,NA
172830101,26,"2","9",NA,3,NA,NA,89725.4335691707,NA
172830102,47,"2","1",NA,3,NA,NA,89725.4335691707,NA
172830201,29,"1","4",NA,6,NA,NA,89725.4335691707,NA
172830401,53,"2",NA,NA,1,NA,NA,89725.4335691707,NA
172830501,50,"2",NA,NA,3,NA,NA,89725.4335691707,NA
172830601,53,"2","3",NA,1,NA,NA,89725.4335691707,NA
172930101,81,"2","1","2",2,NA,NA,89725.4335691707,NA
172930201,53,"2","11","2",2,NA,NA,89725.4335691707,NA
172930301,43,"2","6","2",6,NA,NA,89725.4335691707,NA
172930401,70,"1",NA,"2",3,NA,NA,89725.4335691707,NA
172930501,50,"1","3","2",12,NA,NA,89725.4335691707,NA
172930601,40,"1","3","2",5,NA,NA,89725.4335691707,NA
172930801,63,"1","6","2",4,NA,NA,89725.4335691707,NA
173080201,30,"2","11","3",2,NA,NA,89725.4335691707,NA
173080301,36,"2","11","3",4,NA,NA,89725.4335691707,NA
173080501,41,"1","12","3",3,NA,NA,89725.4335691707,NA
173080601,38,"1","10","3",2,NA,NA,89725.4335691707,NA
173200501,70,"2","11",NA,3,NA,NA,89725.4335691707,NA
173200701,83,"1","11",NA,1,NA,NA,89725.4335691707,NA
173270201,35,"1","11","3",1,NA,NA,89725.4335691707,NA
173270301,80,"1","11","3",1,NA,NA,89725.4335691707,NA
173270601,73,"1","8","3",2,NA,NA,89725.4335691707,NA
173270701,59,"2","12","3",1,NA,NA,89725.4335691707,NA
173270801,37,"2","12","3",3,NA,NA,89725.4335691707,NA
173370101,49,"2","11",NA,6,NA,NA,89725.4335691707,NA
173370201,55,"2","11",NA,1,NA,NA,89725.4335691707,NA
173370401,72,"2","6",NA,5,NA,NA,89725.4335691707,NA
173370501,58,"1","11",NA,2,NA,NA,89725.4335691707,NA
173370601,53,"2","12",NA,2,NA,NA,89725.4335691707,NA
173370701,64,"1","11",NA,3,NA,NA,89725.4335691707,NA
173371001,58,"2","5",NA,4,NA,NA,89725.4335691707,NA
173380201,62,"2","11","3",3,NA,NA,89725.4335691707,NA
173470101,33,"2","3","1",4,NA,NA,89725.4335691707,NA
173470301,67,"2","3","1",1,NA,NA,89725.4335691707,NA
173470401,65,"2","3","1",1,NA,NA,89725.4335691707,NA
173470501,51,"2","1","1",2,NA,NA,89725.4335691707,NA
173470801,38,"2","5","1",3,NA,NA,89725.4335691707,NA
173820101,54,"2",NA,"1",1,NA,NA,89725.4335691707,NA
173820201,65,"1","6","1",1,NA,NA,89725.4335691707,NA
173820301,80,"1","3","1",2,NA,NA,89725.4335691707,NA
173820601,48,"1","6","1",1,NA,NA,89725.4335691707,NA
173820701,63,"2","1","1",1,NA,NA,89725.4335691707,NA
173820801,47,"2",NA,"1",2,NA,NA,89725.4335691707,NA
174070201,50,"1","6","1",5,NA,NA,89725.4335691707,NA
174070401,67,"2",NA,"1",5,NA,NA,89725.4335691707,NA
174070601,33,"2","7","1",4,NA,NA,89725.4335691707,NA
174070701,26,"2","3","1",4,NA,NA,89725.4335691707,NA
174070702,60,"2","5","1",3,NA,NA,89725.4335691707,NA
174270101,50,"1",NA,"1",6,NA,NA,89725.4335691707,NA
174270201,72,"1","1","1",4,NA,NA,89725.4335691707,NA
174270301,57,"1","1","1",4,NA,NA,89725.4335691707,NA
174270401,69,"2","5","1",2,NA,NA,89725.4335691707,NA
174270501,39,"1","5","1",2,NA,NA,89725.4335691707,NA
174270601,76,"1",NA,"1",2,NA,NA,89725.4335691707,NA
174270701,33,"2","8","1",3,NA,NA,89725.4335691707,NA
174270702,62,"2","1","1",2,NA,NA,89725.4335691707,NA
174270801,53,"1","3","1",5,NA,NA,89725.4335691707,NA
174550101,46,"1","8",NA,2,NA,NA,89725.4335691707,NA
174550201,60,"1","1",NA,2,NA,NA,89725.4335691707,NA
174550301,72,"1","1",NA,3,NA,NA,89725.4335691707,NA
174550501,33,"2","10",NA,4,NA,NA,89725.4335691707,NA
174550701,42,"1",NA,NA,3,NA,NA,89725.4335691707,NA
174550801,54,"1","5",NA,3,NA,NA,89725.4335691707,NA
174630301,76,"2","11",NA,1,NA,NA,89725.4335691707,NA
174630401,81,"1","11",NA,2,NA,NA,89725.4335691707,NA
174630501,35,"1","11",NA,2,NA,NA,89725.4335691707,NA
174680101,70,"1","11","2",2,NA,NA,89725.4335691707,NA
174680201,56,"2","4","2",2,NA,NA,89725.4335691707,NA
174680301,34,"1","8","2",6,NA,NA,89725.4335691707,NA
174680401,46,"1","3","2",5,NA,NA,89725.4335691707,NA
174680402,33,"1","5","2",4,NA,NA,89725.4335691707,NA
174680701,69,"1","5","2",2,NA,NA,89725.4335691707,NA
174680801,37,"2","11","2",3,NA,NA,89725.4335691707,NA
174920301,43,"2","5","2",2,NA,NA,89725.4335691707,NA
174920401,60,"1","4","2",5,NA,NA,89725.4335691707,NA
174920501,59,"2","3","2",2,NA,NA,89725.4335691707,NA
174920601,54,"2","8","2",2,NA,NA,89725.4335691707,NA
174920701,79,"1","5","2",7,NA,NA,89725.4335691707,NA
174920801,55,"1","3","2",3,NA,NA,89725.4335691707,NA
174950101,53,"1","9",NA,4,NA,NA,89725.4335691707,NA
174950301,44,"2","11",NA,3,NA,NA,89725.4335691707,NA
174950401,63,"1","11",NA,2,NA,NA,89725.4335691707,NA
175020301,49,"1","12","3",2,NA,NA,89725.4335691707,NA
175110201,29,"1","8","3",5,NA,NA,89725.4335691707,NA
175110301,49,"2","6","3",1,NA,NA,89725.4335691707,NA
175110401,42,"2","5","3",2,NA,NA,89725.4335691707,NA
175110501,65,"2","1","3",1,NA,NA,89725.4335691707,NA
175110701,42,"2","-88","3",4,NA,NA,89725.4335691707,NA
175110801,53,"2","6","3",3,NA,NA,89725.4335691707,NA
175150501,46,"2","11","3",2,NA,NA,89725.4335691707,NA
175230101,38,"1","9","2",1,NA,NA,89725.4335691707,NA
175230201,82,"1","3","2",3,NA,NA,89725.4335691707,NA
175230202,50,"1","6","2",2,NA,NA,89725.4335691707,NA
175230301,73,"2","4","2",3,NA,NA,89725.4335691707,NA
175230401,72,"1","1","2",2,NA,NA,89725.4335691707,NA
175230501,56,"2",NA,"2",3,NA,NA,89725.4335691707,NA
175230601,57,"1","1","2",5,NA,NA,89725.4335691707,NA
175230701,70,"1","-88","2",2,NA,NA,89725.4335691707,NA
175230801,38,"2","3","2",4,NA,NA,89725.4335691707,NA
175440201,62,"1","5",NA,2,NA,NA,89725.4335691707,NA
175440701,39,"1","11",NA,4,NA,NA,89725.4335691707,NA
175460401,60,"1","5",NA,3,NA,NA,89725.4335691707,NA
175460601,47,"1","1",NA,8,NA,NA,89725.4335691707,NA
175460701,29,"1","3",NA,1,NA,NA,89725.4335691707,NA
175460901,59,"2",NA,NA,3,NA,NA,89725.4335691707,NA
175461001,53,"1","1",NA,4,NA,NA,89725.4335691707,NA
175490201,53,"1","12","2",4,NA,NA,89725.4335691707,NA
175490301,69,"2","3","2",2,NA,NA,89725.4335691707,NA
175490401,74,"2","7","2",1,NA,NA,89725.4335691707,NA
175490501,49,"2","5","2",8,NA,NA,89725.4335691707,NA
175490701,37,"2","9","2",4,NA,NA,89725.4335691707,NA
175490801,38,"1","6","2",5,NA,NA,89725.4335691707,NA
175490901,52,"1","3","2",3,NA,NA,89725.4335691707,NA
175491001,64,"2",NA,"2",2,NA,NA,89725.4335691707,NA
175530601,31,"2","11",NA,2,NA,NA,89725.4335691707,NA
175530801,42,"2","12",NA,1,NA,NA,89725.4335691707,NA
175620201,31,"1","5",NA,3,NA,NA,89725.4335691707,NA
175620301,26,"1","5",NA,1,NA,NA,89725.4335691707,NA
175620601,19,"2","3",NA,4,NA,NA,89725.4335691707,NA
175620701,41,"2","5",NA,2,NA,NA,89725.4335691707,NA
175620801,31,"1","11",NA,1,NA,NA,89725.4335691707,NA
175640101,26,"2","9","1",2,NA,NA,89725.4335691707,NA
175640201,30,"2",NA,"1",3,NA,NA,89725.4335691707,NA
175640301,34,"2","11","1",3,NA,NA,89725.4335691707,NA
175640401,72,"2","1","1",8,NA,NA,89725.4335691707,NA
175640501,85,"1",NA,"1",2,NA,NA,89725.4335691707,NA
175640701,53,"1",NA,"1",5,NA,NA,89725.4335691707,NA
175710101,65,"1","1",NA,4,NA,NA,89725.4335691707,NA
175710301,46,"1","5",NA,1,NA,NA,89725.4335691707,NA
175710401,38,"2","8",NA,5,NA,NA,89725.4335691707,NA
175710501,54,"2",NA,NA,4,NA,NA,89725.4335691707,NA
175710701,40,"1",NA,NA,4,NA,NA,89725.4335691707,NA
176030201,66,"2","1",NA,2,NA,NA,89725.4335691707,NA
176030601,38,"1","6",NA,1,NA,NA,89725.4335691707,NA
176030701,37,"1","8",NA,1,NA,NA,89725.4335691707,NA
176030801,59,"1","3",NA,1,NA,NA,89725.4335691707,NA
176080101,42,"1","5",NA,2,NA,NA,89725.4335691707,NA
176080201,36,"2","5",NA,2,NA,NA,89725.4335691707,NA
176080801,45,"2","6",NA,3,NA,NA,89725.4335691707,NA
176100101,25,"2","8","2",3,NA,NA,89725.4335691707,NA
176100201,79,"1",NA,"2",3,NA,NA,89725.4335691707,NA
176100401,58,"1","3","2",7,NA,NA,89725.4335691707,NA
176100501,65,"1","3","2",3,NA,NA,89725.4335691707,NA
176100601,84,"1",NA,"2",1,NA,NA,89725.4335691707,NA
176100701,35,"1","6","2",3,NA,NA,89725.4335691707,NA
176220201,36,"1","5",NA,3,NA,NA,89725.4335691707,NA
176220401,39,"1","5",NA,5,NA,NA,89725.4335691707,NA
176220501,56,"1","5",NA,4,NA,NA,89725.4335691707,NA
176220601,63,"2","1",NA,6,NA,NA,89725.4335691707,NA
176220701,42,"1","7",NA,3,NA,NA,89725.4335691707,NA
176300201,69,"2","11","3",3,NA,NA,89725.4335691707,NA
176300701,35,"2","12","3",3,NA,NA,89725.4335691707,NA
176450101,46,"2","6","2",2,NA,NA,89725.4335691707,NA
176450201,56,"2","11","2",6,NA,NA,89725.4335691707,NA
176450401,50,"1","5","2",4,NA,NA,89725.4335691707,NA
176450601,54,"1","12","2",4,NA,NA,89725.4335691707,NA
176450801,34,"1","6","2",3,NA,NA,89725.4335691707,NA
176500101,49,"1","8","2",5,NA,NA,89725.4335691707,NA
176500201,46,"2","5","2",3,NA,NA,89725.4335691707,NA
176500501,38,"1","6","2",5,NA,NA,89725.4335691707,NA
176500701,44,"2","6","2",4,NA,NA,89725.4335691707,NA
176530101,63,"2","5","2",2,NA,NA,89725.4335691707,NA
176530401,73,"2",NA,"2",1,NA,NA,89725.4335691707,NA
176530601,73,"1","4","2",4,NA,NA,89725.4335691707,NA
176630101,29,"2","11","3",1,NA,NA,89725.4335691707,NA
176630301,36,"2","6","3",3,NA,NA,89725.4335691707,NA
176630401,31,"1","10","3",1,NA,NA,89725.4335691707,NA
176630601,34,"2","8","3",4,NA,NA,89725.4335691707,NA
176630701,33,"1","5","3",4,NA,NA,89725.4335691707,NA
176630801,52,"2",NA,"3",3,NA,NA,89725.4335691707,NA
176780101,81,"1",NA,NA,2,NA,NA,89725.4335691707,NA
176780201,39,"2",NA,NA,3,NA,NA,89725.4335691707,NA
176780301,55,"1","5",NA,5,NA,NA,89725.4335691707,NA
176780401,48,"2","6",NA,3,NA,NA,89725.4335691707,NA
176780501,39,"1",NA,NA,3,NA,NA,89725.4335691707,NA
176780601,52,"2","1",NA,2,NA,NA,89725.4335691707,NA
176780701,42,"1","5",NA,3,NA,NA,89725.4335691707,NA
176890201,53,"2",NA,"2",3,NA,NA,89725.4335691707,NA
176890301,65,"1","5","2",3,NA,NA,89725.4335691707,NA
176890501,57,"2","3","2",3,NA,NA,89725.4335691707,NA
176890601,40,"1","3","2",4,NA,NA,89725.4335691707,NA
176890701,58,"1","5","2",3,NA,NA,89725.4335691707,NA
176920101,54,"1","11",NA,3,NA,NA,89725.4335691707,NA
176920201,41,"1","11",NA,2,NA,NA,89725.4335691707,NA
176920301,61,"2","8",NA,2,NA,NA,89725.4335691707,NA
176920601,46,"2","12",NA,4,NA,NA,89725.4335691707,NA
176920801,52,"1","12",NA,2,NA,NA,89725.4335691707,NA
177180101,50,"2","5","2",5,NA,NA,89725.4335691707,NA
177180201,43,"2","6","2",3,NA,NA,89725.4335691707,NA
177180301,39,"1","5","2",1,NA,NA,89725.4335691707,NA
177180801,37,"2","6","2",5,NA,NA,89725.4335691707,NA
177200401,47,"2","8",NA,3,NA,NA,89725.4335691707,NA
177200501,38,"2","6",NA,1,NA,NA,89725.4335691707,NA
177230101,50,"1","8","2",3,NA,NA,89725.4335691707,NA
177230201,51,"1","4","2",2,NA,NA,89725.4335691707,NA
177230301,37,"1","8","2",4,NA,NA,89725.4335691707,NA
177230601,85,"2","1","2",2,NA,NA,89725.4335691707,NA
177230602,27,"2","11","2",2,NA,NA,89725.4335691707,NA
177230801,44,"2","6","2",3,NA,NA,89725.4335691707,NA
177490101,33,"2","8","2",1,NA,NA,89725.4335691707,NA
177490301,67,"2","1","2",2,NA,NA,89725.4335691707,NA
177490401,66,"2","5","2",2,NA,NA,89725.4335691707,NA
177490501,75,"1","1","2",2,NA,NA,89725.4335691707,NA
177490801,51,"2","6","2",4,NA,NA,89725.4335691707,NA
177690101,45,"2","10",NA,4,NA,NA,89725.4335691707,NA
177690401,57,"1","11",NA,2,NA,NA,89725.4335691707,NA
177690501,92,"2","5",NA,2,NA,NA,89725.4335691707,NA
177690701,64,"1","8",NA,3,NA,NA,89725.4335691707,NA
177770301,28,"2","7",NA,1,NA,NA,89725.4335691707,NA
177770401,43,"2","11",NA,2,NA,NA,89725.4335691707,NA
177770501,77,"1","11",NA,1,NA,NA,89725.4335691707,NA
177770601,41,"1","12",NA,3,NA,NA,89725.4335691707,NA
177920101,64,"1",NA,NA,1,NA,NA,89725.4335691707,NA
177920301,65,"2","4",NA,5,NA,NA,89725.4335691707,NA
177920601,61,"1",NA,NA,3,NA,NA,89725.4335691707,NA
177920701,60,"1","5",NA,3,NA,NA,89725.4335691707,NA
178210101,64,"1","-88",NA,3,NA,NA,89725.4335691707,NA
178210201,59,"1","1",NA,1,NA,NA,89725.4335691707,NA
178210301,49,"1","5",NA,3,NA,NA,89725.4335691707,NA
178210401,66,"1","1",NA,3,NA,NA,89725.4335691707,NA
178210501,34,"1","8",NA,4,NA,NA,89725.4335691707,NA
178210701,67,"1",NA,NA,2,NA,NA,89725.4335691707,NA
178210801,37,"2","6",NA,3,NA,NA,89725.4335691707,NA
178210901,53,"1","1",NA,1,NA,NA,89725.4335691707,NA
178211001,46,"1","5",NA,4,NA,NA,89725.4335691707,NA
178310101,57,"2","1","2",2,NA,NA,89725.4335691707,NA
178310201,64,"2",NA,"2",2,NA,NA,89725.4335691707,NA
178310301,49,"2","1","2",4,NA,NA,89725.4335691707,NA
178310401,61,"2","3","2",3,NA,NA,89725.4335691707,NA
178310501,59,"1","6","2",4,NA,NA,89725.4335691707,NA
178310601,65,"1","5","2",6,NA,NA,89725.4335691707,NA
178310701,62,"1","5","2",1,NA,NA,89725.4335691707,NA
178470101,74,"2",NA,NA,4,NA,NA,89725.4335691707,NA
178470301,82,"2",NA,NA,1,NA,NA,89725.4335691707,NA
178470401,64,"2","3",NA,3,NA,NA,89725.4335691707,NA
178470501,69,"1",NA,NA,5,NA,NA,89725.4335691707,NA
178470601,53,"1","5",NA,2,NA,NA,89725.4335691707,NA
178470801,52,"1","8",NA,3,NA,NA,89725.4335691707,NA
178550101,22,"2","9","3",1,NA,NA,89725.4335691707,NA
178550701,44,"1","10","3",1,NA,NA,89725.4335691707,NA
178640101,82,"2","3",NA,1,NA,NA,89725.4335691707,NA
178640201,59,"1","12",NA,4,NA,NA,89725.4335691707,NA
178740501,58,"1","8",NA,2,NA,NA,89725.4335691707,NA
178760201,49,"1","3","2",5,NA,NA,89725.4335691707,NA
178760501,82,"2","5","2",4,NA,NA,89725.4335691707,NA
178760601,33,"1","8","2",5,NA,NA,89725.4335691707,NA
178760701,69,"1","9","2",2,NA,NA,89725.4335691707,NA
178790301,57,"2","10",NA,1,NA,NA,89725.4335691707,NA
178790401,70,"1","11",NA,2,NA,NA,89725.4335691707,NA
178790601,78,"2","5",NA,2,NA,NA,89725.4335691707,NA
178790701,32,"1","11",NA,2,NA,NA,89725.4335691707,NA
178790801,40,"1","11",NA,2,NA,NA,89725.4335691707,NA
178880101,72,"2","1","2",1,NA,NA,89725.4335691707,NA
178880301,22,"2","6","2",2,NA,NA,89725.4335691707,NA
178880401,31,"1","5","2",4,NA,NA,89725.4335691707,NA
178880501,58,"2","3","2",2,NA,NA,89725.4335691707,NA
178880801,52,"1","5","2",1,NA,NA,89725.4335691707,NA
179040301,70,"1","3",NA,1,NA,NA,89725.4335691707,NA
179040401,61,"2","5",NA,2,NA,NA,89725.4335691707,NA
179040501,65,"2","5",NA,6,NA,NA,89725.4335691707,NA
179040601,72,"2","7",NA,2,NA,NA,89725.4335691707,NA
179180101,58,"1","8",NA,4,NA,NA,89725.4335691707,NA
179180301,46,"2","7",NA,3,NA,NA,89725.4335691707,NA
179180501,76,"2","1",NA,1,NA,NA,89725.4335691707,NA
179180601,49,"2","12",NA,5,NA,NA,89725.4335691707,NA
179180701,73,"2","3",NA,1,NA,NA,89725.4335691707,NA
179180801,51,"2","7",NA,2,NA,NA,89725.4335691707,NA
179210101,52,"2","5","2",2,NA,NA,89725.4335691707,NA
179210201,67,"2","3","2",2,NA,NA,89725.4335691707,NA
179210301,66,"1",NA,"2",4,NA,NA,89725.4335691707,NA
179210401,63,"2",NA,"2",1,NA,NA,89725.4335691707,NA
179210501,53,"2","8","2",2,NA,NA,89725.4335691707,NA
179210601,63,"2","1","2",2,NA,NA,89725.4335691707,NA
179210701,56,"2",NA,"2",4,NA,NA,89725.4335691707,NA
179210801,61,"2",NA,"2",7,NA,NA,89725.4335691707,NA
179310601,27,"2","11",NA,2,NA,NA,89725.4335691707,NA
179430101,75,"1","1",NA,3,NA,NA,89725.4335691707,NA
179430201,56,"1",NA,NA,5,NA,NA,89725.4335691707,NA
179430301,61,"1","3",NA,1,NA,NA,89725.4335691707,NA
179430501,26,"1","5",NA,4,NA,NA,89725.4335691707,NA
179430601,50,"2","8",NA,3,NA,NA,89725.4335691707,NA
179430701,61,"2","5",NA,1,NA,NA,89725.4335691707,NA
179610101,67,"2","1","1",2,NA,NA,89725.4335691707,NA
179610201,66,"1","1","1",2,NA,NA,89725.4335691707,NA
179610301,40,"2","5","1",5,NA,NA,89725.4335691707,NA
179610501,66,"1","5","1",3,NA,NA,89725.4335691707,NA
179640101,65,"2","4",NA,4,NA,NA,89725.4335691707,NA
179640301,63,"2","11",NA,1,NA,NA,89725.4335691707,NA
179640601,83,"2","3",NA,1,NA,NA,89725.4335691707,NA
179760101,38,"1","6","2",5,NA,NA,89725.4335691707,NA
179760201,33,"1","3","2",5,NA,NA,89725.4335691707,NA
179760501,78,"1","4","2",2,NA,NA,89725.4335691707,NA
179760801,72,"1",NA,"2",1,NA,NA,89725.4335691707,NA
179860101,83,"1","4",NA,2,NA,NA,89725.4335691707,NA
179860201,65,"1",NA,NA,4,NA,NA,89725.4335691707,NA
179860301,69,"1","1",NA,3,NA,NA,89725.4335691707,NA
179860401,20,"2","9",NA,2,NA,NA,89725.4335691707,NA
179860402,53,"2","1",NA,2,NA,NA,89725.4335691707,NA
179860501,59,"2","7",NA,3,NA,NA,89725.4335691707,NA
179860601,68,"1","1",NA,4,NA,NA,89725.4335691707,NA
179860801,74,"1","3",NA,5,NA,NA,89725.4335691707,NA
179860901,58,"2","12",NA,5,NA,NA,89725.4335691707,NA
179861001,54,"1","6",NA,3,NA,NA,89725.4335691707,NA
179900101,56,"2","6","1",4,NA,NA,89725.4335691707,NA
179900201,39,"2","3","1",2,NA,NA,89725.4335691707,NA
179900301,46,"2","6","1",5,NA,NA,89725.4335691707,NA
179900401,67,"1","5","1",1,NA,NA,89725.4335691707,NA
179900501,48,"1","5","1",3,NA,NA,89725.4335691707,NA
179900801,43,"2","5","1",3,NA,NA,89725.4335691707,NA
180040101,29,"2","11",NA,5,NA,NA,89725.4335691707,NA
180040201,54,"2","6",NA,2,NA,NA,89725.4335691707,NA
180040401,50,"1","5",NA,3,NA,NA,89725.4335691707,NA
180040601,53,"1","6",NA,3,NA,NA,89725.4335691707,NA
180040701,60,"2","6",NA,3,NA,NA,89725.4335691707,NA
180100101,76,"1","3","3",3,NA,NA,89725.4335691707,NA
180100501,48,"1","11","3",4,NA,NA,89725.4335691707,NA
180100601,44,"2","9","3",2,NA,NA,89725.4335691707,NA
180560301,64,"1","12","3",3,NA,NA,89725.4335691707,NA
180560801,68,"1","12","3",1,NA,NA,89725.4335691707,NA
180600101,55,"2","7",NA,4,NA,NA,89725.4335691707,NA
180600201,52,"1","11",NA,2,NA,NA,89725.4335691707,NA
180600301,59,"2","7",NA,3,NA,NA,89725.4335691707,NA
180600401,35,"2","11",NA,1,NA,NA,89725.4335691707,NA
180600601,37,"1","12",NA,1,NA,NA,89725.4335691707,NA
180600701,42,"2","9",NA,2,NA,NA,89725.4335691707,NA
181140101,46,"1","11",NA,1,NA,NA,89725.4335691707,NA
181140201,50,"2","8",NA,2,NA,NA,89725.4335691707,NA
181140301,59,"1","1",NA,8,NA,NA,89725.4335691707,NA
181140601,25,"1","7",NA,1,NA,NA,89725.4335691707,NA
181140701,66,"2","11",NA,2,NA,NA,89725.4335691707,NA
181140801,39,"1","11",NA,1,NA,NA,89725.4335691707,NA
181210101,38,"2","11","2",2,NA,NA,89725.4335691707,NA
181210201,50,"2","8","2",3,NA,NA,89725.4335691707,NA
181210301,75,"2","1","2",4,NA,NA,89725.4335691707,NA
181210401,72,"1","5","2",4,NA,NA,89725.4335691707,NA
181210501,67,"2","3","2",1,NA,NA,89725.4335691707,NA
181210701,45,"2","11","2",3,NA,NA,89725.4335691707,NA
181210801,79,"1","11","2",5,NA,NA,89725.4335691707,NA
181230101,28,"1","5",NA,3,NA,NA,89725.4335691707,NA
181230301,36,"1","5",NA,3,NA,NA,89725.4335691707,NA
181230401,41,"1","6",NA,3,NA,NA,89725.4335691707,NA
181230501,49,"2","5",NA,2,NA,NA,89725.4335691707,NA
181230601,32,"1","6",NA,4,NA,NA,89725.4335691707,NA
181230801,57,"1","6",NA,2,NA,NA,89725.4335691707,NA
181780201,35,"1","5","2",5,NA,NA,89725.4335691707,NA
181780301,66,"1","3","2",2,NA,NA,89725.4335691707,NA
181780401,57,"2","5","2",2,NA,NA,89725.4335691707,NA
181780701,62,"1","1","2",7,NA,NA,89725.4335691707,NA
181780801,82,"1","5","2",3,NA,NA,89725.4335691707,NA
182030301,68,"1",NA,"1",1,NA,NA,89725.4335691707,NA
182030501,41,"2","4","1",4,NA,NA,89725.4335691707,NA
182030701,51,"2",NA,"1",5,NA,NA,89725.4335691707,NA
182030801,83,"1",NA,"1",1,NA,NA,89725.4335691707,NA
182420101,56,"2","8",NA,1,NA,NA,89725.4335691707,NA
182420201,37,"1","8",NA,2,NA,NA,89725.4335691707,NA
182420401,25,"1","9",NA,3,NA,NA,89725.4335691707,NA
182420501,58,"2",NA,NA,3,NA,NA,89725.4335691707,NA
182420801,56,"2","3",NA,1,NA,NA,89725.4335691707,NA
182490101,58,"1","5","1",1,NA,NA,89725.4335691707,NA
182490201,67,"1",NA,"1",3,NA,NA,89725.4335691707,NA
182490401,75,"1","1","1",4,NA,NA,89725.4335691707,NA
182490701,44,"2","6","1",4,NA,NA,89725.4335691707,NA
182490801,26,"1","5","1",6,NA,NA,89725.4335691707,NA
182730401,60,"2","8",NA,2,NA,NA,89725.4335691707,NA
182790101,40,"1","12",NA,4,NA,NA,89725.4335691707,NA
182790501,70,"2","11",NA,1,NA,NA,89725.4335691707,NA
182870601,70,"1","11",NA,2,NA,NA,89725.4335691707,NA
183100301,44,"2","12","3",3,NA,NA,89725.4335691707,NA
183100401,38,"1","12","3",1,NA,NA,89725.4335691707,NA
183100501,33,"1","11","3",3,NA,NA,89725.4335691707,NA
183100601,44,"2","12","3",2,NA,NA,89725.4335691707,NA
183100701,43,"1","11","3",2,NA,NA,89725.4335691707,NA
183190101,65,"2","3",NA,4,NA,NA,89725.4335691707,NA
183190201,51,"2","5",NA,4,NA,NA,89725.4335691707,NA
183190301,64,"1","9",NA,4,NA,NA,89725.4335691707,NA
183190401,65,"2",NA,NA,1,NA,NA,89725.4335691707,NA
183190501,80,"1","10",NA,1,NA,NA,89725.4335691707,NA
183190601,64,"2","3",NA,2,NA,NA,89725.4335691707,NA
183190801,52,"1","3",NA,3,NA,NA,89725.4335691707,NA
183320101,53,"1","1","2",3,NA,NA,89725.4335691707,NA
183320301,62,"2","1","2",3,NA,NA,89725.4335691707,NA
183320401,47,"2","5","2",4,NA,NA,89725.4335691707,NA
183320501,23,"2","3","2",3,NA,NA,89725.4335691707,NA
183320701,41,"1",NA,"2",10,NA,NA,89725.4335691707,NA
183320801,67,"1","4","2",2,NA,NA,89725.4335691707,NA
183350101,56,"2","7","3",3,NA,NA,89725.4335691707,NA
183350201,65,"2","5","3",1,NA,NA,89725.4335691707,NA
183350301,62,"2","5","3",2,NA,NA,89725.4335691707,NA
183350601,56,"1","7","3",4,NA,NA,89725.4335691707,NA
183350801,80,"1","3","3",2,NA,NA,89725.4335691707,NA
183370201,53,"1","11","3",2,NA,NA,89725.4335691707,NA
183370601,26,"1","11","3",3,NA,NA,89725.4335691707,NA
183400201,47,"1","12",NA,4,NA,NA,89725.4335691707,NA
183400901,44,"2","10",NA,2,NA,NA,89725.4335691707,NA
183490101,63,"2","3",NA,4,NA,NA,89725.4335691707,NA
183490201,58,"1","5",NA,2,NA,NA,89725.4335691707,NA
183490401,64,"1","5",NA,2,NA,NA,89725.4335691707,NA
183490501,60,"1","4",NA,1,NA,NA,89725.4335691707,NA
183490701,56,"2","1",NA,6,NA,NA,89725.4335691707,NA
183490801,71,"1","9",NA,2,NA,NA,89725.4335691707,NA
183550101,65,"1","11","3",4,NA,NA,89725.4335691707,NA
183550201,48,"2","5","3",2,NA,NA,89725.4335691707,NA
183550301,66,"2","3","3",3,NA,NA,89725.4335691707,NA
183550801,44,"2","10","3",4,NA,NA,89725.4335691707,NA
183700101,68,"2","3","2",2,NA,NA,89725.4335691707,NA
183700201,57,"1",NA,"2",4,NA,NA,89725.4335691707,NA
183700301,67,"1","3","2",2,NA,NA,89725.4335691707,NA
183700401,37,"2","11","2",2,NA,NA,89725.4335691707,NA
183700501,63,"2","1","2",5,NA,NA,89725.4335691707,NA
183700801,59,"2","5","2",1,NA,NA,89725.4335691707,NA
183800101,67,"2","11",NA,1,NA,NA,89725.4335691707,NA
183800201,73,"2","6",NA,2,NA,NA,89725.4335691707,NA
183800401,67,"1","11",NA,3,NA,NA,89725.4335691707,NA
183800701,80,"1","11",NA,2,NA,NA,89725.4335691707,NA
183800801,50,"2","6",NA,5,NA,NA,89725.4335691707,NA
183930101,65,"2","1",NA,3,NA,NA,89725.4335691707,NA
183930201,38,"1","11",NA,6,NA,NA,89725.4335691707,NA
183930301,86,"2",NA,NA,2,NA,NA,89725.4335691707,NA
183930401,65,"2","4",NA,4,NA,NA,89725.4335691707,NA
183930501,64,"1","3",NA,1,NA,NA,89725.4335691707,NA
183930601,86,"1",NA,NA,3,NA,NA,89725.4335691707,NA
183930701,57,"1",NA,NA,1,NA,NA,89725.4335691707,NA
183930801,68,"2",NA,NA,6,NA,NA,89725.4335691707,NA
184000101,41,"2","3","2",4,NA,NA,89725.4335691707,NA
184000201,36,"1","1","2",3,NA,NA,89725.4335691707,NA
184000301,43,"2",NA,"2",2,NA,NA,89725.4335691707,NA
184000401,59,"2","9","2",4,NA,NA,89725.4335691707,NA
184000402,20,"2","5","2",2,NA,NA,89725.4335691707,NA
184000501,37,"2","3","2",4,NA,NA,89725.4335691707,NA
184000502,38,"1","3","2",1,NA,NA,89725.4335691707,NA
184000701,20,"2","7","2",2,NA,NA,89725.4335691707,NA
184000801,38,"2","6","2",4,NA,NA,89725.4335691707,NA
184290301,41,"2","11","3",2,NA,NA,89725.4335691707,NA
184290501,82,"1","5","3",1,NA,NA,89725.4335691707,NA
184290601,44,"1","6","3",3,NA,NA,89725.4335691707,NA
184290701,63,"2",NA,"3",1,NA,NA,89725.4335691707,NA
184290801,25,"2","9","3",2,NA,NA,89725.4335691707,NA
184340101,90,"1","11","2",3,NA,NA,89725.4335691707,NA
184340501,45,"2","11","2",3,NA,NA,89725.4335691707,NA
184340701,42,"2","8","2",2,NA,NA,89725.4335691707,NA
184340801,39,"2","9","2",2,NA,NA,89725.4335691707,NA
184450101,78,"2","1",NA,4,NA,NA,89725.4335691707,NA
184450501,34,"1","6",NA,1,NA,NA,89725.4335691707,NA
184450801,45,"1","3",NA,1,NA,NA,89725.4335691707,NA
184490101,64,"1","8","3",1,NA,NA,89725.4335691707,NA
184490201,42,"1","11","3",4,NA,NA,89725.4335691707,NA
184490301,39,"2","6","3",2,NA,NA,89725.4335691707,NA
184490501,36,"2","12","3",1,NA,NA,89725.4335691707,NA
184490601,64,"2","11","3",2,NA,NA,89725.4335691707,NA
184490801,44,"1","11","3",5,NA,NA,89725.4335691707,NA
184550401,75,"1",NA,"3",2,NA,NA,89725.4335691707,NA
184550501,41,"1","11","3",3,NA,NA,89725.4335691707,NA
184620101,54,"2","5",NA,2,NA,NA,89725.4335691707,NA
184620201,49,"1","8",NA,7,NA,NA,89725.4335691707,NA
184620401,73,"2",NA,NA,2,NA,NA,89725.4335691707,NA
184620501,65,"1","9",NA,3,NA,NA,89725.4335691707,NA
184620601,60,"1","8",NA,3,NA,NA,89725.4335691707,NA
184620701,45,"1","8",NA,2,NA,NA,89725.4335691707,NA
184620801,54,"2","6",NA,2,NA,NA,89725.4335691707,NA
184650301,33,"1","8",NA,1,NA,NA,89725.4335691707,NA
184650401,40,"1","11",NA,1,NA,NA,89725.4335691707,NA
184650601,50,"1","11",NA,1,NA,NA,89725.4335691707,NA
184650701,26,"2","11",NA,1,NA,NA,89725.4335691707,NA
184650702,23,"2","10",NA,1,NA,NA,89725.4335691707,NA
184680101,46,"1","5",NA,4,NA,NA,89725.4335691707,NA
184680201,56,"1","5",NA,1,NA,NA,89725.4335691707,NA
184680301,34,"2","6",NA,4,NA,NA,89725.4335691707,NA
184680501,82,"2",NA,NA,2,NA,NA,89725.4335691707,NA
184680701,60,"1","5",NA,3,NA,NA,89725.4335691707,NA
185190101,57,"1","-88","2",4,NA,NA,89725.4335691707,NA
185190201,31,"1","5","2",3,NA,NA,89725.4335691707,NA
185190601,45,"1",NA,"2",5,NA,NA,89725.4335691707,NA
185190701,76,"1","7","2",2,NA,NA,89725.4335691707,NA
185710401,44,"2","5",NA,2,NA,NA,89725.4335691707,NA
185710501,31,"2","7",NA,4,NA,NA,89725.4335691707,NA
185710701,49,"1","5",NA,1,NA,NA,89725.4335691707,NA
185710801,29,"1","11",NA,4,NA,NA,89725.4335691707,NA
185860301,65,"1",NA,"2",2,NA,NA,89725.4335691707,NA
185860501,65,"1","8","2",2,NA,NA,89725.4335691707,NA
185860601,52,"2","5","2",2,NA,NA,89725.4335691707,NA
185860801,68,"1","5","2",2,NA,NA,89725.4335691707,NA
186000601,33,"2","5",NA,3,NA,NA,89725.4335691707,NA
186000801,58,"2","3",NA,9,NA,NA,89725.4335691707,NA
186120101,25,"1","9",NA,2,NA,NA,89725.4335691707,NA
186120201,59,"2","11",NA,1,NA,NA,89725.4335691707,NA
186120601,47,"1","11",NA,3,NA,NA,89725.4335691707,NA
186120801,49,"2","11",NA,4,NA,NA,89725.4335691707,NA
186190101,74,"2","3","1",1,NA,NA,89725.4335691707,NA
186190201,37,"2","11","1",4,NA,NA,89725.4335691707,NA
186190301,52,"2","1","1",4,NA,NA,89725.4335691707,NA
186190401,60,"1","6","1",4,NA,NA,89725.4335691707,NA
186190501,55,"2","5","1",3,NA,NA,89725.4335691707,NA
186190601,38,"2","9","1",4,NA,NA,89725.4335691707,NA
186190701,77,"1",NA,"1",1,NA,NA,89725.4335691707,NA
186190801,54,"2","8","1",4,NA,NA,89725.4335691707,NA
186200201,41,"2","11","3",3,NA,NA,89725.4335691707,NA
186200701,58,"1","8","3",3,NA,NA,89725.4335691707,NA
186250101,55,"2","11","3",1,NA,NA,89725.4335691707,NA
186250701,29,"2","11","3",2,NA,NA,89725.4335691707,NA
186250801,74,"2","9","3",1,NA,NA,89725.4335691707,NA
186360401,33,"2","11","3",2,NA,NA,89725.4335691707,NA
186420201,53,"1","6",NA,7,NA,NA,89725.4335691707,NA
186420301,37,"2","11",NA,2,NA,NA,89725.4335691707,NA
186420501,33,"1","11",NA,1,NA,NA,89725.4335691707,NA
186510101,38,"2","8","3",4,NA,NA,89725.4335691707,NA
186510201,45,"2","8","3",2,NA,NA,89725.4335691707,NA
186510401,32,"1","5","3",3,NA,NA,89725.4335691707,NA
186510501,32,"1","11","3",1,NA,NA,89725.4335691707,NA
186510601,57,"1",NA,"3",2,NA,NA,89725.4335691707,NA
186510701,32,"1","8","3",3,NA,NA,89725.4335691707,NA
186510801,39,"2","11","3",3,NA,NA,89725.4335691707,NA
187290101,40,"1","11",NA,4,NA,NA,89725.4335691707,NA
187290201,40,"2","10",NA,5,NA,NA,89725.4335691707,NA
187290301,59,"2","11",NA,2,NA,NA,89725.4335691707,NA
187320101,54,"1","4",NA,4,NA,NA,89725.4335691707,NA
187320201,79,"2","1",NA,5,NA,NA,89725.4335691707,NA
187320202,25,"2","6",NA,2,NA,NA,89725.4335691707,NA
187320301,39,"1","5",NA,4,NA,NA,89725.4335691707,NA
187320501,69,"1","5",NA,2,NA,NA,89725.4335691707,NA
187320601,78,"1",NA,NA,2,NA,NA,89725.4335691707,NA
187320701,91,"2",NA,NA,3,NA,NA,89725.4335691707,NA
187320801,49,"1","5",NA,3,NA,NA,89725.4335691707,NA
187320802,56,"1","6",NA,3,NA,NA,89725.4335691707,NA
187500401,38,"2","11",NA,5,NA,NA,89725.4335691707,NA
187720201,63,"2","5","2",3,NA,NA,89725.4335691707,NA
187720301,64,"1",NA,"2",4,NA,NA,89725.4335691707,NA
187720401,61,"2","1","2",3,NA,NA,89725.4335691707,NA
187720701,40,"1","11","2",1,NA,NA,89725.4335691707,NA
187720801,62,"2","3","2",1,NA,NA,89725.4335691707,NA
187800301,59,"2","6","2",2,NA,NA,89725.4335691707,NA
187800501,63,"1","9","2",1,NA,NA,89725.4335691707,NA
187800801,47,"2","11","2",1,NA,NA,89725.4335691707,NA
188090101,32,"2","11",NA,2,NA,NA,89725.4335691707,NA
188090401,37,"2","8",NA,2,NA,NA,89725.4335691707,NA
188090501,33,"2","11",NA,1,NA,NA,89725.4335691707,NA
188090502,32,"1","11",NA,1,NA,NA,89725.4335691707,NA
188090601,74,"2","3",NA,2,NA,NA,89725.4335691707,NA
188140101,73,"2","4",NA,12,NA,NA,89725.4335691707,NA
188140201,29,"1","9",NA,1,NA,NA,89725.4335691707,NA
188140301,36,"2","10",NA,1,NA,NA,89725.4335691707,NA
188140401,30,"2","12",NA,1,NA,NA,89725.4335691707,NA
188140601,66,"2","11",NA,2,NA,NA,89725.4335691707,NA
188140701,37,"1","12",NA,2,NA,NA,89725.4335691707,NA
188170201,90,"2",NA,"2",2,NA,NA,89725.4335691707,NA
188170301,56,"1","7","2",3,NA,NA,89725.4335691707,NA
188170401,64,"1","8","2",2,NA,NA,89725.4335691707,NA
188170501,67,"1","3","2",3,NA,NA,89725.4335691707,NA
188170601,40,"1","11","2",2,NA,NA,89725.4335691707,NA
188170602,36,"2","11","2",5,NA,NA,89725.4335691707,NA
188210301,35,"2","6",NA,2,NA,NA,89725.4335691707,NA
188210501,50,"2","5",NA,2,NA,NA,89725.4335691707,NA
188210601,64,"2","3",NA,1,NA,NA,89725.4335691707,NA
188210701,35,"2","5",NA,1,NA,NA,89725.4335691707,NA
188210801,49,"2","11",NA,1,NA,NA,89725.4335691707,NA
188250101,29,"2","5",NA,3,NA,NA,89725.4335691707,NA
188250201,31,"2","3",NA,3,NA,NA,89725.4335691707,NA
188250401,52,"2","3",NA,6,NA,NA,89725.4335691707,NA
188250501,47,"1","3",NA,4,NA,NA,89725.4335691707,NA
188250601,37,"2","3",NA,8,NA,NA,89725.4335691707,NA
188250701,56,"1","4",NA,4,NA,NA,89725.4335691707,NA
188250901,74,"2",NA,NA,4,NA,NA,89725.4335691707,NA
188251001,55,"1","11",NA,4,NA,NA,89725.4335691707,NA
188780201,51,"2","3","2",3,NA,NA,89725.4335691707,NA
188780301,32,"1","5","2",3,NA,NA,89725.4335691707,NA
188780501,65,"2","8","2",1,NA,NA,89725.4335691707,NA
188780601,32,"1","6","2",4,NA,NA,89725.4335691707,NA
188780701,23,"1","8","2",1,NA,NA,89725.4335691707,NA
188780702,82,"2",NA,"2",1,NA,NA,89725.4335691707,NA
188780801,43,"2","6","2",3,NA,NA,89725.4335691707,NA
188810101,66,"1",NA,NA,1,NA,NA,89725.4335691707,NA
188810301,62,"1",NA,NA,6,NA,NA,89725.4335691707,NA
188810401,57,"1","5",NA,4,NA,NA,89725.4335691707,NA
188810501,59,"1","11",NA,3,NA,NA,89725.4335691707,NA
188810601,24,"2","11",NA,6,NA,NA,89725.4335691707,NA
188810701,62,"1","11",NA,9,NA,NA,89725.4335691707,NA
188810801,50,"2","5",NA,2,NA,NA,89725.4335691707,NA
188811001,52,"1","3",NA,3,NA,NA,89725.4335691707,NA
188820301,64,"2","6","2",3,NA,NA,89725.4335691707,NA
188820401,65,"2","1","2",4,NA,NA,89725.4335691707,NA
188820501,46,"1",NA,"2",6,NA,NA,89725.4335691707,NA
188820601,34,"1","11","2",3,NA,NA,89725.4335691707,NA
188820701,76,"1",NA,"2",2,NA,NA,89725.4335691707,NA
188820801,46,"2",NA,"2",3,NA,NA,89725.4335691707,NA
188821001,68,"1","5","2",2,NA,NA,89725.4335691707,NA
188830301,53,"1","10",NA,2,NA,NA,89725.4335691707,NA
188830401,33,"1","11",NA,2,NA,NA,89725.4335691707,NA
188830601,53,"1","9",NA,3,NA,NA,89725.4335691707,NA
188950101,54,"2","5",NA,2,NA,NA,89725.4335691707,NA
188950301,70,"2","5",NA,2,NA,NA,89725.4335691707,NA
188950401,34,"2","11",NA,4,NA,NA,89725.4335691707,NA
188950601,53,"2","5",NA,5,NA,NA,89725.4335691707,NA
188950801,41,"1","12",NA,4,NA,NA,89725.4335691707,NA
189160101,82,"1","11",NA,1,NA,NA,89725.4335691707,NA
189160301,44,"1","11",NA,4,NA,NA,89725.4335691707,NA
189160801,73,"2","5",NA,1,NA,NA,89725.4335691707,NA
189230401,41,"1","12","3",4,NA,NA,89725.4335691707,NA
189230701,42,"1","11","3",4,NA,NA,89725.4335691707,NA
189260401,53,"2","8","3",3,NA,NA,89725.4335691707,NA
189260601,50,"2","12","3",4,NA,NA,89725.4335691707,NA
189350101,42,"1","5",NA,3,NA,NA,89725.4335691707,NA
189350201,57,"1","5",NA,4,NA,NA,89725.4335691707,NA
189350301,40,"1","6",NA,5,NA,NA,89725.4335691707,NA
189350601,71,"1","1",NA,3,NA,NA,89725.4335691707,NA
189920101,30,"1","11",NA,1,NA,NA,89725.4335691707,NA
189920102,44,"2","3",NA,2,NA,NA,89725.4335691707,NA
189920103,31,"1","11",NA,1,NA,NA,89725.4335691707,NA
189920201,67,"2","3",NA,1,NA,NA,89725.4335691707,NA
189920301,75,"2","3",NA,2,NA,NA,89725.4335691707,NA
189920401,58,"1","6",NA,3,NA,NA,89725.4335691707,NA
189920601,35,"1","8",NA,1,NA,NA,89725.4335691707,NA
189920701,32,"2","8",NA,2,NA,NA,89725.4335691707,NA
189920801,39,"1","11",NA,1,NA,NA,89725.4335691707,NA
189950101,48,"1","5","1",3,NA,NA,89725.4335691707,NA
189950301,63,"1","5","1",3,NA,NA,89725.4335691707,NA
189950401,80,"2",NA,"1",2,NA,NA,89725.4335691707,NA
189950501,88,"1","8","1",2,NA,NA,89725.4335691707,NA
189950801,55,"1","3","1",5,NA,NA,89725.4335691707,NA
190100201,56,"2","11","3",4,NA,NA,89725.4335691707,NA
190100601,62,"2","8","3",2,NA,NA,89725.4335691707,NA
190150201,44,"1","11",NA,3,NA,NA,89725.4335691707,NA
190200101,50,"2","5","3",2,NA,NA,89725.4335691707,NA
190200401,40,"2","11","3",4,NA,NA,89725.4335691707,NA
190200701,35,"1","8","3",2,NA,NA,89725.4335691707,NA
190200801,52,"2","8","3",1,NA,NA,89725.4335691707,NA
190350101,80,"2","11",NA,1,NA,NA,89725.4335691707,NA
190350501,82,"2","7",NA,1,NA,NA,89725.4335691707,NA
190350601,71,"2","9",NA,2,NA,NA,89725.4335691707,NA
190350701,48,"1","11",NA,1,NA,NA,89725.4335691707,NA
190420201,87,"1","11","3",1,NA,NA,89725.4335691707,NA
190420301,45,"1","11","3",1,NA,NA,89725.4335691707,NA
190420401,48,"1","12","3",3,NA,NA,89725.4335691707,NA
190420601,24,"2","11","3",1,NA,NA,89725.4335691707,NA
190660101,18,"2","7",NA,1,NA,NA,89725.4335691707,NA
190660601,33,"2","-88",NA,5,NA,NA,89725.4335691707,NA
190670101,34,"1","3",NA,1,NA,NA,89725.4335691707,NA
190670201,67,"2",NA,NA,5,NA,NA,89725.4335691707,NA
190670301,38,"1","1",NA,3,NA,NA,89725.4335691707,NA
190670401,40,"1","8",NA,4,NA,NA,89725.4335691707,NA
190670501,47,"1",NA,NA,5,NA,NA,89725.4335691707,NA
190670601,76,"2",NA,NA,6,NA,NA,89725.4335691707,NA
190670701,48,"1","1",NA,8,NA,NA,89725.4335691707,NA
190670801,42,"1","7",NA,1,NA,NA,89725.4335691707,NA
190790101,80,"1",NA,"1",1,NA,NA,89725.4335691707,NA
190790201,52,"2","3","1",2,NA,NA,89725.4335691707,NA
190790401,65,"2",NA,"1",2,NA,NA,89725.4335691707,NA
190790701,57,"2","5","1",3,NA,NA,89725.4335691707,NA
190850601,37,"1","5",NA,6,NA,NA,89725.4335691707,NA
190850701,47,"2","11",NA,5,NA,NA,89725.4335691707,NA
191030201,64,"1","6","1",1,NA,NA,89725.4335691707,NA
191030301,77,"2",NA,"1",1,NA,NA,89725.4335691707,NA
191030401,66,"1","5","1",2,NA,NA,89725.4335691707,NA
191030501,78,"1","1","1",3,NA,NA,89725.4335691707,NA
191030502,53,"2","5","1",3,NA,NA,89725.4335691707,NA
191030601,37,"1","5","1",4,NA,NA,89725.4335691707,NA
191030701,65,"1","5","1",3,NA,NA,89725.4335691707,NA
191030801,59,"2","3","1",4,NA,NA,89725.4335691707,NA
191320301,56,"2","3","1",5,NA,NA,89725.4335691707,NA
191320401,54,"2","5","1",2,NA,NA,89725.4335691707,NA
191320501,45,"1","5","1",5,NA,NA,89725.4335691707,NA
191320601,53,"2","4","1",3,NA,NA,89725.4335691707,NA
191320701,47,"2","1","1",3,NA,NA,89725.4335691707,NA
191320801,30,"2","5","1",5,NA,NA,89725.4335691707,NA
191440201,64,"1","3",NA,2,NA,NA,89725.4335691707,NA
191440301,82,"2","1",NA,2,NA,NA,89725.4335691707,NA
191440401,52,"1","3",NA,2,NA,NA,89725.4335691707,NA
191440601,64,"1","3",NA,3,NA,NA,89725.4335691707,NA
191440701,65,"2","5",NA,6,NA,NA,89725.4335691707,NA
191440801,51,"2","8",NA,3,NA,NA,89725.4335691707,NA
191480201,65,"2","11","3",2,NA,NA,89725.4335691707,NA
191480301,63,"1","5","3",2,NA,NA,89725.4335691707,NA
191480701,41,"2","11","3",1,NA,NA,89725.4335691707,NA
191480801,27,"2","11","3",3,NA,NA,89725.4335691707,NA
191580201,83,"2","5","2",2,NA,NA,89725.4335691707,NA
191580501,50,"2","3","2",3,NA,NA,89725.4335691707,NA
191600101,40,"1","11","3",6,NA,NA,89725.4335691707,NA
191600201,52,"1","5","3",3,NA,NA,89725.4335691707,NA
191600401,36,"1","8","3",4,NA,NA,89725.4335691707,NA
191600601,47,"2","8","3",4,NA,NA,89725.4335691707,NA
191600801,35,"1","5","3",3,NA,NA,89725.4335691707,NA
191610101,38,"1","11","1",5,NA,NA,89725.4335691707,NA
191610201,70,"1","3","1",6,NA,NA,89725.4335691707,NA
191610301,39,"1",NA,"1",3,NA,NA,89725.4335691707,NA
191610501,70,"2","3","1",2,NA,NA,89725.4335691707,NA
191610502,58,"1","5","1",1,NA,NA,89725.4335691707,NA
191610503,42,"1","1","1",1,NA,NA,89725.4335691707,NA
191610504,24,"1","3","1",1,NA,NA,89725.4335691707,NA
191610701,33,"1","11","1",2,NA,NA,89725.4335691707,NA
192070201,42,"1","11","3",2,NA,NA,89725.4335691707,NA
192070301,20,"1","5","3",1,NA,NA,89725.4335691707,NA
192140101,33,"2","11","3",4,NA,NA,89725.4335691707,NA
192140301,23,"2","8","3",2,NA,NA,89725.4335691707,NA
192140601,33,"1","12","3",3,NA,NA,89725.4335691707,NA
192140701,19,"2","9","3",2,NA,NA,89725.4335691707,NA
192140801,26,"2","11","3",2,NA,NA,89725.4335691707,NA
192150201,17,"2","3",NA,2,NA,NA,89725.4335691707,NA
192150301,36,"2","7",NA,5,NA,NA,89725.4335691707,NA
192150401,54,"2","5",NA,3,NA,NA,89725.4335691707,NA
192150501,83,"2","5",NA,2,NA,NA,89725.4335691707,NA
192150601,31,"1","6",NA,5,NA,NA,89725.4335691707,NA
192150701,70,"1","3",NA,3,NA,NA,89725.4335691707,NA
192260701,43,"1","12",NA,5,NA,NA,89725.4335691707,NA
192260801,62,"2","11",NA,1,NA,NA,89725.4335691707,NA
192370101,73,"1","5",NA,2,NA,NA,89725.4335691707,NA
192370301,33,"1","5",NA,6,NA,NA,89725.4335691707,NA
192370401,74,"1","3",NA,1,NA,NA,89725.4335691707,NA
192370601,32,"1",NA,NA,1,NA,NA,89725.4335691707,NA
192370701,30,"2","9",NA,3,NA,NA,89725.4335691707,NA
192370801,39,"1","8",NA,4,NA,NA,89725.4335691707,NA
192371001,66,"2","1",NA,1,NA,NA,89725.4335691707,NA
192371002,41,"1",NA,NA,1,NA,NA,89725.4335691707,NA
192390201,65,"1",NA,"2",2,NA,NA,89725.4335691707,NA
192390301,30,"1","5","2",2,NA,NA,89725.4335691707,NA
192390401,60,"1","5","2",3,NA,NA,89725.4335691707,NA
192390501,26,"2","5","2",3,NA,NA,89725.4335691707,NA
192390701,23,"1","6","2",1,NA,NA,89725.4335691707,NA
192390801,77,"1","1","2",2,NA,NA,89725.4335691707,NA
192560201,45,"1","11",NA,2,NA,NA,89725.4335691707,NA
192560401,56,"1","9",NA,4,NA,NA,89725.4335691707,NA
192560601,65,"2","11",NA,2,NA,NA,89725.4335691707,NA
192560801,45,"1","11",NA,3,NA,NA,89725.4335691707,NA
192770301,58,"2","5",NA,3,NA,NA,89725.4335691707,NA
192770401,45,"2","3",NA,2,NA,NA,89725.4335691707,NA
192770601,36,"2","6",NA,3,NA,NA,89725.4335691707,NA
192770701,65,"1",NA,NA,4,NA,NA,89725.4335691707,NA
192850201,56,"1",NA,NA,3,NA,NA,89725.4335691707,NA
192850301,90,"2",NA,NA,1,NA,NA,89725.4335691707,NA
192850701,37,"1","3",NA,5,NA,NA,89725.4335691707,NA
192850901,38,"2","5",NA,7,NA,NA,89725.4335691707,NA
192930101,37,"1","11","3",3,NA,NA,89725.4335691707,NA
192930301,32,"1","11","3",3,NA,NA,89725.4335691707,NA
192930401,30,"2","11","3",2,NA,NA,89725.4335691707,NA
192930701,31,"2","12","3",1,NA,NA,89725.4335691707,NA
192930801,31,"1","8","3",1,NA,NA,89725.4335691707,NA
193000201,56,"1","11",NA,2,NA,NA,89725.4335691707,NA
193000301,77,"2","3",NA,2,NA,NA,89725.4335691707,NA
193000401,58,"1","6",NA,5,NA,NA,89725.4335691707,NA
193000501,90,"1","6",NA,1,NA,NA,89725.4335691707,NA
193000801,35,"2","12",NA,3,NA,NA,89725.4335691707,NA
193050301,59,"2","5",NA,7,NA,NA,89725.4335691707,NA
193050401,81,"2","5",NA,5,NA,NA,89725.4335691707,NA
193050601,34,"2","11",NA,4,NA,NA,89725.4335691707,NA
193050701,53,"2","8",NA,5,NA,NA,89725.4335691707,NA
193080101,58,"2","12",NA,2,NA,NA,89725.4335691707,NA
193080201,47,"2","8",NA,5,NA,NA,89725.4335691707,NA
193080301,32,"2","11",NA,3,NA,NA,89725.4335691707,NA
193080501,72,"2","1",NA,3,NA,NA,89725.4335691707,NA
193080601,65,"2","11",NA,2,NA,NA,89725.4335691707,NA
193080701,83,"2","3",NA,3,NA,NA,89725.4335691707,NA
193180101,73,"2","11","3",3,NA,NA,89725.4335691707,NA
193180201,34,"1","11","3",2,NA,NA,89725.4335691707,NA
193180301,54,"1","11","3",5,NA,NA,89725.4335691707,NA
193180401,54,"1","12","3",5,NA,NA,89725.4335691707,NA
193180601,44,"2","11","3",3,NA,NA,89725.4335691707,NA
193180801,80,"1","11","3",3,NA,NA,89725.4335691707,NA
193230201,31,"1","11","3",2,NA,NA,89725.4335691707,NA
193230301,63,"2","11","3",2,NA,NA,89725.4335691707,NA
193230601,77,"1","11","3",4,NA,NA,89725.4335691707,NA
193230701,58,"1","11","3",5,NA,NA,89725.4335691707,NA
193230801,43,"2","11","3",4,NA,NA,89725.4335691707,NA
194000201,33,"2","11",NA,4,NA,NA,89725.4335691707,NA
194000401,46,"2","5",NA,2,NA,NA,89725.4335691707,NA
194000501,46,"1","7",NA,5,NA,NA,89725.4335691707,NA
194000701,38,"1","6",NA,1,NA,NA,89725.4335691707,NA
194040301,58,"1",NA,NA,2,NA,NA,89725.4335691707,NA
194040401,73,"2",NA,NA,1,NA,NA,89725.4335691707,NA
194040501,40,"2","5",NA,4,NA,NA,89725.4335691707,NA
194060101,53,"1","11",NA,2,NA,NA,89725.4335691707,NA
194060201,60,"1","1",NA,1,NA,NA,89725.4335691707,NA
194060301,39,"2","5",NA,2,NA,NA,89725.4335691707,NA
194060401,48,"2","11",NA,4,NA,NA,89725.4335691707,NA
194060501,45,"1","5",NA,3,NA,NA,89725.4335691707,NA
194060601,28,"2","3",NA,2,NA,NA,89725.4335691707,NA
194060701,63,"1","5",NA,1,NA,NA,89725.4335691707,NA
194060801,69,"2",NA,NA,4,NA,NA,89725.4335691707,NA
194061001,50,"1","11",NA,3,NA,NA,89725.4335691707,NA
194100101,38,"2","8",NA,3,NA,NA,89725.4335691707,NA
194100301,45,"2","8",NA,6,NA,NA,89725.4335691707,NA
194100401,32,"1","11",NA,7,NA,NA,89725.4335691707,NA
194100801,44,"2","5",NA,4,NA,NA,89725.4335691707,NA
194110101,31,"2","11","3",2,NA,NA,89725.4335691707,NA
194110201,43,"2","8","3",2,NA,NA,89725.4335691707,NA
194110401,55,"2","6","3",3,NA,NA,89725.4335691707,NA
194150201,43,"1","9","3",1,NA,NA,89725.4335691707,NA
194150301,89,"2","3","3",1,NA,NA,89725.4335691707,NA
194150501,65,"2","4","3",1,NA,NA,89725.4335691707,NA
194150701,47,"1","11","3",1,NA,NA,89725.4335691707,NA
194200101,44,"1","1","2",1,NA,NA,89725.4335691707,NA
194200201,55,"1","5","2",4,NA,NA,89725.4335691707,NA
194200301,53,"1",NA,"2",1,NA,NA,89725.4335691707,NA
194200401,50,"2","6","2",3,NA,NA,89725.4335691707,NA
194200501,56,"1","5","2",3,NA,NA,89725.4335691707,NA
194200601,70,"2","5","2",1,NA,NA,89725.4335691707,NA
194200701,20,"1","9","2",1,NA,NA,89725.4335691707,NA
194370101,48,"2",NA,NA,3,NA,NA,89725.4335691707,NA
194370201,62,"1","5",NA,4,NA,NA,89725.4335691707,NA
194370301,57,"1","5",NA,1,NA,NA,89725.4335691707,NA
194370601,40,"1","5",NA,4,NA,NA,89725.4335691707,NA
194470301,62,"1","5","2",3,NA,NA,89725.4335691707,NA
194470401,59,"2","6","2",1,NA,NA,89725.4335691707,NA
194470501,62,"1",NA,"2",2,NA,NA,89725.4335691707,NA
194470801,67,"2","4","2",2,NA,NA,89725.4335691707,NA
194880401,26,"1","11",NA,2,NA,NA,89725.4335691707,NA
194880501,54,"2","6",NA,3,NA,NA,89725.4335691707,NA
195240201,53,"2","1","1",2,NA,NA,89725.4335691707,NA
195240301,64,"2","1","1",2,NA,NA,89725.4335691707,NA
195240401,67,"1","4","1",4,NA,NA,89725.4335691707,NA
195240501,72,"2",NA,"1",1,NA,NA,89725.4335691707,NA
195240502,42,"2","6","1",3,NA,NA,89725.4335691707,NA
195240701,77,"2","3","1",3,NA,NA,89725.4335691707,NA
195240801,47,"2","6","1",5,NA,NA,89725.4335691707,NA
195330301,68,"2","11","3",3,NA,NA,89725.4335691707,NA
195330401,39,"1","11","3",5,NA,NA,89725.4335691707,NA
195330601,61,"2","11","3",5,NA,NA,89725.4335691707,NA
195340101,30,"1","1",NA,1,NA,NA,89725.4335691707,NA
195340201,35,"1","6",NA,5,NA,NA,89725.4335691707,NA
195340301,72,"2",NA,NA,1,NA,NA,89725.4335691707,NA
195340501,46,"2","8",NA,3,NA,NA,89725.4335691707,NA
195340701,68,"2","3",NA,1,NA,NA,89725.4335691707,NA
195550101,23,"1","9","3",1,NA,NA,89725.4335691707,NA
195750101,59,"2",NA,NA,3,NA,NA,89725.4335691707,NA
195750201,60,"2","1",NA,3,NA,NA,89725.4335691707,NA
195750301,68,"1","1",NA,5,NA,NA,89725.4335691707,NA
195750701,33,"2","6",NA,3,NA,NA,89725.4335691707,NA
195820201,62,"2","8","3",1,NA,NA,89725.4335691707,NA
195820301,35,"1","11","3",5,NA,NA,89725.4335691707,NA
195820501,65,"1","12","3",3,NA,NA,89725.4335691707,NA
195820601,54,"1","11","3",3,NA,NA,89725.4335691707,NA
195910801,38,"1","11",NA,5,NA,NA,89725.4335691707,NA
196140101,70,"1","4","2",2,NA,NA,89725.4335691707,NA
196140201,66,"1",NA,"2",4,NA,NA,89725.4335691707,NA
196140301,34,"1","3","2",4,NA,NA,89725.4335691707,NA
196140401,49,"2","11","2",5,NA,NA,89725.4335691707,NA
196140601,60,"1",NA,"2",3,NA,NA,89725.4335691707,NA
196140701,51,"2","6","2",2,NA,NA,89725.4335691707,NA
196140801,80,"2",NA,"2",3,NA,NA,89725.4335691707,NA
196140901,76,"1","4","2",3,NA,NA,89725.4335691707,NA
196141001,73,"2","5","2",2,NA,NA,89725.4335691707,NA
196150101,36,"2","3","2",5,NA,NA,89725.4335691707,NA
196150102,75,"2","1","2",4,NA,NA,89725.4335691707,NA
196150201,75,"2","1","2",2,NA,NA,89725.4335691707,NA
196150401,74,"1",NA,"2",2,NA,NA,89725.4335691707,NA
196150501,44,"2","11","2",4,NA,NA,89725.4335691707,NA
196150601,78,"1","5","2",2,NA,NA,89725.4335691707,NA
196150701,69,"1","1","2",4,NA,NA,89725.4335691707,NA
196150801,69,"2","1","2",1,NA,NA,89725.4335691707,NA
196220201,41,"2","6",NA,3,NA,NA,89725.4335691707,NA
196220301,51,"2","8",NA,4,NA,NA,89725.4335691707,NA
196220401,35,"2","11",NA,2,NA,NA,89725.4335691707,NA
196220501,52,"1","5",NA,3,NA,NA,89725.4335691707,NA
196220601,48,"1","8",NA,5,NA,NA,89725.4335691707,NA
196220701,55,"1","6",NA,5,NA,NA,89725.4335691707,NA
196220801,44,"1","6",NA,3,NA,NA,89725.4335691707,NA
196340201,44,"1","5","2",6,NA,NA,89725.4335691707,NA
196340202,68,"2",NA,"2",3,NA,NA,89725.4335691707,NA
196340401,50,"2","5","2",2,NA,NA,89725.4335691707,NA
196340501,55,"2","5","2",4,NA,NA,89725.4335691707,NA
196340701,76,"2","1","2",2,NA,NA,89725.4335691707,NA
196340801,45,"2","6","2",4,NA,NA,89725.4335691707,NA
196340802,37,"1",NA,"2",2,NA,NA,89725.4335691707,NA
196370201,47,"2","9",NA,2,NA,NA,89725.4335691707,NA
196370401,44,"1","11",NA,1,NA,NA,89725.4335691707,NA
196370601,53,"2","11",NA,3,NA,NA,89725.4335691707,NA
196370701,80,"1","9",NA,4,NA,NA,89725.4335691707,NA
196370801,38,"1","10",NA,2,NA,NA,89725.4335691707,NA
196380101,48,"1","3",NA,5,NA,NA,89725.4335691707,NA
196380301,50,"2","6",NA,3,NA,NA,89725.4335691707,NA
196380401,47,"2","11",NA,4,NA,NA,89725.4335691707,NA
196380601,52,"1","5",NA,5,NA,NA,89725.4335691707,NA
196380701,54,"2","4",NA,3,NA,NA,89725.4335691707,NA
196530401,39,"2","11","3",1,NA,NA,89725.4335691707,NA
196530701,66,"2","7","3",2,NA,NA,89725.4335691707,NA
196760101,28,"1","7","2",3,NA,NA,89725.4335691707,NA
196760201,43,"2","6","2",3,NA,NA,89725.4335691707,NA
196760401,84,"1",NA,"2",2,NA,NA,89725.4335691707,NA
196760501,34,"2","5","2",6,NA,NA,89725.4335691707,NA
196760601,39,"2","4","2",4,NA,NA,89725.4335691707,NA
196760701,48,"2","6","2",2,NA,NA,89725.4335691707,NA
196760801,63,"1","3","2",2,NA,NA,89725.4335691707,NA
196770301,42,"1","8","3",5,NA,NA,89725.4335691707,NA
196770501,46,"1","8","3",4,NA,NA,89725.4335691707,NA
196860101,65,"1","5","3",3,NA,NA,89725.4335691707,NA
196860201,33,"1","9","3",5,NA,NA,89725.4335691707,NA
196860202,33,"2","5","3",4,NA,NA,89725.4335691707,NA
196860501,34,"2","10","3",2,NA,NA,89725.4335691707,NA
196860601,69,"2","11","3",3,NA,NA,89725.4335691707,NA
196860701,32,"2","9","3",7,NA,NA,89725.4335691707,NA
196870101,66,"1","11","3",6,NA,NA,89725.4335691707,NA
196870401,51,"2","9","3",4,NA,NA,89725.4335691707,NA
196870701,72,"1","11","3",2,NA,NA,89725.4335691707,NA
197050601,53,"2","11",NA,8,NA,NA,89725.4335691707,NA
197050701,70,"2","9",NA,4,NA,NA,89725.4335691707,NA
197060401,67,"2","8","3",2,NA,NA,89725.4335691707,NA
197060601,45,"2","11","3",3,NA,NA,89725.4335691707,NA
197060801,56,"2","5","3",2,NA,NA,89725.4335691707,NA
197140101,57,"2","5","2",2,NA,NA,89725.4335691707,NA
197140401,90,"1","1","2",2,NA,NA,89725.4335691707,NA
197140501,67,"2","5","2",6,NA,NA,89725.4335691707,NA
197140601,32,"2","11","2",4,NA,NA,89725.4335691707,NA
197140701,63,"2","11","2",2,NA,NA,89725.4335691707,NA
197260701,27,"2","10",NA,2,NA,NA,89725.4335691707,NA
197420801,48,"1","12","3",3,NA,NA,89725.4335691707,NA
198030201,78,"1","1","1",3,NA,NA,89725.4335691707,NA
198030301,58,"2","11","1",2,NA,NA,89725.4335691707,NA
198030401,50,"2","6","1",3,NA,NA,89725.4335691707,NA
198030701,56,"2","3","1",4,NA,NA,89725.4335691707,NA
198030801,33,"2","5","1",4,NA,NA,89725.4335691707,NA
198030802,57,"1","3","1",3,NA,NA,89725.4335691707,NA
198040201,42,"2","6","3",1,NA,NA,89725.4335691707,NA
198040301,47,"1","11","3",4,NA,NA,89725.4335691707,NA
198080101,61,"2","5",NA,2,NA,NA,89725.4335691707,NA
198080201,54,"1","6",NA,6,NA,NA,89725.4335691707,NA
198080301,60,"1",NA,NA,5,NA,NA,89725.4335691707,NA
198080401,68,"1","4",NA,1,NA,NA,89725.4335691707,NA
198080601,74,"2",NA,NA,1,NA,NA,89725.4335691707,NA
198080701,65,"2","1",NA,4,NA,NA,89725.4335691707,NA
198080801,58,"2",NA,NA,4,NA,NA,89725.4335691707,NA
198080901,76,"2","1",NA,3,NA,NA,89725.4335691707,NA
198081001,49,"1",NA,NA,4,NA,NA,89725.4335691707,NA
198140201,47,"1","7","3",4,NA,NA,89725.4335691707,NA
198140301,36,"1","11","3",4,NA,NA,89725.4335691707,NA
198140401,39,"1","5","3",5,NA,NA,89725.4335691707,NA
198140601,61,"2","11","3",5,NA,NA,89725.4335691707,NA
198140701,44,"1","6","3",4,NA,NA,89725.4335691707,NA
198140801,48,"2","6","3",4,NA,NA,89725.4335691707,NA
198290101,42,"1","11","3",2,NA,NA,89725.4335691707,NA
198290201,66,"1","1","3",2,NA,NA,89725.4335691707,NA
198290401,47,"2","11","3",4,NA,NA,89725.4335691707,NA
198320201,77,"1","3","2",2,NA,NA,89725.4335691707,NA
198320401,49,"1",NA,"2",3,NA,NA,89725.4335691707,NA
198320501,31,"2","11","2",1,NA,NA,89725.4335691707,NA
198320601,50,"2",NA,"2",5,NA,NA,89725.4335691707,NA
198320701,43,"2","6","2",3,NA,NA,89725.4335691707,NA
198320801,52,"1",NA,"2",6,NA,NA,89725.4335691707,NA
198330101,79,"1","12",NA,1,NA,NA,89725.4335691707,NA
198330301,71,"2","8",NA,1,NA,NA,89725.4335691707,NA
198330701,49,"2","11",NA,3,NA,NA,89725.4335691707,NA
198330801,29,"1","9",NA,2,NA,NA,89725.4335691707,NA
198410101,52,"2","9",NA,5,NA,NA,89725.4335691707,NA
198410301,67,"1",NA,NA,1,NA,NA,89725.4335691707,NA
198410501,64,"2","3",NA,2,NA,NA,89725.4335691707,NA
198410601,55,"2","11",NA,5,NA,NA,89725.4335691707,NA
198410701,72,"1","5",NA,3,NA,NA,89725.4335691707,NA
198410801,40,"2","8",NA,5,NA,NA,89725.4335691707,NA
198510101,50,"1","11","3",5,NA,NA,89725.4335691707,NA
198510401,40,"2","11","3",4,NA,NA,89725.4335691707,NA
198510701,41,"2","5","3",3,NA,NA,89725.4335691707,NA
198510702,23,"2","7","3",1,NA,NA,89725.4335691707,NA
198530101,51,"2","12",NA,3,NA,NA,89725.4335691707,NA
198690101,66,"2","4","2",4,NA,NA,89725.4335691707,NA
198690201,69,"1","5","2",3,NA,NA,89725.4335691707,NA
198690401,57,"2","5","2",1,NA,NA,89725.4335691707,NA
198690501,44,"2","5","2",3,NA,NA,89725.4335691707,NA
198690601,24,"1","11","2",8,NA,NA,89725.4335691707,NA
198690701,42,"1","8","2",5,NA,NA,89725.4335691707,NA
198690801,35,"1","4","2",4,NA,NA,89725.4335691707,NA
198790401,52,"2","11",NA,5,NA,NA,89725.4335691707,NA
198790501,80,"2","5",NA,2,NA,NA,89725.4335691707,NA
198790601,29,"1","10",NA,2,NA,NA,89725.4335691707,NA
198790801,64,"2","5",NA,3,NA,NA,89725.4335691707,NA
198850401,29,"1","8","3",1,NA,NA,89725.4335691707,NA
199020101,60,"2","8","1",2,NA,NA,89725.4335691707,NA
199020201,78,"1",NA,"1",3,NA,NA,89725.4335691707,NA
199020301,51,"2","5","1",5,NA,NA,89725.4335691707,NA
199020401,40,"1",NA,"1",4,NA,NA,89725.4335691707,NA
199020601,67,"2","1","1",3,NA,NA,89725.4335691707,NA
199020701,64,"2","3","1",3,NA,NA,89725.4335691707,NA
199020801,47,"2","6","1",3,NA,NA,89725.4335691707,NA
199060201,43,"1","11",NA,1,NA,NA,89725.4335691707,NA
199060301,32,"2","6",NA,1,NA,NA,89725.4335691707,NA
199060401,40,"2","5",NA,3,NA,NA,89725.4335691707,NA
199060501,28,"2","11",NA,1,NA,NA,89725.4335691707,NA
199060601,22,"2","9",NA,3,NA,NA,89725.4335691707,NA
199060701,62,"2","5",NA,1,NA,NA,89725.4335691707,NA
199060801,47,"1","11",NA,2,NA,NA,89725.4335691707,NA
199210601,30,"2","6",NA,1,NA,NA,89725.4335691707,NA
199270101,81,"1","4","2",2,NA,NA,89725.4335691707,NA
199270201,61,"2","8","2",1,NA,NA,89725.4335691707,NA
199270301,71,"1","5","2",2,NA,NA,89725.4335691707,NA
199270401,58,"2",NA,"2",3,NA,NA,89725.4335691707,NA
199270501,76,"1","3","2",2,NA,NA,89725.4335691707,NA
199270601,61,"2","8","2",1,NA,NA,89725.4335691707,NA
199270701,87,"2","1","2",1,NA,NA,89725.4335691707,NA
199270801,36,"1","6","2",2,NA,NA,89725.4335691707,NA
199400101,60,"2",NA,"2",5,NA,NA,89725.4335691707,NA
199400301,43,"1","6","2",4,NA,NA,89725.4335691707,NA
199400401,56,"1","6","2",6,NA,NA,89725.4335691707,NA
199400801,52,"1","6","2",3,NA,NA,89725.4335691707,NA
199420701,67,"2","5","3",1,NA,NA,89725.4335691707,NA
199420801,38,"2","8","3",3,NA,NA,89725.4335691707,NA
199510101,66,"2","11","3",1,NA,NA,89725.4335691707,NA
199510201,59,"1",NA,"3",1,NA,NA,89725.4335691707,NA
199510301,53,"1","8","3",3,NA,NA,89725.4335691707,NA
199510501,36,"2","11","3",4,NA,NA,89725.4335691707,NA
199510601,60,"1","11","3",2,NA,NA,89725.4335691707,NA
199510701,48,"2","8","3",2,NA,NA,89725.4335691707,NA
199560201,70,"2","5","2",2,NA,NA,89725.4335691707,NA
199560301,28,"2","12","2",4,NA,NA,89725.4335691707,NA
199560401,68,"2","5","2",2,NA,NA,89725.4335691707,NA
199560501,40,"1","8","2",4,NA,NA,89725.4335691707,NA
199560701,87,"2","5","2",1,NA,NA,89725.4335691707,NA
199680101,38,"2","6",NA,4,NA,NA,89725.4335691707,NA
199680401,49,"2","8",NA,4,NA,NA,89725.4335691707,NA
199680601,54,"1","1",NA,1,NA,NA,89725.4335691707,NA
199680701,59,"2","3",NA,2,NA,NA,89725.4335691707,NA
199680801,47,"2",NA,NA,3,NA,NA,89725.4335691707,NA
199990101,55,"2","12",NA,3,NA,NA,89725.4335691707,NA
199990201,56,"2","11",NA,3,NA,NA,89725.4335691707,NA
199990501,63,"1",NA,NA,3,NA,NA,89725.4335691707,NA
199990701,61,"2","1",NA,7,NA,NA,89725.4335691707,NA
199990702,25,"1","5",NA,3,NA,NA,89725.4335691707,NA
199990801,42,"2","5",NA,5,NA,NA,89725.4335691707,NA
200010101,47,"1","12",NA,2,NA,NA,89725.4335691707,NA
200010601,56,"1","8",NA,5,NA,NA,89725.4335691707,NA
200050201,56,"2","5","2",2,NA,NA,89725.4335691707,NA
200050501,40,"1","3","2",10,NA,NA,89725.4335691707,NA
200070701,54,"1","12",NA,1,NA,NA,89725.4335691707,NA
200070801,53,"1","5",NA,4,NA,NA,89725.4335691707,NA
200910101,69,"1","5","1",3,NA,NA,89725.4335691707,NA
200910102,35,"1","5","1",3,NA,NA,89725.4335691707,NA
200910103,29,"2","6","1",3,NA,NA,89725.4335691707,NA
200910104,19,"2","5","1",1,NA,NA,89725.4335691707,NA
200910201,57,"2","5","1",3,NA,NA,89725.4335691707,NA
200910301,78,"2","1","1",2,NA,NA,89725.4335691707,NA
200910401,38,"1","5","1",4,NA,NA,89725.4335691707,NA
200910701,72,"2","1","1",1,NA,NA,89725.4335691707,NA
200910801,49,"2","5","1",3,NA,NA,89725.4335691707,NA
200990101,36,"2","6","2",5,NA,NA,89725.4335691707,NA
200990201,41,"2","5","2",3,NA,NA,89725.4335691707,NA
200990301,44,"2","6","2",3,NA,NA,89725.4335691707,NA
200990401,23,"1","3","2",4,NA,NA,89725.4335691707,NA
200990601,60,"1",NA,"2",1,NA,NA,89725.4335691707,NA
200990701,52,"1","1","2",4,NA,NA,89725.4335691707,NA
200990801,48,"2","-88","2",6,NA,NA,89725.4335691707,NA
201190101,58,"2","5","2",3,NA,NA,89725.4335691707,NA
201190301,66,"1","5","2",3,NA,NA,89725.4335691707,NA
201190501,38,"1","8","2",4,NA,NA,89725.4335691707,NA
201190801,54,"1","7","2",2,NA,NA,89725.4335691707,NA
201550101,86,"1","1","1",4,NA,NA,89725.4335691707,NA
201550201,69,"1","5","1",3,NA,NA,89725.4335691707,NA
201550301,61,"2","3","1",2,NA,NA,89725.4335691707,NA
201550401,70,"1",NA,"1",1,NA,NA,89725.4335691707,NA
201550501,49,"1","3","1",3,NA,NA,89725.4335691707,NA
201550601,70,"2","1","1",2,NA,NA,89725.4335691707,NA
201570101,24,"2","3",NA,4,NA,NA,89725.4335691707,NA
201570201,37,"1","3",NA,1,NA,NA,89725.4335691707,NA
201570202,51,"1","1",NA,1,NA,NA,89725.4335691707,NA
201570301,62,"1","3",NA,2,NA,NA,89725.4335691707,NA
201570401,85,"2","3",NA,1,NA,NA,89725.4335691707,NA
201570501,50,"1","5",NA,1,NA,NA,89725.4335691707,NA
201570601,68,"2","1",NA,2,NA,NA,89725.4335691707,NA
201570701,36,"2","5",NA,2,NA,NA,89725.4335691707,NA
201570801,43,"1","5",NA,1,NA,NA,89725.4335691707,NA
201570802,32,"1",NA,NA,3,NA,NA,89725.4335691707,NA
201810301,69,"2","11","3",1,NA,NA,89725.4335691707,NA
201810501,47,"1","11","3",2,NA,NA,89725.4335691707,NA
201810601,61,"1","10","3",3,NA,NA,89725.4335691707,NA
201810701,30,"2","11","3",2,NA,NA,89725.4335691707,NA
201830201,76,"2","6",NA,1,NA,NA,89725.4335691707,NA
201830301,65,"2","3",NA,2,NA,NA,89725.4335691707,NA
201830401,31,"1","8",NA,1,NA,NA,89725.4335691707,NA
201830501,33,"1","5",NA,1,NA,NA,89725.4335691707,NA
201830701,61,"2","3",NA,2,NA,NA,89725.4335691707,NA
201830801,36,"1",NA,NA,1,NA,NA,89725.4335691707,NA
201950401,59,"1","6","3",2,NA,NA,89725.4335691707,NA
201950601,45,"2","12","3",6,NA,NA,89725.4335691707,NA
201950701,50,"2","3","3",4,NA,NA,89725.4335691707,NA
201960101,73,"2",NA,NA,2,NA,NA,89725.4335691707,NA
201960201,58,"1","1",NA,2,NA,NA,89725.4335691707,NA
201960301,58,"1","1",NA,5,NA,NA,89725.4335691707,NA
201960601,72,"1",NA,NA,2,NA,NA,89725.4335691707,NA
201960801,21,"1","5",NA,2,NA,NA,89725.4335691707,NA
201961001,62,"1",NA,NA,4,NA,NA,89725.4335691707,NA
202040201,33,"1","12",NA,1,NA,NA,89725.4335691707,NA
202040501,45,"1","11",NA,3,NA,NA,89725.4335691707,NA
202040601,64,"1","12",NA,2,NA,NA,89725.4335691707,NA
202040701,29,"2","11",NA,2,NA,NA,89725.4335691707,NA
202080101,31,"1","7","3",3,NA,NA,89725.4335691707,NA
202080102,51,"1","6","3",5,NA,NA,89725.4335691707,NA
202080201,47,"2","10","3",2,NA,NA,89725.4335691707,NA
202080501,51,"1","12","3",6,NA,NA,89725.4335691707,NA
202080601,62,"2","1","3",1,NA,NA,89725.4335691707,NA
202080801,79,"1","4","3",2,NA,NA,89725.4335691707,NA
202090101,49,"1","1",NA,4,NA,NA,89725.4335691707,NA
202090301,32,"1","9",NA,4,NA,NA,89725.4335691707,NA
202090302,29,"2","11",NA,1,NA,NA,89725.4335691707,NA
202090401,27,"1","11",NA,1,NA,NA,89725.4335691707,NA
202090501,48,"1","8",NA,4,NA,NA,89725.4335691707,NA
202090601,53,"1","6",NA,3,NA,NA,89725.4335691707,NA
202090701,69,"1","1",NA,1,NA,NA,89725.4335691707,NA
202300201,60,"2",NA,NA,3,NA,NA,89725.4335691707,NA
202300501,50,"1","5",NA,2,NA,NA,89725.4335691707,NA
202300601,44,"2","11",NA,5,NA,NA,89725.4335691707,NA
202300701,56,"1","5",NA,1,NA,NA,89725.4335691707,NA
202300801,38,"2","7",NA,4,NA,NA,89725.4335691707,NA
202680301,74,"1","1",NA,2,NA,NA,89725.4335691707,NA
202680501,70,"2","3",NA,5,NA,NA,89725.4335691707,NA
202680601,38,"2","11",NA,3,NA,NA,89725.4335691707,NA
202680701,60,"2",NA,NA,4,NA,NA,89725.4335691707,NA
202680801,92,"1","1",NA,6,NA,NA,89725.4335691707,NA
202840101,21,"2","9","1",2,NA,NA,89725.4335691707,NA
202840201,69,"2","1","1",2,NA,NA,89725.4335691707,NA
202840301,50,"2","5","1",7,NA,NA,89725.4335691707,NA
202840401,31,"2","11","1",6,NA,NA,89725.4335691707,NA
202840501,21,"2","5","1",5,NA,NA,89725.4335691707,NA
202840601,58,"1","1","1",1,NA,NA,89725.4335691707,NA
202840701,58,"2","4","1",7,NA,NA,89725.4335691707,NA
202840801,46,"2","5","1",2,NA,NA,89725.4335691707,NA
202870201,77,"1","11","3",3,NA,NA,89725.4335691707,NA
202870301,65,"1","8","3",2,NA,NA,89725.4335691707,NA
202870401,50,"1","11","3",4,NA,NA,89725.4335691707,NA
202870501,38,"1","11","3",4,NA,NA,89725.4335691707,NA
202870701,58,"1","11","3",4,NA,NA,89725.4335691707,NA
202870801,74,"2","11","3",2,NA,NA,89725.4335691707,NA
203020201,87,"2","5","2",2,NA,NA,89725.4335691707,NA
203020501,55,"1","12","2",4,NA,NA,89725.4335691707,NA
203020601,83,"1","11","2",1,NA,NA,89725.4335691707,NA
203140101,87,"2",NA,NA,2,NA,NA,89725.4335691707,NA
203140201,89,"1","1",NA,8,NA,NA,89725.4335691707,NA
203140202,54,"2","5",NA,5,NA,NA,89725.4335691707,NA
203140203,35,"2","9",NA,1,NA,NA,89725.4335691707,NA
203140301,58,"1","6",NA,3,NA,NA,89725.4335691707,NA
203140401,81,"2","3",NA,5,NA,NA,89725.4335691707,NA
203140402,53,"2","1",NA,1,NA,NA,89725.4335691707,NA
203140403,27,"2","11",NA,1,NA,NA,89725.4335691707,NA
203140501,48,"2","5",NA,7,NA,NA,89725.4335691707,NA
203140701,84,"2","6",NA,2,NA,NA,89725.4335691707,NA
203140801,53,"2","5",NA,2,NA,NA,89725.4335691707,NA
203260101,49,"2","3","1",4,NA,NA,89725.4335691707,NA
203260201,57,"2",NA,"1",4,NA,NA,89725.4335691707,NA
203260301,49,"2",NA,"1",3,NA,NA,89725.4335691707,NA
203260501,35,"2","6","1",3,NA,NA,89725.4335691707,NA
203260601,42,"1","5","1",3,NA,NA,89725.4335691707,NA
203260701,35,"2","11","1",1,NA,NA,89725.4335691707,NA
203260801,43,"2","5","1",3,NA,NA,89725.4335691707,NA
203390301,59,"1","3","3",3,NA,NA,89725.4335691707,NA
203390701,36,"2","11","3",4,NA,NA,89725.4335691707,NA
203400101,57,"1",NA,"2",2,NA,NA,89725.4335691707,NA
203400401,41,"2","1","2",8,NA,NA,89725.4335691707,NA
203400501,58,"2","3","2",4,NA,NA,89725.4335691707,NA
203400601,31,"2","11","2",2,NA,NA,89725.4335691707,NA
203430101,85,"2","5",NA,1,NA,NA,89725.4335691707,NA
203460201,48,"1","5",NA,6,NA,NA,89725.4335691707,NA
203460301,46,"2","8",NA,3,NA,NA,89725.4335691707,NA
203460401,60,"1",NA,NA,1,NA,NA,89725.4335691707,NA
203460501,45,"2","11",NA,3,NA,NA,89725.4335691707,NA
203460502,35,"1","11",NA,3,NA,NA,89725.4335691707,NA
203460901,48,"1","6",NA,3,NA,NA,89725.4335691707,NA
203461001,44,"1","6",NA,5,NA,NA,89725.4335691707,NA
203480201,56,"2","6",NA,2,NA,NA,89725.4335691707,NA
203480301,57,"2","11",NA,3,NA,NA,89725.4335691707,NA
203480401,72,"1","3",NA,2,NA,NA,89725.4335691707,NA
203480501,53,"2","8",NA,2,NA,NA,89725.4335691707,NA
203480601,72,"1","12",NA,2,NA,NA,89725.4335691707,NA
203480701,66,"1","5",NA,2,NA,NA,89725.4335691707,NA
203560101,71,"2","11",NA,3,NA,NA,89725.4335691707,NA
203560301,55,"2","6",NA,2,NA,NA,89725.4335691707,NA
203560401,37,"1","5",NA,3,NA,NA,89725.4335691707,NA
203560501,65,"1","1",NA,3,NA,NA,89725.4335691707,NA
203560701,48,"1",NA,NA,6,NA,NA,89725.4335691707,NA
203560801,28,"1","6",NA,1,NA,NA,89725.4335691707,NA
203560901,71,"2","1",NA,2,NA,NA,89725.4335691707,NA
203561001,69,"1",NA,NA,4,NA,NA,89725.4335691707,NA
203640101,49,"1","-88","2",4,NA,NA,89725.4335691707,NA
203640201,52,"1","12","2",4,NA,NA,89725.4335691707,NA
203640301,33,"1","9","2",3,NA,NA,89725.4335691707,NA
203640501,59,"1","5","2",3,NA,NA,89725.4335691707,NA
203640801,65,"2","8","2",3,NA,NA,89725.4335691707,NA
203670201,42,"2","11","3",4,NA,NA,89725.4335691707,NA
203670301,55,"1","12","3",3,NA,NA,89725.4335691707,NA
203670401,32,"2","11","3",1,NA,NA,89725.4335691707,NA
203670501,25,"2","11","3",2,NA,NA,89725.4335691707,NA
203670701,75,"2","9","3",1,NA,NA,89725.4335691707,NA
203730101,77,"2",NA,"2",1,NA,NA,89725.4335691707,NA
203730201,36,"1","11","2",2,NA,NA,89725.4335691707,NA
203730301,68,"2","5","2",1,NA,NA,89725.4335691707,NA
203730401,43,"2","8","2",6,NA,NA,89725.4335691707,NA
203730501,63,"2","8","2",2,NA,NA,89725.4335691707,NA
203730701,70,"1","5","2",6,NA,NA,89725.4335691707,NA
203890801,45,"1","6",NA,1,NA,NA,89725.4335691707,NA
204040101,57,"1","1","1",3,NA,NA,89725.4335691707,NA
204040201,69,"1",NA,"1",2,NA,NA,89725.4335691707,NA
204040301,60,"1","1","1",5,NA,NA,89725.4335691707,NA
204040601,67,"1",NA,"1",3,NA,NA,89725.4335691707,NA
204040701,43,"1","9","1",5,NA,NA,89725.4335691707,NA
204040801,48,"2","3","1",3,NA,NA,89725.4335691707,NA
204040901,32,"1","4","1",3,NA,NA,89725.4335691707,NA
204110101,42,"2","11","3",3,NA,NA,89725.4335691707,NA
204110301,53,"1","6","3",5,NA,NA,89725.4335691707,NA
204110401,33,"2","5","3",5,NA,NA,89725.4335691707,NA
204110501,22,"2","3","3",3,NA,NA,89725.4335691707,NA
204110601,28,"1","9","3",2,NA,NA,89725.4335691707,NA
204110701,31,"1","11","3",1,NA,NA,89725.4335691707,NA
204220101,25,"2","7",NA,4,NA,NA,89725.4335691707,NA
204220201,32,"2","3",NA,5,NA,NA,89725.4335691707,NA
204220601,30,"2","6",NA,5,NA,NA,89725.4335691707,NA
204220701,52,"1","6",NA,6,NA,NA,89725.4335691707,NA
204220801,38,"2",NA,NA,4,NA,NA,89725.4335691707,NA
204410101,54,"2","11",NA,2,NA,NA,89725.4335691707,NA
204410301,35,"1","11",NA,2,NA,NA,89725.4335691707,NA
204410601,31,"1","5",NA,3,NA,NA,89725.4335691707,NA
204410701,32,"1","11",NA,3,NA,NA,89725.4335691707,NA
204570101,57,"1","5",NA,4,NA,NA,89725.4335691707,NA
204570201,53,"2","11",NA,3,NA,NA,89725.4335691707,NA
204570301,70,"1","11",NA,2,NA,NA,89725.4335691707,NA
204570401,56,"2","6",NA,5,NA,NA,89725.4335691707,NA
204570501,45,"1","5",NA,1,NA,NA,89725.4335691707,NA
204570601,60,"2","5",NA,3,NA,NA,89725.4335691707,NA
204570801,43,"2","6",NA,3,NA,NA,89725.4335691707,NA
204600101,43,"1","11",NA,4,NA,NA,89725.4335691707,NA
204600201,82,"2","11",NA,1,NA,NA,89725.4335691707,NA
204600301,31,"1","12",NA,1,NA,NA,89725.4335691707,NA
204600401,50,"2","11",NA,3,NA,NA,89725.4335691707,NA
204600501,32,"2","12",NA,3,NA,NA,89725.4335691707,NA
204600601,57,"1","5",NA,2,NA,NA,89725.4335691707,NA
204600701,35,"2","12",NA,1,NA,NA,89725.4335691707,NA
204600801,53,"2","6",NA,1,NA,NA,89725.4335691707,NA
204620101,25,"2","3",NA,3,NA,NA,89725.4335691707,NA
204620201,36,"2","8",NA,3,NA,NA,89725.4335691707,NA
204620501,70,"2","1",NA,1,NA,NA,89725.4335691707,NA
204620601,66,"2",NA,NA,2,NA,NA,89725.4335691707,NA
204620701,57,"2","6",NA,4,NA,NA,89725.4335691707,NA
204670101,54,"2","6",NA,4,NA,NA,89725.4335691707,NA
204670201,47,"1",NA,NA,5,NA,NA,89725.4335691707,NA
204670301,80,"2",NA,NA,1,NA,NA,89725.4335691707,NA
204670401,57,"1","6",NA,2,NA,NA,89725.4335691707,NA
204670501,74,"2","1",NA,1,NA,NA,89725.4335691707,NA
204670601,66,"1",NA,NA,2,NA,NA,89725.4335691707,NA
204670701,53,"1","3",NA,3,NA,NA,89725.4335691707,NA
204670801,53,"2","1",NA,2,NA,NA,89725.4335691707,NA
204710201,68,"2","5",NA,2,NA,NA,89725.4335691707,NA
204710301,71,"2","11",NA,2,NA,NA,89725.4335691707,NA
204710401,61,"2","12",NA,3,NA,NA,89725.4335691707,NA
204710501,55,"1","11",NA,5,NA,NA,89725.4335691707,NA
204710601,52,"2","11",NA,3,NA,NA,89725.4335691707,NA
204710801,48,"1","11",NA,1,NA,NA,89725.4335691707,NA
204980101,60,"2","5","1",2,NA,NA,89725.4335691707,NA
204980201,80,"2",NA,"1",1,NA,NA,89725.4335691707,NA
204980301,67,"1","3","1",2,NA,NA,89725.4335691707,NA
204980601,49,"1","3","1",6,NA,NA,89725.4335691707,NA
204980801,65,"1","6","1",3,NA,NA,89725.4335691707,NA
205090101,33,"2","5",NA,11,NA,NA,89725.4335691707,NA
205090201,38,"2","5",NA,4,NA,NA,89725.4335691707,NA
205090301,52,"1","11",NA,4,NA,NA,89725.4335691707,NA
205090401,90,"2","3",NA,1,NA,NA,89725.4335691707,NA
205090501,65,"2","4",NA,2,NA,NA,89725.4335691707,NA
205090601,68,"2","5",NA,1,NA,NA,89725.4335691707,NA
205090701,70,"1","6",NA,2,NA,NA,89725.4335691707,NA
205090801,82,"2","1",NA,1,NA,NA,89725.4335691707,NA
205130101,28,"2","11","2",3,NA,NA,89725.4335691707,NA
205130201,54,"2",NA,"2",6,NA,NA,89725.4335691707,NA
205130301,31,"1",NA,"2",4,NA,NA,89725.4335691707,NA
205130501,52,"2","4","2",3,NA,NA,89725.4335691707,NA
205130701,65,"2",NA,"2",2,NA,NA,89725.4335691707,NA
205130801,56,"2","6","2",5,NA,NA,89725.4335691707,NA
205150301,42,"2","5",NA,4,NA,NA,89725.4335691707,NA
205150401,30,"1","11",NA,1,NA,NA,89725.4335691707,NA
205150501,43,"1","7",NA,1,NA,NA,89725.4335691707,NA
205150801,34,"1","10",NA,2,NA,NA,89725.4335691707,NA
205270101,66,"1","11",NA,2,NA,NA,89725.4335691707,NA
205270201,68,"2",NA,NA,5,NA,NA,89725.4335691707,NA
205270301,50,"1","6",NA,3,NA,NA,89725.4335691707,NA
205270501,69,"1","8",NA,3,NA,NA,89725.4335691707,NA
205270701,74,"1",NA,NA,4,NA,NA,89725.4335691707,NA
205320101,71,"2",NA,"2",4,NA,NA,89725.4335691707,NA
205320201,40,"1","6","2",5,NA,NA,89725.4335691707,NA
205320301,31,"1","5","2",4,NA,NA,89725.4335691707,NA
205320401,55,"1","5","2",4,NA,NA,89725.4335691707,NA
205320601,70,"1","5","2",4,NA,NA,89725.4335691707,NA
205320701,41,"1","3","2",3,NA,NA,89725.4335691707,NA
205320801,73,"1","5","2",4,NA,NA,89725.4335691707,NA
205420101,56,"2","5",NA,3,NA,NA,89725.4335691707,NA
205420201,40,"1","6",NA,4,NA,NA,89725.4335691707,NA
205420501,72,"1","5",NA,2,NA,NA,89725.4335691707,NA
205420801,51,"1","5",NA,2,NA,NA,89725.4335691707,NA
205430101,80,"2","1","2",1,NA,NA,89725.4335691707,NA
205430401,64,"2","1","2",2,NA,NA,89725.4335691707,NA
205430501,39,"2","6","2",4,NA,NA,89725.4335691707,NA
205430601,39,"1","8","2",6,NA,NA,89725.4335691707,NA
205430701,40,"2","6","2",5,NA,NA,89725.4335691707,NA
205430801,64,"1",NA,"2",3,NA,NA,89725.4335691707,NA
205580201,67,"2","1","2",2,NA,NA,89725.4335691707,NA
205580301,40,"2","5","2",2,NA,NA,89725.4335691707,NA
205580401,60,"2","5","2",5,NA,NA,89725.4335691707,NA
205580501,40,"2","6","2",5,NA,NA,89725.4335691707,NA
205580601,49,"1","9","2",3,NA,NA,89725.4335691707,NA
205580701,26,"2","6","2",3,NA,NA,89725.4335691707,NA
205580801,53,"1","7","2",3,NA,NA,89725.4335691707,NA
205600201,36,"1","11","3",3,NA,NA,89725.4335691707,NA
205600401,41,"1","11","3",2,NA,NA,89725.4335691707,NA
205600501,25,"1","9","3",1,NA,NA,89725.4335691707,NA
205640101,52,"2","11",NA,4,NA,NA,89725.4335691707,NA
205640301,54,"1","11",NA,2,NA,NA,89725.4335691707,NA
205640501,45,"1","8",NA,3,NA,NA,89725.4335691707,NA
205640801,70,"2","9",NA,5,NA,NA,89725.4335691707,NA
205860101,32,"2","5","1",2,NA,NA,89725.4335691707,NA
205860201,67,"1",NA,"1",3,NA,NA,89725.4335691707,NA
205860301,86,"1",NA,"1",1,NA,NA,89725.4335691707,NA
205860501,65,"1","1","1",12,NA,NA,89725.4335691707,NA
205860701,63,"1",NA,"1",1,NA,NA,89725.4335691707,NA
206080201,50,"1","12","3",3,NA,NA,89725.4335691707,NA
206080301,78,"1","8","3",2,NA,NA,89725.4335691707,NA
206080601,65,"2","4","3",2,NA,NA,89725.4335691707,NA
206080701,65,"1","1","3",2,NA,NA,89725.4335691707,NA
206080801,59,"2","11","3",2,NA,NA,89725.4335691707,NA
206160101,65,"1","9",NA,4,NA,NA,89725.4335691707,NA
206160201,42,"2","8",NA,3,NA,NA,89725.4335691707,NA
206160301,42,"2","8",NA,2,NA,NA,89725.4335691707,NA
206160701,51,"1","7",NA,3,NA,NA,89725.4335691707,NA
206260201,73,"1","3",NA,3,NA,NA,89725.4335691707,NA
206260401,80,"1","1",NA,1,NA,NA,89725.4335691707,NA
206260501,34,"2","11",NA,6,NA,NA,89725.4335691707,NA
206260601,72,"2","4",NA,2,NA,NA,89725.4335691707,NA
206430301,27,"2","11","3",3,NA,NA,89725.4335691707,NA
206430401,53,"1","8","3",3,NA,NA,89725.4335691707,NA
206430501,32,"1","11","3",4,NA,NA,89725.4335691707,NA
206430701,37,"2","5","3",2,NA,NA,89725.4335691707,NA
206440101,53,"1","8",NA,3,NA,NA,89725.4335691707,NA
206440701,38,"1","10",NA,4,NA,NA,89725.4335691707,NA
206680201,67,"2","11",NA,4,NA,NA,89725.4335691707,NA
206680501,57,"2","5",NA,5,NA,NA,89725.4335691707,NA
206680601,61,"1","5",NA,5,NA,NA,89725.4335691707,NA
206680701,58,"2","5",NA,3,NA,NA,89725.4335691707,NA
206680801,52,"1","5",NA,3,NA,NA,89725.4335691707,NA
206690101,20,"1","5",NA,2,NA,NA,89725.4335691707,NA
206690201,34,"2","11",NA,4,NA,NA,89725.4335691707,NA
206690501,57,"2","8",NA,3,NA,NA,89725.4335691707,NA
206690701,61,"2","3",NA,3,NA,NA,89725.4335691707,NA
206990301,55,"1","3",NA,2,NA,NA,89725.4335691707,NA
206990401,56,"1","11",NA,1,NA,NA,89725.4335691707,NA
206990501,58,"2","1",NA,4,NA,NA,89725.4335691707,NA
206990601,36,"2",NA,NA,2,NA,NA,89725.4335691707,NA
207090101,69,"2","8",NA,1,NA,NA,89725.4335691707,NA
207090201,64,"1","9",NA,3,NA,NA,89725.4335691707,NA
207090401,70,"1","11",NA,3,NA,NA,89725.4335691707,NA
207090601,34,"1","6",NA,4,NA,NA,89725.4335691707,NA
207090701,21,"1","9",NA,2,NA,NA,89725.4335691707,NA
207090801,35,"1","11",NA,4,NA,NA,89725.4335691707,NA
207320101,54,"1","5","2",2,NA,NA,89725.4335691707,NA
207320201,50,"1","5","2",3,NA,NA,89725.4335691707,NA
207320401,51,"2","6","2",3,NA,NA,89725.4335691707,NA
207320501,51,"2","8","2",4,NA,NA,89725.4335691707,NA
207320701,51,"1","1","2",6,NA,NA,89725.4335691707,NA
207320801,30,"1","7","2",5,NA,NA,89725.4335691707,NA
207450501,72,"2","12",NA,2,NA,NA,89725.4335691707,NA
207460101,54,"2","3",NA,4,NA,NA,89725.4335691707,NA
207460201,74,"1","1",NA,1,NA,NA,89725.4335691707,NA
207460301,75,"1","11",NA,3,NA,NA,89725.4335691707,NA
207460401,91,"1","1",NA,1,NA,NA,89725.4335691707,NA
207460501,68,"2",NA,NA,4,NA,NA,89725.4335691707,NA
207460601,68,"2","1",NA,2,NA,NA,89725.4335691707,NA
207460701,63,"1","3",NA,2,NA,NA,89725.4335691707,NA
207460801,66,"1","1",NA,3,NA,NA,89725.4335691707,NA
207860101,36,"1","3",NA,2,NA,NA,89725.4335691707,NA
207860201,42,"2","5",NA,4,NA,NA,89725.4335691707,NA
207860501,60,"2","11",NA,1,NA,NA,89725.4335691707,NA
207860601,41,"2","5",NA,4,NA,NA,89725.4335691707,NA
207860701,55,"1","5",NA,3,NA,NA,89725.4335691707,NA
208070101,50,"2","8","2",3,NA,NA,89725.4335691707,NA
208070201,48,"2","3","2",2,NA,NA,89725.4335691707,NA
208070301,42,"1","3","2",1,NA,NA,89725.4335691707,NA
208070401,28,"2","8","2",5,NA,NA,89725.4335691707,NA
208070501,42,"2","8","2",4,NA,NA,89725.4335691707,NA
208070601,73,"1","11","2",4,NA,NA,89725.4335691707,NA
208070701,41,"1","8","2",4,NA,NA,89725.4335691707,NA
208070801,33,"1",NA,"2",5,NA,NA,89725.4335691707,NA
208120201,57,"1",NA,"3",3,NA,NA,89725.4335691707,NA
208120401,57,"1","6","3",3,NA,NA,89725.4335691707,NA
208120701,43,"1","9","3",3,NA,NA,89725.4335691707,NA
208750201,40,"1",NA,NA,6,NA,NA,89725.4335691707,NA
208750301,53,"2","1",NA,5,NA,NA,89725.4335691707,NA
208750401,53,"1","1",NA,1,NA,NA,89725.4335691707,NA
208750501,66,"2","1",NA,4,NA,NA,89725.4335691707,NA
208750601,66,"2","1",NA,2,NA,NA,89725.4335691707,NA
208750701,40,"1","8",NA,6,NA,NA,89725.4335691707,NA
208750801,35,"1","8",NA,3,NA,NA,89725.4335691707,NA
208750901,72,"2","1",NA,3,NA,NA,89725.4335691707,NA
208860201,34,"1","11","3",2,NA,NA,89725.4335691707,NA
208860801,74,"1","12","3",4,NA,NA,89725.4335691707,NA
209230101,54,"1","11","3",5,NA,NA,89725.4335691707,NA
209230201,47,"2","9","3",4,NA,NA,89725.4335691707,NA
209230301,32,"1","8","3",2,NA,NA,89725.4335691707,NA
209230801,28,"1","11","3",2,NA,NA,89725.4335691707,NA
209380801,32,"2","11",NA,3,NA,NA,89725.4335691707,NA
209440101,47,"1","11",NA,4,NA,NA,89725.4335691707,NA
209440301,44,"1","11",NA,4,NA,NA,89725.4335691707,NA
209440401,68,"1","8",NA,4,NA,NA,89725.4335691707,NA
209440501,60,"1","11",NA,1,NA,NA,89725.4335691707,NA
209450501,31,"2","5","3",4,NA,NA,89725.4335691707,NA
209450801,38,"1","5","3",2,NA,NA,89725.4335691707,NA
209500101,58,"1","11","3",3,NA,NA,89725.4335691707,NA
209500501,34,"2","11","3",4,NA,NA,89725.4335691707,NA
209570201,27,"1","6","2",4,NA,NA,89725.4335691707,NA
209570301,59,"1","1","2",2,NA,NA,89725.4335691707,NA
209570601,59,"2","1","2",2,NA,NA,89725.4335691707,NA
209670201,61,"2","11","3",3,NA,NA,89725.4335691707,NA
209670301,58,"2","8","3",2,NA,NA,89725.4335691707,NA
209670501,76,"2","4","3",3,NA,NA,89725.4335691707,NA
209670601,53,"1","11","3",4,NA,NA,89725.4335691707,NA
209670701,65,"1","11","3",4,NA,NA,89725.4335691707,NA
209740401,46,"2","7",NA,3,NA,NA,89725.4335691707,NA
209740501,73,"2","11",NA,3,NA,NA,89725.4335691707,NA
209740601,31,"1","11",NA,1,NA,NA,89725.4335691707,NA
209740701,60,"1","5",NA,3,NA,NA,89725.4335691707,NA
209740801,65,"2","5",NA,2,NA,NA,89725.4335691707,NA
209890501,30,"2","11",NA,3,NA,NA,89725.4335691707,NA
209970101,43,"2","11",NA,2,NA,NA,89725.4335691707,NA
209970201,79,"2","11",NA,2,NA,NA,89725.4335691707,NA
209970501,62,"2","8",NA,3,NA,NA,89725.4335691707,NA
209970701,40,"1","11",NA,4,NA,NA,89725.4335691707,NA
209970801,49,"2","11",NA,1,NA,NA,89725.4335691707,NA
209980201,32,"2","11",NA,1,NA,NA,89725.4335691707,NA
209980301,31,"2","12",NA,1,NA,NA,89725.4335691707,NA
209980801,29,"2","7",NA,4,NA,NA,89725.4335691707,NA
210090101,63,"1","12",NA,3,NA,NA,89725.4335691707,NA
210090301,65,"2","9",NA,1,NA,NA,89725.4335691707,NA
210090401,37,"1","11",NA,3,NA,NA,89725.4335691707,NA
210090501,40,"2","11",NA,4,NA,NA,89725.4335691707,NA
210340201,56,"2","6",NA,2,NA,NA,89725.4335691707,NA
210340401,28,"1","6",NA,3,NA,NA,89725.4335691707,NA
210340501,50,"2","6",NA,4,NA,NA,89725.4335691707,NA
210340601,54,"2","4",NA,6,NA,NA,89725.4335691707,NA
210700101,33,"1","5","2",4,NA,NA,89725.4335691707,NA
210700301,44,"1","5","2",2,NA,NA,89725.4335691707,NA
210700401,57,"2","5","2",4,NA,NA,89725.4335691707,NA
210700501,51,"2","6","2",5,NA,NA,89725.4335691707,NA
210700601,42,"2","11","2",6,NA,NA,89725.4335691707,NA
210700801,46,"2","5","2",3,NA,NA,89725.4335691707,NA
210800201,44,"2","11","3",3,NA,NA,89725.4335691707,NA
211040201,33,"2","11","3",2,NA,NA,89725.4335691707,NA
211040401,32,"1","11","3",1,NA,NA,89725.4335691707,NA
211090101,63,"2","12",NA,1,NA,NA,89725.4335691707,NA
211090301,84,"2","5",NA,1,NA,NA,89725.4335691707,NA
211090501,76,"1","8",NA,2,NA,NA,89725.4335691707,NA
211090801,46,"1","11",NA,4,NA,NA,89725.4335691707,NA
211610101,60,"1","3",NA,4,NA,NA,89725.4335691707,NA
211610201,56,"2","1",NA,2,NA,NA,89725.4335691707,NA
211610301,73,"1","8",NA,2,NA,NA,89725.4335691707,NA
211610501,75,"2",NA,NA,2,NA,NA,89725.4335691707,NA
211610601,38,"1","11",NA,6,NA,NA,89725.4335691707,NA
211610701,53,"1","5",NA,4,NA,NA,89725.4335691707,NA
211610901,32,"2","11",NA,3,NA,NA,89725.4335691707,NA
211611001,62,"1","1",NA,7,NA,NA,89725.4335691707,NA
211680401,34,"1","5","3",1,NA,NA,89725.4335691707,NA
211680601,29,"2","11","3",2,NA,NA,89725.4335691707,NA
211680801,35,"1","11","3",1,NA,NA,89725.4335691707,NA
211740601,44,"2","5",NA,4,NA,NA,89725.4335691707,NA
211740701,29,"2","11",NA,1,NA,NA,89725.4335691707,NA
211810101,60,"1","8","2",3,NA,NA,89725.4335691707,NA
211810301,26,"2","11","2",3,NA,NA,89725.4335691707,NA
211810401,55,"1","8","2",2,NA,NA,89725.4335691707,NA
211810501,59,"2","8","2",1,NA,NA,89725.4335691707,NA
211810701,56,"2","3","2",10,NA,NA,89725.4335691707,NA
211850201,67,"1","1","1",4,NA,NA,89725.4335691707,NA
211850301,67,"2","1","1",3,NA,NA,89725.4335691707,NA
211850401,29,"2","7","1",3,NA,NA,89725.4335691707,NA
211850501,42,"2","6","1",3,NA,NA,89725.4335691707,NA
211850601,56,"2","5","1",3,NA,NA,89725.4335691707,NA
211850701,46,"1","5","1",1,NA,NA,89725.4335691707,NA
211850801,55,"2","3","1",2,NA,NA,89725.4335691707,NA
211930601,38,"1","9",NA,1,NA,NA,89725.4335691707,NA
211930801,25,"1","8",NA,3,NA,NA,89725.4335691707,NA
212020101,73,"1","12","3",2,NA,NA,89725.4335691707,NA
212020301,71,"2","11","3",1,NA,NA,89725.4335691707,NA
212020401,71,"2","11","3",3,NA,NA,89725.4335691707,NA
212020501,40,"2","11","3",4,NA,NA,89725.4335691707,NA
212020701,68,"2","11","3",1,NA,NA,89725.4335691707,NA
212200101,69,"2","1",NA,2,NA,NA,89725.4335691707,NA
212200201,81,"2",NA,NA,4,NA,NA,89725.4335691707,NA
212200301,74,"2","3",NA,7,NA,NA,89725.4335691707,NA
212200401,63,"1","5",NA,5,NA,NA,89725.4335691707,NA
212200501,86,"1","5",NA,4,NA,NA,89725.4335691707,NA
212200601,60,"1","-88",NA,3,NA,NA,89725.4335691707,NA
212200801,62,"2","3",NA,4,NA,NA,89725.4335691707,NA
212390201,47,"2","11",NA,2,NA,NA,89725.4335691707,NA
212390401,38,"2","8",NA,3,NA,NA,89725.4335691707,NA
212390601,47,"2","11",NA,2,NA,NA,89725.4335691707,NA
212390701,40,"2","11",NA,1,NA,NA,89725.4335691707,NA
212390801,59,"1","6",NA,2,NA,NA,89725.4335691707,NA
212500101,70,"2",NA,"1",2,NA,NA,89725.4335691707,NA
212500201,72,"1","3","1",5,NA,NA,89725.4335691707,NA
212500301,57,"1","6","1",3,NA,NA,89725.4335691707,NA
212500501,67,"2","5","1",2,NA,NA,89725.4335691707,NA
212500601,37,"2","5","1",3,NA,NA,89725.4335691707,NA
212500801,57,"2",NA,"1",3,NA,NA,89725.4335691707,NA
212560201,43,"2","5","3",5,NA,NA,89725.4335691707,NA
212560501,43,"2","10","3",3,NA,NA,89725.4335691707,NA
212560601,27,"1","10","3",2,NA,NA,89725.4335691707,NA
212560602,26,"1","10","3",2,NA,NA,89725.4335691707,NA
212560701,42,"2",NA,"3",8,NA,NA,89725.4335691707,NA
212580101,58,"1","1","2",2,NA,NA,89725.4335691707,NA
212580201,48,"2","8","2",2,NA,NA,89725.4335691707,NA
212580202,22,"2","6","2",3,NA,NA,89725.4335691707,NA
212580301,54,"1",NA,"2",4,NA,NA,89725.4335691707,NA
212580302,34,"1","3","2",2,NA,NA,89725.4335691707,NA
212580401,49,"2","3","2",3,NA,NA,89725.4335691707,NA
212580501,78,"2",NA,"2",2,NA,NA,89725.4335691707,NA
212580502,32,"2","6","2",2,NA,NA,89725.4335691707,NA
212580601,38,"2","6","2",6,NA,NA,89725.4335691707,NA
212580602,31,"1","8","2",1,NA,NA,89725.4335691707,NA
212580701,34,"1","5","2",2,NA,NA,89725.4335691707,NA
212580801,22,"1","5","2",6,NA,NA,89725.4335691707,NA
212580802,57,"1","5","2",5,NA,NA,89725.4335691707,NA
212750101,76,"2",NA,NA,2,NA,NA,89725.4335691707,NA
212750201,35,"1","6",NA,4,NA,NA,89725.4335691707,NA
212750202,31,"2","3",NA,4,NA,NA,89725.4335691707,NA
212750203,27,"1","5",NA,3,NA,NA,89725.4335691707,NA
212750401,82,"1","11",NA,1,NA,NA,89725.4335691707,NA
212750501,65,"1","5",NA,4,NA,NA,89725.4335691707,NA
212750601,55,"1","6",NA,1,NA,NA,89725.4335691707,NA
212750602,43,"1","1",NA,1,NA,NA,89725.4335691707,NA
212750701,59,"2","8",NA,3,NA,NA,89725.4335691707,NA
212750801,42,"1","5",NA,4,NA,NA,89725.4335691707,NA
213080101,33,"1","5",NA,5,NA,NA,89725.4335691707,NA
213080201,53,"2",NA,NA,3,NA,NA,89725.4335691707,NA
213080301,66,"1","1",NA,1,NA,NA,89725.4335691707,NA
213080401,90,"1","1",NA,2,NA,NA,89725.4335691707,NA
213080501,79,"1","1",NA,4,NA,NA,89725.4335691707,NA
213080601,76,"1","3",NA,1,NA,NA,89725.4335691707,NA
213080801,34,"2","5",NA,2,NA,NA,89725.4335691707,NA
213640101,63,"1","5",NA,1,NA,NA,89725.4335691707,NA
213640201,56,"1","3",NA,2,NA,NA,89725.4335691707,NA
213640401,38,"1","6",NA,4,NA,NA,89725.4335691707,NA
213640501,54,"1",NA,NA,4,NA,NA,89725.4335691707,NA
213640601,30,"1",NA,NA,4,NA,NA,89725.4335691707,NA
213640701,41,"2","5",NA,5,NA,NA,89725.4335691707,NA
213640801,55,"1","3",NA,6,NA,NA,89725.4335691707,NA
213900201,58,"1","5","2",3,NA,NA,89725.4335691707,NA
213900301,62,"2","4","2",2,NA,NA,89725.4335691707,NA
213900501,63,"1","5","2",4,NA,NA,89725.4335691707,NA
213900601,77,"1",NA,"2",2,NA,NA,89725.4335691707,NA
213900701,42,"2",NA,"2",3,NA,NA,89725.4335691707,NA
213900801,64,"1","1","2",2,NA,NA,89725.4335691707,NA
214360101,58,"2","5","2",2,NA,NA,89725.4335691707,NA
214360201,73,"2",NA,"2",1,NA,NA,89725.4335691707,NA
214360401,65,"2",NA,"2",3,NA,NA,89725.4335691707,NA
214360402,38,"2","7","2",2,NA,NA,89725.4335691707,NA
214360501,48,"1","5","2",1,NA,NA,89725.4335691707,NA
214360601,68,"2","1","2",1,NA,NA,89725.4335691707,NA
214360701,65,"2","1","2",2,NA,NA,89725.4335691707,NA
214540301,63,"2","11",NA,2,NA,NA,89725.4335691707,NA
214540501,42,"2","9",NA,4,NA,NA,89725.4335691707,NA
214540601,76,"1","3",NA,3,NA,NA,89725.4335691707,NA
214640101,34,"2","5",NA,5,NA,NA,89725.4335691707,NA
214640301,35,"2","7",NA,5,NA,NA,89725.4335691707,NA
214640401,78,"2",NA,NA,5,NA,NA,89725.4335691707,NA
214640501,62,"1","3",NA,2,NA,NA,89725.4335691707,NA
214640601,57,"2","1",NA,3,NA,NA,89725.4335691707,NA
214640701,66,"1","11",NA,2,NA,NA,89725.4335691707,NA
214640801,39,"2","11",NA,2,NA,NA,89725.4335691707,NA
214650101,58,"2","11",NA,2,NA,NA,89725.4335691707,NA
214650201,44,"1","11",NA,1,NA,NA,89725.4335691707,NA
214650301,47,"2","7",NA,2,NA,NA,89725.4335691707,NA
214650501,29,"1","11",NA,2,NA,NA,89725.4335691707,NA
214650601,60,"1","12",NA,4,NA,NA,89725.4335691707,NA
214650701,30,"1","11",NA,2,NA,NA,89725.4335691707,NA
214650801,43,"2","11",NA,4,NA,NA,89725.4335691707,NA
215010101,30,"2","3","2",4,NA,NA,89725.4335691707,NA
215010301,54,"1","3","2",1,NA,NA,89725.4335691707,NA
215010401,56,"2","5","2",2,NA,NA,89725.4335691707,NA
215010501,60,"2",NA,"2",3,NA,NA,89725.4335691707,NA
215010601,57,"1","5","2",1,NA,NA,89725.4335691707,NA
215010701,52,"2","3","2",2,NA,NA,89725.4335691707,NA
215010801,47,"2","3","2",4,NA,NA,89725.4335691707,NA
215150101,41,"1","4",NA,4,NA,NA,89725.4335691707,NA
215150201,79,"2",NA,NA,1,NA,NA,89725.4335691707,NA
215150301,59,"2","4",NA,7,NA,NA,89725.4335691707,NA
215150501,69,"1",NA,NA,1,NA,NA,89725.4335691707,NA
215150701,94,"1",NA,NA,2,NA,NA,89725.4335691707,NA
215150801,71,"1","5",NA,1,NA,NA,89725.4335691707,NA
215160201,36,"2","9","3",1,NA,NA,89725.4335691707,NA
215160401,51,"1","11","3",4,NA,NA,89725.4335691707,NA
215190401,50,"1","6","2",4,NA,NA,89725.4335691707,NA
215190501,57,"1",NA,"2",4,NA,NA,89725.4335691707,NA
215190601,88,"1","3","2",1,NA,NA,89725.4335691707,NA
215190701,30,"1","8","2",6,NA,NA,89725.4335691707,NA
215190801,65,"1","3","2",1,NA,NA,89725.4335691707,NA
215410201,55,"1","12","3",2,NA,NA,89725.4335691707,NA
215410501,51,"1","5","3",3,NA,NA,89725.4335691707,NA
215410601,38,"1","11","3",3,NA,NA,89725.4335691707,NA
215410701,47,"2","6","3",4,NA,NA,89725.4335691707,NA
215410801,41,"2","11","3",4,NA,NA,89725.4335691707,NA
215550101,62,"2",NA,NA,4,NA,NA,89725.4335691707,NA
215550401,78,"2",NA,NA,4,NA,NA,89725.4335691707,NA
215550501,49,"1","5",NA,5,NA,NA,89725.4335691707,NA
215550601,82,"2","4",NA,3,NA,NA,89725.4335691707,NA
215550602,48,"2","6",NA,3,NA,NA,89725.4335691707,NA
215550801,73,"2","1",NA,2,NA,NA,89725.4335691707,NA
215600101,61,"1","6","2",2,NA,NA,89725.4335691707,NA
215600301,44,"1",NA,"2",3,NA,NA,89725.4335691707,NA
215600401,51,"2","11","2",3,NA,NA,89725.4335691707,NA
215600501,30,"1","11","2",3,NA,NA,89725.4335691707,NA
215600502,20,"1","9","2",2,NA,NA,89725.4335691707,NA
215600601,60,"2","11","2",1,NA,NA,89725.4335691707,NA
215600701,53,"2","8","2",2,NA,NA,89725.4335691707,NA
215610101,28,"1","11","2",2,NA,NA,89725.4335691707,NA
215610201,62,"1","6","2",4,NA,NA,89725.4335691707,NA
215610601,63,"1","6","2",3,NA,NA,89725.4335691707,NA
215610701,35,"2","11","2",3,NA,NA,89725.4335691707,NA
215700201,44,"1","11",NA,2,NA,NA,89725.4335691707,NA
215700401,49,"2","5",NA,4,NA,NA,89725.4335691707,NA
215700501,28,"1","8",NA,3,NA,NA,89725.4335691707,NA
215700701,43,"1","5",NA,2,NA,NA,89725.4335691707,NA
215760101,64,"2",NA,"1",5,NA,NA,89725.4335691707,NA
215760201,71,"1","5","1",4,NA,NA,89725.4335691707,NA
215760401,72,"2","1","1",1,NA,NA,89725.4335691707,NA
215760501,58,"1","6","1",2,NA,NA,89725.4335691707,NA
215760502,45,"1",NA,"1",5,NA,NA,89725.4335691707,NA
215760601,71,"2","1","1",2,NA,NA,89725.4335691707,NA
215760801,74,"2","1","1",3,NA,NA,89725.4335691707,NA
215790501,37,"1","5",NA,5,NA,NA,89725.4335691707,NA
215790601,33,"1","1",NA,4,NA,NA,89725.4335691707,NA
215790602,32,"1","3",NA,3,NA,NA,89725.4335691707,NA
215790603,36,"2","5",NA,2,NA,NA,89725.4335691707,NA
215910101,65,"2","4","3",1,NA,NA,89725.4335691707,NA
215910201,49,"2","12","3",2,NA,NA,89725.4335691707,NA
215910301,51,"2","11","3",3,NA,NA,89725.4335691707,NA
215910401,47,"2","12","3",3,NA,NA,89725.4335691707,NA
215910501,81,"2","5","3",1,NA,NA,89725.4335691707,NA
215910601,42,"1","11","3",4,NA,NA,89725.4335691707,NA
215910701,65,"2","8","3",2,NA,NA,89725.4335691707,NA
215910801,68,"2","8","3",2,NA,NA,89725.4335691707,NA
216250701,79,"2","5","3",1,NA,NA,89725.4335691707,NA
216250801,44,"1","11","3",3,NA,NA,89725.4335691707,NA
216500101,36,"1","11","2",4,NA,NA,89725.4335691707,NA
216500201,44,"1","3","2",5,NA,NA,89725.4335691707,NA
216500501,55,"2","11","2",4,NA,NA,89725.4335691707,NA
216500701,59,"2","11","2",3,NA,NA,89725.4335691707,NA
216500801,77,"2","6","2",1,NA,NA,89725.4335691707,NA
216500802,56,"1","8","2",1,NA,NA,89725.4335691707,NA
216620101,30,"2","7","3",4,NA,NA,89725.4335691707,NA
216620201,32,"2","7","3",2,NA,NA,89725.4335691707,NA
216620301,38,"1","8","3",3,NA,NA,89725.4335691707,NA
216620401,35,"1","9","3",3,NA,NA,89725.4335691707,NA
216620701,40,"1","12","3",2,NA,NA,89725.4335691707,NA
216620801,32,"2","11","3",2,NA,NA,89725.4335691707,NA
216930101,71,"2","1",NA,1,NA,NA,89725.4335691707,NA
216930201,31,"1","9",NA,3,NA,NA,89725.4335691707,NA
216930401,50,"1","5",NA,2,NA,NA,89725.4335691707,NA
216930801,68,"1","7",NA,2,NA,NA,89725.4335691707,NA
216990201,49,"1","12","3",4,NA,NA,89725.4335691707,NA
216990401,49,"1","12","3",4,NA,NA,89725.4335691707,NA
216990601,64,"1","4","3",4,NA,NA,89725.4335691707,NA
216990701,58,"1","11","3",2,NA,NA,89725.4335691707,NA
217160101,58,"1","6",NA,3,NA,NA,89725.4335691707,NA
217160201,54,"1","5",NA,5,NA,NA,89725.4335691707,NA
217160301,54,"2",NA,NA,2,NA,NA,89725.4335691707,NA
217160401,46,"1","5",NA,3,NA,NA,89725.4335691707,NA
217160501,75,"1","1",NA,2,NA,NA,89725.4335691707,NA
217160701,61,"1","4",NA,2,NA,NA,89725.4335691707,NA
217280101,39,"2","11",NA,3,NA,NA,89725.4335691707,NA
217280201,54,"2","8",NA,1,NA,NA,89725.4335691707,NA
217280301,30,"2","11",NA,1,NA,NA,89725.4335691707,NA
217600101,35,"2","5",NA,4,NA,NA,89725.4335691707,NA
217600301,31,"1","5",NA,4,NA,NA,89725.4335691707,NA
217600601,52,"1","5",NA,4,NA,NA,89725.4335691707,NA
217600701,54,"2","1",NA,3,NA,NA,89725.4335691707,NA
217600801,64,"2","1",NA,2,NA,NA,89725.4335691707,NA
217760301,33,"1","12",NA,2,NA,NA,89725.4335691707,NA
217760401,33,"1","6",NA,3,NA,NA,89725.4335691707,NA
217760501,85,"1","1",NA,2,NA,NA,89725.4335691707,NA
217760601,77,"2","5",NA,4,NA,NA,89725.4335691707,NA
217760701,94,"1","5",NA,3,NA,NA,89725.4335691707,NA
217760801,66,"2","8",NA,3,NA,NA,89725.4335691707,NA
217790101,55,"2","5","3",1,NA,NA,89725.4335691707,NA
217790301,33,"1",NA,"3",4,NA,NA,89725.4335691707,NA
217790401,31,"2","8","3",2,NA,NA,89725.4335691707,NA
217790601,56,"2","1","3",2,NA,NA,89725.4335691707,NA
217790801,47,"2",NA,"3",3,NA,NA,89725.4335691707,NA
217970201,24,"1","9",NA,1,NA,NA,89725.4335691707,NA
217970401,61,"1","12",NA,2,NA,NA,89725.4335691707,NA
217970501,25,"2","11",NA,3,NA,NA,89725.4335691707,NA
217970601,46,"2","9",NA,2,NA,NA,89725.4335691707,NA
218170401,34,"2","8",NA,1,NA,NA,89725.4335691707,NA
218170501,30,"1","11",NA,3,NA,NA,89725.4335691707,NA
218170801,62,"2","3",NA,2,NA,NA,89725.4335691707,NA
218180201,44,"1","7","3",4,NA,NA,89725.4335691707,NA
218180501,44,"1","8","3",3,NA,NA,89725.4335691707,NA
218180601,43,"1","8","3",5,NA,NA,89725.4335691707,NA
218180801,32,"1","8","3",5,NA,NA,89725.4335691707,NA
218610201,49,"1","11",NA,3,NA,NA,89725.4335691707,NA
218610301,92,"1","3",NA,2,NA,NA,89725.4335691707,NA
218610401,50,"1","11",NA,2,NA,NA,89725.4335691707,NA
218610501,83,"2","1",NA,2,NA,NA,89725.4335691707,NA
218610601,93,"1","11",NA,1,NA,NA,89725.4335691707,NA
218610701,44,"2","11",NA,4,NA,NA,89725.4335691707,NA
218610801,30,"1","11",NA,2,NA,NA,89725.4335691707,NA
218690501,76,"1","11","3",2,NA,NA,89725.4335691707,NA
218690601,52,"1","10","3",3,NA,NA,89725.4335691707,NA
218690701,48,"2","11","3",4,NA,NA,89725.4335691707,NA
218690801,66,"1","12","3",3,NA,NA,89725.4335691707,NA
218720101,47,"1","5","2",4,NA,NA,89725.4335691707,NA
218720201,64,"1","3","2",2,NA,NA,89725.4335691707,NA
218720301,68,"2","1","2",3,NA,NA,89725.4335691707,NA
218720401,49,"2","1","2",3,NA,NA,89725.4335691707,NA
218720601,71,"1","3","2",3,NA,NA,89725.4335691707,NA
218720701,60,"1","4","2",2,NA,NA,89725.4335691707,NA
218880701,40,"1","11","2",1,NA,NA,89725.4335691707,NA
218940101,36,"1","11",NA,4,NA,NA,89725.4335691707,NA
218940301,52,"1","5",NA,4,NA,NA,89725.4335691707,NA
218940601,32,"1","11",NA,3,NA,NA,89725.4335691707,NA
218940701,36,"1","6",NA,4,NA,NA,89725.4335691707,NA
218940801,47,"1","8",NA,3,NA,NA,89725.4335691707,NA
218980101,38,"1","11","3",2,NA,NA,89725.4335691707,NA
218980201,42,"1","7","3",4,NA,NA,89725.4335691707,NA
218980301,33,"1","8","3",4,NA,NA,89725.4335691707,NA
218980401,38,"1","7","3",4,NA,NA,89725.4335691707,NA
218980501,37,"1","8","3",1,NA,NA,89725.4335691707,NA
218980601,37,"2","5","3",3,NA,NA,89725.4335691707,NA
218980701,28,"1","5","3",2,NA,NA,89725.4335691707,NA
218980801,35,"2","1","3",3,NA,NA,89725.4335691707,NA
218980802,30,"2","3","3",2,NA,NA,89725.4335691707,NA
219270301,48,"2","6","3",2,NA,NA,89725.4335691707,NA
219270501,46,"2","9","3",2,NA,NA,89725.4335691707,NA
219270601,62,"1","3","3",5,NA,NA,89725.4335691707,NA
219270701,55,"2","6","3",2,NA,NA,89725.4335691707,NA
219370201,80,"2","1","2",1,NA,NA,89725.4335691707,NA
219370301,20,"1","4","2",3,NA,NA,89725.4335691707,NA
219370401,74,"2","1","2",2,NA,NA,89725.4335691707,NA
219370402,30,"2","6","2",3,NA,NA,89725.4335691707,NA
219370403,48,"1","5","2",3,NA,NA,89725.4335691707,NA
219370501,80,"2","1","2",1,NA,NA,89725.4335691707,NA
219370701,54,"2","11","2",2,NA,NA,89725.4335691707,NA
219370702,83,"2","5","2",1,NA,NA,89725.4335691707,NA
219370703,40,"2","11","2",3,NA,NA,89725.4335691707,NA
219450201,47,"1","11","3",4,NA,NA,89725.4335691707,NA
219450701,54,"2","11","3",5,NA,NA,89725.4335691707,NA
219650201,83,"1","-88","1",2,NA,NA,89725.4335691707,NA
219650301,63,"1","1","1",2,NA,NA,89725.4335691707,NA
219650501,72,"1","1","1",4,NA,NA,89725.4335691707,NA
219650601,28,"1",NA,"1",4,NA,NA,89725.4335691707,NA
219650701,65,"1","1","1",4,NA,NA,89725.4335691707,NA
219650801,73,"1","5","1",3,NA,NA,89725.4335691707,NA
219950101,34,"1","9","2",3,NA,NA,89725.4335691707,NA
219950401,42,"1","8","2",4,NA,NA,89725.4335691707,NA
219950501,68,"2","-88","2",10,NA,NA,89725.4335691707,NA
219950601,35,"2","5","2",4,NA,NA,89725.4335691707,NA
219950701,57,"1",NA,"2",4,NA,NA,89725.4335691707,NA
219950801,72,"1",NA,"2",2,NA,NA,89725.4335691707,NA
220130101,57,"1",NA,NA,3,NA,NA,89725.4335691707,NA
220130201,58,"2","5",NA,2,NA,NA,89725.4335691707,NA
220130401,58,"1","5",NA,3,NA,NA,89725.4335691707,NA
220130801,53,"1","1",NA,4,NA,NA,89725.4335691707,NA
220230101,47,"1","5",NA,3,NA,NA,89725.4335691707,NA
220230201,33,"1","7",NA,4,NA,NA,89725.4335691707,NA
220230301,59,"1","5",NA,3,NA,NA,89725.4335691707,NA
220230401,55,"2","8",NA,2,NA,NA,89725.4335691707,NA
220230501,67,"1","5",NA,2,NA,NA,89725.4335691707,NA
220230601,21,"1","1",NA,1,NA,NA,89725.4335691707,NA
220230701,28,"2","3",NA,3,NA,NA,89725.4335691707,NA
220230801,72,"2",NA,NA,1,NA,NA,89725.4335691707,NA
220340101,36,"2","10",NA,3,NA,NA,89725.4335691707,NA
220340201,44,"2","12",NA,4,NA,NA,89725.4335691707,NA
220340401,38,"2","11",NA,2,NA,NA,89725.4335691707,NA
220340801,33,"2","11",NA,3,NA,NA,89725.4335691707,NA
220470101,38,"2","6","1",3,NA,NA,89725.4335691707,NA
220470201,62,"2","6","1",2,NA,NA,89725.4335691707,NA
220470501,45,"2","1","1",7,NA,NA,89725.4335691707,NA
220470601,60,"2","5","1",3,NA,NA,89725.4335691707,NA
220470701,53,"1",NA,"1",4,NA,NA,89725.4335691707,NA
220510601,45,"1","11",NA,1,NA,NA,89725.4335691707,NA
220510801,29,"2","11",NA,1,NA,NA,89725.4335691707,NA
220680101,44,"1","11","3",5,NA,NA,89725.4335691707,NA
220680801,33,"1","10","3",1,NA,NA,89725.4335691707,NA
220760101,31,"1","6","2",5,NA,NA,89725.4335691707,NA
220760201,56,"2","11","2",2,NA,NA,89725.4335691707,NA
220760301,78,"1","3","2",5,NA,NA,89725.4335691707,NA
220760401,62,"2","9","2",1,NA,NA,89725.4335691707,NA
220760701,79,"2","3","2",1,NA,NA,89725.4335691707,NA
220860101,80,"2","3","2",2,NA,NA,89725.4335691707,NA
220860201,29,"1","3","2",2,NA,NA,89725.4335691707,NA
220860301,38,"2","9","2",4,NA,NA,89725.4335691707,NA
220860401,45,"2",NA,"2",2,NA,NA,89725.4335691707,NA
220860501,65,"1","5","2",2,NA,NA,89725.4335691707,NA
220860601,59,"2","6","2",4,NA,NA,89725.4335691707,NA
220860801,34,"1","11","2",3,NA,NA,89725.4335691707,NA
220890301,38,"1","3",NA,3,NA,NA,89725.4335691707,NA
220890401,53,"1","3",NA,3,NA,NA,89725.4335691707,NA
220890501,86,"2","11",NA,1,NA,NA,89725.4335691707,NA
220890601,58,"2",NA,NA,3,NA,NA,89725.4335691707,NA
220890801,35,"1","3",NA,3,NA,NA,89725.4335691707,NA
220890901,61,"1","3",NA,5,NA,NA,89725.4335691707,NA
220891001,52,"1",NA,NA,5,NA,NA,89725.4335691707,NA
220980101,25,"2","11","3",2,NA,NA,89725.4335691707,NA
220980201,69,"2","5","3",3,NA,NA,89725.4335691707,NA
220980301,44,"1","11","3",3,NA,NA,89725.4335691707,NA
220980501,53,"1","11","3",3,NA,NA,89725.4335691707,NA
220980801,52,"2","11","3",2,NA,NA,89725.4335691707,NA
221170201,42,"1","6","3",4,NA,NA,89725.4335691707,NA
221170401,42,"1","5","3",5,NA,NA,89725.4335691707,NA
221170601,31,"1","9","3",2,NA,NA,89725.4335691707,NA
221170701,51,"1","6","3",4,NA,NA,89725.4335691707,NA
221170801,66,"1","6","3",5,NA,NA,89725.4335691707,NA
221440101,62,"2",NA,NA,3,NA,NA,89725.4335691707,NA
221440201,31,"2","9",NA,3,NA,NA,89725.4335691707,NA
221440401,90,"2",NA,NA,2,NA,NA,89725.4335691707,NA
221440501,30,"2","11",NA,1,NA,NA,89725.4335691707,NA
221440601,34,"1","12",NA,4,NA,NA,89725.4335691707,NA
221490101,41,"2","11",NA,3,NA,NA,89725.4335691707,NA
221490201,55,"2","6",NA,4,NA,NA,89725.4335691707,NA
221490301,65,"2","1",NA,1,NA,NA,89725.4335691707,NA
221490501,62,"2","5",NA,3,NA,NA,89725.4335691707,NA
221490601,31,"2","6",NA,4,NA,NA,89725.4335691707,NA
221490701,34,"2","5",NA,4,NA,NA,89725.4335691707,NA
221490801,26,"2","7",NA,3,NA,NA,89725.4335691707,NA
221580101,67,"2","3","2",2,NA,NA,89725.4335691707,NA
221580201,64,"1","11","2",2,NA,NA,89725.4335691707,NA
221580301,35,"2","3","2",4,NA,NA,89725.4335691707,NA
221580501,59,"2","5","2",5,NA,NA,89725.4335691707,NA
221580601,76,"1","6","2",2,NA,NA,89725.4335691707,NA
221580801,56,"1","5","2",2,NA,NA,89725.4335691707,NA
221690601,55,"1","5",NA,4,NA,NA,89725.4335691707,NA
221850101,81,"2",NA,"2",2,NA,NA,89725.4335691707,NA
221850201,41,"1","3","2",4,NA,NA,89725.4335691707,NA
221850301,49,"2",NA,"2",3,NA,NA,89725.4335691707,NA
221850501,65,"2","1","2",2,NA,NA,89725.4335691707,NA
221850601,59,"2",NA,"2",3,NA,NA,89725.4335691707,NA
221850701,51,"2","1","2",4,NA,NA,89725.4335691707,NA
221850702,30,"2",NA,"2",3,NA,NA,89725.4335691707,NA
221850801,31,"1","7","2",1,NA,NA,89725.4335691707,NA
221920301,28,"1","11",NA,1,NA,NA,89725.4335691707,NA
221920401,49,"1","11",NA,2,NA,NA,89725.4335691707,NA
222230101,85,"2","1","2",1,NA,NA,89725.4335691707,NA
222230201,50,"2","6","2",2,NA,NA,89725.4335691707,NA
222230401,60,"1","4","2",4,NA,NA,89725.4335691707,NA
222230501,82,"2",NA,"2",1,NA,NA,89725.4335691707,NA
222230601,70,"1","5","2",5,NA,NA,89725.4335691707,NA
222230701,82,"2","1","2",2,NA,NA,89725.4335691707,NA
222230801,40,"1","6","2",2,NA,NA,89725.4335691707,NA
222370101,25,"1","6",NA,3,NA,NA,89725.4335691707,NA
222370201,39,"1","11",NA,4,NA,NA,89725.4335691707,NA
222370401,52,"1","6",NA,3,NA,NA,89725.4335691707,NA
222370501,39,"2","6",NA,5,NA,NA,89725.4335691707,NA
222370701,35,"2","1",NA,3,NA,NA,89725.4335691707,NA
222370801,56,"2","1",NA,2,NA,NA,89725.4335691707,NA
222370901,70,"1",NA,NA,1,NA,NA,89725.4335691707,NA
222371001,78,"1",NA,NA,4,NA,NA,89725.4335691707,NA
222500101,60,"2","5",NA,2,NA,NA,89725.4335691707,NA
222500201,32,"2","11",NA,5,NA,NA,89725.4335691707,NA
222500301,64,"2","5",NA,2,NA,NA,89725.4335691707,NA
222500401,89,"1",NA,NA,2,NA,NA,89725.4335691707,NA
222500501,30,"1","5",NA,1,NA,NA,89725.4335691707,NA
222500601,63,"1","3",NA,5,NA,NA,89725.4335691707,NA
222500701,82,"2","3",NA,1,NA,NA,89725.4335691707,NA
222500801,22,"1","5",NA,1,NA,NA,89725.4335691707,NA
222890201,84,"1","8",NA,3,NA,NA,89725.4335691707,NA
222890301,43,"1","12",NA,4,NA,NA,89725.4335691707,NA
222890601,81,"1","5",NA,3,NA,NA,89725.4335691707,NA
222890701,58,"2","9",NA,3,NA,NA,89725.4335691707,NA
222890801,69,"1","12",NA,2,NA,NA,89725.4335691707,NA
223020501,72,"1","12",NA,4,NA,NA,89725.4335691707,NA
223120101,78,"2","3","2",1,NA,NA,89725.4335691707,NA
223120601,72,"2",NA,"2",1,NA,NA,89725.4335691707,NA
223120701,52,"1","3","2",2,NA,NA,89725.4335691707,NA
223140101,71,"2","1","1",3,NA,NA,89725.4335691707,NA
223140102,53,"2","5","1",1,NA,NA,89725.4335691707,NA
223140201,67,"1","1","1",2,NA,NA,89725.4335691707,NA
223140202,72,"2","1","1",2,NA,NA,89725.4335691707,NA
223140301,65,"1","4","1",2,NA,NA,89725.4335691707,NA
223140701,57,"2",NA,"1",5,NA,NA,89725.4335691707,NA
223140801,90,"1","1","1",1,NA,NA,89725.4335691707,NA
223140802,57,"1","6","1",1,NA,NA,89725.4335691707,NA
223170401,47,"1","11","2",6,NA,NA,89725.4335691707,NA
223360101,60,"2",NA,NA,5,NA,NA,89725.4335691707,NA
223360201,48,"1","5",NA,3,NA,NA,89725.4335691707,NA
223360301,70,"1","3",NA,1,NA,NA,89725.4335691707,NA
223360401,72,"2","-88",NA,3,NA,NA,89725.4335691707,NA
223360501,58,"1","3",NA,2,NA,NA,89725.4335691707,NA
223360701,75,"1","1",NA,2,NA,NA,89725.4335691707,NA
223360801,68,"2","1",NA,1,NA,NA,89725.4335691707,NA
223530201,59,"2","5",NA,4,NA,NA,89725.4335691707,NA
223530301,59,"1","8",NA,4,NA,NA,89725.4335691707,NA
223530401,48,"2","8",NA,2,NA,NA,89725.4335691707,NA
223530501,29,"2","6",NA,6,NA,NA,89725.4335691707,NA
223530701,52,"2","5",NA,4,NA,NA,89725.4335691707,NA
223530801,84,"2","1",NA,4,NA,NA,89725.4335691707,NA
223590101,26,"2","9",NA,3,NA,NA,89725.4335691707,NA
223590301,44,"2","8",NA,4,NA,NA,89725.4335691707,NA
223590401,74,"2","4",NA,3,NA,NA,89725.4335691707,NA
223590501,64,"2","8",NA,2,NA,NA,89725.4335691707,NA
223590601,69,"2","3",NA,2,NA,NA,89725.4335691707,NA
223590701,70,"2","7",NA,3,NA,NA,89725.4335691707,NA
223590801,52,"2","8",NA,3,NA,NA,89725.4335691707,NA
223700201,40,"1","11","3",1,NA,NA,89725.4335691707,NA
223700501,28,"2","11","3",3,NA,NA,89725.4335691707,NA
223700601,41,"2","11","3",3,NA,NA,89725.4335691707,NA
223700701,40,"2","6","3",3,NA,NA,89725.4335691707,NA
223700801,37,"1","11","3",4,NA,NA,89725.4335691707,NA
223730101,69,"2","1",NA,2,NA,NA,89725.4335691707,NA
223730201,65,"2","3",NA,1,NA,NA,89725.4335691707,NA
223730301,49,"1","5",NA,1,NA,NA,89725.4335691707,NA
223730501,52,"2",NA,NA,3,NA,NA,89725.4335691707,NA
223730601,49,"2","3",NA,3,NA,NA,89725.4335691707,NA
223730701,65,"1","1",NA,1,NA,NA,89725.4335691707,NA
223840101,60,"1","3","1",4,NA,NA,89725.4335691707,NA
223840501,78,"1",NA,"1",2,NA,NA,89725.4335691707,NA
223840601,35,"1","3","1",4,NA,NA,89725.4335691707,NA
223840701,89,"2",NA,"1",1,NA,NA,89725.4335691707,NA
223920201,67,"2","9","2",1,NA,NA,89725.4335691707,NA
223920301,50,"2","11","2",7,NA,NA,89725.4335691707,NA
223920401,57,"1","11","2",2,NA,NA,89725.4335691707,NA
223920601,57,"1","11","2",4,NA,NA,89725.4335691707,NA
223920801,30,"2","9","2",5,NA,NA,89725.4335691707,NA
223930101,34,"1","9","2",5,NA,NA,89725.4335691707,NA
223930201,61,"2","4","2",1,NA,NA,89725.4335691707,NA
223930401,56,"1","6","2",4,NA,NA,89725.4335691707,NA
223930501,55,"2","3","2",4,NA,NA,89725.4335691707,NA
223930502,25,"1","5","2",1,NA,NA,89725.4335691707,NA
223930601,52,"1","5","2",4,NA,NA,89725.4335691707,NA
223930701,44,"1","5","2",6,NA,NA,89725.4335691707,NA
223930801,30,"1","3","2",3,NA,NA,89725.4335691707,NA
224020101,44,"1","6","2",5,NA,NA,89725.4335691707,NA
224020201,75,"2","5","2",3,NA,NA,89725.4335691707,NA
224020301,50,"1","5","2",5,NA,NA,89725.4335691707,NA
224020401,56,"1","6","2",4,NA,NA,89725.4335691707,NA
224020501,40,"2","8","2",4,NA,NA,89725.4335691707,NA
224020801,40,"2","11","2",4,NA,NA,89725.4335691707,NA
224140201,63,"2","1",NA,5,NA,NA,89725.4335691707,NA
224140301,80,"1","5",NA,4,NA,NA,89725.4335691707,NA
224140401,82,"2","1",NA,3,NA,NA,89725.4335691707,NA
224140601,30,"1","9",NA,2,NA,NA,89725.4335691707,NA
224140701,67,"2","5",NA,2,NA,NA,89725.4335691707,NA
224140801,82,"1","1",NA,2,NA,NA,89725.4335691707,NA
224180301,69,"2","1",NA,1,NA,NA,89725.4335691707,NA
224180501,67,"2",NA,NA,4,NA,NA,89725.4335691707,NA
224180701,31,"2","11",NA,2,NA,NA,89725.4335691707,NA
224310201,78,"1","6",NA,2,NA,NA,89725.4335691707,NA
224310301,52,"1","5",NA,6,NA,NA,89725.4335691707,NA
224310401,50,"2","5",NA,1,NA,NA,89725.4335691707,NA
224310501,45,"1","1",NA,7,NA,NA,89725.4335691707,NA
224310601,59,"2","5",NA,2,NA,NA,89725.4335691707,NA
224310701,69,"1","1",NA,3,NA,NA,89725.4335691707,NA
224580101,70,"2","11",NA,1,NA,NA,89725.4335691707,NA
224580201,86,"2","11",NA,1,NA,NA,89725.4335691707,NA
224580301,52,"2","11",NA,4,NA,NA,89725.4335691707,NA
224580401,58,"2","12",NA,4,NA,NA,89725.4335691707,NA
224580501,84,"1","12",NA,3,NA,NA,89725.4335691707,NA
224580601,79,"1","9",NA,2,NA,NA,89725.4335691707,NA
224580801,69,"2","12",NA,2,NA,NA,89725.4335691707,NA
224610101,22,"2","5","3",1,NA,NA,89725.4335691707,NA
224610301,59,"1","5","3",2,NA,NA,89725.4335691707,NA
224610601,66,"2","3","3",2,NA,NA,89725.4335691707,NA
224650501,35,"2","11","3",2,NA,NA,89725.4335691707,NA
224650601,58,"1","8","3",3,NA,NA,89725.4335691707,NA
224650701,45,"2","8","3",2,NA,NA,89725.4335691707,NA
224650801,37,"1","10","3",4,NA,NA,89725.4335691707,NA
224850101,37,"1","5","2",5,NA,NA,89725.4335691707,NA
224850201,54,"2","5","2",1,NA,NA,89725.4335691707,NA
224850301,42,"1","5","2",4,NA,NA,89725.4335691707,NA
224850401,64,"1","1","2",2,NA,NA,89725.4335691707,NA
224850501,68,"1","1","2",1,NA,NA,89725.4335691707,NA
224850601,38,"2","5","2",5,NA,NA,89725.4335691707,NA
224850701,61,"2","5","2",2,NA,NA,89725.4335691707,NA
224900101,82,"2","3",NA,1,NA,NA,89725.4335691707,NA
224900201,78,"2",NA,NA,5,NA,NA,89725.4335691707,NA
224900301,38,"1","6",NA,5,NA,NA,89725.4335691707,NA
224900401,69,"1","3",NA,3,NA,NA,89725.4335691707,NA
224900501,35,"1","7",NA,3,NA,NA,89725.4335691707,NA
224900601,46,"1","12",NA,1,NA,NA,89725.4335691707,NA
224900701,89,"2","3",NA,1,NA,NA,89725.4335691707,NA
224900801,35,"2","9",NA,6,NA,NA,89725.4335691707,NA
224920701,43,"1","11",NA,4,NA,NA,89725.4335691707,NA
224920901,44,"1",NA,NA,4,NA,NA,89725.4335691707,NA
224990101,31,"2","11",NA,2,NA,NA,89725.4335691707,NA
224990201,50,"2","12",NA,5,NA,NA,89725.4335691707,NA
224990301,81,"1","11",NA,2,NA,NA,89725.4335691707,NA
224990601,58,"2","8",NA,1,NA,NA,89725.4335691707,NA
225110701,57,"2","8",NA,3,NA,NA,89725.4335691707,NA
225180201,49,"2","5","3",3,NA,NA,89725.4335691707,NA
225180301,69,"1",NA,"3",5,NA,NA,89725.4335691707,NA
225180401,37,"1","6","3",5,NA,NA,89725.4335691707,NA
225180501,68,"1","5","3",2,NA,NA,89725.4335691707,NA
225180601,32,"1","6","3",4,NA,NA,89725.4335691707,NA
225180701,60,"2","6","3",2,NA,NA,89725.4335691707,NA
225410201,32,"1","1",NA,3,NA,NA,89725.4335691707,NA
225410301,46,"2","5",NA,3,NA,NA,89725.4335691707,NA
225410501,41,"1","3",NA,2,NA,NA,89725.4335691707,NA
225410601,44,"2","5",NA,2,NA,NA,89725.4335691707,NA
225410701,62,"2","5",NA,2,NA,NA,89725.4335691707,NA
225410801,42,"1","1",NA,5,NA,NA,89725.4335691707,NA
225520101,49,"1","12","3",3,NA,NA,89725.4335691707,NA
225520301,35,"1","11","3",3,NA,NA,89725.4335691707,NA
225520401,32,"2","11","3",1,NA,NA,89725.4335691707,NA
225520701,37,"1","12","3",3,NA,NA,89725.4335691707,NA
225520801,30,"2","11","3",4,NA,NA,89725.4335691707,NA
225650101,53,"1","1","2",3,NA,NA,89725.4335691707,NA
225650201,80,"1","1","2",4,NA,NA,89725.4335691707,NA
225650301,78,"2","1","2",1,NA,NA,89725.4335691707,NA
225650501,67,"2",NA,"2",2,NA,NA,89725.4335691707,NA
225650601,52,"2","6","2",2,NA,NA,89725.4335691707,NA
225650602,30,"2","8","2",3,NA,NA,89725.4335691707,NA
225650701,73,"2",NA,"2",2,NA,NA,89725.4335691707,NA
225650801,70,"2","1","2",4,NA,NA,89725.4335691707,NA
225710301,32,"1","3","2",1,NA,NA,89725.4335691707,NA
226130101,23,"2","9",NA,4,NA,NA,89725.4335691707,NA
226130201,60,"1","12",NA,1,NA,NA,89725.4335691707,NA
226130301,64,"2","8",NA,1,NA,NA,89725.4335691707,NA
226130501,27,"1","10",NA,1,NA,NA,89725.4335691707,NA
226130601,53,"2","11",NA,3,NA,NA,89725.4335691707,NA
226130701,55,"1","12",NA,4,NA,NA,89725.4335691707,NA
226130801,40,"1","-88",NA,3,NA,NA,89725.4335691707,NA
226260101,65,"1","1",NA,3,NA,NA,89725.4335691707,NA
226260301,60,"2","5",NA,2,NA,NA,89725.4335691707,NA
226260501,30,"1","11",NA,2,NA,NA,89725.4335691707,NA
226260601,26,"1","3",NA,4,NA,NA,89725.4335691707,NA
226260701,67,"1",NA,NA,2,NA,NA,89725.4335691707,NA
226260801,64,"1","8",NA,2,NA,NA,89725.4335691707,NA
226320101,71,"2","11","3",1,NA,NA,89725.4335691707,NA
226320201,58,"1","7","3",4,NA,NA,89725.4335691707,NA
226320301,78,"1","11","3",1,NA,NA,89725.4335691707,NA
226470101,58,"1","8",NA,1,NA,NA,89725.4335691707,NA
226470201,44,"1","5",NA,4,NA,NA,89725.4335691707,NA
226470301,69,"2","3",NA,1,NA,NA,89725.4335691707,NA
226470401,65,"2","11",NA,3,NA,NA,89725.4335691707,NA
226470501,21,"2","7",NA,5,NA,NA,89725.4335691707,NA
226470601,34,"1","5",NA,2,NA,NA,89725.4335691707,NA
226470701,69,"2","5",NA,1,NA,NA,89725.4335691707,NA
226480101,58,"1","6",NA,4,NA,NA,89725.4335691707,NA
226480201,41,"1","5",NA,6,NA,NA,89725.4335691707,NA
226480401,50,"1","1",NA,3,NA,NA,89725.4335691707,NA
226480501,36,"1","7",NA,3,NA,NA,89725.4335691707,NA
226480801,37,"2",NA,NA,4,NA,NA,89725.4335691707,NA
226490101,57,"2","6",NA,1,NA,NA,89725.4335691707,NA
226490201,79,"2","5",NA,2,NA,NA,89725.4335691707,NA
226490301,56,"2","3",NA,7,NA,NA,89725.4335691707,NA
226490601,69,"2","4",NA,2,NA,NA,89725.4335691707,NA
226530201,65,"1","6",NA,2,NA,NA,89725.4335691707,NA
226530401,50,"1","3",NA,9,NA,NA,89725.4335691707,NA
226530601,53,"2","5",NA,4,NA,NA,89725.4335691707,NA
226530701,36,"1","4",NA,4,NA,NA,89725.4335691707,NA
226530801,66,"1",NA,NA,3,NA,NA,89725.4335691707,NA
226531001,62,"1","6",NA,3,NA,NA,89725.4335691707,NA
226531002,61,"1","1",NA,3,NA,NA,89725.4335691707,NA
226531003,89,"1","1",NA,1,NA,NA,89725.4335691707,NA
226680101,68,"2","5","2",1,NA,NA,89725.4335691707,NA
226680401,72,"2",NA,"2",3,NA,NA,89725.4335691707,NA
226680701,40,"1","7","2",4,NA,NA,89725.4335691707,NA
226700201,60,"2",NA,"2",3,NA,NA,89725.4335691707,NA
226700501,48,"2","8","2",2,NA,NA,89725.4335691707,NA
226700601,54,"2","3","2",2,NA,NA,89725.4335691707,NA
226700701,56,"1","11","2",1,NA,NA,89725.4335691707,NA
226750101,34,"2","11","2",4,NA,NA,89725.4335691707,NA
226750301,44,"1",NA,"2",4,NA,NA,89725.4335691707,NA
226750401,80,"2","1","2",5,NA,NA,89725.4335691707,NA
226750501,35,"2","1","2",4,NA,NA,89725.4335691707,NA
226750601,26,"2","9","2",5,NA,NA,89725.4335691707,NA
226750701,39,"2","1","2",4,NA,NA,89725.4335691707,NA
226750801,65,"1","4","2",4,NA,NA,89725.4335691707,NA
227100101,68,"1",NA,NA,4,NA,NA,89725.4335691707,NA
227100201,37,"1","8",NA,2,NA,NA,89725.4335691707,NA
227100301,77,"1","3",NA,2,NA,NA,89725.4335691707,NA
227100401,33,"2","6",NA,4,NA,NA,89725.4335691707,NA
227100501,52,"1","5",NA,5,NA,NA,89725.4335691707,NA
227100601,59,"1","3",NA,3,NA,NA,89725.4335691707,NA
227100801,42,"1","8",NA,4,NA,NA,89725.4335691707,NA
227170401,80,"1",NA,NA,2,NA,NA,89725.4335691707,NA
227170801,49,"1","12",NA,3,NA,NA,89725.4335691707,NA
227240101,65,"1","6",NA,1,NA,NA,89725.4335691707,NA
227240301,38,"1","9",NA,1,NA,NA,89725.4335691707,NA
227240401,55,"1","8",NA,5,NA,NA,89725.4335691707,NA
227240501,28,"1","11",NA,5,NA,NA,89725.4335691707,NA
227240701,29,"2","5",NA,4,NA,NA,89725.4335691707,NA
227240801,50,"1",NA,NA,4,NA,NA,89725.4335691707,NA
227490101,50,"2","3","2",3,NA,NA,89725.4335691707,NA
227490201,58,"2",NA,"2",3,NA,NA,89725.4335691707,NA
227490301,47,"2","3","2",3,NA,NA,89725.4335691707,NA
227490401,51,"2","11","2",6,NA,NA,89725.4335691707,NA
227490501,73,"2","11","2",1,NA,NA,89725.4335691707,NA
227490601,60,"1","11","2",2,NA,NA,89725.4335691707,NA
227490701,48,"2","11","2",3,NA,NA,89725.4335691707,NA
227500201,61,"2",NA,NA,5,NA,NA,89725.4335691707,NA
227500301,58,"2","8",NA,1,NA,NA,89725.4335691707,NA
227500401,72,"2","9",NA,2,NA,NA,89725.4335691707,NA
227500501,86,"2","11",NA,3,NA,NA,89725.4335691707,NA
227500601,51,"2","11",NA,2,NA,NA,89725.4335691707,NA
227500701,59,"2","5",NA,3,NA,NA,89725.4335691707,NA
227500801,36,"2","8",NA,3,NA,NA,89725.4335691707,NA
227550301,47,"2","5","3",2,NA,NA,89725.4335691707,NA
227550401,45,"2","5","3",2,NA,NA,89725.4335691707,NA
227550601,23,"2","7","3",5,NA,NA,89725.4335691707,NA
227550701,57,"2","5","3",1,NA,NA,89725.4335691707,NA
227550801,62,"1","6","3",3,NA,NA,89725.4335691707,NA
227560101,51,"1","6","2",3,NA,NA,89725.4335691707,NA
227560201,86,"2",NA,"2",2,NA,NA,89725.4335691707,NA
227560301,51,"1","11","2",3,NA,NA,89725.4335691707,NA
227560501,63,"2","4","2",4,NA,NA,89725.4335691707,NA
227560701,60,"1","5","2",4,NA,NA,89725.4335691707,NA
227560801,52,"1","9","2",2,NA,NA,89725.4335691707,NA
227800201,71,"2","1","2",2,NA,NA,89725.4335691707,NA
227800301,64,"1","5","2",3,NA,NA,89725.4335691707,NA
227800601,43,"1",NA,"2",3,NA,NA,89725.4335691707,NA
227800602,47,"1","3","2",1,NA,NA,89725.4335691707,NA
227830101,70,"2","1","2",1,NA,NA,89725.4335691707,NA
227830201,65,"2","5","2",4,NA,NA,89725.4335691707,NA
227830401,67,"1","5","2",2,NA,NA,89725.4335691707,NA
227830501,63,"2",NA,"2",3,NA,NA,89725.4335691707,NA
227830601,75,"2",NA,"2",2,NA,NA,89725.4335691707,NA
227830701,73,"1",NA,"2",2,NA,NA,89725.4335691707,NA
227830801,79,"1","1","2",3,NA,NA,89725.4335691707,NA
227970101,39,"2","11","3",3,NA,NA,89725.4335691707,NA
227970301,42,"2","11","3",3,NA,NA,89725.4335691707,NA
227970401,54,"2","11","3",3,NA,NA,89725.4335691707,NA
227970701,42,"2","8","3",2,NA,NA,89725.4335691707,NA
227970801,45,"2","8","3",3,NA,NA,89725.4335691707,NA
227990301,56,"2","3",NA,4,NA,NA,89725.4335691707,NA
227990401,38,"1","5",NA,5,NA,NA,89725.4335691707,NA
227990501,49,"1","5",NA,5,NA,NA,89725.4335691707,NA
227990601,37,"2","5",NA,4,NA,NA,89725.4335691707,NA
227990701,76,"2","3",NA,2,NA,NA,89725.4335691707,NA
227990801,62,"1","5",NA,4,NA,NA,89725.4335691707,NA
228000301,65,"2","11",NA,1,NA,NA,89725.4335691707,NA
228090201,62,"2","3",NA,2,NA,NA,89725.4335691707,NA
228090301,48,"1","6",NA,4,NA,NA,89725.4335691707,NA
228090401,39,"2","11",NA,2,NA,NA,89725.4335691707,NA
228090501,58,"2","6",NA,3,NA,NA,89725.4335691707,NA
228090601,53,"2","1",NA,6,NA,NA,89725.4335691707,NA
228090701,34,"1","7",NA,3,NA,NA,89725.4335691707,NA
228090801,56,"2","5",NA,2,NA,NA,89725.4335691707,NA
228160301,60,"2","3","1",2,NA,NA,89725.4335691707,NA
228160601,49,"1","1","1",2,NA,NA,89725.4335691707,NA
228160701,53,"2","8","1",3,NA,NA,89725.4335691707,NA
228180101,83,"2","5","3",1,NA,NA,89725.4335691707,NA
228180401,30,"1","11","3",2,NA,NA,89725.4335691707,NA
228320401,43,"1","11","3",4,NA,NA,89725.4335691707,NA
228320501,47,"1","10","3",4,NA,NA,89725.4335691707,NA
228320801,63,"1","8","3",5,NA,NA,89725.4335691707,NA
228360201,55,"2","6","3",2,NA,NA,89725.4335691707,NA
228360301,56,"2","11","3",5,NA,NA,89725.4335691707,NA
228360701,64,"2","11","3",4,NA,NA,89725.4335691707,NA
228400301,36,"1","3",NA,2,NA,NA,89725.4335691707,NA
228400701,31,"2","4",NA,1,NA,NA,89725.4335691707,NA
228560101,68,"2","3","2",1,NA,NA,89725.4335691707,NA
228560201,76,"2","3","2",1,NA,NA,89725.4335691707,NA
228560301,69,"2","1","2",4,NA,NA,89725.4335691707,NA
228560401,49,"1","3","2",2,NA,NA,89725.4335691707,NA
228560501,72,"2","5","2",2,NA,NA,89725.4335691707,NA
228560801,42,"1",NA,"2",3,NA,NA,89725.4335691707,NA
228590201,30,"1","11","2",3,NA,NA,89725.4335691707,NA
228590301,37,"1","11","2",2,NA,NA,89725.4335691707,NA
228590601,43,"1","11","2",1,NA,NA,89725.4335691707,NA
228610101,64,"2","8",NA,1,NA,NA,89725.4335691707,NA
228610301,39,"1","11",NA,3,NA,NA,89725.4335691707,NA
228610501,29,"1","11",NA,1,NA,NA,89725.4335691707,NA
228610601,69,"1","11",NA,1,NA,NA,89725.4335691707,NA
228610701,37,"1","8",NA,1,NA,NA,89725.4335691707,NA
228610801,50,"2","6",NA,3,NA,NA,89725.4335691707,NA
228740201,33,"2","5","2",4,NA,NA,89725.4335691707,NA
228740301,58,"2","1","2",1,NA,NA,89725.4335691707,NA
228740401,80,"2","3","2",1,NA,NA,89725.4335691707,NA
228740501,69,"1",NA,"2",2,NA,NA,89725.4335691707,NA
228740601,74,"2","5","2",1,NA,NA,89725.4335691707,NA
228740701,34,"2","9","2",5,NA,NA,89725.4335691707,NA
228780801,27,"2","11","3",2,NA,NA,89725.4335691707,NA
229120301,33,"1","10",NA,2,NA,NA,89725.4335691707,NA
229120801,30,"1","9",NA,2,NA,NA,89725.4335691707,NA
229160501,72,"2","3",NA,1,NA,NA,89725.4335691707,NA
229160701,34,"1","9",NA,2,NA,NA,89725.4335691707,NA
229160801,31,"1","11",NA,3,NA,NA,89725.4335691707,NA
229940101,28,"1","7",NA,2,NA,NA,89725.4335691707,NA
229940201,29,"2","3",NA,5,NA,NA,89725.4335691707,NA
229940301,66,"2","11",NA,5,NA,NA,89725.4335691707,NA
229940401,74,"1","3",NA,2,NA,NA,89725.4335691707,NA
229940701,59,"1","3",NA,4,NA,NA,89725.4335691707,NA
229940801,25,"1","8",NA,1,NA,NA,89725.4335691707,NA
229990101,62,"1","4","2",3,NA,NA,89725.4335691707,NA
229990201,47,"2","6","2",4,NA,NA,89725.4335691707,NA
229990301,41,"2",NA,"2",6,NA,NA,89725.4335691707,NA
229990401,49,"2","1","2",3,NA,NA,89725.4335691707,NA
229990501,50,"2","1","2",2,NA,NA,89725.4335691707,NA
229990601,53,"2",NA,"2",2,NA,NA,89725.4335691707,NA
229990701,68,"1","4","2",4,NA,NA,89725.4335691707,NA
230040601,64,"1","9","3",6,NA,NA,89725.4335691707,NA
230050101,74,"2","5","3",2,NA,NA,89725.4335691707,NA
230050201,48,"2","11","3",3,NA,NA,89725.4335691707,NA
230050401,26,"1","9","3",1,NA,NA,89725.4335691707,NA
230050801,80,"2","5","3",3,NA,NA,89725.4335691707,NA
230130201,38,"2","1",NA,4,NA,NA,89725.4335691707,NA
230130301,67,"2","11",NA,2,NA,NA,89725.4335691707,NA
230130302,34,"2","9",NA,2,NA,NA,89725.4335691707,NA
230130401,76,"2",NA,NA,2,NA,NA,89725.4335691707,NA
230131001,80,"2",NA,NA,4,NA,NA,89725.4335691707,NA
230190201,42,"1","9","3",3,NA,NA,89725.4335691707,NA
230190301,40,"1","8","3",5,NA,NA,89725.4335691707,NA
230190401,31,"1","7","3",4,NA,NA,89725.4335691707,NA
230190501,54,"2","8","3",4,NA,NA,89725.4335691707,NA
230190601,59,"1","7","3",4,NA,NA,89725.4335691707,NA
230190701,40,"2","9","3",3,NA,NA,89725.4335691707,NA
230190801,45,"1","5","3",4,NA,NA,89725.4335691707,NA
230290101,41,"1","1","3",4,NA,NA,89725.4335691707,NA
230290102,38,"1","11","3",2,NA,NA,89725.4335691707,NA
230290201,39,"1","5","3",2,NA,NA,89725.4335691707,NA
230290301,41,"1","8","3",1,NA,NA,89725.4335691707,NA
230290401,20,"2","5","3",2,NA,NA,89725.4335691707,NA
230290501,58,"1","11","3",2,NA,NA,89725.4335691707,NA
230290601,25,"1","11","3",2,NA,NA,89725.4335691707,NA
230290701,34,"1","5","3",3,NA,NA,89725.4335691707,NA
230290801,43,"2","5","3",2,NA,NA,89725.4335691707,NA
230310101,29,"2","11","2",4,NA,NA,89725.4335691707,NA
230310201,83,"2","6","2",3,NA,NA,89725.4335691707,NA
230310301,52,"2","1","2",1,NA,NA,89725.4335691707,NA
230310601,63,"1",NA,"2",2,NA,NA,89725.4335691707,NA
230310701,48,"1","5","2",5,NA,NA,89725.4335691707,NA
230490101,46,"1","12",NA,3,NA,NA,89725.4335691707,NA
230490301,66,"1","3",NA,3,NA,NA,89725.4335691707,NA
230490501,38,"2","5",NA,2,NA,NA,89725.4335691707,NA
230490601,36,"1","10",NA,2,NA,NA,89725.4335691707,NA
230560101,65,"2","1","2",4,NA,NA,89725.4335691707,NA
230560102,53,"1","1","2",3,NA,NA,89725.4335691707,NA
230560201,54,"2","5","2",2,NA,NA,89725.4335691707,NA
230560401,34,"2","8","2",3,NA,NA,89725.4335691707,NA
230560501,46,"1","5","2",1,NA,NA,89725.4335691707,NA
230560601,66,"1","1","2",2,NA,NA,89725.4335691707,NA
230560701,44,"1","1","2",5,NA,NA,89725.4335691707,NA
230660101,59,"2",NA,"2",4,NA,NA,89725.4335691707,NA
230660301,38,"2","7","2",4,NA,NA,89725.4335691707,NA
230660501,25,"2","5","2",2,NA,NA,89725.4335691707,NA
230660701,45,"1","6","2",4,NA,NA,89725.4335691707,NA
230660801,37,"1","11","2",4,NA,NA,89725.4335691707,NA
230760301,60,"1","6","2",3,NA,NA,89725.4335691707,NA
230760401,67,"1","1","2",3,NA,NA,89725.4335691707,NA
230760501,84,"2",NA,"2",2,NA,NA,89725.4335691707,NA
230760701,53,"1",NA,"2",3,NA,NA,89725.4335691707,NA
230760801,62,"1","6","2",4,NA,NA,89725.4335691707,NA
230800201,62,"1",NA,NA,3,NA,NA,89725.4335691707,NA
230800301,89,"1","9",NA,2,NA,NA,89725.4335691707,NA
230800501,59,"1","5",NA,2,NA,NA,89725.4335691707,NA
230800601,67,"1",NA,NA,5,NA,NA,89725.4335691707,NA
230800701,72,"1","6",NA,2,NA,NA,89725.4335691707,NA
230800801,61,"2","3",NA,2,NA,NA,89725.4335691707,NA
230800901,62,"2","11",NA,2,NA,NA,89725.4335691707,NA
230801001,41,"2","3",NA,2,NA,NA,89725.4335691707,NA
230890101,69,"2",NA,"2",1,NA,NA,89725.4335691707,NA
230890201,88,"2",NA,"2",1,NA,NA,89725.4335691707,NA
230890301,45,"2","11","2",2,NA,NA,89725.4335691707,NA
230890401,29,"1","11","2",4,NA,NA,89725.4335691707,NA
230890501,73,"2","5","2",1,NA,NA,89725.4335691707,NA
230890701,45,"1","5","2",5,NA,NA,89725.4335691707,NA
231020101,46,"2","8",NA,5,NA,NA,89725.4335691707,NA
231020201,58,"2","6",NA,2,NA,NA,89725.4335691707,NA
231020401,72,"2","1",NA,3,NA,NA,89725.4335691707,NA
231020701,88,"2","11",NA,1,NA,NA,89725.4335691707,NA
231020801,49,"2","3",NA,2,NA,NA,89725.4335691707,NA
231080101,63,"2",NA,"2",2,NA,NA,89725.4335691707,NA
231080201,72,"2",NA,"2",3,NA,NA,89725.4335691707,NA
231080301,83,"1",NA,"2",2,NA,NA,89725.4335691707,NA
231080401,77,"1",NA,"2",1,NA,NA,89725.4335691707,NA
231080501,68,"1","3","2",4,NA,NA,89725.4335691707,NA
231080601,69,"1","5","2",2,NA,NA,89725.4335691707,NA
231080701,61,"1","3","2",4,NA,NA,89725.4335691707,NA
231080801,48,"2","5","2",2,NA,NA,89725.4335691707,NA
231320301,74,"1","11",NA,4,NA,NA,89725.4335691707,NA
231320401,34,"1","8",NA,3,NA,NA,89725.4335691707,NA
231320501,70,"1","9",NA,2,NA,NA,89725.4335691707,NA
231320601,82,"1","11",NA,2,NA,NA,89725.4335691707,NA
231320701,67,"1","11",NA,2,NA,NA,89725.4335691707,NA
231570101,30,"1","6",NA,3,NA,NA,89725.4335691707,NA
231570201,72,"1",NA,NA,2,NA,NA,89725.4335691707,NA
231570301,74,"1","3",NA,2,NA,NA,89725.4335691707,NA
231570401,30,"1","6",NA,2,NA,NA,89725.4335691707,NA
231570501,35,"2","5",NA,5,NA,NA,89725.4335691707,NA
231570601,35,"1","5",NA,3,NA,NA,89725.4335691707,NA
231570701,29,"1","3",NA,3,NA,NA,89725.4335691707,NA
231570801,60,"2","3",NA,2,NA,NA,89725.4335691707,NA
231570901,50,"1","5",NA,4,NA,NA,89725.4335691707,NA
231571001,59,"1","5",NA,3,NA,NA,89725.4335691707,NA
231610201,57,"1","5","2",4,NA,NA,89725.4335691707,NA
231610301,57,"2","11","2",2,NA,NA,89725.4335691707,NA
231610501,33,"1","11","2",3,NA,NA,89725.4335691707,NA
231610801,77,"2",NA,"2",4,NA,NA,89725.4335691707,NA
231660101,62,"2",NA,NA,3,NA,NA,89725.4335691707,NA
231660201,69,"1",NA,NA,3,NA,NA,89725.4335691707,NA
231660301,59,"2","5",NA,1,NA,NA,89725.4335691707,NA
231660401,50,"2","8",NA,3,NA,NA,89725.4335691707,NA
231660501,70,"1","8",NA,6,NA,NA,89725.4335691707,NA
231660601,40,"2","11",NA,5,NA,NA,89725.4335691707,NA
231660701,42,"2","8",NA,3,NA,NA,89725.4335691707,NA
231660801,43,"2","5",NA,3,NA,NA,89725.4335691707,NA
231730101,65,"1","-88","2",8,NA,NA,89725.4335691707,NA
231730301,62,"1",NA,"2",3,NA,NA,89725.4335691707,NA
231730401,56,"2","6","2",2,NA,NA,89725.4335691707,NA
231730501,68,"1","1","2",2,NA,NA,89725.4335691707,NA
231730701,60,"2","5","2",2,NA,NA,89725.4335691707,NA
231730801,57,"2","5","2",2,NA,NA,89725.4335691707,NA
231800201,52,"2",NA,"1",4,NA,NA,89725.4335691707,NA
231800301,74,"2","3","1",1,NA,NA,89725.4335691707,NA
231800401,76,"2","1","1",3,NA,NA,89725.4335691707,NA
231800501,51,"2","5","1",4,NA,NA,89725.4335691707,NA
231800601,74,"1","1","1",4,NA,NA,89725.4335691707,NA
231800701,64,"1","4","1",2,NA,NA,89725.4335691707,NA
232150601,31,"2","5",NA,5,NA,NA,89725.4335691707,NA
232150701,61,"1","6",NA,2,NA,NA,89725.4335691707,NA
232320101,49,"1","9",NA,4,NA,NA,89725.4335691707,NA
232320201,62,"1","1",NA,3,NA,NA,89725.4335691707,NA
232320301,63,"1","11",NA,2,NA,NA,89725.4335691707,NA
232320401,30,"2","6",NA,3,NA,NA,89725.4335691707,NA
232320601,77,"2",NA,NA,2,NA,NA,89725.4335691707,NA
232320701,42,"1","8",NA,3,NA,NA,89725.4335691707,NA
232320801,60,"1","1",NA,2,NA,NA,89725.4335691707,NA
232580301,45,"1","11",NA,1,NA,NA,89725.4335691707,NA
232580501,56,"2","11",NA,2,NA,NA,89725.4335691707,NA
232580701,84,"2","3",NA,2,NA,NA,89725.4335691707,NA
232940201,80,"1","11",NA,4,NA,NA,89725.4335691707,NA
232940601,36,"1","10",NA,4,NA,NA,89725.4335691707,NA
233010501,44,"2","11",NA,1,NA,NA,89725.4335691707,NA
233010601,22,"1","-88",NA,3,NA,NA,89725.4335691707,NA
233060101,79,"2","1","3",1,NA,NA,89725.4335691707,NA
233060201,36,"2","6","3",4,NA,NA,89725.4335691707,NA
233060401,42,"2","8","3",3,NA,NA,89725.4335691707,NA
233060501,68,"2","1","3",2,NA,NA,89725.4335691707,NA
233060601,43,"1","5","3",5,NA,NA,89725.4335691707,NA
233060801,42,"2","9","3",4,NA,NA,89725.4335691707,NA
233190101,31,"1","11",NA,1,NA,NA,89725.4335691707,NA
233190501,74,"1","8",NA,2,NA,NA,89725.4335691707,NA
233250101,64,"2","4","3",1,NA,NA,89725.4335691707,NA
233250501,40,"1","11","3",1,NA,NA,89725.4335691707,NA
233250601,32,"1","11","3",2,NA,NA,89725.4335691707,NA
233250701,52,"2","11","3",4,NA,NA,89725.4335691707,NA
233250801,42,"2","8","3",3,NA,NA,89725.4335691707,NA
233400601,49,"1","11",NA,1,NA,NA,89725.4335691707,NA
233630501,38,"1","11","3",3,NA,NA,89725.4335691707,NA
233630601,79,"2","11","3",1,NA,NA,89725.4335691707,NA
233780101,39,"2","10","3",2,NA,NA,89725.4335691707,NA
233780201,34,"2","11","3",4,NA,NA,89725.4335691707,NA
233780301,69,"2","8","3",1,NA,NA,89725.4335691707,NA
233780501,40,"1","8","3",2,NA,NA,89725.4335691707,NA
233920101,60,"1","5",NA,2,NA,NA,89725.4335691707,NA
233920201,67,"2","5",NA,1,NA,NA,89725.4335691707,NA
233920202,65,"1","5",NA,1,NA,NA,89725.4335691707,NA
233920301,26,"1","5",NA,4,NA,NA,89725.4335691707,NA
233920601,43,"1","11",NA,4,NA,NA,89725.4335691707,NA
233920701,72,"1","3",NA,3,NA,NA,89725.4335691707,NA
234040201,50,"2","5","1",9,NA,NA,89725.4335691707,NA
234040301,39,"1","5","1",4,NA,NA,89725.4335691707,NA
234040401,56,"2","3","1",4,NA,NA,89725.4335691707,NA
234040501,85,"1","1","1",6,NA,NA,89725.4335691707,NA
234040502,54,"1","5","1",3,NA,NA,89725.4335691707,NA
234040701,47,"1","3","1",7,NA,NA,89725.4335691707,NA
234040801,50,"2","6","1",6,NA,NA,89725.4335691707,NA
234200101,39,"2","11","3",2,NA,NA,89725.4335691707,NA
234250201,43,"1","11","3",2,NA,NA,89725.4335691707,NA
234250301,35,"2","11","3",1,NA,NA,89725.4335691707,NA
234250801,29,"1","11","3",1,NA,NA,89725.4335691707,NA
234280101,94,"2","1",NA,1,NA,NA,89725.4335691707,NA
234280201,38,"2","6",NA,5,NA,NA,89725.4335691707,NA
234280301,42,"2","11",NA,5,NA,NA,89725.4335691707,NA
234280501,67,"1",NA,NA,2,NA,NA,89725.4335691707,NA
234280601,35,"2","1",NA,5,NA,NA,89725.4335691707,NA
234280801,80,"2","4",NA,1,NA,NA,89725.4335691707,NA
234490101,62,"1","11",NA,4,NA,NA,89725.4335691707,NA
234570201,81,"1","10","3",3,NA,NA,89725.4335691707,NA
234570501,61,"1","11","3",1,NA,NA,89725.4335691707,NA
234570601,41,"1","12","3",1,NA,NA,89725.4335691707,NA
234650301,55,"1","3",NA,3,NA,NA,89725.4335691707,NA
234650401,63,"1","1",NA,3,NA,NA,89725.4335691707,NA
234650701,42,"2",NA,NA,2,NA,NA,89725.4335691707,NA
234650801,38,"1","9",NA,1,NA,NA,89725.4335691707,NA
234820301,52,"1","6",NA,2,NA,NA,89725.4335691707,NA
234820501,46,"2","6",NA,3,NA,NA,89725.4335691707,NA
234820601,36,"1","9",NA,6,NA,NA,89725.4335691707,NA
234820701,67,"2","1",NA,2,NA,NA,89725.4335691707,NA
234820702,44,"2","5",NA,3,NA,NA,89725.4335691707,NA
234890201,60,"1","5",NA,4,NA,NA,89725.4335691707,NA
234890301,60,"1","3",NA,5,NA,NA,89725.4335691707,NA
234890401,63,"2",NA,NA,2,NA,NA,89725.4335691707,NA
234890501,58,"2","1",NA,2,NA,NA,89725.4335691707,NA
234890601,63,"2",NA,NA,1,NA,NA,89725.4335691707,NA
234890801,45,"2","5",NA,6,NA,NA,89725.4335691707,NA
234930301,50,"2","5","1",4,NA,NA,89725.4335691707,NA
234940201,25,"1","5",NA,3,NA,NA,89725.4335691707,NA
234980301,72,"1","11","3",3,NA,NA,89725.4335691707,NA
234980501,65,"1","12","3",3,NA,NA,89725.4335691707,NA
234990101,57,"1","5","2",6,NA,NA,89725.4335691707,NA
234990201,37,"1","5","2",3,NA,NA,89725.4335691707,NA
234990301,40,"1","5","2",2,NA,NA,89725.4335691707,NA
234990501,57,"2","4","2",2,NA,NA,89725.4335691707,NA
234990601,86,"2","4","2",2,NA,NA,89725.4335691707,NA
234990701,44,"1","5","2",3,NA,NA,89725.4335691707,NA
234990801,59,"1","8","2",6,NA,NA,89725.4335691707,NA
235070101,31,"1","9",NA,4,NA,NA,89725.4335691707,NA
235070201,32,"2","3",NA,4,NA,NA,89725.4335691707,NA
235070301,67,"1","5",NA,2,NA,NA,89725.4335691707,NA
235070501,31,"2","11",NA,4,NA,NA,89725.4335691707,NA
235070601,56,"1","5",NA,2,NA,NA,89725.4335691707,NA
235070602,77,"2","1",NA,1,NA,NA,89725.4335691707,NA
235070701,82,"1","3",NA,1,NA,NA,89725.4335691707,NA
235070801,78,"2","3",NA,7,NA,NA,89725.4335691707,NA
235071001,73,"1","6",NA,1,NA,NA,89725.4335691707,NA
235130301,35,"1","1","2",3,NA,NA,89725.4335691707,NA
235130501,65,"1","-88","2",2,NA,NA,89725.4335691707,NA
235130601,44,"2","1","2",4,NA,NA,89725.4335691707,NA
235130801,65,"2","7","2",1,NA,NA,89725.4335691707,NA
235160501,43,"1","12",NA,1,NA,NA,89725.4335691707,NA
235180101,25,"1","4",NA,3,NA,NA,89725.4335691707,NA
235180201,58,"2","8",NA,4,NA,NA,89725.4335691707,NA
235180301,46,"1","11",NA,4,NA,NA,89725.4335691707,NA
235180501,81,"2","1",NA,1,NA,NA,89725.4335691707,NA
235180601,59,"1","4",NA,1,NA,NA,89725.4335691707,NA
235180701,59,"2",NA,NA,6,NA,NA,89725.4335691707,NA
235240101,66,"2","9","2",3,NA,NA,89725.4335691707,NA
235240201,79,"1","9","2",2,NA,NA,89725.4335691707,NA
235240301,41,"1","11","2",4,NA,NA,89725.4335691707,NA
235240501,64,"1","12","2",5,NA,NA,89725.4335691707,NA
235240601,40,"1","12","2",2,NA,NA,89725.4335691707,NA
235240701,58,"2","11","2",2,NA,NA,89725.4335691707,NA
235240801,57,"1","11","2",4,NA,NA,89725.4335691707,NA
235280201,61,"1","8",NA,3,NA,NA,89725.4335691707,NA
235280301,59,"2","3",NA,3,NA,NA,89725.4335691707,NA
235280401,53,"2","6",NA,3,NA,NA,89725.4335691707,NA
235280801,56,"1","8",NA,4,NA,NA,89725.4335691707,NA
235290101,58,"2","5","3",3,NA,NA,89725.4335691707,NA
235290301,63,"1","1","3",4,NA,NA,89725.4335691707,NA
235290401,37,"1","5","3",3,NA,NA,89725.4335691707,NA
235290701,84,"2","3","3",1,NA,NA,89725.4335691707,NA
235290801,81,"1","3","3",2,NA,NA,89725.4335691707,NA
235360201,59,"1","12","3",2,NA,NA,89725.4335691707,NA
235370101,82,"1","1","1",2,NA,NA,89725.4335691707,NA
235370201,63,"1","4","1",5,NA,NA,89725.4335691707,NA
235370301,71,"1","7","1",1,NA,NA,89725.4335691707,NA
235370501,82,"2","1","1",3,NA,NA,89725.4335691707,NA
235370801,52,"2","4","1",5,NA,NA,89725.4335691707,NA
235420201,35,"1","8",NA,4,NA,NA,89725.4335691707,NA
235420801,39,"1","11",NA,5,NA,NA,89725.4335691707,NA
235460701,61,"1","4",NA,1,NA,NA,89725.4335691707,NA
235510101,33,"2","10",NA,3,NA,NA,89725.4335691707,NA
235510301,54,"2","8",NA,4,NA,NA,89725.4335691707,NA
235510401,37,"1","9",NA,4,NA,NA,89725.4335691707,NA
235510501,53,"1","11",NA,2,NA,NA,89725.4335691707,NA
235510801,37,"2","11",NA,3,NA,NA,89725.4335691707,NA
235520301,35,"1","8",NA,4,NA,NA,89725.4335691707,NA
235520601,31,"1","11",NA,4,NA,NA,89725.4335691707,NA
235520701,37,"2","6",NA,4,NA,NA,89725.4335691707,NA
235520801,34,"2","11",NA,1,NA,NA,89725.4335691707,NA
235530101,51,"1","12","3",3,NA,NA,89725.4335691707,NA
235530301,62,"2","8","3",1,NA,NA,89725.4335691707,NA
235530401,50,"2","9","3",2,NA,NA,89725.4335691707,NA
235530701,25,"2","11","3",3,NA,NA,89725.4335691707,NA
235530801,48,"1","10","3",1,NA,NA,89725.4335691707,NA
235550101,52,"1","12","2",6,NA,NA,89725.4335691707,NA
235550201,74,"2","11","2",2,NA,NA,89725.4335691707,NA
235550301,74,"2","11","2",1,NA,NA,89725.4335691707,NA
235550401,45,"2","6","2",3,NA,NA,89725.4335691707,NA
235550402,84,"2","5","2",1,NA,NA,89725.4335691707,NA
235550701,63,"2","8","2",5,NA,NA,89725.4335691707,NA
235550801,56,"1","10","2",3,NA,NA,89725.4335691707,NA
235660701,56,"2","11","2",2,NA,NA,89725.4335691707,NA
235680101,56,"1","11","3",2,NA,NA,89725.4335691707,NA
235680401,28,"1","11","3",4,NA,NA,89725.4335691707,NA
235680701,51,"1","11","3",2,NA,NA,89725.4335691707,NA
235680801,68,"1","11","3",1,NA,NA,89725.4335691707,NA
235900201,58,"1","11",NA,1,NA,NA,89725.4335691707,NA
235900301,37,"2","12",NA,2,NA,NA,89725.4335691707,NA
235900401,73,"2","5",NA,2,NA,NA,89725.4335691707,NA
235900501,28,"1","11",NA,3,NA,NA,89725.4335691707,NA
236520301,33,"1","11",NA,1,NA,NA,89725.4335691707,NA
236520501,51,"1","11",NA,1,NA,NA,89725.4335691707,NA
236520701,31,"2","11",NA,1,NA,NA,89725.4335691707,NA
236690101,33,"1","5","3",1,NA,NA,89725.4335691707,NA
236690201,72,"2","1","3",2,NA,NA,89725.4335691707,NA
236690301,53,"2","8","3",4,NA,NA,89725.4335691707,NA
236690501,28,"2","5","3",4,NA,NA,89725.4335691707,NA
236690601,54,"1","5","3",3,NA,NA,89725.4335691707,NA
236690701,65,"2",NA,"3",2,NA,NA,89725.4335691707,NA
236690801,79,"2","3","3",2,NA,NA,89725.4335691707,NA
236740301,55,"1",NA,"1",2,NA,NA,89725.4335691707,NA
236740601,64,"1","1","1",2,NA,NA,89725.4335691707,NA
236740801,62,"1","1","1",2,NA,NA,89725.4335691707,NA
236741001,70,"1",NA,"1",2,NA,NA,89725.4335691707,NA
236880101,32,"1","7","2",5,NA,NA,89725.4335691707,NA
236880301,40,"2","5","2",4,NA,NA,89725.4335691707,NA
236880401,45,"2","6","2",6,NA,NA,89725.4335691707,NA
236880402,25,"2","5","2",2,NA,NA,89725.4335691707,NA
236880501,40,"2","3","2",2,NA,NA,89725.4335691707,NA
236880601,47,"2","5","2",3,NA,NA,89725.4335691707,NA
236880801,64,"1","3","2",2,NA,NA,89725.4335691707,NA
237050101,48,"1","6",NA,3,NA,NA,89725.4335691707,NA
237050201,45,"2","5",NA,7,NA,NA,89725.4335691707,NA
237050301,63,"1","4",NA,2,NA,NA,89725.4335691707,NA
237050501,28,"1","11",NA,3,NA,NA,89725.4335691707,NA
237050601,53,"1","8",NA,4,NA,NA,89725.4335691707,NA
237050701,40,"1","11",NA,5,NA,NA,89725.4335691707,NA
237050801,65,"1","5",NA,3,NA,NA,89725.4335691707,NA
237260201,38,"2","11",NA,4,NA,NA,89725.4335691707,NA
237260301,49,"2","11",NA,5,NA,NA,89725.4335691707,NA
237260401,56,"1",NA,NA,3,NA,NA,89725.4335691707,NA
237260501,46,"2","6",NA,4,NA,NA,89725.4335691707,NA
237260601,71,"2","1",NA,2,NA,NA,89725.4335691707,NA
237260701,35,"1",NA,NA,6,NA,NA,89725.4335691707,NA
237260801,49,"2","3",NA,7,NA,NA,89725.4335691707,NA
237260901,83,"1","1",NA,2,NA,NA,89725.4335691707,NA
237261001,52,"1","3",NA,2,NA,NA,89725.4335691707,NA
237400201,43,"1","3","2",2,NA,NA,89725.4335691707,NA
237400301,45,"1","4","2",1,NA,NA,89725.4335691707,NA
237400401,42,"2",NA,"2",8,NA,NA,89725.4335691707,NA
237400501,79,"2","5","2",3,NA,NA,89725.4335691707,NA
237450201,55,"2","5","2",3,NA,NA,89725.4335691707,NA
237450301,53,"1","3","2",6,NA,NA,89725.4335691707,NA
237450601,50,"1","5","2",2,NA,NA,89725.4335691707,NA
237450701,40,"2","3","2",6,NA,NA,89725.4335691707,NA
237450801,58,"1","1","2",7,NA,NA,89725.4335691707,NA
237640401,43,"1","6","3",2,NA,NA,89725.4335691707,NA
237640501,38,"1","11","3",2,NA,NA,89725.4335691707,NA
237640601,42,"2","5","3",6,NA,NA,89725.4335691707,NA
237640801,96,"2","6","3",1,NA,NA,89725.4335691707,NA
237660601,75,"1","11","3",1,NA,NA,89725.4335691707,NA
237660701,65,"1","11","3",5,NA,NA,89725.4335691707,NA
237660801,68,"2","11","3",3,NA,NA,89725.4335691707,NA
237700101,79,"2","3","1",3,NA,NA,89725.4335691707,NA
237700201,76,"2","1","1",1,NA,NA,89725.4335691707,NA
237700401,32,"1","9","1",4,NA,NA,89725.4335691707,NA
237700501,54,"2","5","1",4,NA,NA,89725.4335691707,NA
237700701,53,"1","5","1",3,NA,NA,89725.4335691707,NA
237700801,45,"2",NA,"1",3,NA,NA,89725.4335691707,NA
237730101,45,"1","9",NA,2,NA,NA,89725.4335691707,NA
237730201,47,"2","11",NA,3,NA,NA,89725.4335691707,NA
237730501,29,"2","11",NA,3,NA,NA,89725.4335691707,NA
237960101,64,"1","1",NA,4,NA,NA,89725.4335691707,NA
237960201,54,"2","11",NA,2,NA,NA,89725.4335691707,NA
237960801,46,"1","11",NA,6,NA,NA,89725.4335691707,NA
238020201,70,"1","5","2",2,NA,NA,89725.4335691707,NA
238020301,30,"1","11","2",4,NA,NA,89725.4335691707,NA
238020401,56,"2","11","2",3,NA,NA,89725.4335691707,NA
238020501,76,"1","5","2",2,NA,NA,89725.4335691707,NA
238020701,76,"2","5","2",1,NA,NA,89725.4335691707,NA
238030201,71,"1","1",NA,2,NA,NA,89725.4335691707,NA
238030301,46,"1",NA,NA,4,NA,NA,89725.4335691707,NA
238030401,60,"2","8",NA,2,NA,NA,89725.4335691707,NA
238030501,37,"1","4",NA,1,NA,NA,89725.4335691707,NA
238030601,42,"2",NA,NA,3,NA,NA,89725.4335691707,NA
238030701,66,"2","1",NA,2,NA,NA,89725.4335691707,NA
238030801,62,"1",NA,NA,3,NA,NA,89725.4335691707,NA
238060101,61,"2","5",NA,1,NA,NA,89725.4335691707,NA
238060301,41,"1","5",NA,4,NA,NA,89725.4335691707,NA
238060601,63,"1","6",NA,2,NA,NA,89725.4335691707,NA
238060701,94,"2",NA,NA,3,NA,NA,89725.4335691707,NA
238180101,38,"2","9","2",3,NA,NA,89725.4335691707,NA
238180102,68,"2","7","2",2,NA,NA,89725.4335691707,NA
238180201,66,"1","5","2",2,NA,NA,89725.4335691707,NA
238180301,53,"1","11","2",4,NA,NA,89725.4335691707,NA
238180401,62,"1","9","2",3,NA,NA,89725.4335691707,NA
238180501,60,"1","12","2",5,NA,NA,89725.4335691707,NA
238180701,60,"1","6","2",2,NA,NA,89725.4335691707,NA
238230201,49,"1","11",NA,3,NA,NA,89725.4335691707,NA
238230601,57,"2","8",NA,3,NA,NA,89725.4335691707,NA
238230801,63,"2","9",NA,2,NA,NA,89725.4335691707,NA
238240201,46,"2","12",NA,1,NA,NA,89725.4335691707,NA
238460101,68,"2","1","1",1,NA,NA,89725.4335691707,NA
238460201,73,"1","3","1",3,NA,NA,89725.4335691707,NA
238460401,58,"1","1","1",8,NA,NA,89725.4335691707,NA
238460501,68,"1",NA,"1",1,NA,NA,89725.4335691707,NA
238460601,50,"1","1","1",8,NA,NA,89725.4335691707,NA
238460701,77,"2","1","1",4,NA,NA,89725.4335691707,NA
238460801,55,"1","1","1",2,NA,NA,89725.4335691707,NA
238550101,60,"2","12",NA,3,NA,NA,89725.4335691707,NA
238550501,52,"1","11",NA,3,NA,NA,89725.4335691707,NA
238550701,81,"1","11",NA,2,NA,NA,89725.4335691707,NA
238910201,71,"2","11",NA,2,NA,NA,89725.4335691707,NA
238910501,64,"2","8",NA,2,NA,NA,89725.4335691707,NA
238910801,50,"2","11",NA,3,NA,NA,89725.4335691707,NA
238940301,89,"1",NA,NA,5,NA,NA,89725.4335691707,NA
238940401,69,"1",NA,NA,2,NA,NA,89725.4335691707,NA
238940402,40,"1","5",NA,1,NA,NA,89725.4335691707,NA
238940501,47,"2","7",NA,3,NA,NA,89725.4335691707,NA
238940601,72,"1","3",NA,4,NA,NA,89725.4335691707,NA
238940701,72,"2","1",NA,1,NA,NA,89725.4335691707,NA
239050301,70,"2","12",NA,1,NA,NA,89725.4335691707,NA
239050501,32,"1","11",NA,2,NA,NA,89725.4335691707,NA
239050801,87,"2","12",NA,1,NA,NA,89725.4335691707,NA
239070101,58,"1","4","2",3,NA,NA,89725.4335691707,NA
239070501,83,"2","3","2",2,NA,NA,89725.4335691707,NA
239070601,73,"2","1","2",3,NA,NA,89725.4335691707,NA
239070801,83,"2","3","2",1,NA,NA,89725.4335691707,NA
239150401,71,"2","9",NA,1,NA,NA,89725.4335691707,NA
239150701,75,"1","12",NA,1,NA,NA,89725.4335691707,NA
239150801,30,"2","11",NA,1,NA,NA,89725.4335691707,NA
239180401,82,"1",NA,"2",3,NA,NA,89725.4335691707,NA
239180501,56,"1","5","2",2,NA,NA,89725.4335691707,NA
239180801,57,"1","3","2",3,NA,NA,89725.4335691707,NA
239300101,48,"1","9","2",4,NA,NA,89725.4335691707,NA
239300201,42,"2","3","2",5,NA,NA,89725.4335691707,NA
239300301,62,"1","6","2",4,NA,NA,89725.4335691707,NA
239300401,84,"2","5","2",1,NA,NA,89725.4335691707,NA
239300601,39,"1","12","2",2,NA,NA,89725.4335691707,NA
239300701,50,"2","8","2",3,NA,NA,89725.4335691707,NA
239320101,64,"1","8","1",2,NA,NA,89725.4335691707,NA
239320201,33,"2","6","1",4,NA,NA,89725.4335691707,NA
239320401,67,"1","3","1",2,NA,NA,89725.4335691707,NA
239320501,43,"2","3","1",4,NA,NA,89725.4335691707,NA
239320601,42,"2",NA,"1",4,NA,NA,89725.4335691707,NA
239320701,77,"1",NA,"1",3,NA,NA,89725.4335691707,NA
239450101,60,"2","3",NA,5,NA,NA,89725.4335691707,NA
239450201,56,"1","8",NA,4,NA,NA,89725.4335691707,NA
239450601,50,"1","8",NA,3,NA,NA,89725.4335691707,NA
239450701,54,"2","1",NA,3,NA,NA,89725.4335691707,NA
239450801,47,"1","11",NA,5,NA,NA,89725.4335691707,NA
239660201,54,"1","11","3",2,NA,NA,89725.4335691707,NA
239710201,39,"2","11",NA,6,NA,NA,89725.4335691707,NA
239710301,54,"1","11",NA,3,NA,NA,89725.4335691707,NA
239710501,61,"1","11",NA,5,NA,NA,89725.4335691707,NA
239720301,64,"2",NA,NA,1,NA,NA,89725.4335691707,NA
239720401,76,"1","8",NA,2,NA,NA,89725.4335691707,NA
239720501,35,"1","11",NA,4,NA,NA,89725.4335691707,NA
239720801,38,"2","5",NA,1,NA,NA,89725.4335691707,NA
239740101,60,"2","11","3",3,NA,NA,89725.4335691707,NA
239740201,41,"2","11","3",4,NA,NA,89725.4335691707,NA
239740301,63,"1","9","3",5,NA,NA,89725.4335691707,NA
239740401,51,"2","5","3",4,NA,NA,89725.4335691707,NA
239860101,47,"2","11",NA,2,NA,NA,89725.4335691707,NA
239860601,31,"2","8",NA,3,NA,NA,89725.4335691707,NA
239930101,29,"2","11","3",2,NA,NA,89725.4335691707,NA
239930201,31,"1","8","3",2,NA,NA,89725.4335691707,NA
239930301,71,"1","5","3",3,NA,NA,89725.4335691707,NA
239930401,35,"2","12","3",1,NA,NA,89725.4335691707,NA
239930501,34,"1","11","3",3,NA,NA,89725.4335691707,NA
239930701,92,"1","1","3",1,NA,NA,89725.4335691707,NA
239930801,79,"2","5","3",2,NA,NA,89725.4335691707,NA
240350101,73,"1","3",NA,2,NA,NA,89725.4335691707,NA
240350201,87,"1","3",NA,2,NA,NA,89725.4335691707,NA
240350301,61,"1","5",NA,3,NA,NA,89725.4335691707,NA
240350401,56,"1","5",NA,2,NA,NA,89725.4335691707,NA
240350501,69,"2","3",NA,2,NA,NA,89725.4335691707,NA
240350502,42,"2","6",NA,4,NA,NA,89725.4335691707,NA
240350601,42,"1","8",NA,3,NA,NA,89725.4335691707,NA
240350801,79,"1","3",NA,2,NA,NA,89725.4335691707,NA
240400201,63,"2","11",NA,2,NA,NA,89725.4335691707,NA
240400601,38,"1","11",NA,6,NA,NA,89725.4335691707,NA
240510801,44,"2","11",NA,5,NA,NA,89725.4335691707,NA
240590201,37,"2","6",NA,5,NA,NA,89725.4335691707,NA
240590301,41,"1","12",NA,4,NA,NA,89725.4335691707,NA
240590401,45,"1","8",NA,3,NA,NA,89725.4335691707,NA
240590501,69,"2","5",NA,3,NA,NA,89725.4335691707,NA
240590601,82,"2",NA,NA,3,NA,NA,89725.4335691707,NA
240590701,37,"1","8",NA,3,NA,NA,89725.4335691707,NA
240590702,49,"1","7",NA,4,NA,NA,89725.4335691707,NA
240590801,84,"1","8",NA,3,NA,NA,89725.4335691707,NA
240600401,40,"2","9","2",4,NA,NA,89725.4335691707,NA
240600701,25,"1","7","2",2,NA,NA,89725.4335691707,NA
240700201,73,"1","1",NA,3,NA,NA,89725.4335691707,NA
240700301,54,"1","5",NA,6,NA,NA,89725.4335691707,NA
240700401,55,"2","3",NA,1,NA,NA,89725.4335691707,NA
240700501,52,"2","8",NA,2,NA,NA,89725.4335691707,NA
240700601,28,"2","7",NA,3,NA,NA,89725.4335691707,NA
240700701,66,"2",NA,NA,1,NA,NA,89725.4335691707,NA
240790101,63,"1","5","2",2,NA,NA,89725.4335691707,NA
240790201,62,"2","5","2",4,NA,NA,89725.4335691707,NA
240790301,55,"1","6","2",3,NA,NA,89725.4335691707,NA
240790401,47,"1","5","2",7,NA,NA,89725.4335691707,NA
240790501,58,"1","9","2",3,NA,NA,89725.4335691707,NA
240790601,63,"1","5","2",2,NA,NA,89725.4335691707,NA
240790701,84,"1","6","2",2,NA,NA,89725.4335691707,NA
240790801,40,"2","6","2",2,NA,NA,89725.4335691707,NA
240830301,57,"2","11","3",4,NA,NA,89725.4335691707,NA
240830401,47,"2","11","3",4,NA,NA,89725.4335691707,NA
240830601,48,"2","12","3",4,NA,NA,89725.4335691707,NA
240830701,46,"1","11","3",4,NA,NA,89725.4335691707,NA
240830801,47,"2","11","3",4,NA,NA,89725.4335691707,NA
241070101,79,"2","1","1",1,NA,NA,89725.4335691707,NA
241070201,67,"1","3","1",5,NA,NA,89725.4335691707,NA
241070301,69,"2","3","1",6,NA,NA,89725.4335691707,NA
241070401,40,"1","3","1",4,NA,NA,89725.4335691707,NA
241070501,53,"2","3","1",4,NA,NA,89725.4335691707,NA
241070601,58,"1","3","1",3,NA,NA,89725.4335691707,NA
241070701,41,"2","1","1",1,NA,NA,89725.4335691707,NA
241070801,74,"2",NA,"1",2,NA,NA,89725.4335691707,NA
241180201,78,"2","5",NA,4,NA,NA,89725.4335691707,NA
241460201,34,"2","9","3",3,NA,NA,89725.4335691707,NA
241460501,49,"1","12","3",3,NA,NA,89725.4335691707,NA
241460601,28,"2","11","3",1,NA,NA,89725.4335691707,NA
241460701,30,"2","11","3",2,NA,NA,89725.4335691707,NA
241500101,82,"1","5",NA,4,NA,NA,89725.4335691707,NA
241500201,50,"1","5",NA,1,NA,NA,89725.4335691707,NA
241500301,41,"1","5",NA,2,NA,NA,89725.4335691707,NA
241500401,47,"1","5",NA,4,NA,NA,89725.4335691707,NA
241500701,44,"1","3",NA,5,NA,NA,89725.4335691707,NA
241560601,45,"1","12",NA,6,NA,NA,89725.4335691707,NA
241890101,40,"1","11","3",2,NA,NA,89725.4335691707,NA
241890501,34,"1","11","3",4,NA,NA,89725.4335691707,NA
241890801,28,"2","5","3",4,NA,NA,89725.4335691707,NA
242140101,57,"2","5",NA,1,NA,NA,89725.4335691707,NA
242140301,38,"2","11",NA,2,NA,NA,89725.4335691707,NA
242140401,36,"1","11",NA,1,NA,NA,89725.4335691707,NA
242140501,50,"2","11",NA,2,NA,NA,89725.4335691707,NA
242140601,32,"2","9",NA,1,NA,NA,89725.4335691707,NA
242140701,23,"2","7",NA,1,NA,NA,89725.4335691707,NA
242140801,43,"1","5",NA,1,NA,NA,89725.4335691707,NA
242250101,63,"2",NA,"3",2,NA,NA,89725.4335691707,NA
242250201,48,"2","5","3",4,NA,NA,89725.4335691707,NA
242250401,45,"2","9","3",4,NA,NA,89725.4335691707,NA
242250501,66,"1","5","3",4,NA,NA,89725.4335691707,NA
242250601,39,"1","5","3",3,NA,NA,89725.4335691707,NA
242250801,61,"1",NA,"3",2,NA,NA,89725.4335691707,NA
242330101,34,"1","5",NA,3,NA,NA,89725.4335691707,NA
242330201,39,"2","4",NA,3,NA,NA,89725.4335691707,NA
242330301,33,"1","6",NA,4,NA,NA,89725.4335691707,NA
242330401,75,"1","1",NA,2,NA,NA,89725.4335691707,NA
242330501,68,"1","1",NA,4,NA,NA,89725.4335691707,NA
242330601,93,"2","1",NA,2,NA,NA,89725.4335691707,NA
242330701,56,"1","6",NA,2,NA,NA,89725.4335691707,NA
242330801,36,"1","11",NA,3,NA,NA,89725.4335691707,NA
242360201,51,"1","6",NA,4,NA,NA,89725.4335691707,NA
242360401,57,"1","8",NA,3,NA,NA,89725.4335691707,NA
242360701,49,"2","5",NA,4,NA,NA,89725.4335691707,NA
242400101,51,"1","11","3",4,NA,NA,89725.4335691707,NA
242400201,46,"1","6","3",4,NA,NA,89725.4335691707,NA
242400401,42,"2","9","3",2,NA,NA,89725.4335691707,NA
242400801,36,"1","12","3",3,NA,NA,89725.4335691707,NA
242580201,31,"2","11","3",3,NA,NA,89725.4335691707,NA
242580401,39,"1","11","3",4,NA,NA,89725.4335691707,NA
242600101,51,"1","6","1",5,NA,NA,89725.4335691707,NA
242600201,50,"2","1","1",2,NA,NA,89725.4335691707,NA
242600202,58,"1",NA,"1",3,NA,NA,89725.4335691707,NA
242600301,24,"2","5","1",4,NA,NA,89725.4335691707,NA
242600401,61,"2",NA,"1",2,NA,NA,89725.4335691707,NA
242600501,33,"2","5","1",2,NA,NA,89725.4335691707,NA
242600601,56,"2","3","1",2,NA,NA,89725.4335691707,NA
242600801,74,"2","3","1",6,NA,NA,89725.4335691707,NA
242640101,68,"1","11",NA,3,NA,NA,89725.4335691707,NA
242640201,60,"1","5",NA,3,NA,NA,89725.4335691707,NA
242640401,46,"2","11",NA,4,NA,NA,89725.4335691707,NA
242640501,59,"2","11",NA,3,NA,NA,89725.4335691707,NA
242640601,52,"1","5",NA,6,NA,NA,89725.4335691707,NA
242640801,40,"2","7",NA,3,NA,NA,89725.4335691707,NA
242920101,65,"1","11","1",2,NA,NA,89725.4335691707,NA
242920301,45,"2",NA,"1",6,NA,NA,89725.4335691707,NA
242920401,52,"1","5","1",4,NA,NA,89725.4335691707,NA
242920501,53,"2","3","1",4,NA,NA,89725.4335691707,NA
242920701,75,"1","1","1",3,NA,NA,89725.4335691707,NA
242920801,75,"1",NA,"1",2,NA,NA,89725.4335691707,NA
243010101,81,"2","11","3",1,NA,NA,89725.4335691707,NA
243010501,62,"2","8","3",1,NA,NA,89725.4335691707,NA
243010701,75,"1","10","3",3,NA,NA,89725.4335691707,NA
243140101,59,"1","8","2",2,NA,NA,89725.4335691707,NA
243140201,44,"1","11","2",3,NA,NA,89725.4335691707,NA
243140301,74,"1","5","2",1,NA,NA,89725.4335691707,NA
243140401,58,"2","7","2",2,NA,NA,89725.4335691707,NA
243140601,37,"1","8","2",4,NA,NA,89725.4335691707,NA
243140701,70,"1","5","2",3,NA,NA,89725.4335691707,NA
243580101,72,"2","1","2",2,NA,NA,89725.4335691707,NA
243580201,36,"1","11","2",3,NA,NA,89725.4335691707,NA
243580301,77,"2","1","2",1,NA,NA,89725.4335691707,NA
243580302,60,"2","1","2",3,NA,NA,89725.4335691707,NA
243580303,60,"1","6","2",2,NA,NA,89725.4335691707,NA
243580304,25,"2","7","2",3,NA,NA,89725.4335691707,NA
243580401,71,"1","5","2",4,NA,NA,89725.4335691707,NA
243580601,33,"2","11","2",3,NA,NA,89725.4335691707,NA
243580801,52,"1","5","2",1,NA,NA,89725.4335691707,NA
243630201,47,"1","6",NA,2,NA,NA,89725.4335691707,NA
243630301,64,"1","5",NA,2,NA,NA,89725.4335691707,NA
243630302,59,"1","9",NA,2,NA,NA,89725.4335691707,NA
243630401,63,"1","1",NA,2,NA,NA,89725.4335691707,NA
243630402,68,"1",NA,NA,1,NA,NA,89725.4335691707,NA
243630403,58,"1","4",NA,1,NA,NA,89725.4335691707,NA
243630501,90,"2","3",NA,3,NA,NA,89725.4335691707,NA
243630801,53,"2","6",NA,2,NA,NA,89725.4335691707,NA
243970301,58,"2","12","3",4,NA,NA,89725.4335691707,NA
243970401,42,"2","12","3",4,NA,NA,89725.4335691707,NA
244170401,34,"2","11","3",3,NA,NA,89725.4335691707,NA
244170701,41,"2","11","3",4,NA,NA,89725.4335691707,NA
244170801,72,"2","4","3",2,NA,NA,89725.4335691707,NA
244340201,74,"2","1","2",3,NA,NA,89725.4335691707,NA
244340401,30,"2","5","2",5,NA,NA,89725.4335691707,NA
244340402,62,"2",NA,"2",1,NA,NA,89725.4335691707,NA
244340403,26,"1",NA,"2",1,NA,NA,89725.4335691707,NA
244340501,26,"2","4","2",3,NA,NA,89725.4335691707,NA
244340601,36,"2",NA,"2",6,NA,NA,89725.4335691707,NA
244340701,42,"2","1","2",3,NA,NA,89725.4335691707,NA
244340801,40,"2","1","2",7,NA,NA,89725.4335691707,NA
244340901,40,"2","3","2",6,NA,NA,89725.4335691707,NA
244740201,24,"2","9",NA,2,NA,NA,89725.4335691707,NA
244740501,58,"2","5",NA,4,NA,NA,89725.4335691707,NA
244740601,60,"2","6",NA,3,NA,NA,89725.4335691707,NA
244740701,46,"2","11",NA,3,NA,NA,89725.4335691707,NA
244740702,47,"1","10",NA,1,NA,NA,89725.4335691707,NA
244740801,32,"1","11",NA,2,NA,NA,89725.4335691707,NA
244780101,66,"1","1","2",2,NA,NA,89725.4335691707,NA
244780201,55,"2","5","2",4,NA,NA,89725.4335691707,NA
244780301,88,"1","5","2",2,NA,NA,89725.4335691707,NA
244780401,60,"2",NA,"2",5,NA,NA,89725.4335691707,NA
244780501,39,"1","6","2",2,NA,NA,89725.4335691707,NA
244780601,60,"2",NA,"2",3,NA,NA,89725.4335691707,NA
244780701,45,"2","3","2",1,NA,NA,89725.4335691707,NA
244780801,36,"2","4","2",5,NA,NA,89725.4335691707,NA
244850201,59,"2","1","2",2,NA,NA,89725.4335691707,NA
244850301,27,"2","4","2",5,NA,NA,89725.4335691707,NA
244850501,42,"2","1","2",3,NA,NA,89725.4335691707,NA
244850601,66,"1","3","2",3,NA,NA,89725.4335691707,NA
244850701,56,"2","1","2",4,NA,NA,89725.4335691707,NA
244850801,58,"2",NA,"2",2,NA,NA,89725.4335691707,NA
244940601,60,"2","8","3",1,NA,NA,89725.4335691707,NA
244940801,25,"2","11","3",3,NA,NA,89725.4335691707,NA
245150101,56,"1","6","2",3,NA,NA,89725.4335691707,NA
245150201,55,"2","5","2",2,NA,NA,89725.4335691707,NA
245150701,42,"1","8","2",3,NA,NA,89725.4335691707,NA
245150801,45,"1","6","2",4,NA,NA,89725.4335691707,NA
245340301,54,"2","11",NA,2,NA,NA,89725.4335691707,NA
245520201,61,"2",NA,"2",2,NA,NA,89725.4335691707,NA
245520301,26,"1","3","2",4,NA,NA,89725.4335691707,NA
245520401,55,"2","1","2",5,NA,NA,89725.4335691707,NA
245520501,73,"1","5","2",1,NA,NA,89725.4335691707,NA
245520601,58,"1",NA,"2",1,NA,NA,89725.4335691707,NA
245520701,64,"2",NA,"2",2,NA,NA,89725.4335691707,NA
245520801,66,"2",NA,"2",2,NA,NA,89725.4335691707,NA
245590201,42,"1","12","3",2,NA,NA,89725.4335691707,NA
245590301,68,"1","11","3",3,NA,NA,89725.4335691707,NA
245590501,67,"2","4","3",2,NA,NA,89725.4335691707,NA
245920201,45,"2","10",NA,6,NA,NA,89725.4335691707,NA
245940101,55,"2","5","2",2,NA,NA,89725.4335691707,NA
245940201,54,"2","3","2",1,NA,NA,89725.4335691707,NA
245940301,54,"1","6","2",2,NA,NA,89725.4335691707,NA
245940401,47,"2","4","2",3,NA,NA,89725.4335691707,NA
245940601,42,"1","6","2",4,NA,NA,89725.4335691707,NA
245940701,82,"2","1","2",1,NA,NA,89725.4335691707,NA
246300101,34,"2","6","2",2,NA,NA,89725.4335691707,NA
246300201,76,"1","3","2",2,NA,NA,89725.4335691707,NA
246300401,79,"2",NA,"2",2,NA,NA,89725.4335691707,NA
246300501,51,"1","5","2",3,NA,NA,89725.4335691707,NA
246300502,43,"2","7","2",1,NA,NA,89725.4335691707,NA
246300601,65,"2",NA,"2",7,NA,NA,89725.4335691707,NA
246300701,37,"2",NA,"2",4,NA,NA,89725.4335691707,NA
246300801,41,"1","5","2",2,NA,NA,89725.4335691707,NA
246320101,38,"1","12",NA,2,NA,NA,89725.4335691707,NA
246320301,30,"2","10",NA,2,NA,NA,89725.4335691707,NA
246420201,56,"1","7","2",1,NA,NA,89725.4335691707,NA
246420301,46,"2","3","2",8,NA,NA,89725.4335691707,NA
246420501,32,"1","6","2",1,NA,NA,89725.4335691707,NA
246420601,45,"2","6","2",3,NA,NA,89725.4335691707,NA
246420701,56,"2","5","2",3,NA,NA,89725.4335691707,NA
246420801,36,"2","5","2",4,NA,NA,89725.4335691707,NA
246530301,55,"2","1","3",3,NA,NA,89725.4335691707,NA
246720101,56,"2","3",NA,3,NA,NA,89725.4335691707,NA
246720201,42,"2","3",NA,5,NA,NA,89725.4335691707,NA
246720301,40,"2","6",NA,3,NA,NA,89725.4335691707,NA
246720601,41,"2","6",NA,3,NA,NA,89725.4335691707,NA
246720701,66,"1","4",NA,3,NA,NA,89725.4335691707,NA
246720801,69,"2","1",NA,1,NA,NA,89725.4335691707,NA
247010101,58,"1","4","1",3,NA,NA,89725.4335691707,NA
247010102,34,"2","6","1",2,NA,NA,89725.4335691707,NA
247010201,50,"1","3","1",4,NA,NA,89725.4335691707,NA
247010301,33,"1","6","1",5,NA,NA,89725.4335691707,NA
247010401,30,"2",NA,"1",7,NA,NA,89725.4335691707,NA
247010501,32,"2","6","1",3,NA,NA,89725.4335691707,NA
247010601,30,"2","8","1",3,NA,NA,89725.4335691707,NA
247270401,41,"1","12",NA,1,NA,NA,89725.4335691707,NA
247270701,65,"1","11",NA,2,NA,NA,89725.4335691707,NA
247290101,77,"2","12","3",2,NA,NA,89725.4335691707,NA
247290401,76,"2","11","3",1,NA,NA,89725.4335691707,NA
247290501,65,"2","11","3",1,NA,NA,89725.4335691707,NA
247320701,67,"2","12","3",3,NA,NA,89725.4335691707,NA
247440101,51,"2","5",NA,6,NA,NA,89725.4335691707,NA
247440201,49,"2","11",NA,4,NA,NA,89725.4335691707,NA
247440301,55,"2","8",NA,8,NA,NA,89725.4335691707,NA
247440701,65,"1","10",NA,3,NA,NA,89725.4335691707,NA
247460801,88,"1","11",NA,4,NA,NA,89725.4335691707,NA
247620101,62,"2","9","2",2,NA,NA,89725.4335691707,NA
247620201,87,"1","11","2",2,NA,NA,89725.4335691707,NA
247620301,44,"1","10","2",2,NA,NA,89725.4335691707,NA
247620501,74,"1","12","2",2,NA,NA,89725.4335691707,NA
247620601,32,"1","11","2",1,NA,NA,89725.4335691707,NA
247850101,58,"2","5","3",3,NA,NA,89725.4335691707,NA
247850201,31,"1","11","3",2,NA,NA,89725.4335691707,NA
247850401,57,"1","5","3",3,NA,NA,89725.4335691707,NA
247850801,52,"2","8","3",3,NA,NA,89725.4335691707,NA
248160201,63,"2","3","3",1,NA,NA,89725.4335691707,NA
248160301,23,"2","3","3",2,NA,NA,89725.4335691707,NA
248160501,52,"2","5","3",6,NA,NA,89725.4335691707,NA
248160601,50,"2","8","3",2,NA,NA,89725.4335691707,NA
248160701,25,"1","9","3",3,NA,NA,89725.4335691707,NA
248160702,22,"1","3","3",3,NA,NA,89725.4335691707,NA
248160801,44,"2","11","3",3,NA,NA,89725.4335691707,NA
248210101,64,"1","11",NA,3,NA,NA,89725.4335691707,NA
248210102,73,"1","12",NA,3,NA,NA,89725.4335691707,NA
248210201,32,"1","5",NA,3,NA,NA,89725.4335691707,NA
248210301,28,"2","9",NA,5,NA,NA,89725.4335691707,NA
248210501,27,"1","5",NA,3,NA,NA,89725.4335691707,NA
248210701,30,"1","5",NA,5,NA,NA,89725.4335691707,NA
248220301,38,"1","8","3",1,NA,NA,89725.4335691707,NA
248220401,36,"1","5","3",5,NA,NA,89725.4335691707,NA
248220501,56,"1","6","3",4,NA,NA,89725.4335691707,NA
248220601,31,"1","11","3",2,NA,NA,89725.4335691707,NA
248220701,40,"1","7","3",4,NA,NA,89725.4335691707,NA
248260201,63,"2","4","2",4,NA,NA,89725.4335691707,NA
248260301,57,"2","5","2",5,NA,NA,89725.4335691707,NA
248260401,63,"2","5","2",1,NA,NA,89725.4335691707,NA
248260501,31,"2","8","2",1,NA,NA,89725.4335691707,NA
248260601,49,"2","3","2",3,NA,NA,89725.4335691707,NA
248260701,33,"2","6","2",2,NA,NA,89725.4335691707,NA
248260801,82,"1","3","2",2,NA,NA,89725.4335691707,NA
248620201,34,"2","8",NA,4,NA,NA,89725.4335691707,NA
248620401,57,"1","3",NA,4,NA,NA,89725.4335691707,NA
248620501,66,"1","4",NA,1,NA,NA,89725.4335691707,NA
248620601,45,"2","5",NA,3,NA,NA,89725.4335691707,NA
248620602,41,"1","5",NA,3,NA,NA,89725.4335691707,NA
248620701,54,"1",NA,NA,3,NA,NA,89725.4335691707,NA
248730101,74,"2",NA,"2",2,NA,NA,89725.4335691707,NA
248730201,78,"1",NA,"2",2,NA,NA,89725.4335691707,NA
248730301,63,"2","1","2",3,NA,NA,89725.4335691707,NA
248730601,32,"1","5","2",3,NA,NA,89725.4335691707,NA
248730701,57,"2","3","2",4,NA,NA,89725.4335691707,NA
248730801,36,"2","5","2",4,NA,NA,89725.4335691707,NA
248840101,32,"1","9","3",2,NA,NA,89725.4335691707,NA
248840201,46,"1","12","3",2,NA,NA,89725.4335691707,NA
248840301,40,"2","10","3",2,NA,NA,89725.4335691707,NA
248840401,78,"1","11","3",2,NA,NA,89725.4335691707,NA
248840601,42,"1","12","3",3,NA,NA,89725.4335691707,NA
248840701,71,"1","9","3",2,NA,NA,89725.4335691707,NA
248840801,40,"1","11","3",5,NA,NA,89725.4335691707,NA
249060401,35,"2","11","3",2,NA,NA,89725.4335691707,NA
249060601,29,"1","11","3",2,NA,NA,89725.4335691707,NA
249090401,23,"2","3",NA,4,NA,NA,89725.4335691707,NA
249090601,50,"1","5",NA,4,NA,NA,89725.4335691707,NA
249440101,38,"2","11",NA,1,NA,NA,89725.4335691707,NA
249440301,30,"1","11",NA,2,NA,NA,89725.4335691707,NA
249590101,78,"1","5",NA,2,NA,NA,89725.4335691707,NA
249590201,77,"2","3",NA,1,NA,NA,89725.4335691707,NA
249590401,26,"1","5",NA,2,NA,NA,89725.4335691707,NA
249590601,55,"2","8",NA,4,NA,NA,89725.4335691707,NA
249590701,30,"1","8",NA,3,NA,NA,89725.4335691707,NA
249590702,34,"1","11",NA,1,NA,NA,89725.4335691707,NA
249660101,23,"1","6",NA,1,NA,NA,89725.4335691707,NA
249660201,46,"2",NA,NA,3,NA,NA,89725.4335691707,NA
249660301,48,"2","11",NA,3,NA,NA,89725.4335691707,NA
249660401,29,"2","5",NA,4,NA,NA,89725.4335691707,NA
249660501,28,"1","5",NA,4,NA,NA,89725.4335691707,NA
249660601,55,"2","5",NA,2,NA,NA,89725.4335691707,NA
249660701,42,"2","7",NA,5,NA,NA,89725.4335691707,NA
249710101,49,"1","11","3",4,NA,NA,89725.4335691707,NA
249710301,39,"2","5","3",3,NA,NA,89725.4335691707,NA
249710501,45,"1","11","3",5,NA,NA,89725.4335691707,NA
249710701,55,"1","8","3",4,NA,NA,89725.4335691707,NA
249750101,75,"2","3","2",1,NA,NA,89725.4335691707,NA
249750201,47,"2","6","2",2,NA,NA,89725.4335691707,NA
249750301,68,"2","11","2",2,NA,NA,89725.4335691707,NA
249750401,74,"2","5","2",3,NA,NA,89725.4335691707,NA
249750601,66,"2","1","2",3,NA,NA,89725.4335691707,NA
249750801,68,"2","11","2",5,NA,NA,89725.4335691707,NA
249930101,46,"1","11",NA,4,NA,NA,89725.4335691707,NA
249930201,64,"1","9",NA,3,NA,NA,89725.4335691707,NA
249960101,34,"1","11",NA,3,NA,NA,89725.4335691707,NA
249960401,55,"2","11",NA,2,NA,NA,89725.4335691707,NA
249960501,39,"1","11",NA,3,NA,NA,89725.4335691707,NA
249960701,41,"1","12",NA,3,NA,NA,89725.4335691707,NA
250000301,69,"1","8","2",3,NA,NA,89725.4335691707,NA
250000401,37,"1","11","2",1,NA,NA,89725.4335691707,NA
250000801,42,"1","9","2",4,NA,NA,89725.4335691707,NA
250060101,32,"2","6",NA,2,NA,NA,89725.4335691707,NA
250390201,58,"1","11",NA,4,NA,NA,89725.4335691707,NA
250390301,75,"2","11",NA,1,NA,NA,89725.4335691707,NA
250390401,58,"1","11",NA,4,NA,NA,89725.4335691707,NA
250390501,47,"2","8",NA,2,NA,NA,89725.4335691707,NA
250390701,73,"1","11",NA,3,NA,NA,89725.4335691707,NA
250590201,39,"1","11",NA,5,NA,NA,89725.4335691707,NA
250590301,36,"1","12",NA,4,NA,NA,89725.4335691707,NA
250590401,62,"1","11",NA,2,NA,NA,89725.4335691707,NA
250590501,49,"1","12",NA,3,NA,NA,89725.4335691707,NA
250590601,83,"2","5",NA,1,NA,NA,89725.4335691707,NA
250650201,74,"1","1",NA,1,NA,NA,89725.4335691707,NA
250650401,33,"1",NA,NA,1,NA,NA,89725.4335691707,NA
250650501,42,"1","1",NA,5,NA,NA,89725.4335691707,NA
250650601,71,"1","1",NA,1,NA,NA,89725.4335691707,NA
250650701,27,"2","7",NA,5,NA,NA,89725.4335691707,NA
250700101,72,"2","4",NA,5,NA,NA,89725.4335691707,NA
250700201,42,"1","8",NA,4,NA,NA,89725.4335691707,NA
250700301,55,"2","6",NA,2,NA,NA,89725.4335691707,NA
250700401,49,"1","8",NA,3,NA,NA,89725.4335691707,NA
250700501,76,"2","3",NA,1,NA,NA,89725.4335691707,NA
250700601,50,"2","4",NA,2,NA,NA,89725.4335691707,NA
250700701,32,"2","11",NA,5,NA,NA,89725.4335691707,NA
250700801,76,"1","11",NA,2,NA,NA,89725.4335691707,NA
250760101,55,"2","1",NA,1,NA,NA,89725.4335691707,NA
250760201,55,"2","6",NA,6,NA,NA,89725.4335691707,NA
250760301,27,"1","9",NA,3,NA,NA,89725.4335691707,NA
250760401,61,"1","3",NA,1,NA,NA,89725.4335691707,NA
250760402,49,"2","3",NA,1,NA,NA,89725.4335691707,NA
250760501,40,"1","11",NA,2,NA,NA,89725.4335691707,NA
250760601,91,"1",NA,NA,2,NA,NA,89725.4335691707,NA
250760801,41,"1","8",NA,4,NA,NA,89725.4335691707,NA
250960101,65,"1","11","3",1,NA,NA,89725.4335691707,NA
250960201,88,"2","11","3",1,NA,NA,89725.4335691707,NA
250960401,92,"2","5","3",1,NA,NA,89725.4335691707,NA
250960501,82,"2","11","3",1,NA,NA,89725.4335691707,NA
250960701,73,"2","11","3",1,NA,NA,89725.4335691707,NA
251020101,74,"2",NA,NA,4,NA,NA,89725.4335691707,NA
251020201,58,"2","1",NA,2,NA,NA,89725.4335691707,NA
251020401,43,"1","9",NA,3,NA,NA,89725.4335691707,NA
251020501,57,"1","3",NA,5,NA,NA,89725.4335691707,NA
251020601,29,"2","6",NA,5,NA,NA,89725.4335691707,NA
251020701,63,"2",NA,NA,6,NA,NA,89725.4335691707,NA
251020801,47,"1",NA,NA,4,NA,NA,89725.4335691707,NA
251021001,45,"1","1",NA,7,NA,NA,89725.4335691707,NA
251030301,34,"1","6",NA,3,NA,NA,89725.4335691707,NA
251030401,39,"2","3",NA,4,NA,NA,89725.4335691707,NA
251030501,29,"1","5",NA,4,NA,NA,89725.4335691707,NA
251030701,52,"1","3",NA,5,NA,NA,89725.4335691707,NA
251030801,34,"2","7",NA,2,NA,NA,89725.4335691707,NA
251360101,50,"2","5",NA,4,NA,NA,89725.4335691707,NA
251360201,32,"1","5",NA,4,NA,NA,89725.4335691707,NA
251360301,84,"1","1",NA,3,NA,NA,89725.4335691707,NA
251360401,43,"1","5",NA,2,NA,NA,89725.4335691707,NA
251360501,62,"2","1",NA,2,NA,NA,89725.4335691707,NA
251360601,57,"2","1",NA,4,NA,NA,89725.4335691707,NA
251360801,51,"1",NA,NA,1,NA,NA,89725.4335691707,NA
251360901,41,"1","3",NA,4,NA,NA,89725.4335691707,NA
251710201,45,"1","11","3",3,NA,NA,89725.4335691707,NA
251710301,47,"2","9","3",2,NA,NA,89725.4335691707,NA
251790101,57,"2","5","2",1,NA,NA,89725.4335691707,NA
251790301,56,"1","6","2",2,NA,NA,89725.4335691707,NA
251790501,33,"1","11","2",2,NA,NA,89725.4335691707,NA
251790701,62,"1",NA,"2",2,NA,NA,89725.4335691707,NA
251790801,46,"1","11","2",2,NA,NA,89725.4335691707,NA
251810201,38,"1","8",NA,4,NA,NA,89725.4335691707,NA
251810601,38,"2","8",NA,3,NA,NA,89725.4335691707,NA
252070101,67,"1","1","1",3,NA,NA,89725.4335691707,NA
252070201,58,"2","1","1",2,NA,NA,89725.4335691707,NA
252070301,42,"1","3","1",2,NA,NA,89725.4335691707,NA
252070401,72,"1",NA,"1",2,NA,NA,89725.4335691707,NA
252070601,63,"1","3","1",3,NA,NA,89725.4335691707,NA
252070701,59,"2","5","1",4,NA,NA,89725.4335691707,NA
252490101,45,"2","11",NA,2,NA,NA,89725.4335691707,NA
252490201,41,"1","5",NA,5,NA,NA,89725.4335691707,NA
252490301,66,"1",NA,NA,2,NA,NA,89725.4335691707,NA
252490401,49,"1","5",NA,3,NA,NA,89725.4335691707,NA
252490501,47,"1",NA,NA,4,NA,NA,89725.4335691707,NA
252490601,33,"2","6",NA,4,NA,NA,89725.4335691707,NA
252490801,64,"1","1",NA,2,NA,NA,89725.4335691707,NA
252500101,62,"2","1","1",4,NA,NA,89725.4335691707,NA
252500201,36,"1","7","1",1,NA,NA,89725.4335691707,NA
252500301,58,"2","5","1",2,NA,NA,89725.4335691707,NA
252500401,50,"2",NA,"1",3,NA,NA,89725.4335691707,NA
252500501,33,"2","5","1",4,NA,NA,89725.4335691707,NA
252500601,61,"2","3","1",4,NA,NA,89725.4335691707,NA
252500701,60,"1",NA,"1",1,NA,NA,89725.4335691707,NA
252500801,30,"2","4","1",4,NA,NA,89725.4335691707,NA
252740401,46,"1","11",NA,4,NA,NA,89725.4335691707,NA
252740501,32,"2","11",NA,1,NA,NA,89725.4335691707,NA
252740601,49,"1","8",NA,1,NA,NA,89725.4335691707,NA
252770101,50,"2","5",NA,4,NA,NA,89725.4335691707,NA
252770201,55,"1","3",NA,3,NA,NA,89725.4335691707,NA
252770301,45,"2","6",NA,4,NA,NA,89725.4335691707,NA
252770401,37,"1","6",NA,1,NA,NA,89725.4335691707,NA
252770601,45,"2","5",NA,3,NA,NA,89725.4335691707,NA
252770701,61,"2","9",NA,1,NA,NA,89725.4335691707,NA
252800201,19,"2","9","3",2,NA,NA,89725.4335691707,NA
252800301,45,"2","12","3",1,NA,NA,89725.4335691707,NA
252800401,72,"2","8","3",1,NA,NA,89725.4335691707,NA
252800801,78,"1","11","3",2,NA,NA,89725.4335691707,NA
253170101,42,"2","5",NA,3,NA,NA,89725.4335691707,NA
253170201,29,"1","5",NA,4,NA,NA,89725.4335691707,NA
253170202,32,"2",NA,NA,2,NA,NA,89725.4335691707,NA
253170301,34,"1","3",NA,4,NA,NA,89725.4335691707,NA
253170501,44,"2","8",NA,3,NA,NA,89725.4335691707,NA
253170601,42,"2","5",NA,1,NA,NA,89725.4335691707,NA
253170701,39,"1","9",NA,4,NA,NA,89725.4335691707,NA
253170801,39,"1","6",NA,4,NA,NA,89725.4335691707,NA
253230101,27,"1","11","3",2,NA,NA,89725.4335691707,NA
253230201,27,"2","5","3",2,NA,NA,89725.4335691707,NA
253230701,53,"2","3","3",2,NA,NA,89725.4335691707,NA
253510101,52,"2","5",NA,7,NA,NA,89725.4335691707,NA
253510201,61,"1","5",NA,2,NA,NA,89725.4335691707,NA
253510202,30,"1","8",NA,2,NA,NA,89725.4335691707,NA
253510501,45,"2",NA,NA,5,NA,NA,89725.4335691707,NA
253550101,53,"2","3","2",4,NA,NA,89725.4335691707,NA
253550201,31,"2","5","2",6,NA,NA,89725.4335691707,NA
253550401,36,"1","5","2",5,NA,NA,89725.4335691707,NA
253550501,51,"2","5","2",4,NA,NA,89725.4335691707,NA
253550601,70,"2","5","2",1,NA,NA,89725.4335691707,NA
253550701,29,"2","11","2",2,NA,NA,89725.4335691707,NA
253550801,48,"1","3","2",4,NA,NA,89725.4335691707,NA
253580201,57,"2","5","2",1,NA,NA,89725.4335691707,NA
253580501,30,"2","7","2",3,NA,NA,89725.4335691707,NA
253580601,29,"1","5","2",4,NA,NA,89725.4335691707,NA
253620101,50,"2","12",NA,1,NA,NA,89725.4335691707,NA
253620201,64,"2","5",NA,2,NA,NA,89725.4335691707,NA
253620301,70,"2","8",NA,3,NA,NA,89725.4335691707,NA
253620601,55,"1","5",NA,2,NA,NA,89725.4335691707,NA
253620701,40,"1","11",NA,2,NA,NA,89725.4335691707,NA
253620801,33,"1","11",NA,2,NA,NA,89725.4335691707,NA
253710201,75,"2","11",NA,2,NA,NA,89725.4335691707,NA
253990101,27,"2","7","2",4,NA,NA,89725.4335691707,NA
253990401,33,"2","8","2",6,NA,NA,89725.4335691707,NA
253990501,85,"2",NA,"2",3,NA,NA,89725.4335691707,NA
253990701,71,"2","1","2",1,NA,NA,89725.4335691707,NA
253990702,40,"2","5","2",4,NA,NA,89725.4335691707,NA
253990801,53,"1","6","2",2,NA,NA,89725.4335691707,NA
254060101,66,"2","5",NA,3,NA,NA,89725.4335691707,NA
254060401,80,"2","4",NA,3,NA,NA,89725.4335691707,NA
254060501,57,"2","7",NA,2,NA,NA,89725.4335691707,NA
254120101,27,"1","8",NA,4,NA,NA,89725.4335691707,NA
254120201,52,"2","12",NA,2,NA,NA,89725.4335691707,NA
254120301,29,"1","11",NA,2,NA,NA,89725.4335691707,NA
254120601,38,"2","7",NA,3,NA,NA,89725.4335691707,NA
254120801,46,"2","11",NA,3,NA,NA,89725.4335691707,NA
254500101,85,"2","3",NA,1,NA,NA,89725.4335691707,NA
254500201,31,"1","9",NA,3,NA,NA,89725.4335691707,NA
254500301,22,"1","9",NA,3,NA,NA,89725.4335691707,NA
254500401,27,"1","11",NA,2,NA,NA,89725.4335691707,NA
254500501,42,"1","3",NA,3,NA,NA,89725.4335691707,NA
254500601,29,"2","11",NA,1,NA,NA,89725.4335691707,NA
254500701,41,"2","4",NA,3,NA,NA,89725.4335691707,NA
254500801,67,"2","11",NA,1,NA,NA,89725.4335691707,NA
254670201,55,"2","1","2",4,NA,NA,89725.4335691707,NA
254670401,62,"2","3","2",2,NA,NA,89725.4335691707,NA
254670501,67,"2",NA,"2",2,NA,NA,89725.4335691707,NA
254670701,78,"2","1","2",2,NA,NA,89725.4335691707,NA
254790101,40,"1","11",NA,2,NA,NA,89725.4335691707,NA
254790401,55,"1","3",NA,1,NA,NA,89725.4335691707,NA
254790501,67,"2","8",NA,1,NA,NA,89725.4335691707,NA
254790601,61,"1","4",NA,4,NA,NA,89725.4335691707,NA
254790701,46,"2","8",NA,5,NA,NA,89725.4335691707,NA
254790801,47,"1","9",NA,4,NA,NA,89725.4335691707,NA
254840201,70,"2","11","3",2,NA,NA,89725.4335691707,NA
254840301,32,"2","11","3",5,NA,NA,89725.4335691707,NA
254840401,84,"1","5","3",2,NA,NA,89725.4335691707,NA
254840801,38,"2","11","3",4,NA,NA,89725.4335691707,NA
254900101,62,"2","6",NA,2,NA,NA,89725.4335691707,NA
254900201,35,"2","11",NA,4,NA,NA,89725.4335691707,NA
254900501,49,"2","5",NA,4,NA,NA,89725.4335691707,NA
254900701,57,"2",NA,NA,1,NA,NA,89725.4335691707,NA
254910301,58,"2",NA,"2",2,NA,NA,89725.4335691707,NA
254910302,57,"1","1","2",6,NA,NA,89725.4335691707,NA
254910401,43,"2","8","2",2,NA,NA,89725.4335691707,NA
254910601,32,"2","11","2",4,NA,NA,89725.4335691707,NA
254910701,58,"1","4","2",1,NA,NA,89725.4335691707,NA
254920201,76,"1","1",NA,2,NA,NA,89725.4335691707,NA
254920301,34,"2","8",NA,1,NA,NA,89725.4335691707,NA
254920401,66,"1","3",NA,2,NA,NA,89725.4335691707,NA
254920501,34,"2","5",NA,4,NA,NA,89725.4335691707,NA
254920601,60,"2","3",NA,3,NA,NA,89725.4335691707,NA
254920701,43,"1","8",NA,4,NA,NA,89725.4335691707,NA
254920801,50,"1","11",NA,6,NA,NA,89725.4335691707,NA
255010201,66,"1","3",NA,2,NA,NA,89725.4335691707,NA
255010301,70,"1","5",NA,6,NA,NA,89725.4335691707,NA
255010401,68,"2","1",NA,2,NA,NA,89725.4335691707,NA
255010501,35,"1","5",NA,5,NA,NA,89725.4335691707,NA
255010601,69,"1",NA,NA,2,NA,NA,89725.4335691707,NA
255010701,65,"2","1",NA,3,NA,NA,89725.4335691707,NA
255010801,33,"1",NA,NA,3,NA,NA,89725.4335691707,NA
255040101,44,"1","5",NA,1,NA,NA,89725.4335691707,NA
255040201,35,"1","5",NA,4,NA,NA,89725.4335691707,NA
255040401,59,"1",NA,NA,3,NA,NA,89725.4335691707,NA
255040501,57,"1","3",NA,3,NA,NA,89725.4335691707,NA
255040601,73,"1",NA,NA,2,NA,NA,89725.4335691707,NA
255040801,64,"1",NA,NA,1,NA,NA,89725.4335691707,NA
255040901,70,"1","3",NA,5,NA,NA,89725.4335691707,NA
255041001,69,"1","11",NA,2,NA,NA,89725.4335691707,NA
255210401,40,"1","10","3",5,NA,NA,89725.4335691707,NA
255210601,56,"1","11","3",5,NA,NA,89725.4335691707,NA
255440101,63,"2",NA,"1",6,NA,NA,89725.4335691707,NA
255440102,68,"1",NA,"1",1,NA,NA,89725.4335691707,NA
255440201,36,"2","6","1",4,NA,NA,89725.4335691707,NA
255440301,72,"1","1","1",2,NA,NA,89725.4335691707,NA
255440501,78,"1","3","1",2,NA,NA,89725.4335691707,NA
255440601,77,"2",NA,"1",6,NA,NA,89725.4335691707,NA
255440801,62,"2","1","1",9,NA,NA,89725.4335691707,NA
255610301,28,"2","10","3",1,NA,NA,89725.4335691707,NA
255610501,30,"2","12","3",4,NA,NA,89725.4335691707,NA
255870301,74,"1","5","3",5,NA,NA,89725.4335691707,NA
255980101,41,"1","4","2",3,NA,NA,89725.4335691707,NA
255980301,48,"2","5","2",3,NA,NA,89725.4335691707,NA
255980501,50,"2","11","2",3,NA,NA,89725.4335691707,NA
255980601,50,"1","5","2",6,NA,NA,89725.4335691707,NA
255980801,32,"1","11","2",5,NA,NA,89725.4335691707,NA
256040101,65,"1","1",NA,1,NA,NA,89725.4335691707,NA
256040201,69,"1","5",NA,1,NA,NA,89725.4335691707,NA
256040301,39,"1","6",NA,4,NA,NA,89725.4335691707,NA
256040401,53,"2","6",NA,5,NA,NA,89725.4335691707,NA
256040501,74,"2","3",NA,1,NA,NA,89725.4335691707,NA
256040601,49,"2","6",NA,4,NA,NA,89725.4335691707,NA
256060501,37,"2","11",NA,5,NA,NA,89725.4335691707,NA
256060701,64,"2","9",NA,1,NA,NA,89725.4335691707,NA
256060801,27,"1","6",NA,1,NA,NA,89725.4335691707,NA
256150101,54,"1","5",NA,4,NA,NA,89725.4335691707,NA
256150301,50,"2","5",NA,4,NA,NA,89725.4335691707,NA
256150401,28,"1","11",NA,2,NA,NA,89725.4335691707,NA
256150601,52,"2","3",NA,2,NA,NA,89725.4335691707,NA
256150701,71,"2","3",NA,2,NA,NA,89725.4335691707,NA
256150801,66,"2","1",NA,5,NA,NA,89725.4335691707,NA
256250301,69,"2","8",NA,1,NA,NA,89725.4335691707,NA
256250701,64,"2","4",NA,2,NA,NA,89725.4335691707,NA
256270101,84,"2","1",NA,1,NA,NA,89725.4335691707,NA
256270201,64,"2","11",NA,1,NA,NA,89725.4335691707,NA
256270401,78,"2","8",NA,2,NA,NA,89725.4335691707,NA
256270501,59,"2","5",NA,2,NA,NA,89725.4335691707,NA
256270601,76,"1","5",NA,4,NA,NA,89725.4335691707,NA
256320301,29,"1","9","3",4,NA,NA,89725.4335691707,NA
256320401,51,"1","11","3",3,NA,NA,89725.4335691707,NA
256630101,64,"2","11","3",2,NA,NA,89725.4335691707,NA
256630301,57,"1","11","3",3,NA,NA,89725.4335691707,NA
256630401,49,"1","11","3",1,NA,NA,89725.4335691707,NA
256630501,44,"1","11","3",3,NA,NA,89725.4335691707,NA
256630601,40,"1","11","3",3,NA,NA,89725.4335691707,NA
256630701,75,"2","11","3",2,NA,NA,89725.4335691707,NA
256630801,45,"2","11","3",3,NA,NA,89725.4335691707,NA
256710401,32,"2","12",NA,6,NA,NA,89725.4335691707,NA
256810201,57,"2","12",NA,2,NA,NA,89725.4335691707,NA
256810301,37,"2","11",NA,1,NA,NA,89725.4335691707,NA
256810401,58,"1","5",NA,3,NA,NA,89725.4335691707,NA
256810501,54,"1","6",NA,2,NA,NA,89725.4335691707,NA
256810801,28,"1","8",NA,2,NA,NA,89725.4335691707,NA
256960101,63,"2","11","3",2,NA,NA,89725.4335691707,NA
256960501,42,"1","11","3",3,NA,NA,89725.4335691707,NA
257020201,75,"2","3",NA,7,NA,NA,89725.4335691707,NA
257020301,43,"2","9",NA,4,NA,NA,89725.4335691707,NA
257020401,60,"2","1",NA,4,NA,NA,89725.4335691707,NA
257020501,23,"2",NA,NA,2,NA,NA,89725.4335691707,NA
257020701,70,"1","1",NA,2,NA,NA,89725.4335691707,NA
257020801,51,"2","6",NA,2,NA,NA,89725.4335691707,NA
257220101,66,"1","3","2",2,NA,NA,89725.4335691707,NA
257220201,65,"1","3","2",2,NA,NA,89725.4335691707,NA
257220501,52,"2","8","2",2,NA,NA,89725.4335691707,NA
257220601,64,"1",NA,"2",5,NA,NA,89725.4335691707,NA
257220801,65,"1","-88","2",2,NA,NA,89725.4335691707,NA
257550101,55,"2","11","3",3,NA,NA,89725.4335691707,NA
257550301,48,"1","12","3",1,NA,NA,89725.4335691707,NA
257550401,39,"1","11","3",4,NA,NA,89725.4335691707,NA
257550501,47,"2","12","3",4,NA,NA,89725.4335691707,NA
257550601,28,"2","5","3",6,NA,NA,89725.4335691707,NA
257720801,32,"2","11",NA,5,NA,NA,89725.4335691707,NA
257810101,30,"2","5","1",3,NA,NA,89725.4335691707,NA
257810201,47,"1","5","1",4,NA,NA,89725.4335691707,NA
257810701,54,"1","1","1",2,NA,NA,89725.4335691707,NA
257810801,66,"2",NA,"1",3,NA,NA,89725.4335691707,NA
258210101,67,"1","3","2",2,NA,NA,89725.4335691707,NA
258210301,63,"1","5","2",2,NA,NA,89725.4335691707,NA
258210401,70,"1","1","2",3,NA,NA,89725.4335691707,NA
258210601,62,"2","5","2",4,NA,NA,89725.4335691707,NA
258210602,65,"1",NA,"2",1,NA,NA,89725.4335691707,NA
258210701,67,"2","3","2",3,NA,NA,89725.4335691707,NA
258210801,42,"2","3","2",4,NA,NA,89725.4335691707,NA
258400101,52,"2","3","1",4,NA,NA,89725.4335691707,NA
258400201,42,"1","1","1",3,NA,NA,89725.4335691707,NA
258400202,38,"2","11","1",4,NA,NA,89725.4335691707,NA
258400301,52,"2","1","1",5,NA,NA,89725.4335691707,NA
258400401,38,"2","3","1",4,NA,NA,89725.4335691707,NA
258400501,74,"2","3","1",2,NA,NA,89725.4335691707,NA
258400601,28,"2","11","1",1,NA,NA,89725.4335691707,NA
258400701,74,"2",NA,"1",3,NA,NA,89725.4335691707,NA
258400801,46,"2","6","1",8,NA,NA,89725.4335691707,NA
258610301,35,"1","12",NA,5,NA,NA,89725.4335691707,NA
258610801,54,"1","11",NA,6,NA,NA,89725.4335691707,NA
258670101,35,"2","11","2",4,NA,NA,89725.4335691707,NA
258670201,82,"1",NA,"2",2,NA,NA,89725.4335691707,NA
258670301,85,"2",NA,"2",1,NA,NA,89725.4335691707,NA
258670401,84,"2","5","2",2,NA,NA,89725.4335691707,NA
258670601,66,"1","1","2",2,NA,NA,89725.4335691707,NA
258890101,28,"1","11",NA,2,NA,NA,89725.4335691707,NA
258890201,39,"2","6",NA,3,NA,NA,89725.4335691707,NA
258890301,37,"1","5",NA,6,NA,NA,89725.4335691707,NA
258890401,56,"2","6",NA,3,NA,NA,89725.4335691707,NA
258890501,35,"1",NA,NA,4,NA,NA,89725.4335691707,NA
258890601,50,"2","5",NA,4,NA,NA,89725.4335691707,NA
258890701,32,"2","6",NA,3,NA,NA,89725.4335691707,NA
258890801,38,"2","6",NA,3,NA,NA,89725.4335691707,NA
258910201,63,"1","5","2",5,NA,NA,89725.4335691707,NA
258910301,56,"2","11","2",4,NA,NA,89725.4335691707,NA
258910401,83,"1","5","2",1,NA,NA,89725.4335691707,NA
258910501,45,"1","11","2",3,NA,NA,89725.4335691707,NA
258910701,53,"1","9","2",4,NA,NA,89725.4335691707,NA
258950301,64,"2","11","3",2,NA,NA,89725.4335691707,NA
258950401,58,"2","12","3",3,NA,NA,89725.4335691707,NA
258950501,79,"1","11","3",2,NA,NA,89725.4335691707,NA
258950601,46,"1","12","3",3,NA,NA,89725.4335691707,NA
258950701,28,"2","11","3",1,NA,NA,89725.4335691707,NA
258950801,50,"2","8","3",3,NA,NA,89725.4335691707,NA
259180201,53,"2","1","1",2,NA,NA,89725.4335691707,NA
259180301,49,"1","5","1",4,NA,NA,89725.4335691707,NA
259180401,29,"2","3","1",4,NA,NA,89725.4335691707,NA
259180501,69,"1","3","1",4,NA,NA,89725.4335691707,NA
259180701,73,"2","1","1",1,NA,NA,89725.4335691707,NA
259180702,34,"1","5","1",3,NA,NA,89725.4335691707,NA
259180801,62,"2","3","1",2,NA,NA,89725.4335691707,NA
259190101,62,"1","1","2",2,NA,NA,89725.4335691707,NA
259190201,44,"1","5","2",2,NA,NA,89725.4335691707,NA
259190401,72,"2",NA,"2",3,NA,NA,89725.4335691707,NA
259190501,35,"2","6","2",4,NA,NA,89725.4335691707,NA
259190601,40,"2","5","2",5,NA,NA,89725.4335691707,NA
259190701,60,"2",NA,"2",2,NA,NA,89725.4335691707,NA
259190801,68,"2","3","2",3,NA,NA,89725.4335691707,NA
259230101,72,"1","5",NA,3,NA,NA,89725.4335691707,NA
259230301,50,"1","11",NA,1,NA,NA,89725.4335691707,NA
259230401,73,"2","11",NA,3,NA,NA,89725.4335691707,NA
259230501,42,"2","6",NA,3,NA,NA,89725.4335691707,NA
259230601,53,"1","6",NA,6,NA,NA,89725.4335691707,NA
259500101,32,"1","5",NA,1,NA,NA,89725.4335691707,NA
259500201,36,"1","6",NA,1,NA,NA,89725.4335691707,NA
259500301,65,"2","5",NA,2,NA,NA,89725.4335691707,NA
259500401,42,"1","5",NA,1,NA,NA,89725.4335691707,NA
259500501,28,"1","6",NA,1,NA,NA,89725.4335691707,NA
259500601,45,"1","11",NA,2,NA,NA,89725.4335691707,NA
259500701,39,"2","7",NA,1,NA,NA,89725.4335691707,NA
259500801,44,"1","1",NA,1,NA,NA,89725.4335691707,NA
259530201,83,"2","1","2",2,NA,NA,89725.4335691707,NA
259530301,76,"2","4","2",1,NA,NA,89725.4335691707,NA
259530401,91,"2","1","2",4,NA,NA,89725.4335691707,NA
259530501,85,"2",NA,"2",2,NA,NA,89725.4335691707,NA
259530601,64,"2","1","2",2,NA,NA,89725.4335691707,NA
259530701,43,"1","6","2",3,NA,NA,89725.4335691707,NA
259560101,59,"2","1",NA,2,NA,NA,89725.4335691707,NA
259560201,36,"2","8",NA,4,NA,NA,89725.4335691707,NA
259560301,58,"1","6",NA,5,NA,NA,89725.4335691707,NA
259560501,63,"2","11",NA,3,NA,NA,89725.4335691707,NA
259560601,62,"1","1",NA,5,NA,NA,89725.4335691707,NA
259610101,71,"2","6","3",3,NA,NA,89725.4335691707,NA
259610102,46,"2","6","3",3,NA,NA,89725.4335691707,NA
259610103,39,"1","6","3",1,NA,NA,89725.4335691707,NA
259610201,35,"1","11","3",2,NA,NA,89725.4335691707,NA
259610301,54,"1","11","3",6,NA,NA,89725.4335691707,NA
259610401,35,"2","8","3",3,NA,NA,89725.4335691707,NA
259610501,44,"2","5","3",4,NA,NA,89725.4335691707,NA
259610601,31,"1","12","3",4,NA,NA,89725.4335691707,NA
259610701,48,"1","11","3",1,NA,NA,89725.4335691707,NA
259610801,75,"1","4","3",2,NA,NA,89725.4335691707,NA
259670301,24,"2","7","2",2,NA,NA,89725.4335691707,NA
259670302,40,"2","5","2",2,NA,NA,89725.4335691707,NA
259670601,64,"2","5","2",5,NA,NA,89725.4335691707,NA
259670801,71,"1","5","2",2,NA,NA,89725.4335691707,NA
259950101,67,"1","3",NA,3,NA,NA,89725.4335691707,NA
259950501,31,"1","8",NA,4,NA,NA,89725.4335691707,NA
259950601,63,"2","3",NA,2,NA,NA,89725.4335691707,NA
259950701,63,"2","3",NA,1,NA,NA,89725.4335691707,NA
260070101,32,"2","11",NA,2,NA,NA,89725.4335691707,NA
260070301,47,"1","7",NA,4,NA,NA,89725.4335691707,NA
260070601,38,"2","3",NA,6,NA,NA,89725.4335691707,NA
260070801,31,"1","8",NA,4,NA,NA,89725.4335691707,NA
260100301,72,"2","1",NA,4,NA,NA,89725.4335691707,NA
260100501,53,"1","11",NA,4,NA,NA,89725.4335691707,NA
260100601,65,"1","3",NA,2,NA,NA,89725.4335691707,NA
260100701,36,"2","11",NA,2,NA,NA,89725.4335691707,NA
260180101,50,"2","8","3",2,NA,NA,89725.4335691707,NA
260260101,59,"1","5","2",5,NA,NA,89725.4335691707,NA
260260201,85,"1",NA,"2",2,NA,NA,89725.4335691707,NA
260260301,82,"2","1","2",2,NA,NA,89725.4335691707,NA
260260401,66,"2","4","2",2,NA,NA,89725.4335691707,NA
260260501,34,"2","11","2",4,NA,NA,89725.4335691707,NA
260260601,40,"1","8","2",4,NA,NA,89725.4335691707,NA
260260701,89,"2","3","2",2,NA,NA,89725.4335691707,NA
260260801,58,"2","8","2",1,NA,NA,89725.4335691707,NA
260320201,50,"2","5",NA,2,NA,NA,89725.4335691707,NA
260320301,29,"2","11",NA,1,NA,NA,89725.4335691707,NA
260320701,28,"1","5",NA,3,NA,NA,89725.4335691707,NA
260360201,31,"2","8",NA,3,NA,NA,89725.4335691707,NA
260360401,22,"1","8",NA,3,NA,NA,89725.4335691707,NA
260360501,35,"2","6",NA,3,NA,NA,89725.4335691707,NA
260360601,72,"2","1",NA,2,NA,NA,89725.4335691707,NA
260360701,37,"2","8",NA,2,NA,NA,89725.4335691707,NA
260390201,38,"1","9",NA,3,NA,NA,89725.4335691707,NA
260390301,77,"2","1",NA,2,NA,NA,89725.4335691707,NA
260390401,76,"1","4",NA,2,NA,NA,89725.4335691707,NA
260390501,68,"1","3",NA,2,NA,NA,89725.4335691707,NA
260390601,48,"2","3",NA,8,NA,NA,89725.4335691707,NA
260390701,51,"2","5",NA,3,NA,NA,89725.4335691707,NA
260390801,25,"1","7",NA,3,NA,NA,89725.4335691707,NA
260610101,33,"1","11",NA,4,NA,NA,89725.4335691707,NA
260610201,26,"2","8",NA,2,NA,NA,89725.4335691707,NA
260610401,26,"2","11",NA,3,NA,NA,89725.4335691707,NA
260610501,30,"2","11",NA,2,NA,NA,89725.4335691707,NA
260610701,39,"2","11",NA,8,NA,NA,89725.4335691707,NA
260610801,33,"1",NA,NA,5,NA,NA,89725.4335691707,NA
260650701,87,"2","12","3",1,NA,NA,89725.4335691707,NA
260810101,42,"2","5",NA,5,NA,NA,89725.4335691707,NA
260810201,49,"1","1",NA,1,NA,NA,89725.4335691707,NA
260810301,23,"1","5",NA,5,NA,NA,89725.4335691707,NA
260810601,59,"1","9",NA,1,NA,NA,89725.4335691707,NA
260810701,51,"1","3",NA,3,NA,NA,89725.4335691707,NA
260810801,44,"2","5",NA,3,NA,NA,89725.4335691707,NA
260870401,60,"2",NA,"1",4,NA,NA,89725.4335691707,NA
260870501,51,"1","3","1",1,NA,NA,89725.4335691707,NA
260870601,42,"1","3","1",1,NA,NA,89725.4335691707,NA
260870701,47,"2","8","1",5,NA,NA,89725.4335691707,NA
260870801,56,"2","1","1",3,NA,NA,89725.4335691707,NA
261000101,74,"2","1","2",5,NA,NA,89725.4335691707,NA
261000201,66,"1","1","2",1,NA,NA,89725.4335691707,NA
261000301,46,"1",NA,"2",3,NA,NA,89725.4335691707,NA
261000401,27,"2","5","2",3,NA,NA,89725.4335691707,NA
261000501,44,"2","5","2",7,NA,NA,89725.4335691707,NA
261000601,55,"1","6","2",3,NA,NA,89725.4335691707,NA
261000701,25,"2","7","2",4,NA,NA,89725.4335691707,NA
261000801,29,"2","3","2",5,NA,NA,89725.4335691707,NA
261050101,72,"1","9",NA,2,NA,NA,89725.4335691707,NA
261050701,85,"1","4",NA,1,NA,NA,89725.4335691707,NA
261080101,56,"1","9","2",3,NA,NA,89725.4335691707,NA
261080201,69,"1","5","2",3,NA,NA,89725.4335691707,NA
261080401,49,"1","3","2",7,NA,NA,89725.4335691707,NA
261080601,59,"1","1","2",3,NA,NA,89725.4335691707,NA
261080801,55,"1","6","2",2,NA,NA,89725.4335691707,NA
261150601,83,"2","1",NA,1,NA,NA,89725.4335691707,NA
261150602,56,"1","5",NA,4,NA,NA,89725.4335691707,NA
261150701,40,"2","5",NA,5,NA,NA,89725.4335691707,NA
261150801,74,"1",NA,NA,3,NA,NA,89725.4335691707,NA
261150901,40,"2","5",NA,7,NA,NA,89725.4335691707,NA
261300101,45,"1","11",NA,2,NA,NA,89725.4335691707,NA
261300401,39,"2","7",NA,4,NA,NA,89725.4335691707,NA
261300601,31,"1","11",NA,2,NA,NA,89725.4335691707,NA
261300701,30,"2","11",NA,2,NA,NA,89725.4335691707,NA
261390101,56,"2","7",NA,3,NA,NA,89725.4335691707,NA
261390301,57,"1","5",NA,2,NA,NA,89725.4335691707,NA
261390501,62,"1","1",NA,3,NA,NA,89725.4335691707,NA
261390601,43,"1","11",NA,2,NA,NA,89725.4335691707,NA
261390701,38,"2","3",NA,6,NA,NA,89725.4335691707,NA
261390801,50,"1","6",NA,4,NA,NA,89725.4335691707,NA
261490101,72,"2","1","1",1,NA,NA,89725.4335691707,NA
261490301,73,"2",NA,"1",2,NA,NA,89725.4335691707,NA
261490401,51,"2","8","1",5,NA,NA,89725.4335691707,NA
261490501,66,"2","1","1",4,NA,NA,89725.4335691707,NA
261490701,50,"2","6","1",6,NA,NA,89725.4335691707,NA
261500101,44,"2","7","3",3,NA,NA,89725.4335691707,NA
261500401,44,"1","9","3",4,NA,NA,89725.4335691707,NA
261500501,56,"2","3","3",5,NA,NA,89725.4335691707,NA
261600101,49,"2","5","2",3,NA,NA,89725.4335691707,NA
261600301,37,"2","5","2",3,NA,NA,89725.4335691707,NA
261600401,69,"1","3","2",4,NA,NA,89725.4335691707,NA
261600601,72,"1","1","2",4,NA,NA,89725.4335691707,NA
261600701,61,"2",NA,"2",5,NA,NA,89725.4335691707,NA
261600801,40,"1","5","2",3,NA,NA,89725.4335691707,NA
261710101,86,"2","1",NA,3,NA,NA,89725.4335691707,NA
261710301,68,"2","5",NA,2,NA,NA,89725.4335691707,NA
261710401,53,"1","5",NA,2,NA,NA,89725.4335691707,NA
261710601,68,"2",NA,NA,2,NA,NA,89725.4335691707,NA
261950101,52,"1",NA,NA,4,NA,NA,89725.4335691707,NA
261950301,75,"2","1",NA,3,NA,NA,89725.4335691707,NA
261950501,57,"1","5",NA,5,NA,NA,89725.4335691707,NA
261950601,43,"2","5",NA,5,NA,NA,89725.4335691707,NA
261950701,73,"1","3",NA,2,NA,NA,89725.4335691707,NA
261970101,45,"1","5","2",4,NA,NA,89725.4335691707,NA
261970201,42,"1","5","2",3,NA,NA,89725.4335691707,NA
261970801,78,"1","5","2",2,NA,NA,89725.4335691707,NA
262070201,49,"2","3","1",4,NA,NA,89725.4335691707,NA
262070301,60,"2","3","1",2,NA,NA,89725.4335691707,NA
262070401,63,"2","1","1",2,NA,NA,89725.4335691707,NA
262070501,47,"2","3","1",5,NA,NA,89725.4335691707,NA
262070601,49,"2","11","1",3,NA,NA,89725.4335691707,NA
262070701,72,"2","1","1",1,NA,NA,89725.4335691707,NA
262070801,84,"1","3","1",2,NA,NA,89725.4335691707,NA
262320401,58,"1","3","1",2,NA,NA,89725.4335691707,NA
262320501,72,"2",NA,"1",3,NA,NA,89725.4335691707,NA
262320502,52,"1",NA,"1",5,NA,NA,89725.4335691707,NA
262320601,78,"1","3","1",2,NA,NA,89725.4335691707,NA
262320701,50,"2","6","1",3,NA,NA,89725.4335691707,NA
262440101,46,"2","11",NA,3,NA,NA,89725.4335691707,NA
262440201,76,"1",NA,NA,2,NA,NA,89725.4335691707,NA
262440301,28,"2","6",NA,4,NA,NA,89725.4335691707,NA
262440401,59,"1",NA,NA,8,NA,NA,89725.4335691707,NA
262440601,68,"1","5",NA,2,NA,NA,89725.4335691707,NA
262440701,51,"2","5",NA,4,NA,NA,89725.4335691707,NA
262460101,56,"1","5",NA,4,NA,NA,89725.4335691707,NA
262460201,66,"1",NA,NA,4,NA,NA,89725.4335691707,NA
262460301,42,"2","11",NA,6,NA,NA,89725.4335691707,NA
262460401,48,"2","8",NA,2,NA,NA,89725.4335691707,NA
262460501,46,"1","6",NA,4,NA,NA,89725.4335691707,NA
262460601,50,"1","3",NA,3,NA,NA,89725.4335691707,NA
262460701,37,"2","6",NA,4,NA,NA,89725.4335691707,NA
262460801,41,"1","6",NA,1,NA,NA,89725.4335691707,NA
262460901,54,"1","5",NA,4,NA,NA,89725.4335691707,NA
262461001,61,"1","5",NA,5,NA,NA,89725.4335691707,NA
262790501,46,"2","9",NA,3,NA,NA,89725.4335691707,NA
262790801,54,"2","11",NA,1,NA,NA,89725.4335691707,NA
262810201,65,"1","11",NA,5,NA,NA,89725.4335691707,NA
262810301,44,"2","11",NA,4,NA,NA,89725.4335691707,NA
262810501,47,"2","11",NA,4,NA,NA,89725.4335691707,NA
262810601,43,"1","11",NA,1,NA,NA,89725.4335691707,NA
262810701,71,"2","9",NA,2,NA,NA,89725.4335691707,NA
262840101,64,"1","8","2",1,NA,NA,89725.4335691707,NA
262840201,59,"2","5","2",3,NA,NA,89725.4335691707,NA
262840401,61,"1","10","2",1,NA,NA,89725.4335691707,NA
262840501,61,"1","6","2",2,NA,NA,89725.4335691707,NA
262840601,52,"2","1","2",2,NA,NA,89725.4335691707,NA
262840801,60,"2","8","2",2,NA,NA,89725.4335691707,NA
262920101,40,"1","11","2",3,NA,NA,89725.4335691707,NA
262920201,30,"2","11","2",5,NA,NA,89725.4335691707,NA
262920301,73,"2","3","2",1,NA,NA,89725.4335691707,NA
262920401,42,"1","5","2",4,NA,NA,89725.4335691707,NA
262920601,32,"2","11","2",2,NA,NA,89725.4335691707,NA
262920801,69,"2","7","2",2,NA,NA,89725.4335691707,NA
262960101,62,"1","11","2",2,NA,NA,89725.4335691707,NA
262960201,33,"2","11","2",3,NA,NA,89725.4335691707,NA
262960301,69,"2","4","2",2,NA,NA,89725.4335691707,NA
262960401,57,"2","6","2",2,NA,NA,89725.4335691707,NA
262960402,38,"1","5","2",6,NA,NA,89725.4335691707,NA
262960601,58,"1","6","2",4,NA,NA,89725.4335691707,NA
262960801,70,"1","1","2",1,NA,NA,89725.4335691707,NA
263070101,50,"1",NA,"2",2,NA,NA,89725.4335691707,NA
263070201,36,"2","6","2",4,NA,NA,89725.4335691707,NA
263070301,39,"1","7","2",1,NA,NA,89725.4335691707,NA
263070401,52,"1","6","2",3,NA,NA,89725.4335691707,NA
263070501,52,"2","3","2",3,NA,NA,89725.4335691707,NA
263070601,78,"1","1","2",2,NA,NA,89725.4335691707,NA
263070701,58,"1",NA,"2",4,NA,NA,89725.4335691707,NA
263070801,35,"1","1","2",5,NA,NA,89725.4335691707,NA
263170501,47,"1","11","3",3,NA,NA,89725.4335691707,NA
263310301,59,"1","8",NA,3,NA,NA,89725.4335691707,NA
263310401,39,"1","12",NA,3,NA,NA,89725.4335691707,NA
263310501,32,"2","9",NA,5,NA,NA,89725.4335691707,NA
263310601,44,"1","3",NA,4,NA,NA,89725.4335691707,NA
263310701,52,"1","9",NA,4,NA,NA,89725.4335691707,NA
263310801,35,"1","8",NA,7,NA,NA,89725.4335691707,NA
263310901,51,"2","9",NA,3,NA,NA,89725.4335691707,NA
263450101,78,"2","1","1",9,NA,NA,89725.4335691707,NA
263450201,50,"2","3","1",5,NA,NA,89725.4335691707,NA
263450301,23,"2","8","1",2,NA,NA,89725.4335691707,NA
263450401,42,"1","5","1",4,NA,NA,89725.4335691707,NA
263450501,77,"1","1","1",2,NA,NA,89725.4335691707,NA
263450601,82,"2","1","1",1,NA,NA,89725.4335691707,NA
263450701,57,"2","1","1",2,NA,NA,89725.4335691707,NA
263450801,67,"1",NA,"1",4,NA,NA,89725.4335691707,NA
263710201,35,"2","3",NA,4,NA,NA,89725.4335691707,NA
263710301,50,"1","3",NA,4,NA,NA,89725.4335691707,NA
263710401,30,"2","6",NA,2,NA,NA,89725.4335691707,NA
263710501,49,"2","4",NA,6,NA,NA,89725.4335691707,NA
263710801,41,"1","3",NA,6,NA,NA,89725.4335691707,NA
263830101,24,"2","7","3",3,NA,NA,89725.4335691707,NA
263830501,44,"1","8","3",1,NA,NA,89725.4335691707,NA
263830601,36,"1","11","3",3,NA,NA,89725.4335691707,NA
264010101,58,"2","1","2",3,NA,NA,89725.4335691707,NA
264010201,71,"1","5","2",2,NA,NA,89725.4335691707,NA
264010301,50,"2","6","2",3,NA,NA,89725.4335691707,NA
264010401,58,"2","3","2",4,NA,NA,89725.4335691707,NA
264010601,57,"2","1","2",4,NA,NA,89725.4335691707,NA
264010701,67,"2","5","2",2,NA,NA,89725.4335691707,NA
264010801,29,"1","3","2",3,NA,NA,89725.4335691707,NA
264200101,47,"2","8",NA,4,NA,NA,89725.4335691707,NA
264200301,77,"1","3",NA,3,NA,NA,89725.4335691707,NA
264200401,65,"1","1",NA,4,NA,NA,89725.4335691707,NA
264200501,59,"1","6",NA,3,NA,NA,89725.4335691707,NA
264200701,77,"1",NA,NA,2,NA,NA,89725.4335691707,NA
264200801,65,"1","1",NA,2,NA,NA,89725.4335691707,NA
264210501,28,"1","9",NA,1,NA,NA,89725.4335691707,NA
264210701,50,"1","11",NA,5,NA,NA,89725.4335691707,NA
264210801,52,"1","1",NA,2,NA,NA,89725.4335691707,NA
264330101,38,"1","12",NA,1,NA,NA,89725.4335691707,NA
264490201,47,"2","11","3",5,NA,NA,89725.4335691707,NA
264490301,40,"1","9","3",5,NA,NA,89725.4335691707,NA
264490701,57,"1","11","3",5,NA,NA,89725.4335691707,NA
264490801,54,"2","12","3",4,NA,NA,89725.4335691707,NA
264530101,60,"2","6",NA,3,NA,NA,89725.4335691707,NA
264530201,37,"1","5",NA,5,NA,NA,89725.4335691707,NA
264530401,58,"2","5",NA,3,NA,NA,89725.4335691707,NA
264530501,53,"1","6",NA,1,NA,NA,89725.4335691707,NA
264530601,69,"1","4",NA,3,NA,NA,89725.4335691707,NA
264530701,70,"2","3",NA,3,NA,NA,89725.4335691707,NA
264530801,62,"2","5",NA,2,NA,NA,89725.4335691707,NA
264830701,52,"1","11","3",3,NA,NA,89725.4335691707,NA
264940401,31,"1","11",NA,2,NA,NA,89725.4335691707,NA
265060301,24,"1","9",NA,1,NA,NA,89725.4335691707,NA
265270101,33,"2","8","2",3,NA,NA,89725.4335691707,NA
265270201,52,"2","3","2",2,NA,NA,89725.4335691707,NA
265270401,55,"2","6","2",2,NA,NA,89725.4335691707,NA
265270501,51,"1","5","2",3,NA,NA,89725.4335691707,NA
265270601,24,"2","8","2",2,NA,NA,89725.4335691707,NA
265270701,68,"2","5","2",1,NA,NA,89725.4335691707,NA
265280301,42,"2","5","2",2,NA,NA,89725.4335691707,NA
265280401,36,"2","11","2",3,NA,NA,89725.4335691707,NA
265280501,34,"2","11","2",3,NA,NA,89725.4335691707,NA
265280601,45,"2","8","2",1,NA,NA,89725.4335691707,NA
265280801,32,"1","5","2",4,NA,NA,89725.4335691707,NA
265390101,52,"1","5",NA,4,NA,NA,89725.4335691707,NA
265390401,24,"2","5",NA,3,NA,NA,89725.4335691707,NA
265390701,31,"2","11",NA,3,NA,NA,89725.4335691707,NA
265390801,70,"1","4",NA,2,NA,NA,89725.4335691707,NA
265720101,61,"1","8","3",3,NA,NA,89725.4335691707,NA
265720301,69,"2","11","3",2,NA,NA,89725.4335691707,NA
265720401,50,"2","11","3",2,NA,NA,89725.4335691707,NA
265720501,69,"2","11","3",2,NA,NA,89725.4335691707,NA
265720601,65,"2","5","3",2,NA,NA,89725.4335691707,NA
265720701,43,"2","11","3",4,NA,NA,89725.4335691707,NA
265720801,77,"1","4","3",2,NA,NA,89725.4335691707,NA
265760201,41,"2","7",NA,4,NA,NA,89725.4335691707,NA
265760301,79,"2","4",NA,1,NA,NA,89725.4335691707,NA
265760401,60,"1","5",NA,3,NA,NA,89725.4335691707,NA
265760801,47,"1","5",NA,5,NA,NA,89725.4335691707,NA
265800201,53,"1","4","1",1,NA,NA,89725.4335691707,NA
265800401,65,"1","1","1",1,NA,NA,89725.4335691707,NA
265800501,29,"1","8","1",3,NA,NA,89725.4335691707,NA
265800801,44,"1","5","1",3,NA,NA,89725.4335691707,NA
265830801,36,"2","11",NA,2,NA,NA,89725.4335691707,NA
266250101,67,"1","3","1",3,NA,NA,89725.4335691707,NA
266250301,65,"2","5","1",4,NA,NA,89725.4335691707,NA
266250601,74,"2","1","1",4,NA,NA,89725.4335691707,NA
266250701,47,"1","6","1",1,NA,NA,89725.4335691707,NA
266250801,36,"2","5","1",5,NA,NA,89725.4335691707,NA
266260201,26,"2","9",NA,4,NA,NA,89725.4335691707,NA
266260301,38,"1","5",NA,5,NA,NA,89725.4335691707,NA
266260401,81,"1","5",NA,2,NA,NA,89725.4335691707,NA
266260601,28,"2","5",NA,4,NA,NA,89725.4335691707,NA
266260701,31,"1","11",NA,2,NA,NA,89725.4335691707,NA
266260801,64,"2","5",NA,2,NA,NA,89725.4335691707,NA
266340201,37,"1","9",NA,3,NA,NA,89725.4335691707,NA
266340401,49,"2","10",NA,1,NA,NA,89725.4335691707,NA
266500101,37,"2","11","3",2,NA,NA,89725.4335691707,NA
266500201,32,"1","11","3",2,NA,NA,89725.4335691707,NA
266500301,78,"2","8","3",1,NA,NA,89725.4335691707,NA
266500401,25,"1","5","3",2,NA,NA,89725.4335691707,NA
266500601,37,"1","11","3",4,NA,NA,89725.4335691707,NA
266520201,26,"1","5",NA,5,NA,NA,89725.4335691707,NA
266520301,25,"2","6",NA,1,NA,NA,89725.4335691707,NA
266530601,49,"2","12",NA,2,NA,NA,89725.4335691707,NA
266530701,24,"1","9",NA,2,NA,NA,89725.4335691707,NA
266530801,26,"1","11",NA,1,NA,NA,89725.4335691707,NA
266590101,29,"1","5",NA,4,NA,NA,89725.4335691707,NA
266590201,54,"2","6",NA,2,NA,NA,89725.4335691707,NA
266590301,57,"2","6",NA,1,NA,NA,89725.4335691707,NA
266590401,55,"1","3",NA,3,NA,NA,89725.4335691707,NA
266590501,58,"2","6",NA,3,NA,NA,89725.4335691707,NA
266590601,28,"2","11",NA,1,NA,NA,89725.4335691707,NA
266590701,34,"2","8",NA,2,NA,NA,89725.4335691707,NA
266590702,24,"2","6",NA,3,NA,NA,89725.4335691707,NA
266590801,58,"1","5",NA,2,NA,NA,89725.4335691707,NA
266840301,45,"2","1","1",7,NA,NA,89725.4335691707,NA
266840401,49,"1","4","1",3,NA,NA,89725.4335691707,NA
266840501,28,"1","1","1",5,NA,NA,89725.4335691707,NA
266840701,56,"1","3","1",4,NA,NA,89725.4335691707,NA
266841001,28,"1","1","1",1,NA,NA,89725.4335691707,NA
266870101,37,"1","11",NA,1,NA,NA,89725.4335691707,NA
266870301,33,"1","11",NA,2,NA,NA,89725.4335691707,NA
266870501,52,"1","11",NA,1,NA,NA,89725.4335691707,NA
266870601,36,"1","9",NA,1,NA,NA,89725.4335691707,NA
266880301,54,"2","6","3",3,NA,NA,89725.4335691707,NA
266880401,50,"1","5","3",4,NA,NA,89725.4335691707,NA
266880501,73,"2","1","3",4,NA,NA,89725.4335691707,NA
266880701,51,"2","5","3",5,NA,NA,89725.4335691707,NA
267000201,64,"2","8","1",3,NA,NA,89725.4335691707,NA
267000301,63,"2","1","1",1,NA,NA,89725.4335691707,NA
267000401,64,"1","5","1",5,NA,NA,89725.4335691707,NA
267000801,55,"2","6","1",2,NA,NA,89725.4335691707,NA
267020201,37,"2","11","2",1,NA,NA,89725.4335691707,NA
267020401,27,"2","5","2",3,NA,NA,89725.4335691707,NA
267020501,42,"2","8","2",2,NA,NA,89725.4335691707,NA
267020801,64,"2","1","2",3,NA,NA,89725.4335691707,NA
267120101,71,"1","1","2",2,NA,NA,89725.4335691707,NA
267120301,54,"2","7","2",2,NA,NA,89725.4335691707,NA
267120401,80,"1",NA,"2",7,NA,NA,89725.4335691707,NA
267120601,72,"2",NA,"2",2,NA,NA,89725.4335691707,NA
267120801,57,"2","3","2",3,NA,NA,89725.4335691707,NA
267140301,55,"1","5","3",3,NA,NA,89725.4335691707,NA
267140401,59,"2","5","3",3,NA,NA,89725.4335691707,NA
267140501,31,"1","5","3",2,NA,NA,89725.4335691707,NA
267140701,29,"2","8","3",2,NA,NA,89725.4335691707,NA
267180101,35,"2","8",NA,5,NA,NA,89725.4335691707,NA
267180201,32,"1","3",NA,2,NA,NA,89725.4335691707,NA
267180301,70,"2",NA,NA,2,NA,NA,89725.4335691707,NA
267180401,73,"1",NA,NA,2,NA,NA,89725.4335691707,NA
267180601,42,"2",NA,NA,4,NA,NA,89725.4335691707,NA
267180701,58,"2","9",NA,3,NA,NA,89725.4335691707,NA
267230701,70,"1","11",NA,1,NA,NA,89725.4335691707,NA
267230801,73,"2","9",NA,1,NA,NA,89725.4335691707,NA
267290101,63,"1","6",NA,5,NA,NA,89725.4335691707,NA
267290301,45,"2","5",NA,4,NA,NA,89725.4335691707,NA
267290401,82,"2","1",NA,2,NA,NA,89725.4335691707,NA
267290601,57,"1","11",NA,3,NA,NA,89725.4335691707,NA
267290801,60,"2","5",NA,2,NA,NA,89725.4335691707,NA
267380101,35,"1","11",NA,2,NA,NA,89725.4335691707,NA
267830201,46,"2","11","3",2,NA,NA,89725.4335691707,NA
267830301,38,"1","12","3",2,NA,NA,89725.4335691707,NA
267830601,34,"1","11","3",4,NA,NA,89725.4335691707,NA
267830701,40,"1","11","3",1,NA,NA,89725.4335691707,NA
267870201,54,"2","11","3",3,NA,NA,89725.4335691707,NA
267870501,49,"1","11","3",4,NA,NA,89725.4335691707,NA
267940201,71,"1","11",NA,2,NA,NA,89725.4335691707,NA
267940401,33,"1","9",NA,2,NA,NA,89725.4335691707,NA
267940501,59,"2","11",NA,4,NA,NA,89725.4335691707,NA
267940601,43,"1","12",NA,2,NA,NA,89725.4335691707,NA
267940701,43,"1","11",NA,3,NA,NA,89725.4335691707,NA
268060101,67,"1","3","2",3,NA,NA,89725.4335691707,NA
268060201,60,"1","5","2",4,NA,NA,89725.4335691707,NA
268060301,41,"1","9","2",3,NA,NA,89725.4335691707,NA
268060401,69,"1","6","2",3,NA,NA,89725.4335691707,NA
268060501,35,"2","7","2",3,NA,NA,89725.4335691707,NA
268060601,69,"1","11","2",2,NA,NA,89725.4335691707,NA
268060701,63,"1","6","2",2,NA,NA,89725.4335691707,NA
268060801,41,"2","5","2",4,NA,NA,89725.4335691707,NA
268210401,71,"1","12","3",1,NA,NA,89725.4335691707,NA
268460101,58,"2","1",NA,3,NA,NA,89725.4335691707,NA
268460201,25,"2","9",NA,2,NA,NA,89725.4335691707,NA
268460301,58,"2","5",NA,5,NA,NA,89725.4335691707,NA
268460401,71,"1","-88",NA,3,NA,NA,89725.4335691707,NA
268460501,42,"1","5",NA,3,NA,NA,89725.4335691707,NA
268460601,64,"1","5",NA,3,NA,NA,89725.4335691707,NA
268460701,60,"1","1",NA,2,NA,NA,89725.4335691707,NA
268460801,62,"1","5",NA,4,NA,NA,89725.4335691707,NA
268590101,60,"1",NA,NA,2,NA,NA,89725.4335691707,NA
268590201,41,"1",NA,NA,3,NA,NA,89725.4335691707,NA
268590301,72,"1","8",NA,2,NA,NA,89725.4335691707,NA
268590401,32,"2","8",NA,4,NA,NA,89725.4335691707,NA
268590501,73,"2","8",NA,2,NA,NA,89725.4335691707,NA
268590601,46,"1","3",NA,1,NA,NA,89725.4335691707,NA
268590701,55,"1","6",NA,6,NA,NA,89725.4335691707,NA
269030101,36,"1","11",NA,3,NA,NA,89725.4335691707,NA
269030301,61,"2","5",NA,1,NA,NA,89725.4335691707,NA
269030401,28,"1","9",NA,1,NA,NA,89725.4335691707,NA
269030501,61,"2","8",NA,3,NA,NA,89725.4335691707,NA
269030601,61,"2","8",NA,2,NA,NA,89725.4335691707,NA
269180201,32,"2","5","2",1,NA,NA,89725.4335691707,NA
269390101,78,"2","1",NA,1,NA,NA,89725.4335691707,NA
269390102,57,"2","5",NA,2,NA,NA,89725.4335691707,NA
269390301,52,"1","3",NA,4,NA,NA,89725.4335691707,NA
269390401,80,"2",NA,NA,1,NA,NA,89725.4335691707,NA
269390501,62,"1","3",NA,3,NA,NA,89725.4335691707,NA
269390601,33,"1","6",NA,1,NA,NA,89725.4335691707,NA
269610201,38,"1","11","3",4,NA,NA,89725.4335691707,NA
269610501,33,"1","11","3",3,NA,NA,89725.4335691707,NA
269860101,60,"1","1","2",6,NA,NA,89725.4335691707,NA
269860201,75,"2","1","2",2,NA,NA,89725.4335691707,NA
269860401,59,"2","1","2",3,NA,NA,89725.4335691707,NA
269860501,61,"1","5","2",3,NA,NA,89725.4335691707,NA
269860601,45,"2","6","2",3,NA,NA,89725.4335691707,NA
269860701,58,"2",NA,"2",2,NA,NA,89725.4335691707,NA
269860801,61,"1","1","2",1,NA,NA,89725.4335691707,NA
269950301,54,"2","5",NA,3,NA,NA,89725.4335691707,NA
269950501,69,"2","11",NA,1,NA,NA,89725.4335691707,NA
269950601,52,"1","12",NA,5,NA,NA,89725.4335691707,NA
269950701,68,"1","8",NA,5,NA,NA,89725.4335691707,NA
270010201,55,"2","-88","2",5,NA,NA,89725.4335691707,NA
270010301,44,"2","5","2",4,NA,NA,89725.4335691707,NA
270010401,52,"1","5","2",1,NA,NA,89725.4335691707,NA
270010501,65,"1","5","2",2,NA,NA,89725.4335691707,NA
270010601,70,"1","11","2",5,NA,NA,89725.4335691707,NA
270260401,60,"2","1","2",4,NA,NA,89725.4335691707,NA
270260501,45,"1","6","2",5,NA,NA,89725.4335691707,NA
270470101,63,"2",NA,"2",1,NA,NA,89725.4335691707,NA
270470102,87,"2","5","2",1,NA,NA,89725.4335691707,NA
270470201,67,"2","5","2",2,NA,NA,89725.4335691707,NA
270470301,54,"2","6","2",2,NA,NA,89725.4335691707,NA
270470401,57,"1","8","2",7,NA,NA,89725.4335691707,NA
270470501,56,"2","1","2",1,NA,NA,89725.4335691707,NA
270470601,89,"2","1","2",2,NA,NA,89725.4335691707,NA
270470801,68,"2","11","2",2,NA,NA,89725.4335691707,NA
270580101,52,"1","6",NA,3,NA,NA,89725.4335691707,NA
270580201,47,"2","5",NA,4,NA,NA,89725.4335691707,NA
270580301,58,"2","8",NA,4,NA,NA,89725.4335691707,NA
270580401,86,"2",NA,NA,2,NA,NA,89725.4335691707,NA
270580601,53,"1","8",NA,2,NA,NA,89725.4335691707,NA
270580701,36,"2","6",NA,4,NA,NA,89725.4335691707,NA
270580801,53,"2","6",NA,5,NA,NA,89725.4335691707,NA
270660101,47,"1","7",NA,4,NA,NA,89725.4335691707,NA
270660201,62,"1","1",NA,4,NA,NA,89725.4335691707,NA
270660501,55,"2","5",NA,2,NA,NA,89725.4335691707,NA
270660601,28,"1","9",NA,2,NA,NA,89725.4335691707,NA
270770101,60,"2","3","2",2,NA,NA,89725.4335691707,NA
270770201,55,"1","5","2",6,NA,NA,89725.4335691707,NA
270770301,57,"2","1","2",2,NA,NA,89725.4335691707,NA
270770401,64,"1","1","2",2,NA,NA,89725.4335691707,NA
270770501,69,"2",NA,"2",1,NA,NA,89725.4335691707,NA
270810101,60,"1",NA,"2",3,NA,NA,89725.4335691707,NA
270810201,45,"1","8","2",2,NA,NA,89725.4335691707,NA
270810301,52,"1","5","2",3,NA,NA,89725.4335691707,NA
270810501,75,"1","3","2",3,NA,NA,89725.4335691707,NA
270810601,31,"1","6","2",3,NA,NA,89725.4335691707,NA
270810701,34,"1","8","2",3,NA,NA,89725.4335691707,NA
270810801,44,"2","8","2",3,NA,NA,89725.4335691707,NA
270880101,59,"1","5",NA,1,NA,NA,89725.4335691707,NA
270880201,68,"2","3",NA,4,NA,NA,89725.4335691707,NA
270880301,53,"1","11",NA,4,NA,NA,89725.4335691707,NA
270880401,50,"2","5",NA,5,NA,NA,89725.4335691707,NA
270880501,38,"1","6",NA,3,NA,NA,89725.4335691707,NA
270880601,35,"1","11",NA,2,NA,NA,89725.4335691707,NA
270880701,47,"1","7",NA,3,NA,NA,89725.4335691707,NA
270930401,36,"1","5",NA,1,NA,NA,89725.4335691707,NA
270930501,38,"1","6",NA,4,NA,NA,89725.4335691707,NA
270930601,77,"2","1",NA,1,NA,NA,89725.4335691707,NA
270930801,37,"1","7",NA,2,NA,NA,89725.4335691707,NA
270970101,67,"1",NA,"1",3,NA,NA,89725.4335691707,NA
270970201,69,"1","1","1",2,NA,NA,89725.4335691707,NA
270970501,92,"1",NA,"1",4,NA,NA,89725.4335691707,NA
270970701,58,"1","1","1",2,NA,NA,89725.4335691707,NA
270970801,54,"1",NA,"1",3,NA,NA,89725.4335691707,NA
270970901,85,"1","12","1",2,NA,NA,89725.4335691707,NA
270971001,41,"1",NA,"1",3,NA,NA,89725.4335691707,NA
270980101,70,"2","1","2",2,NA,NA,89725.4335691707,NA
270980201,34,"2","5","2",3,NA,NA,89725.4335691707,NA
270980401,35,"2","7","2",4,NA,NA,89725.4335691707,NA
270980501,46,"1","11","2",4,NA,NA,89725.4335691707,NA
270980601,30,"1","5","2",2,NA,NA,89725.4335691707,NA
270980701,40,"2","5","2",3,NA,NA,89725.4335691707,NA
270980801,48,"2","3","2",3,NA,NA,89725.4335691707,NA
271130101,36,"2","11","3",2,NA,NA,89725.4335691707,NA
271140101,66,"2","11","2",2,NA,NA,89725.4335691707,NA
271140201,55,"2","5","2",6,NA,NA,89725.4335691707,NA
271140301,43,"2","1","2",3,NA,NA,89725.4335691707,NA
271140501,36,"1","6","2",5,NA,NA,89725.4335691707,NA
271140502,66,"1","6","2",4,NA,NA,89725.4335691707,NA
271140601,75,"1","1","2",1,NA,NA,89725.4335691707,NA
271140801,52,"2","1","2",2,NA,NA,89725.4335691707,NA
271620101,42,"2","6",NA,4,NA,NA,89725.4335691707,NA
271620201,60,"1","5",NA,2,NA,NA,89725.4335691707,NA
271620301,50,"1","5",NA,3,NA,NA,89725.4335691707,NA
271620501,55,"2","3",NA,6,NA,NA,89725.4335691707,NA
271620601,39,"2","3",NA,4,NA,NA,89725.4335691707,NA
271620801,52,"1",NA,NA,3,NA,NA,89725.4335691707,NA
271870101,31,"2","11",NA,2,NA,NA,89725.4335691707,NA
271870201,55,"2","3",NA,5,NA,NA,89725.4335691707,NA
271870601,36,"2","9",NA,4,NA,NA,89725.4335691707,NA
271870701,28,"2","6",NA,5,NA,NA,89725.4335691707,NA
271870801,37,"2","11",NA,4,NA,NA,89725.4335691707,NA
271890201,35,"1","6","3",5,NA,NA,89725.4335691707,NA
271890801,39,"2","6","3",3,NA,NA,89725.4335691707,NA
272080101,49,"1","6",NA,4,NA,NA,89725.4335691707,NA
272080201,52,"1","6",NA,3,NA,NA,89725.4335691707,NA
272080301,76,"1","1",NA,1,NA,NA,89725.4335691707,NA
272080501,81,"2","1",NA,6,NA,NA,89725.4335691707,NA
272080701,81,"2","1",NA,5,NA,NA,89725.4335691707,NA
272080801,69,"2","6",NA,1,NA,NA,89725.4335691707,NA
272310101,27,"1","11",NA,1,NA,NA,89725.4335691707,NA
272310301,62,"2","6",NA,3,NA,NA,89725.4335691707,NA
272310401,38,"2","11",NA,1,NA,NA,89725.4335691707,NA
272310501,54,"1","11",NA,5,NA,NA,89725.4335691707,NA
272310701,27,"1","9",NA,3,NA,NA,89725.4335691707,NA
272520301,74,"1","11",NA,2,NA,NA,89725.4335691707,NA
272520601,33,"2","12",NA,1,NA,NA,89725.4335691707,NA
272520701,46,"1","11",NA,2,NA,NA,89725.4335691707,NA
272700101,70,"1",NA,"2",2,NA,NA,89725.4335691707,NA
272700201,86,"2","1","2",2,NA,NA,89725.4335691707,NA
272840201,48,"2",NA,"1",5,NA,NA,89725.4335691707,NA
272840202,23,"2","8","1",1,NA,NA,89725.4335691707,NA
272840401,76,"1",NA,"1",2,NA,NA,89725.4335691707,NA
272840601,57,"1",NA,"1",4,NA,NA,89725.4335691707,NA
272840801,71,"1","1","1",3,NA,NA,89725.4335691707,NA
272870301,61,"1","1",NA,6,NA,NA,89725.4335691707,NA
272870501,60,"2","4",NA,3,NA,NA,89725.4335691707,NA
272870601,54,"2","3",NA,8,NA,NA,89725.4335691707,NA
273220201,76,"1",NA,NA,2,NA,NA,89725.4335691707,NA
273220301,63,"2","5",NA,2,NA,NA,89725.4335691707,NA
273220401,68,"1","1",NA,2,NA,NA,89725.4335691707,NA
273220501,80,"1","9",NA,1,NA,NA,89725.4335691707,NA
273220901,30,"1","3",NA,7,NA,NA,89725.4335691707,NA
273300501,34,"1","11","3",1,NA,NA,89725.4335691707,NA
273300601,28,"1","6","3",4,NA,NA,89725.4335691707,NA
273310301,53,"2","11","3",1,NA,NA,89725.4335691707,NA
273310501,40,"1","9","3",1,NA,NA,89725.4335691707,NA
273310601,51,"1","8","3",2,NA,NA,89725.4335691707,NA
273350101,83,"2","11",NA,1,NA,NA,89725.4335691707,NA
273350401,81,"1","4",NA,4,NA,NA,89725.4335691707,NA
273350501,62,"1","11",NA,2,NA,NA,89725.4335691707,NA
273350701,54,"1","10",NA,4,NA,NA,89725.4335691707,NA
273350801,82,"1","5",NA,2,NA,NA,89725.4335691707,NA
273390201,68,"1",NA,NA,7,NA,NA,89725.4335691707,NA
273390301,43,"1","1",NA,4,NA,NA,89725.4335691707,NA
273390401,36,"2","5",NA,6,NA,NA,89725.4335691707,NA
273390501,61,"2","5",NA,4,NA,NA,89725.4335691707,NA
273390701,58,"2","5",NA,2,NA,NA,89725.4335691707,NA
273480101,31,"2","8","3",4,NA,NA,89725.4335691707,NA
273480301,89,"2","3","3",4,NA,NA,89725.4335691707,NA
273480501,40,"1","11","3",2,NA,NA,89725.4335691707,NA
273480601,53,"1","5","3",3,NA,NA,89725.4335691707,NA
273480701,61,"2",NA,"3",3,NA,NA,89725.4335691707,NA
273640101,65,"2","4",NA,5,NA,NA,89725.4335691707,NA
273640201,50,"1",NA,NA,2,NA,NA,89725.4335691707,NA
273640301,68,"1","3",NA,4,NA,NA,89725.4335691707,NA
273640401,73,"2","-88",NA,2,NA,NA,89725.4335691707,NA
273640501,72,"2","1",NA,9,NA,NA,89725.4335691707,NA
273640601,73,"1","3",NA,3,NA,NA,89725.4335691707,NA
273640701,51,"2","3",NA,3,NA,NA,89725.4335691707,NA
273640801,83,"1","1",NA,3,NA,NA,89725.4335691707,NA
273680201,49,"1","12","3",5,NA,NA,89725.4335691707,NA
273680401,90,"1","3","3",3,NA,NA,89725.4335691707,NA
273680701,26,"2","9","3",3,NA,NA,89725.4335691707,NA
273800201,54,"2",NA,NA,2,NA,NA,89725.4335691707,NA
273800301,53,"2","5",NA,4,NA,NA,89725.4335691707,NA
273800401,63,"2","1",NA,3,NA,NA,89725.4335691707,NA
273800501,58,"1",NA,NA,3,NA,NA,89725.4335691707,NA
273800601,35,"2","7",NA,4,NA,NA,89725.4335691707,NA
273800701,50,"2","5",NA,3,NA,NA,89725.4335691707,NA
273800801,54,"1","5",NA,1,NA,NA,89725.4335691707,NA
274080101,60,"2","6",NA,1,NA,NA,89725.4335691707,NA
274080201,72,"1",NA,NA,3,NA,NA,89725.4335691707,NA
274080301,51,"2","6",NA,3,NA,NA,89725.4335691707,NA
274080401,34,"2","6",NA,8,NA,NA,89725.4335691707,NA
274080501,87,"1",NA,NA,2,NA,NA,89725.4335691707,NA
274080701,53,"1","3",NA,7,NA,NA,89725.4335691707,NA
274080801,66,"2","1",NA,6,NA,NA,89725.4335691707,NA
274170101,62,"2",NA,NA,4,NA,NA,89725.4335691707,NA
274170201,46,"1",NA,NA,3,NA,NA,89725.4335691707,NA
274170401,67,"1",NA,NA,3,NA,NA,89725.4335691707,NA
274170501,28,"2",NA,NA,4,NA,NA,89725.4335691707,NA
274170601,66,"2",NA,NA,2,NA,NA,89725.4335691707,NA
274170701,45,"1","4",NA,4,NA,NA,89725.4335691707,NA
274170801,64,"2","1",NA,7,NA,NA,89725.4335691707,NA
274260101,39,"2","11",NA,3,NA,NA,89725.4335691707,NA
274260301,40,"1","7",NA,4,NA,NA,89725.4335691707,NA
274260401,56,"1","9",NA,1,NA,NA,89725.4335691707,NA
274260501,30,"1","9",NA,1,NA,NA,89725.4335691707,NA
274260701,48,"2","11",NA,5,NA,NA,89725.4335691707,NA
274720101,58,"2","11","3",2,NA,NA,89725.4335691707,NA
274720301,35,"1","11","3",3,NA,NA,89725.4335691707,NA
274720601,23,"2","5","3",5,NA,NA,89725.4335691707,NA
274790301,37,"2","11","3",3,NA,NA,89725.4335691707,NA
274790701,86,"1",NA,"3",2,NA,NA,89725.4335691707,NA
274880301,31,"1","9",NA,2,NA,NA,89725.4335691707,NA
274880401,76,"2","5",NA,2,NA,NA,89725.4335691707,NA
274880501,71,"2","4",NA,1,NA,NA,89725.4335691707,NA
274880601,63,"1","3",NA,3,NA,NA,89725.4335691707,NA
274880701,39,"2","3",NA,4,NA,NA,89725.4335691707,NA
274880801,67,"2","3",NA,3,NA,NA,89725.4335691707,NA
274940101,38,"1","11",NA,1,NA,NA,89725.4335691707,NA
274940301,56,"2","7",NA,4,NA,NA,89725.4335691707,NA
274940401,25,"2","11",NA,1,NA,NA,89725.4335691707,NA
274940501,49,"1","11",NA,3,NA,NA,89725.4335691707,NA
274940601,44,"1","11",NA,1,NA,NA,89725.4335691707,NA
274940701,52,"1","8",NA,3,NA,NA,89725.4335691707,NA
275290101,38,"1","6",NA,3,NA,NA,89725.4335691707,NA
275290201,20,"1","7",NA,3,NA,NA,89725.4335691707,NA
275290301,44,"1","8",NA,2,NA,NA,89725.4335691707,NA
275290401,62,"1","5",NA,2,NA,NA,89725.4335691707,NA
275290601,60,"2","1",NA,1,NA,NA,89725.4335691707,NA
275290801,53,"2","6",NA,4,NA,NA,89725.4335691707,NA
275440101,50,"2","11","2",3,NA,NA,89725.4335691707,NA
275440201,80,"2","4","2",2,NA,NA,89725.4335691707,NA
275440401,70,"2","3","2",2,NA,NA,89725.4335691707,NA
275440501,43,"1","1","2",5,NA,NA,89725.4335691707,NA
275440601,73,"1","-88","2",4,NA,NA,89725.4335691707,NA
275660101,37,"1","11",NA,3,NA,NA,89725.4335691707,NA
275660201,83,"2","5",NA,3,NA,NA,89725.4335691707,NA
275660601,76,"1","5",NA,2,NA,NA,89725.4335691707,NA
275660701,66,"1","7",NA,2,NA,NA,89725.4335691707,NA
276060201,50,"1","11","3",3,NA,NA,89725.4335691707,NA
276060401,66,"2","7","3",1,NA,NA,89725.4335691707,NA
276060501,68,"2","8","3",1,NA,NA,89725.4335691707,NA
276060601,62,"1","5","3",4,NA,NA,89725.4335691707,NA
276060701,52,"1","8","3",4,NA,NA,89725.4335691707,NA
276140101,42,"1","11","3",2,NA,NA,89725.4335691707,NA
276140301,45,"2","11","3",4,NA,NA,89725.4335691707,NA
276140401,55,"1","11","3",5,NA,NA,89725.4335691707,NA
276140501,39,"1","11","3",5,NA,NA,89725.4335691707,NA
276140601,37,"1","11","3",5,NA,NA,89725.4335691707,NA
276140701,44,"1","9","3",5,NA,NA,89725.4335691707,NA
276140801,40,"1","8","3",4,NA,NA,89725.4335691707,NA
276340501,40,"2","11","3",3,NA,NA,89725.4335691707,NA
276500301,30,"1","6","3",4,NA,NA,89725.4335691707,NA
276500501,33,"2","8","3",2,NA,NA,89725.4335691707,NA
276500801,43,"1","5","3",3,NA,NA,89725.4335691707,NA
276500802,19,"1","5","3",1,NA,NA,89725.4335691707,NA
276530301,38,"1","5","3",4,NA,NA,89725.4335691707,NA
276530501,52,"1","8","3",2,NA,NA,89725.4335691707,NA
276530601,34,"2","9","3",4,NA,NA,89725.4335691707,NA
276530701,46,"1","6","3",4,NA,NA,89725.4335691707,NA
276610101,60,"2","5","2",7,NA,NA,89725.4335691707,NA
276610301,73,"1","11","2",1,NA,NA,89725.4335691707,NA
276610501,45,"1","5","2",4,NA,NA,89725.4335691707,NA
276610601,55,"2","9","2",4,NA,NA,89725.4335691707,NA
276610701,47,"1","8","2",4,NA,NA,89725.4335691707,NA
276610801,50,"2","5","2",6,NA,NA,89725.4335691707,NA
276660101,44,"2","5",NA,3,NA,NA,89725.4335691707,NA
276660201,30,"2","5",NA,4,NA,NA,89725.4335691707,NA
276660301,24,"2","8",NA,2,NA,NA,89725.4335691707,NA
276660401,50,"1","6",NA,3,NA,NA,89725.4335691707,NA
276660501,51,"1","9",NA,4,NA,NA,89725.4335691707,NA
276660601,38,"2","7",NA,7,NA,NA,89725.4335691707,NA
276660701,41,"2","11",NA,3,NA,NA,89725.4335691707,NA
276660801,54,"2","5",NA,5,NA,NA,89725.4335691707,NA
276700101,67,"1","11","3",2,NA,NA,89725.4335691707,NA
276700601,63,"2","11","3",1,NA,NA,89725.4335691707,NA
276770101,79,"2","3",NA,2,NA,NA,89725.4335691707,NA
276770201,73,"2","4",NA,2,NA,NA,89725.4335691707,NA
276770301,63,"2","11",NA,2,NA,NA,89725.4335691707,NA
276770401,45,"1","11",NA,2,NA,NA,89725.4335691707,NA
276770501,55,"2","5",NA,5,NA,NA,89725.4335691707,NA
276770601,81,"2","1",NA,2,NA,NA,89725.4335691707,NA
276770701,57,"1","5",NA,3,NA,NA,89725.4335691707,NA
276770801,71,"2","8",NA,2,NA,NA,89725.4335691707,NA
277080101,56,"1",NA,"2",4,NA,NA,89725.4335691707,NA
277080201,48,"2","9","2",4,NA,NA,89725.4335691707,NA
277080301,66,"1","3","2",4,NA,NA,89725.4335691707,NA
277080401,79,"2","4","2",1,NA,NA,89725.4335691707,NA
277080501,63,"1","3","2",3,NA,NA,89725.4335691707,NA
277080701,45,"1","6","2",1,NA,NA,89725.4335691707,NA
277080801,24,"2","8","2",7,NA,NA,89725.4335691707,NA
277210201,84,"1","11",NA,2,NA,NA,89725.4335691707,NA
277210301,30,"2","11",NA,2,NA,NA,89725.4335691707,NA
277210401,43,"2","8",NA,2,NA,NA,89725.4335691707,NA
277210501,44,"2","12",NA,5,NA,NA,89725.4335691707,NA
277210701,83,"1","11",NA,2,NA,NA,89725.4335691707,NA
277330101,44,"1","11",NA,4,NA,NA,89725.4335691707,NA
277330601,78,"1","11",NA,2,NA,NA,89725.4335691707,NA
277330701,44,"2","11",NA,2,NA,NA,89725.4335691707,NA
277390101,87,"1","11",NA,3,NA,NA,89725.4335691707,NA
277390201,50,"1","9",NA,3,NA,NA,89725.4335691707,NA
277390301,31,"1","11",NA,2,NA,NA,89725.4335691707,NA
277390501,36,"1","9",NA,3,NA,NA,89725.4335691707,NA
277390801,46,"1","12",NA,3,NA,NA,89725.4335691707,NA
277410401,56,"2","7","3",5,NA,NA,89725.4335691707,NA
277420201,34,"2","9","3",2,NA,NA,89725.4335691707,NA
277420301,53,"1","12","3",4,NA,NA,89725.4335691707,NA
277420401,53,"2","12","3",2,NA,NA,89725.4335691707,NA
277530101,58,"2","8","2",4,NA,NA,89725.4335691707,NA
277530201,33,"2","8","2",4,NA,NA,89725.4335691707,NA
277530301,71,"1","1","2",4,NA,NA,89725.4335691707,NA
277530401,37,"1","8","2",3,NA,NA,89725.4335691707,NA
277530601,58,"1","5","2",3,NA,NA,89725.4335691707,NA
277530701,42,"2","6","2",4,NA,NA,89725.4335691707,NA
277530801,33,"1","6","2",4,NA,NA,89725.4335691707,NA
277640101,63,"1","6","3",3,NA,NA,89725.4335691707,NA
277640201,63,"2","9","3",2,NA,NA,89725.4335691707,NA
277640301,29,"1","8","3",1,NA,NA,89725.4335691707,NA
277640401,49,"2","5","3",1,NA,NA,89725.4335691707,NA
277640501,45,"2","6","3",3,NA,NA,89725.4335691707,NA
277640601,49,"1","11","3",2,NA,NA,89725.4335691707,NA
277640701,40,"2","9","3",3,NA,NA,89725.4335691707,NA
277640801,67,"1","5","3",1,NA,NA,89725.4335691707,NA
277720201,48,"1","11","3",4,NA,NA,89725.4335691707,NA
277720501,40,"2","11","3",2,NA,NA,89725.4335691707,NA
277720601,39,"2","7","3",6,NA,NA,89725.4335691707,NA
277720701,42,"1","11","3",3,NA,NA,89725.4335691707,NA
277760301,38,"2","9",NA,2,NA,NA,89725.4335691707,NA
277760401,27,"1","11",NA,2,NA,NA,89725.4335691707,NA
277760501,40,"1","12",NA,4,NA,NA,89725.4335691707,NA
277780401,50,"2","11","3",2,NA,NA,89725.4335691707,NA
277820701,35,"1","11","2",5,NA,NA,89725.4335691707,NA
278040101,65,"2","5","1",3,NA,NA,89725.4335691707,NA
278040201,84,"1","1","1",3,NA,NA,89725.4335691707,NA
278040401,44,"1","8","1",4,NA,NA,89725.4335691707,NA
278040701,78,"2","5","1",1,NA,NA,89725.4335691707,NA
278140201,36,"2","11","3",4,NA,NA,89725.4335691707,NA
278140601,38,"2","11","3",5,NA,NA,89725.4335691707,NA
278300101,34,"2","8",NA,4,NA,NA,89725.4335691707,NA
278300201,48,"1","6",NA,3,NA,NA,89725.4335691707,NA
278300301,41,"2","9",NA,4,NA,NA,89725.4335691707,NA
278300501,41,"1","11",NA,3,NA,NA,89725.4335691707,NA
278300701,48,"1",NA,NA,6,NA,NA,89725.4335691707,NA
278600101,26,"1","9",NA,2,NA,NA,89725.4335691707,NA
278600201,44,"1","8",NA,3,NA,NA,89725.4335691707,NA
278600401,34,"2","5",NA,5,NA,NA,89725.4335691707,NA
278600501,43,"1","11",NA,4,NA,NA,89725.4335691707,NA
278600801,40,"2","8",NA,3,NA,NA,89725.4335691707,NA
278640401,31,"1","11",NA,1,NA,NA,89725.4335691707,NA
278640701,50,"1","5",NA,5,NA,NA,89725.4335691707,NA
278670101,52,"1","12",NA,1,NA,NA,89725.4335691707,NA
278670201,70,"1","12",NA,2,NA,NA,89725.4335691707,NA
278670601,48,"2","11",NA,3,NA,NA,89725.4335691707,NA
278670801,70,"2","11",NA,1,NA,NA,89725.4335691707,NA
278760501,35,"1","11",NA,2,NA,NA,89725.4335691707,NA
278760601,44,"1","11",NA,1,NA,NA,89725.4335691707,NA
278760701,41,"1","11",NA,2,NA,NA,89725.4335691707,NA
278760801,35,"2","11",NA,1,NA,NA,89725.4335691707,NA
278840601,49,"2","11",NA,1,NA,NA,89725.4335691707,NA
278840801,29,"1","11",NA,2,NA,NA,89725.4335691707,NA
278880101,28,"2","12",NA,1,NA,NA,89725.4335691707,NA
278880102,27,"2","5",NA,1,NA,NA,89725.4335691707,NA
278880103,28,"2","11",NA,1,NA,NA,89725.4335691707,NA
278890101,54,"1","1",NA,6,NA,NA,89725.4335691707,NA
278890201,42,"1","6",NA,5,NA,NA,89725.4335691707,NA
278890401,55,"2","6",NA,4,NA,NA,89725.4335691707,NA
278890501,32,"2","5",NA,5,NA,NA,89725.4335691707,NA
278890601,48,"2","5",NA,3,NA,NA,89725.4335691707,NA
278890701,52,"1",NA,NA,5,NA,NA,89725.4335691707,NA
278890801,30,"1","6",NA,2,NA,NA,89725.4335691707,NA
278930101,48,"1",NA,NA,3,NA,NA,89725.4335691707,NA
278930201,48,"2","3",NA,3,NA,NA,89725.4335691707,NA
278930401,71,"2",NA,NA,4,NA,NA,89725.4335691707,NA
278930501,62,"1",NA,NA,2,NA,NA,89725.4335691707,NA
278930601,57,"1","6",NA,5,NA,NA,89725.4335691707,NA
278930701,37,"2","5",NA,3,NA,NA,89725.4335691707,NA
278930801,62,"1",NA,NA,4,NA,NA,89725.4335691707,NA
278930901,69,"1",NA,NA,1,NA,NA,89725.4335691707,NA
278931001,88,"2",NA,NA,2,NA,NA,89725.4335691707,NA
279000101,65,"1","3","2",5,NA,NA,89725.4335691707,NA
279000201,41,"2","11","2",2,NA,NA,89725.4335691707,NA
279000301,47,"2","11","2",2,NA,NA,89725.4335691707,NA
279000401,42,"2","5","2",3,NA,NA,89725.4335691707,NA
279100601,80,"1","1",NA,2,NA,NA,89725.4335691707,NA
279100602,52,"2","6",NA,3,NA,NA,89725.4335691707,NA
279100701,72,"1","5",NA,5,NA,NA,89725.4335691707,NA
279370201,29,"2","11",NA,2,NA,NA,89725.4335691707,NA
279370401,85,"2","3",NA,5,NA,NA,89725.4335691707,NA
279370501,70,"1","1",NA,3,NA,NA,89725.4335691707,NA
279370601,30,"1","9",NA,2,NA,NA,89725.4335691707,NA
279370701,69,"2","4",NA,2,NA,NA,89725.4335691707,NA
279400501,55,"1","11",NA,6,NA,NA,89725.4335691707,NA
279400601,52,"1","-88",NA,6,NA,NA,89725.4335691707,NA
279400701,48,"1","12",NA,6,NA,NA,89725.4335691707,NA
279890201,34,"1","10","3",1,NA,NA,89725.4335691707,NA
279890301,56,"2","8","3",3,NA,NA,89725.4335691707,NA
279890501,43,"2","11","3",4,NA,NA,89725.4335691707,NA
279890601,38,"1","11","3",4,NA,NA,89725.4335691707,NA
279890701,26,"2","9","3",1,NA,NA,89725.4335691707,NA
279890702,32,"2","11","3",1,NA,NA,89725.4335691707,NA
279960101,52,"1","6","1",5,NA,NA,89725.4335691707,NA
279960201,61,"1","5","1",3,NA,NA,89725.4335691707,NA
279960301,41,"1","11","1",3,NA,NA,89725.4335691707,NA
279960401,56,"1","3","1",4,NA,NA,89725.4335691707,NA
279960501,48,"1","4","1",6,NA,NA,89725.4335691707,NA
279960701,43,"1","5","1",4,NA,NA,89725.4335691707,NA
279960801,64,"1","5","1",4,NA,NA,89725.4335691707,NA
280220301,63,"2","5",NA,3,NA,NA,89725.4335691707,NA
280220302,32,"2","8",NA,3,NA,NA,89725.4335691707,NA
280220401,82,"2","9",NA,1,NA,NA,89725.4335691707,NA
280220601,63,"2","5",NA,5,NA,NA,89725.4335691707,NA
280220701,51,"2","5",NA,3,NA,NA,89725.4335691707,NA
280330101,56,"2","5","1",4,NA,NA,89725.4335691707,NA
280330201,54,"1","1","1",1,NA,NA,89725.4335691707,NA
280330301,82,"1","5","1",3,NA,NA,89725.4335691707,NA
280330401,56,"2","1","1",3,NA,NA,89725.4335691707,NA
280330501,73,"2","3","1",4,NA,NA,89725.4335691707,NA
280330601,82,"1",NA,"1",2,NA,NA,89725.4335691707,NA
280330701,65,"2","8","1",4,NA,NA,89725.4335691707,NA
280330801,85,"1",NA,"1",3,NA,NA,89725.4335691707,NA
280340101,49,"2",NA,NA,4,NA,NA,89725.4335691707,NA
280340201,28,"2","5",NA,6,NA,NA,89725.4335691707,NA
280340301,54,"2","5",NA,1,NA,NA,89725.4335691707,NA
280340401,47,"1","5",NA,2,NA,NA,89725.4335691707,NA
280340501,53,"2","3",NA,1,NA,NA,89725.4335691707,NA
280340601,54,"1","3",NA,3,NA,NA,89725.4335691707,NA
280370101,57,"1","8","2",4,NA,NA,89725.4335691707,NA
280370201,55,"1","1","2",2,NA,NA,89725.4335691707,NA
280370301,57,"1","8","2",6,NA,NA,89725.4335691707,NA
280370501,47,"2","-88","2",2,NA,NA,89725.4335691707,NA
280370601,43,"2","6","2",4,NA,NA,89725.4335691707,NA
280370701,54,"1","5","2",3,NA,NA,89725.4335691707,NA
280370801,46,"2","6","2",4,NA,NA,89725.4335691707,NA
280530101,40,"2","8","3",2,NA,NA,89725.4335691707,NA
280530301,51,"1","6","3",2,NA,NA,89725.4335691707,NA
280530401,35,"1","9","3",4,NA,NA,89725.4335691707,NA
280530501,40,"1","11","3",5,NA,NA,89725.4335691707,NA
280570101,72,"1",NA,"3",2,NA,NA,89725.4335691707,NA
280570201,26,"2","6","3",3,NA,NA,89725.4335691707,NA
280570301,43,"2","6","3",3,NA,NA,89725.4335691707,NA
280570401,53,"1","8","3",4,NA,NA,89725.4335691707,NA
280570801,45,"2","6","3",4,NA,NA,89725.4335691707,NA
280890101,64,"2","1",NA,3,NA,NA,89725.4335691707,NA
280890201,47,"1","6",NA,2,NA,NA,89725.4335691707,NA
280890301,63,"2",NA,NA,3,NA,NA,89725.4335691707,NA
280890401,56,"2","11",NA,3,NA,NA,89725.4335691707,NA
280890501,52,"2","-88",NA,5,NA,NA,89725.4335691707,NA
280890601,54,"2",NA,NA,1,NA,NA,89725.4335691707,NA
280890701,35,"1","3",NA,4,NA,NA,89725.4335691707,NA
280990201,56,"2","11",NA,3,NA,NA,89725.4335691707,NA
280990401,66,"2","5",NA,1,NA,NA,89725.4335691707,NA
280990501,59,"1","11",NA,3,NA,NA,89725.4335691707,NA
280990601,58,"1","11",NA,3,NA,NA,89725.4335691707,NA
281310101,59,"1","6",NA,4,NA,NA,89725.4335691707,NA
281310201,52,"1","5",NA,5,NA,NA,89725.4335691707,NA
281310301,54,"2","8",NA,2,NA,NA,89725.4335691707,NA
281310401,43,"2","7",NA,3,NA,NA,89725.4335691707,NA
281310601,83,"1","7",NA,1,NA,NA,89725.4335691707,NA
281310801,75,"2","5",NA,3,NA,NA,89725.4335691707,NA
281480701,72,"2","8",NA,2,NA,NA,89725.4335691707,NA
281480801,34,"2","9",NA,1,NA,NA,89725.4335691707,NA
281510301,37,"2","6",NA,2,NA,NA,89725.4335691707,NA
281510501,27,"1","9",NA,1,NA,NA,89725.4335691707,NA
281510701,25,"2","11",NA,4,NA,NA,89725.4335691707,NA
281610101,43,"2","4",NA,4,NA,NA,89725.4335691707,NA
281610301,55,"2","1",NA,1,NA,NA,89725.4335691707,NA
281610401,42,"2","5",NA,4,NA,NA,89725.4335691707,NA
281610801,31,"1","6",NA,3,NA,NA,89725.4335691707,NA
281610901,75,"1","5",NA,3,NA,NA,89725.4335691707,NA
282080301,36,"1","11","3",3,NA,NA,89725.4335691707,NA
282080501,56,"1","11","3",1,NA,NA,89725.4335691707,NA
282080701,87,"2","5","3",1,NA,NA,89725.4335691707,NA
282230101,50,"2","5",NA,1,NA,NA,89725.4335691707,NA
282230201,53,"1","1",NA,3,NA,NA,89725.4335691707,NA
282230301,69,"2","1",NA,1,NA,NA,89725.4335691707,NA
282230401,24,"2","11",NA,2,NA,NA,89725.4335691707,NA
282230501,34,"2","7",NA,4,NA,NA,89725.4335691707,NA
282230701,65,"1","3",NA,4,NA,NA,89725.4335691707,NA
282231001,60,"2",NA,NA,2,NA,NA,89725.4335691707,NA
282240101,28,"2","6","2",6,NA,NA,89725.4335691707,NA
282240301,56,"2","8","2",5,NA,NA,89725.4335691707,NA
282240401,49,"2","11","2",4,NA,NA,89725.4335691707,NA
282240601,73,"2","1","2",2,NA,NA,89725.4335691707,NA
282240701,48,"2","8","2",2,NA,NA,89725.4335691707,NA
282240801,84,"2","8","2",2,NA,NA,89725.4335691707,NA
282460101,51,"1","7",NA,1,NA,NA,89725.4335691707,NA
282460201,57,"2",NA,NA,3,NA,NA,89725.4335691707,NA
282460301,67,"2","11",NA,3,NA,NA,89725.4335691707,NA
282460401,66,"1","3",NA,2,NA,NA,89725.4335691707,NA
282460601,63,"1",NA,NA,1,NA,NA,89725.4335691707,NA
282460701,58,"2","5",NA,2,NA,NA,89725.4335691707,NA
282460801,29,"1","8",NA,5,NA,NA,89725.4335691707,NA
282470101,64,"1","6",NA,3,NA,NA,89725.4335691707,NA
282470201,39,"1","11",NA,3,NA,NA,89725.4335691707,NA
282470301,58,"1","5",NA,2,NA,NA,89725.4335691707,NA
282470501,33,"1","5",NA,4,NA,NA,89725.4335691707,NA
282470601,40,"2","9",NA,1,NA,NA,89725.4335691707,NA
282490101,71,"1","3","1",3,NA,NA,89725.4335691707,NA
282490102,45,"2","5","1",4,NA,NA,89725.4335691707,NA
282490201,42,"1","11","1",4,NA,NA,89725.4335691707,NA
282490301,41,"1",NA,"1",2,NA,NA,89725.4335691707,NA
282500201,57,"2","8",NA,3,NA,NA,89725.4335691707,NA
282500301,41,"1","8",NA,3,NA,NA,89725.4335691707,NA
282500401,44,"1","11",NA,3,NA,NA,89725.4335691707,NA
282500501,49,"2","1",NA,2,NA,NA,89725.4335691707,NA
282500601,53,"2","5",NA,1,NA,NA,89725.4335691707,NA
282500801,64,"2","1",NA,2,NA,NA,89725.4335691707,NA
282550201,27,"2","9","2",3,NA,NA,89725.4335691707,NA
282550301,78,"2",NA,"2",5,NA,NA,89725.4335691707,NA
282550401,43,"1","6","2",3,NA,NA,89725.4335691707,NA
282550501,70,"1","11","2",3,NA,NA,89725.4335691707,NA
282550601,31,"2","6","2",4,NA,NA,89725.4335691707,NA
282630201,44,"1","5","2",4,NA,NA,89725.4335691707,NA
282630301,77,"2","5","2",1,NA,NA,89725.4335691707,NA
282630501,58,"2","5","2",4,NA,NA,89725.4335691707,NA
282630601,42,"1","11","2",4,NA,NA,89725.4335691707,NA
282630701,72,"2","1","2",7,NA,NA,89725.4335691707,NA
282630801,73,"2","5","2",1,NA,NA,89725.4335691707,NA
282820201,50,"2",NA,NA,4,NA,NA,89725.4335691707,NA
282820301,54,"1","1",NA,6,NA,NA,89725.4335691707,NA
282820401,63,"1","1",NA,1,NA,NA,89725.4335691707,NA
282820701,67,"2","1",NA,2,NA,NA,89725.4335691707,NA
282820801,36,"1","6",NA,3,NA,NA,89725.4335691707,NA
282820901,66,"1","6",NA,3,NA,NA,89725.4335691707,NA
282920101,25,"2","9","3",6,NA,NA,89725.4335691707,NA
282920201,51,"2","7","3",3,NA,NA,89725.4335691707,NA
282920301,38,"2","11","3",2,NA,NA,89725.4335691707,NA
282920401,37,"2","9","3",4,NA,NA,89725.4335691707,NA
282920501,58,"2","5","3",1,NA,NA,89725.4335691707,NA
282920601,53,"2","5","3",2,NA,NA,89725.4335691707,NA
282920701,29,"2","7","3",5,NA,NA,89725.4335691707,NA
282950101,69,"1","8",NA,1,NA,NA,89725.4335691707,NA
282950301,53,"2","8",NA,5,NA,NA,89725.4335691707,NA
282950601,40,"1","12",NA,1,NA,NA,89725.4335691707,NA
282950801,26,"2","11",NA,2,NA,NA,89725.4335691707,NA
282980101,31,"2","11",NA,3,NA,NA,89725.4335691707,NA
282980201,42,"1","9",NA,2,NA,NA,89725.4335691707,NA
282980701,45,"1","6",NA,1,NA,NA,89725.4335691707,NA
283030101,47,"1","5",NA,4,NA,NA,89725.4335691707,NA
283030201,29,"1","5",NA,3,NA,NA,89725.4335691707,NA
283030301,64,"2","5",NA,10,NA,NA,89725.4335691707,NA
283030501,73,"2","5",NA,2,NA,NA,89725.4335691707,NA
283030601,70,"2","1",NA,1,NA,NA,89725.4335691707,NA
283080101,62,"2","3",NA,2,NA,NA,89725.4335691707,NA
283080301,25,"2","9",NA,3,NA,NA,89725.4335691707,NA
283080401,58,"2",NA,NA,5,NA,NA,89725.4335691707,NA
283080501,81,"2",NA,NA,2,NA,NA,89725.4335691707,NA
283080801,57,"2","8",NA,4,NA,NA,89725.4335691707,NA
283280101,53,"2","8","3",2,NA,NA,89725.4335691707,NA
283280301,59,"2","5","3",3,NA,NA,89725.4335691707,NA
283280501,42,"1","1","3",7,NA,NA,89725.4335691707,NA
283280701,41,"2","8","3",2,NA,NA,89725.4335691707,NA
283430201,61,"1","8",NA,4,NA,NA,89725.4335691707,NA
283430401,56,"2",NA,NA,3,NA,NA,89725.4335691707,NA
283430501,66,"1","5",NA,3,NA,NA,89725.4335691707,NA
283430601,34,"1","4",NA,5,NA,NA,89725.4335691707,NA
283430701,54,"2",NA,NA,3,NA,NA,89725.4335691707,NA
283430801,53,"2",NA,NA,4,NA,NA,89725.4335691707,NA
283540401,27,"2","9","3",2,NA,NA,89725.4335691707,NA
283540601,38,"1","11","3",3,NA,NA,89725.4335691707,NA
283540801,63,"2","5","3",1,NA,NA,89725.4335691707,NA
283680201,51,"1","5","1",8,NA,NA,89725.4335691707,NA
283680401,35,"1","3","1",4,NA,NA,89725.4335691707,NA
283680501,78,"1","3","1",1,NA,NA,89725.4335691707,NA
283680701,55,"2",NA,"1",3,NA,NA,89725.4335691707,NA
283680801,62,"1","1","1",3,NA,NA,89725.4335691707,NA
283930101,76,"2","3","2",1,NA,NA,89725.4335691707,NA
283930201,66,"2",NA,"2",3,NA,NA,89725.4335691707,NA
283930301,66,"1","5","2",5,NA,NA,89725.4335691707,NA
283930401,38,"1","11","2",6,NA,NA,89725.4335691707,NA
283930501,44,"1","11","2",6,NA,NA,89725.4335691707,NA
283930701,65,"2",NA,"2",2,NA,NA,89725.4335691707,NA
283930801,38,"2","5","2",4,NA,NA,89725.4335691707,NA
284010101,71,"1",NA,"2",3,NA,NA,89725.4335691707,NA
284010201,34,"1","8","2",1,NA,NA,89725.4335691707,NA
284010301,62,"2","6","2",4,NA,NA,89725.4335691707,NA
284010501,62,"2","4","2",1,NA,NA,89725.4335691707,NA
284010601,43,"2","8","2",3,NA,NA,89725.4335691707,NA
284010801,74,"2","4","2",2,NA,NA,89725.4335691707,NA
284090101,51,"2","3",NA,4,NA,NA,89725.4335691707,NA
284090301,79,"2","1",NA,2,NA,NA,89725.4335691707,NA
284090401,65,"1","5",NA,2,NA,NA,89725.4335691707,NA
284090501,67,"1","3",NA,3,NA,NA,89725.4335691707,NA
284090601,66,"1","3",NA,2,NA,NA,89725.4335691707,NA
284090602,56,"1","6",NA,1,NA,NA,89725.4335691707,NA
284090701,58,"1","5",NA,4,NA,NA,89725.4335691707,NA
284090801,66,"2","11",NA,2,NA,NA,89725.4335691707,NA
284390101,60,"2","3","2",4,NA,NA,89725.4335691707,NA
284390201,55,"1","1","2",4,NA,NA,89725.4335691707,NA
284390301,47,"1","5","2",4,NA,NA,89725.4335691707,NA
284390801,53,"2","6","2",5,NA,NA,89725.4335691707,NA
284420201,60,"1","11","3",5,NA,NA,89725.4335691707,NA
284420301,59,"2",NA,"3",1,NA,NA,89725.4335691707,NA
284420501,36,"1","11","3",1,NA,NA,89725.4335691707,NA
284420601,60,"2","8","3",1,NA,NA,89725.4335691707,NA
284420701,69,"2","11","3",1,NA,NA,89725.4335691707,NA
284490101,66,"1","3","2",1,NA,NA,89725.4335691707,NA
284490201,61,"1","5","2",1,NA,NA,89725.4335691707,NA
284490301,71,"2","5","2",5,NA,NA,89725.4335691707,NA
284490601,66,"1",NA,"2",1,NA,NA,89725.4335691707,NA
284490701,55,"2","6","2",4,NA,NA,89725.4335691707,NA
284530201,52,"2","3",NA,4,NA,NA,89725.4335691707,NA
284530401,66,"1","3",NA,2,NA,NA,89725.4335691707,NA
285320201,59,"1","12",NA,4,NA,NA,89725.4335691707,NA
285320401,62,"1","5",NA,3,NA,NA,89725.4335691707,NA
285320501,67,"1","11",NA,2,NA,NA,89725.4335691707,NA
285800101,51,"2","11","3",4,NA,NA,89725.4335691707,NA
285800301,48,"2","8","3",2,NA,NA,89725.4335691707,NA
285820201,56,"1","4",NA,3,NA,NA,89725.4335691707,NA
285820401,46,"2","5",NA,2,NA,NA,89725.4335691707,NA
285820601,43,"2","6",NA,5,NA,NA,89725.4335691707,NA
285820701,68,"2",NA,NA,4,NA,NA,89725.4335691707,NA
285820801,61,"1","1",NA,1,NA,NA,89725.4335691707,NA
285890101,78,"2",NA,"1",1,NA,NA,89725.4335691707,NA
285890201,52,"1","3","1",2,NA,NA,89725.4335691707,NA
285890202,75,"1","1","1",3,NA,NA,89725.4335691707,NA
285890301,42,"2","8","1",4,NA,NA,89725.4335691707,NA
285890302,48,"2","8","1",2,NA,NA,89725.4335691707,NA
285890401,76,"2",NA,"1",1,NA,NA,89725.4335691707,NA
285890501,82,"1","1","1",2,NA,NA,89725.4335691707,NA
285890601,79,"2","1","1",4,NA,NA,89725.4335691707,NA
285890801,77,"2","1","1",2,NA,NA,89725.4335691707,NA
285890802,53,"2","3","1",4,NA,NA,89725.4335691707,NA
286000301,42,"1","11",NA,1,NA,NA,89725.4335691707,NA
286000401,29,"2","12",NA,1,NA,NA,89725.4335691707,NA
286000501,32,"2","12",NA,3,NA,NA,89725.4335691707,NA
286020201,60,"2","5","2",4,NA,NA,89725.4335691707,NA
286020301,52,"1","1","2",4,NA,NA,89725.4335691707,NA
286020401,66,"2","3","2",1,NA,NA,89725.4335691707,NA
286020501,76,"2","1","2",2,NA,NA,89725.4335691707,NA
286020601,57,"1","5","2",4,NA,NA,89725.4335691707,NA
286020701,46,"1","11","2",3,NA,NA,89725.4335691707,NA
286020801,46,"1","5","2",2,NA,NA,89725.4335691707,NA
286130501,58,"1","5","3",3,NA,NA,89725.4335691707,NA
286130502,63,"2","9","3",2,NA,NA,89725.4335691707,NA
286130701,50,"1","11","3",4,NA,NA,89725.4335691707,NA
286190101,62,"1","1","2",2,NA,NA,89725.4335691707,NA
286190401,23,"2","5","2",3,NA,NA,89725.4335691707,NA
286190501,34,"2","7","2",2,NA,NA,89725.4335691707,NA
286190502,33,"2","12","2",5,NA,NA,89725.4335691707,NA
286190701,26,"2","8","2",3,NA,NA,89725.4335691707,NA
286410101,44,"2","11","3",2,NA,NA,89725.4335691707,NA
286410201,27,"2","12","3",2,NA,NA,89725.4335691707,NA
286410501,33,"1","12","3",1,NA,NA,89725.4335691707,NA
286410701,77,"2","8","3",1,NA,NA,89725.4335691707,NA
286410801,74,"1","11","3",2,NA,NA,89725.4335691707,NA
286450101,47,"2","1",NA,2,NA,NA,89725.4335691707,NA
286450201,48,"2","6",NA,3,NA,NA,89725.4335691707,NA
286450301,58,"1","9",NA,4,NA,NA,89725.4335691707,NA
286450401,56,"1","8",NA,1,NA,NA,89725.4335691707,NA
286450601,58,"1","1",NA,5,NA,NA,89725.4335691707,NA
286450801,64,"2","5",NA,2,NA,NA,89725.4335691707,NA
286720201,70,"1","6","3",2,NA,NA,89725.4335691707,NA
286720301,72,"1","11","3",2,NA,NA,89725.4335691707,NA
286720501,69,"1","11","3",2,NA,NA,89725.4335691707,NA
286830101,51,"1","6","2",2,NA,NA,89725.4335691707,NA
286830201,61,"2","1","2",3,NA,NA,89725.4335691707,NA
286830301,43,"1",NA,"2",5,NA,NA,89725.4335691707,NA
286830501,38,"2","6","2",2,NA,NA,89725.4335691707,NA
286830701,65,"2","3","2",4,NA,NA,89725.4335691707,NA
286830702,31,"2","3","2",3,NA,NA,89725.4335691707,NA
286830801,70,"1",NA,"2",3,NA,NA,89725.4335691707,NA
286910501,99,"2","9",NA,7,NA,NA,89725.4335691707,NA
286910701,57,"2","12",NA,5,NA,NA,89725.4335691707,NA
286910801,63,"1","11",NA,2,NA,NA,89725.4335691707,NA
287020701,65,"2","9","2",2,NA,NA,89725.4335691707,NA
287020801,36,"2","5","2",3,NA,NA,89725.4335691707,NA
287110101,47,"1",NA,"2",3,NA,NA,89725.4335691707,NA
287110301,66,"2","5","2",1,NA,NA,89725.4335691707,NA
287110501,73,"2","1","2",2,NA,NA,89725.4335691707,NA
287110801,56,"2","3","2",2,NA,NA,89725.4335691707,NA
287110901,65,"1",NA,"2",2,NA,NA,89725.4335691707,NA
287111001,53,"1",NA,"2",2,NA,NA,89725.4335691707,NA
287260501,42,"2","11","3",4,NA,NA,89725.4335691707,NA
287260701,42,"2","10","3",2,NA,NA,89725.4335691707,NA
287260801,76,"2","5","3",2,NA,NA,89725.4335691707,NA
287350101,68,"2","5",NA,1,NA,NA,89725.4335691707,NA
287350201,65,"1","6",NA,4,NA,NA,89725.4335691707,NA
287350301,45,"2","5",NA,5,NA,NA,89725.4335691707,NA
287350601,53,"1","6",NA,4,NA,NA,89725.4335691707,NA
287350701,30,"1","5",NA,2,NA,NA,89725.4335691707,NA
287350801,50,"2","8",NA,5,NA,NA,89725.4335691707,NA
287880201,76,"1","12",NA,2,NA,NA,89725.4335691707,NA
288000301,48,"1","12","3",4,NA,NA,89725.4335691707,NA
288000501,41,"2","11","3",3,NA,NA,89725.4335691707,NA
288050101,59,"1","5",NA,2,NA,NA,89725.4335691707,NA
288050201,30,"1","6",NA,4,NA,NA,89725.4335691707,NA
288050301,70,"1","5",NA,1,NA,NA,89725.4335691707,NA
288050401,55,"2","5",NA,1,NA,NA,89725.4335691707,NA
288050501,58,"2","1",NA,2,NA,NA,89725.4335691707,NA
288050601,52,"2","4",NA,3,NA,NA,89725.4335691707,NA
288050801,58,"2","5",NA,2,NA,NA,89725.4335691707,NA
288090201,48,"1","3",NA,4,NA,NA,89725.4335691707,NA
288090301,58,"2",NA,NA,1,NA,NA,89725.4335691707,NA
288090601,59,"2","5",NA,1,NA,NA,89725.4335691707,NA
288250101,29,"2","8",NA,1,NA,NA,89725.4335691707,NA
288250201,42,"1","11",NA,3,NA,NA,89725.4335691707,NA
288250701,30,"1","11",NA,1,NA,NA,89725.4335691707,NA
288540201,82,"1","12",NA,2,NA,NA,89725.4335691707,NA
288540401,67,"1","7",NA,3,NA,NA,89725.4335691707,NA
288590101,72,"2","3",NA,2,NA,NA,89725.4335691707,NA
288590201,58,"2","11",NA,3,NA,NA,89725.4335691707,NA
288590301,68,"2","5",NA,2,NA,NA,89725.4335691707,NA
288590401,56,"2","11",NA,4,NA,NA,89725.4335691707,NA
288590601,33,"1","11",NA,3,NA,NA,89725.4335691707,NA
288590701,58,"1","11",NA,3,NA,NA,89725.4335691707,NA
288590801,69,"1","11",NA,2,NA,NA,89725.4335691707,NA
288690101,43,"2","11",NA,1,NA,NA,89725.4335691707,NA
288690201,59,"2","11",NA,2,NA,NA,89725.4335691707,NA
288690501,37,"2","11",NA,3,NA,NA,89725.4335691707,NA
288690801,40,"2","10",NA,3,NA,NA,89725.4335691707,NA
288730301,43,"2","8","3",5,NA,NA,89725.4335691707,NA
288730501,48,"2","11","3",2,NA,NA,89725.4335691707,NA
288730701,32,"1","11","3",3,NA,NA,89725.4335691707,NA
288730801,55,"2","11","3",3,NA,NA,89725.4335691707,NA
288750101,47,"2","5",NA,4,NA,NA,89725.4335691707,NA
288750301,79,"2","1",NA,2,NA,NA,89725.4335691707,NA
288750601,47,"2","5",NA,3,NA,NA,89725.4335691707,NA
288750801,49,"1","3",NA,4,NA,NA,89725.4335691707,NA
288770201,28,"1","5","1",4,NA,NA,89725.4335691707,NA
288770301,93,"1",NA,"1",4,NA,NA,89725.4335691707,NA
288770401,64,"2","1","1",1,NA,NA,89725.4335691707,NA
288770501,78,"2",NA,"1",2,NA,NA,89725.4335691707,NA
288770601,30,"2","6","1",3,NA,NA,89725.4335691707,NA
288770701,61,"2","1","1",2,NA,NA,89725.4335691707,NA
288770801,36,"2","9","1",5,NA,NA,89725.4335691707,NA
288780601,27,"1","12",NA,2,NA,NA,89725.4335691707,NA
288780701,70,"2","5",NA,3,NA,NA,89725.4335691707,NA
288800201,87,"1","11","3",2,NA,NA,89725.4335691707,NA
288800401,33,"2","11","3",2,NA,NA,89725.4335691707,NA
288800501,36,"1","11","3",2,NA,NA,89725.4335691707,NA
288800801,33,"2","11","3",2,NA,NA,89725.4335691707,NA
290050101,72,"2","3","3",4,NA,NA,89725.4335691707,NA
290050201,36,"1","9","3",3,NA,NA,89725.4335691707,NA
290050301,32,"2","7","3",2,NA,NA,89725.4335691707,NA
290050401,31,"1","9","3",3,NA,NA,89725.4335691707,NA
290050501,50,"1","6","3",6,NA,NA,89725.4335691707,NA
290050601,80,"1",NA,"3",1,NA,NA,89725.4335691707,NA
290050701,75,"1","1","3",1,NA,NA,89725.4335691707,NA
290050801,65,"2","3","3",5,NA,NA,89725.4335691707,NA
290120101,59,"2",NA,"2",8,NA,NA,89725.4335691707,NA
290120301,66,"1","5","2",2,NA,NA,89725.4335691707,NA
290120401,59,"1","5","2",1,NA,NA,89725.4335691707,NA
290120601,42,"2",NA,"2",3,NA,NA,89725.4335691707,NA
290120602,68,"1","3","2",2,NA,NA,89725.4335691707,NA
290120801,28,"2","5","2",2,NA,NA,89725.4335691707,NA
290120802,40,"1","6","2",3,NA,NA,89725.4335691707,NA
290140101,79,"1","1",NA,2,NA,NA,89725.4335691707,NA
290140201,88,"1","6",NA,2,NA,NA,89725.4335691707,NA
290140301,70,"1","1",NA,6,NA,NA,89725.4335691707,NA
290140401,48,"2","1",NA,3,NA,NA,89725.4335691707,NA
290140501,75,"2","3",NA,2,NA,NA,89725.4335691707,NA
290140801,51,"2","5",NA,5,NA,NA,89725.4335691707,NA
290290101,54,"2","8","2",1,NA,NA,89725.4335691707,NA
290290301,49,"2","8","2",2,NA,NA,89725.4335691707,NA
290290401,56,"2","3","2",2,NA,NA,89725.4335691707,NA
290290501,44,"1","6","2",2,NA,NA,89725.4335691707,NA
290290601,76,"2",NA,"2",1,NA,NA,89725.4335691707,NA
290290801,70,"2","3","2",2,NA,NA,89725.4335691707,NA
290310101,24,"2","9",NA,2,NA,NA,89725.4335691707,NA
290310301,49,"1","8",NA,2,NA,NA,89725.4335691707,NA
290310701,57,"2","11",NA,3,NA,NA,89725.4335691707,NA
290320501,63,"1","12",NA,5,NA,NA,89725.4335691707,NA
290320601,58,"1","11",NA,5,NA,NA,89725.4335691707,NA
290430101,61,"2",NA,"2",3,NA,NA,89725.4335691707,NA
290430201,55,"1","5","2",3,NA,NA,89725.4335691707,NA
290430301,31,"2","5","2",5,NA,NA,89725.4335691707,NA
290430401,46,"2","5","2",4,NA,NA,89725.4335691707,NA
290430501,32,"1","3","2",2,NA,NA,89725.4335691707,NA
290430601,29,"1","3","2",3,NA,NA,89725.4335691707,NA
290430701,28,"2","6","2",2,NA,NA,89725.4335691707,NA
290430801,53,"2",NA,"2",2,NA,NA,89725.4335691707,NA
290560301,39,"1","12","3",2,NA,NA,89725.4335691707,NA
290560801,60,"2","5","3",3,NA,NA,89725.4335691707,NA
290700101,73,"2","3","2",2,NA,NA,89725.4335691707,NA
290700301,29,"1","11","2",3,NA,NA,89725.4335691707,NA
290700401,89,"2","7","2",1,NA,NA,89725.4335691707,NA
290700601,66,"1","4","2",1,NA,NA,89725.4335691707,NA
290700701,52,"2","6","2",4,NA,NA,89725.4335691707,NA
290700801,67,"1","3","2",3,NA,NA,89725.4335691707,NA
290790201,60,"1","8","2",3,NA,NA,89725.4335691707,NA
290790301,58,"2","6","2",6,NA,NA,89725.4335691707,NA
290790401,63,"2","6","2",4,NA,NA,89725.4335691707,NA
290790501,68,"1","9","2",3,NA,NA,89725.4335691707,NA
290790801,65,"1","7","2",1,NA,NA,89725.4335691707,NA
290800101,39,"2","7",NA,2,NA,NA,89725.4335691707,NA
290800301,81,"2","11",NA,2,NA,NA,89725.4335691707,NA
290800701,90,"2","5",NA,1,NA,NA,89725.4335691707,NA
290800801,75,"2","6",NA,1,NA,NA,89725.4335691707,NA
290940201,42,"1","11","3",5,NA,NA,89725.4335691707,NA
291120101,46,"1","1","3",3,NA,NA,89725.4335691707,NA
291120201,44,"2","8","3",1,NA,NA,89725.4335691707,NA
291120301,46,"2","7","3",4,NA,NA,89725.4335691707,NA
291120401,69,"2","-88","3",2,NA,NA,89725.4335691707,NA
291120501,39,"2","11","3",2,NA,NA,89725.4335691707,NA
291120601,44,"2","5","3",3,NA,NA,89725.4335691707,NA
291120801,45,"1","6","3",4,NA,NA,89725.4335691707,NA
291250101,67,"2","1","1",2,NA,NA,89725.4335691707,NA
291250201,35,"2",NA,"1",5,NA,NA,89725.4335691707,NA
291250301,84,"2","1","1",1,NA,NA,89725.4335691707,NA
291250401,58,"1","5","1",2,NA,NA,89725.4335691707,NA
291250501,21,"2","3","1",2,NA,NA,89725.4335691707,NA
291250601,70,"1","1","1",2,NA,NA,89725.4335691707,NA
291250801,30,"1","5","1",5,NA,NA,89725.4335691707,NA
291330401,55,"1","6",NA,3,NA,NA,89725.4335691707,NA
291330601,70,"1","3",NA,4,NA,NA,89725.4335691707,NA
291330701,68,"2","-88",NA,3,NA,NA,89725.4335691707,NA
291480201,43,"1","11","3",4,NA,NA,89725.4335691707,NA
291480701,36,"2","11","3",2,NA,NA,89725.4335691707,NA
291560201,63,"2","7",NA,4,NA,NA,89725.4335691707,NA
291560301,45,"1","10",NA,5,NA,NA,89725.4335691707,NA
291560302,24,"1","11",NA,1,NA,NA,89725.4335691707,NA
291560401,80,"2","1",NA,1,NA,NA,89725.4335691707,NA
291560501,27,"1","7",NA,3,NA,NA,89725.4335691707,NA
291560701,36,"1","9",NA,2,NA,NA,89725.4335691707,NA
291560801,52,"2","8",NA,4,NA,NA,89725.4335691707,NA
291660101,67,"2","3",NA,3,NA,NA,89725.4335691707,NA
291660301,35,"1","3",NA,4,NA,NA,89725.4335691707,NA
291660501,71,"2","1",NA,1,NA,NA,89725.4335691707,NA
291660701,60,"2","5",NA,6,NA,NA,89725.4335691707,NA
291660801,30,"2","9",NA,5,NA,NA,89725.4335691707,NA
291760201,51,"1","11",NA,4,NA,NA,89725.4335691707,NA
291760401,93,"1","11",NA,2,NA,NA,89725.4335691707,NA
291760601,61,"1","12",NA,6,NA,NA,89725.4335691707,NA
291760801,65,"1","12",NA,4,NA,NA,89725.4335691707,NA
291830101,67,"2","8","2",4,NA,NA,89725.4335691707,NA
291830201,47,"2","5","2",7,NA,NA,89725.4335691707,NA
291830301,83,"1","11","2",2,NA,NA,89725.4335691707,NA
291830401,64,"2","3","2",2,NA,NA,89725.4335691707,NA
291830501,61,"1","1","2",5,NA,NA,89725.4335691707,NA
291830601,62,"2","5","2",2,NA,NA,89725.4335691707,NA
291830701,39,"1","5","2",3,NA,NA,89725.4335691707,NA
292140401,39,"1","12","3",3,NA,NA,89725.4335691707,NA
292140701,49,"2","11","3",1,NA,NA,89725.4335691707,NA
292270201,46,"1","11",NA,2,NA,NA,89725.4335691707,NA
292270301,29,"2","11",NA,2,NA,NA,89725.4335691707,NA
292570601,32,"1","9",NA,2,NA,NA,89725.4335691707,NA
292820101,51,"2","7",NA,5,NA,NA,89725.4335691707,NA
292820201,78,"1","1",NA,5,NA,NA,89725.4335691707,NA
292820301,85,"1","4",NA,4,NA,NA,89725.4335691707,NA
292820401,38,"2","5",NA,4,NA,NA,89725.4335691707,NA
292820501,63,"1","3",NA,2,NA,NA,89725.4335691707,NA
292820601,84,"2","1",NA,2,NA,NA,89725.4335691707,NA
292820701,75,"1","4",NA,2,NA,NA,89725.4335691707,NA
292820801,69,"2","11",NA,1,NA,NA,89725.4335691707,NA
292840201,75,"1","11",NA,2,NA,NA,89725.4335691707,NA
292840501,34,"1","11",NA,3,NA,NA,89725.4335691707,NA
293000101,39,"2","11",NA,2,NA,NA,89725.4335691707,NA
293000201,48,"1","8",NA,4,NA,NA,89725.4335691707,NA
293000401,63,"1","3",NA,3,NA,NA,89725.4335691707,NA
293000501,50,"2","8",NA,2,NA,NA,89725.4335691707,NA
293000601,62,"2","1",NA,2,NA,NA,89725.4335691707,NA
293000701,40,"2","5",NA,4,NA,NA,89725.4335691707,NA
293330301,56,"2","5","2",2,NA,NA,89725.4335691707,NA
293330401,44,"1","6","2",1,NA,NA,89725.4335691707,NA
293330701,42,"1","5","2",4,NA,NA,89725.4335691707,NA
293480101,72,"1","1",NA,4,NA,NA,89725.4335691707,NA
293480201,58,"1","1",NA,4,NA,NA,89725.4335691707,NA
293480401,65,"1","3",NA,5,NA,NA,89725.4335691707,NA
293480501,65,"1","1",NA,3,NA,NA,89725.4335691707,NA
293480601,68,"1","6",NA,4,NA,NA,89725.4335691707,NA
293480701,55,"2",NA,NA,4,NA,NA,89725.4335691707,NA
293480801,51,"1","8",NA,5,NA,NA,89725.4335691707,NA
293481001,59,"2","5",NA,2,NA,NA,89725.4335691707,NA
293490201,85,"2","11","3",1,NA,NA,89725.4335691707,NA
293490601,48,"1","12","3",5,NA,NA,89725.4335691707,NA
293490701,61,"2","8","3",4,NA,NA,89725.4335691707,NA
293490801,52,"1","6","3",1,NA,NA,89725.4335691707,NA
293590101,62,"1","5",NA,5,NA,NA,89725.4335691707,NA
293590401,76,"1","3",NA,3,NA,NA,89725.4335691707,NA
293590501,38,"2",NA,NA,5,NA,NA,89725.4335691707,NA
293590601,32,"1","3",NA,2,NA,NA,89725.4335691707,NA
293590701,47,"2","3",NA,5,NA,NA,89725.4335691707,NA
293590801,47,"1",NA,NA,5,NA,NA,89725.4335691707,NA
293710301,50,"2","3","3",6,NA,NA,89725.4335691707,NA
293710401,48,"1","5","3",4,NA,NA,89725.4335691707,NA
293710501,53,"2","5","3",3,NA,NA,89725.4335691707,NA
293710601,41,"1","6","3",4,NA,NA,89725.4335691707,NA
293710701,46,"1","5","3",1,NA,NA,89725.4335691707,NA
293770401,57,"1","8",NA,6,NA,NA,89725.4335691707,NA
293770601,35,"1","11",NA,2,NA,NA,89725.4335691707,NA
293770701,28,"1","11",NA,2,NA,NA,89725.4335691707,NA
293790301,25,"2","9",NA,2,NA,NA,89725.4335691707,NA
293790501,68,"1","1",NA,3,NA,NA,89725.4335691707,NA
294130301,33,"1","1","1",5,NA,NA,89725.4335691707,NA
294130401,41,"2","5","1",2,NA,NA,89725.4335691707,NA
294130801,58,"2","5","1",3,NA,NA,89725.4335691707,NA
294400101,44,"1","6","2",3,NA,NA,89725.4335691707,NA
294400201,60,"2","5","2",4,NA,NA,89725.4335691707,NA
294400301,45,"2","11","2",5,NA,NA,89725.4335691707,NA
294400401,71,"2","5","2",2,NA,NA,89725.4335691707,NA
294400501,70,"1",NA,"2",3,NA,NA,89725.4335691707,NA
294400601,59,"2",NA,"2",2,NA,NA,89725.4335691707,NA
294400701,36,"2","5","2",5,NA,NA,89725.4335691707,NA
294770701,56,"2","11",NA,2,NA,NA,89725.4335691707,NA
294900401,66,"1","1",NA,2,NA,NA,89725.4335691707,NA
294900501,36,"2",NA,NA,5,NA,NA,89725.4335691707,NA
294900601,60,"1",NA,NA,2,NA,NA,89725.4335691707,NA
294900901,29,"2","1",NA,4,NA,NA,89725.4335691707,NA
294901001,68,"1","1",NA,3,NA,NA,89725.4335691707,NA
294920101,63,"1","9",NA,3,NA,NA,89725.4335691707,NA
294920701,62,"2","11",NA,1,NA,NA,89725.4335691707,NA
294920801,24,"2","9",NA,2,NA,NA,89725.4335691707,NA
295100101,55,"1","5",NA,6,NA,NA,89725.4335691707,NA
295100201,61,"2","5",NA,3,NA,NA,89725.4335691707,NA
295100301,59,"2","5",NA,2,NA,NA,89725.4335691707,NA
295100401,65,"2",NA,NA,2,NA,NA,89725.4335691707,NA
295100501,97,"2","1",NA,2,NA,NA,89725.4335691707,NA
295100701,53,"1","5",NA,3,NA,NA,89725.4335691707,NA
295100801,47,"1","6",NA,2,NA,NA,89725.4335691707,NA
295100901,81,"1",NA,NA,3,NA,NA,89725.4335691707,NA
295180101,49,"1","5",NA,5,NA,NA,89725.4335691707,NA
295180501,47,"2","3",NA,4,NA,NA,89725.4335691707,NA
295180601,55,"2","3",NA,2,NA,NA,89725.4335691707,NA
295180701,34,"2","4",NA,2,NA,NA,89725.4335691707,NA
295180702,37,"1","5",NA,1,NA,NA,89725.4335691707,NA
295200101,46,"2","1","3",3,NA,NA,89725.4335691707,NA
295310101,64,"1","11","3",2,NA,NA,89725.4335691707,NA
295330101,56,"1","5","2",4,NA,NA,89725.4335691707,NA
295330201,39,"1","5","2",4,NA,NA,89725.4335691707,NA
295330301,23,"2","5","2",2,NA,NA,89725.4335691707,NA
295330401,74,"1","3","2",1,NA,NA,89725.4335691707,NA
295330501,57,"1","5","2",2,NA,NA,89725.4335691707,NA
295330701,56,"2","6","2",4,NA,NA,89725.4335691707,NA
295330702,27,"1","7","2",3,NA,NA,89725.4335691707,NA
295330801,34,"2","4","2",6,NA,NA,89725.4335691707,NA
295330802,30,"1","11","2",4,NA,NA,89725.4335691707,NA
295350201,34,"1","11","2",1,NA,NA,89725.4335691707,NA
295350401,54,"2","4","2",5,NA,NA,89725.4335691707,NA
295350601,67,"1","12","2",4,NA,NA,89725.4335691707,NA
295350701,75,"1","4","2",3,NA,NA,89725.4335691707,NA
295350801,25,"1","9","2",2,NA,NA,89725.4335691707,NA
295370201,56,"1","11",NA,1,NA,NA,89725.4335691707,NA
295370701,27,"1","9",NA,1,NA,NA,89725.4335691707,NA
295380201,48,"1","5",NA,4,NA,NA,89725.4335691707,NA
295380301,55,"2","12",NA,2,NA,NA,89725.4335691707,NA
295380401,49,"2","8",NA,2,NA,NA,89725.4335691707,NA
295380501,31,"2","6",NA,6,NA,NA,89725.4335691707,NA
295380601,64,"2","1",NA,2,NA,NA,89725.4335691707,NA
295380701,31,"2","5",NA,3,NA,NA,89725.4335691707,NA
295380801,51,"2","3",NA,1,NA,NA,89725.4335691707,NA
295430301,48,"2","8","3",1,NA,NA,89725.4335691707,NA
295430401,33,"2","5","3",6,NA,NA,89725.4335691707,NA
295430701,48,"1","9","3",5,NA,NA,89725.4335691707,NA
295430801,57,"1","6","3",3,NA,NA,89725.4335691707,NA
295450301,60,"2","8",NA,2,NA,NA,89725.4335691707,NA
295450401,80,"1","3",NA,1,NA,NA,89725.4335691707,NA
295450501,61,"2","3",NA,2,NA,NA,89725.4335691707,NA
295450701,29,"1","7",NA,3,NA,NA,89725.4335691707,NA
295450801,88,"2","5",NA,2,NA,NA,89725.4335691707,NA
295520101,54,"1",NA,"1",5,NA,NA,89725.4335691707,NA
295520201,68,"2","1","1",2,NA,NA,89725.4335691707,NA
295520301,74,"2","1","1",2,NA,NA,89725.4335691707,NA
295520401,37,"2","5","1",4,NA,NA,89725.4335691707,NA
295520402,77,"1","1","1",1,NA,NA,89725.4335691707,NA
295520403,42,"2","5","1",4,NA,NA,89725.4335691707,NA
295520701,69,"2","1","1",2,NA,NA,89725.4335691707,NA
295610101,71,"1",NA,NA,4,NA,NA,89725.4335691707,NA
295610401,65,"2","5",NA,2,NA,NA,89725.4335691707,NA
295610801,83,"2",NA,NA,5,NA,NA,89725.4335691707,NA
295640101,48,"1","8","2",4,NA,NA,89725.4335691707,NA
295640301,29,"1","8","2",4,NA,NA,89725.4335691707,NA
295640401,54,"1","5","2",6,NA,NA,89725.4335691707,NA
295640501,56,"1","12","2",4,NA,NA,89725.4335691707,NA
295640601,55,"1","8","2",1,NA,NA,89725.4335691707,NA
295640701,71,"2","4","2",3,NA,NA,89725.4335691707,NA
295640801,86,"1","3","2",1,NA,NA,89725.4335691707,NA
295720101,54,"2","8","3",2,NA,NA,89725.4335691707,NA
295720201,44,"1","11","3",3,NA,NA,89725.4335691707,NA
295720401,24,"1","9","3",1,NA,NA,89725.4335691707,NA
295720501,34,"1","11","3",1,NA,NA,89725.4335691707,NA
295720601,40,"2","12","3",1,NA,NA,89725.4335691707,NA
295720701,82,"1","11","3",1,NA,NA,89725.4335691707,NA
295790101,69,"2","1","2",1,NA,NA,89725.4335691707,NA
295790301,57,"2","5","2",2,NA,NA,89725.4335691707,NA
295790501,26,"1","11","2",3,NA,NA,89725.4335691707,NA
295790601,61,"1","1","2",2,NA,NA,89725.4335691707,NA
295790701,31,"2","4","2",5,NA,NA,89725.4335691707,NA
295790801,38,"1","1","2",3,NA,NA,89725.4335691707,NA
295900101,32,"2","11",NA,2,NA,NA,89725.4335691707,NA
295900201,42,"2","5",NA,4,NA,NA,89725.4335691707,NA
295900301,53,"2","1",NA,1,NA,NA,89725.4335691707,NA
295900401,65,"2","5",NA,1,NA,NA,89725.4335691707,NA
295900601,35,"2","8",NA,4,NA,NA,89725.4335691707,NA
295900701,77,"1",NA,NA,5,NA,NA,89725.4335691707,NA
295900801,47,"2","8",NA,3,NA,NA,89725.4335691707,NA
296030101,42,"2",NA,"2",3,NA,NA,89725.4335691707,NA
296030301,33,"2","7","2",3,NA,NA,89725.4335691707,NA
296030401,57,"2","5","2",1,NA,NA,89725.4335691707,NA
296030501,31,"1","5","2",3,NA,NA,89725.4335691707,NA
296030601,45,"2","1","2",4,NA,NA,89725.4335691707,NA
296040101,32,"2","1",NA,5,NA,NA,89725.4335691707,NA
296040201,84,"2","3",NA,3,NA,NA,89725.4335691707,NA
296040401,41,"2",NA,NA,5,NA,NA,89725.4335691707,NA
296040501,81,"1",NA,NA,4,NA,NA,89725.4335691707,NA
296040601,79,"1","1",NA,1,NA,NA,89725.4335691707,NA
296040801,44,"2","4",NA,4,NA,NA,89725.4335691707,NA
296140101,59,"2","5","2",2,NA,NA,89725.4335691707,NA
296140201,55,"1","5","2",3,NA,NA,89725.4335691707,NA
296140301,50,"2","5","2",1,NA,NA,89725.4335691707,NA
296140601,63,"1","4","2",1,NA,NA,89725.4335691707,NA
296370101,64,"1","12","3",4,NA,NA,89725.4335691707,NA
296370301,76,"1","11","3",2,NA,NA,89725.4335691707,NA
296370701,43,"1","8","3",3,NA,NA,89725.4335691707,NA
296370801,33,"1","11","3",2,NA,NA,89725.4335691707,NA
296680101,25,"2","7","2",4,NA,NA,89725.4335691707,NA
296680301,70,"1","3","2",1,NA,NA,89725.4335691707,NA
296680401,72,"2","5","2",1,NA,NA,89725.4335691707,NA
296680501,69,"2","4","2",2,NA,NA,89725.4335691707,NA
296680601,75,"1","3","2",3,NA,NA,89725.4335691707,NA
296680701,50,"1","5","2",2,NA,NA,89725.4335691707,NA
296680801,61,"2",NA,"2",4,NA,NA,89725.4335691707,NA
296980301,67,"2",NA,NA,4,NA,NA,89725.4335691707,NA
296980401,42,"2","11",NA,3,NA,NA,89725.4335691707,NA
296980501,51,"2","11",NA,3,NA,NA,89725.4335691707,NA
296980601,58,"1","10",NA,4,NA,NA,89725.4335691707,NA
297020101,59,"2","12","2",4,NA,NA,89725.4335691707,NA
297020201,73,"1","4","2",2,NA,NA,89725.4335691707,NA
297020301,74,"2","4","2",1,NA,NA,89725.4335691707,NA
297020401,76,"1","3","2",3,NA,NA,89725.4335691707,NA
297020601,73,"1","5","2",5,NA,NA,89725.4335691707,NA
297020701,69,"2","4","2",2,NA,NA,89725.4335691707,NA
297020801,65,"2","5","2",3,NA,NA,89725.4335691707,NA
297070201,48,"2","5",NA,2,NA,NA,89725.4335691707,NA
297070401,76,"2",NA,NA,2,NA,NA,89725.4335691707,NA
297070601,80,"1","4",NA,4,NA,NA,89725.4335691707,NA
297070701,65,"2","3",NA,3,NA,NA,89725.4335691707,NA
297070801,55,"2","6",NA,4,NA,NA,89725.4335691707,NA
297250201,39,"1","11",NA,6,NA,NA,89725.4335691707,NA
297250401,31,"1","11",NA,2,NA,NA,89725.4335691707,NA
297250501,59,"2","11",NA,3,NA,NA,89725.4335691707,NA
297250701,79,"1","12",NA,5,NA,NA,89725.4335691707,NA
297710101,29,"2","8",NA,4,NA,NA,89725.4335691707,NA
297710201,54,"2","3",NA,1,NA,NA,89725.4335691707,NA
297710401,50,"1","5",NA,2,NA,NA,89725.4335691707,NA
297710501,67,"1","11",NA,5,NA,NA,89725.4335691707,NA
297710701,52,"2","11",NA,2,NA,NA,89725.4335691707,NA
297710801,81,"2","5",NA,1,NA,NA,89725.4335691707,NA
297820101,60,"1","6","2",2,NA,NA,89725.4335691707,NA
297820201,56,"1","5","2",3,NA,NA,89725.4335691707,NA
297820301,35,"1","8","2",6,NA,NA,89725.4335691707,NA
297820401,35,"2","3","2",7,NA,NA,89725.4335691707,NA
297820501,33,"2","5","2",3,NA,NA,89725.4335691707,NA
297820601,60,"2","3","2",1,NA,NA,89725.4335691707,NA
297820701,56,"1","5","2",4,NA,NA,89725.4335691707,NA
297820801,47,"1","3","2",4,NA,NA,89725.4335691707,NA
297860101,58,"2","3",NA,7,NA,NA,89725.4335691707,NA
297860301,80,"1","1",NA,1,NA,NA,89725.4335691707,NA
297860401,49,"2","8",NA,3,NA,NA,89725.4335691707,NA
297860601,80,"2","4",NA,1,NA,NA,89725.4335691707,NA
297860701,44,"2","8",NA,5,NA,NA,89725.4335691707,NA
297860801,81,"2","1",NA,2,NA,NA,89725.4335691707,NA
298040101,68,"1",NA,"2",4,NA,NA,89725.4335691707,NA
298040201,27,"2","11","2",5,NA,NA,89725.4335691707,NA
298040301,52,"2","6","2",4,NA,NA,89725.4335691707,NA
298040601,65,"1","5","2",2,NA,NA,89725.4335691707,NA
298040701,70,"2","1","2",3,NA,NA,89725.4335691707,NA
298040801,63,"2","1","2",3,NA,NA,89725.4335691707,NA
298180401,63,"2","11","3",1,NA,NA,89725.4335691707,NA
298460701,61,"1","8","3",2,NA,NA,89725.4335691707,NA
299160101,56,"1","5",NA,3,NA,NA,89725.4335691707,NA
299160201,28,"1","1",NA,1,NA,NA,89725.4335691707,NA
299160301,71,"2",NA,NA,3,NA,NA,89725.4335691707,NA
299160401,33,"2","5",NA,3,NA,NA,89725.4335691707,NA
299160701,71,"2","1",NA,5,NA,NA,89725.4335691707,NA
299160801,69,"2","1",NA,2,NA,NA,89725.4335691707,NA
299180201,30,"2","5","2",3,NA,NA,89725.4335691707,NA
299180601,56,"2","4","2",1,NA,NA,89725.4335691707,NA
299180701,58,"2","11","2",2,NA,NA,89725.4335691707,NA
299180801,43,"2","8","2",1,NA,NA,89725.4335691707,NA
299320301,29,"1","12","3",1,NA,NA,89725.4335691707,NA
299320501,63,"2","11","3",1,NA,NA,89725.4335691707,NA
299320701,71,"2","11","3",2,NA,NA,89725.4335691707,NA
299320801,64,"2","5","3",2,NA,NA,89725.4335691707,NA
299360101,20,"2","5",NA,2,NA,NA,89725.4335691707,NA
299360201,78,"1",NA,NA,1,NA,NA,89725.4335691707,NA
299360301,50,"2","6",NA,5,NA,NA,89725.4335691707,NA
299360302,22,"1","5",NA,1,NA,NA,89725.4335691707,NA
299360401,67,"2","3",NA,1,NA,NA,89725.4335691707,NA
299360501,75,"2","1",NA,2,NA,NA,89725.4335691707,NA
299360701,54,"2","6",NA,3,NA,NA,89725.4335691707,NA
299590101,62,"1","3",NA,3,NA,NA,89725.4335691707,NA
299590201,31,"1","7",NA,1,NA,NA,89725.4335691707,NA
299590501,39,"2","7",NA,3,NA,NA,89725.4335691707,NA
299590801,73,"2","3",NA,1,NA,NA,89725.4335691707,NA
299620101,25,"1","10","3",2,NA,NA,89725.4335691707,NA
299620801,29,"2","11","3",1,NA,NA,89725.4335691707,NA
299860301,69,"2","11","3",1,NA,NA,89725.4335691707,NA
300070101,44,"1","5","2",4,NA,NA,89725.4335691707,NA
300070201,74,"2","5","2",3,NA,NA,89725.4335691707,NA
300070301,78,"1",NA,"2",3,NA,NA,89725.4335691707,NA
300070401,77,"1","5","2",2,NA,NA,89725.4335691707,NA
300070501,59,"2",NA,"2",1,NA,NA,89725.4335691707,NA
300070601,44,"1","3","2",6,NA,NA,89725.4335691707,NA
300070602,74,"1",NA,"2",2,NA,NA,89725.4335691707,NA
300070701,26,"2","7","2",2,NA,NA,89725.4335691707,NA
300270201,30,"2","9",NA,3,NA,NA,89725.4335691707,NA
300270401,54,"2","11",NA,5,NA,NA,89725.4335691707,NA
300270601,62,"1","1",NA,2,NA,NA,89725.4335691707,NA
300271001,53,"2","3",NA,3,NA,NA,89725.4335691707,NA
300290101,77,"1","11",NA,2,NA,NA,89725.4335691707,NA
300290401,42,"1","11",NA,2,NA,NA,89725.4335691707,NA
300290501,64,"2","8",NA,1,NA,NA,89725.4335691707,NA
300290701,71,"2","12",NA,1,NA,NA,89725.4335691707,NA
300290801,34,"2","12",NA,2,NA,NA,89725.4335691707,NA
300730501,31,"2","11","3",3,NA,NA,89725.4335691707,NA
300730601,65,"1","5","3",4,NA,NA,89725.4335691707,NA
300830101,85,"2","1",NA,4,NA,NA,89725.4335691707,NA
300830201,65,"1",NA,NA,1,NA,NA,89725.4335691707,NA
300830301,53,"2",NA,NA,6,NA,NA,89725.4335691707,NA
300830501,85,"1","1",NA,1,NA,NA,89725.4335691707,NA
300830701,78,"2","1",NA,1,NA,NA,89725.4335691707,NA
300830801,56,"1",NA,NA,5,NA,NA,89725.4335691707,NA
300830901,84,"2","1",NA,3,NA,NA,89725.4335691707,NA
300831001,43,"1","6",NA,5,NA,NA,89725.4335691707,NA
300850101,80,"1","3","1",2,NA,NA,89725.4335691707,NA
300850201,64,"2","1","1",2,NA,NA,89725.4335691707,NA
300850301,53,"1","6","1",5,NA,NA,89725.4335691707,NA
300850401,71,"1","11","1",2,NA,NA,89725.4335691707,NA
300850501,37,"2","5","1",5,NA,NA,89725.4335691707,NA
300850601,50,"2",NA,"1",3,NA,NA,89725.4335691707,NA
300850701,72,"2","5","1",2,NA,NA,89725.4335691707,NA
300850801,78,"2",NA,"1",2,NA,NA,89725.4335691707,NA
300890201,57,"2","8","3",3,NA,NA,89725.4335691707,NA
300890301,34,"1","3","3",4,NA,NA,89725.4335691707,NA
300890401,55,"2","8","3",2,NA,NA,89725.4335691707,NA
300890801,78,"2",NA,"3",1,NA,NA,89725.4335691707,NA
300960101,53,"2","8",NA,4,NA,NA,89725.4335691707,NA
300960201,76,"1","3",NA,4,NA,NA,89725.4335691707,NA
300960301,74,"2",NA,NA,3,NA,NA,89725.4335691707,NA
300960401,58,"2","5",NA,2,NA,NA,89725.4335691707,NA
300960501,48,"1","7",NA,3,NA,NA,89725.4335691707,NA
301080401,43,"2","5",NA,6,NA,NA,89725.4335691707,NA
301080601,40,"2","5",NA,2,NA,NA,89725.4335691707,NA
301080701,59,"1","5",NA,3,NA,NA,89725.4335691707,NA
301150101,53,"2","11","2",4,NA,NA,89725.4335691707,NA
301150301,46,"1","11","2",4,NA,NA,89725.4335691707,NA
301150801,54,"2","6","2",2,NA,NA,89725.4335691707,NA
301190101,78,"1","11","3",2,NA,NA,89725.4335691707,NA
301190401,66,"2","5","3",5,NA,NA,89725.4335691707,NA
301190501,70,"2","11","3",2,NA,NA,89725.4335691707,NA
301230101,53,"2","5","2",4,NA,NA,89725.4335691707,NA
301230201,55,"2","8","2",2,NA,NA,89725.4335691707,NA
301230301,64,"1","11","2",2,NA,NA,89725.4335691707,NA
301230401,40,"2","3","2",4,NA,NA,89725.4335691707,NA
301230501,49,"2","5","2",2,NA,NA,89725.4335691707,NA
301230601,64,"1","6","2",5,NA,NA,89725.4335691707,NA
301390101,29,"2",NA,"3",1,NA,NA,89725.4335691707,NA
301390201,46,"2","1","3",3,NA,NA,89725.4335691707,NA
301390701,42,"2","6","3",3,NA,NA,89725.4335691707,NA
301530201,74,"2","1","2",3,NA,NA,89725.4335691707,NA
301530401,38,"1","3","2",5,NA,NA,89725.4335691707,NA
301530501,67,"2","1","2",3,NA,NA,89725.4335691707,NA
301530601,29,"1","5","2",3,NA,NA,89725.4335691707,NA
301530602,27,"2","8","2",3,NA,NA,89725.4335691707,NA
301530603,25,"2","-88","2",2,NA,NA,89725.4335691707,NA
301530701,54,"1","5","2",8,NA,NA,89725.4335691707,NA
301530801,66,"2","11","2",1,NA,NA,89725.4335691707,NA
301560201,36,"2","11","2",1,NA,NA,89725.4335691707,NA
301560401,33,"1","11","2",2,NA,NA,89725.4335691707,NA
301560501,52,"2","8","2",2,NA,NA,89725.4335691707,NA
301560601,33,"2","11","2",2,NA,NA,89725.4335691707,NA
301560801,62,"2","11","2",4,NA,NA,89725.4335691707,NA
301610101,78,"2","5",NA,3,NA,NA,89725.4335691707,NA
301610401,85,"1","11",NA,2,NA,NA,89725.4335691707,NA
301610501,81,"1","3",NA,2,NA,NA,89725.4335691707,NA
301630101,72,"1","5","1",2,NA,NA,89725.4335691707,NA
301630201,51,"1","3","1",2,NA,NA,89725.4335691707,NA
301630401,59,"1","1","1",3,NA,NA,89725.4335691707,NA
301630501,65,"2","5","1",1,NA,NA,89725.4335691707,NA
301630601,50,"2","4","1",3,NA,NA,89725.4335691707,NA
301630602,44,"2","6","1",4,NA,NA,89725.4335691707,NA
301630701,41,"2","6","1",6,NA,NA,89725.4335691707,NA
301630801,42,"1","9","1",4,NA,NA,89725.4335691707,NA
301710301,34,"2","5","2",4,NA,NA,89725.4335691707,NA
301710401,61,"2","4","2",2,NA,NA,89725.4335691707,NA
301710701,53,"2","3","2",1,NA,NA,89725.4335691707,NA
301710801,40,"2","4","2",2,NA,NA,89725.4335691707,NA
301830201,24,"2","6","1",3,NA,NA,89725.4335691707,NA
301830301,58,"1","1","1",3,NA,NA,89725.4335691707,NA
301830401,30,"1","8","1",4,NA,NA,89725.4335691707,NA
301830801,70,"2","1","1",1,NA,NA,89725.4335691707,NA
301960301,70,"1","4",NA,3,NA,NA,89725.4335691707,NA
301960401,44,"2","11",NA,5,NA,NA,89725.4335691707,NA
301960901,48,"1","12",NA,3,NA,NA,89725.4335691707,NA
301961001,52,"2","6",NA,3,NA,NA,89725.4335691707,NA
302010101,73,"2","1","1",4,NA,NA,89725.4335691707,NA
302010201,73,"1","3","1",1,NA,NA,89725.4335691707,NA
302010301,57,"2","5","1",3,NA,NA,89725.4335691707,NA
302010401,61,"2","3","1",1,NA,NA,89725.4335691707,NA
302010601,54,"2","5","1",5,NA,NA,89725.4335691707,NA
302010701,56,"1","1","1",2,NA,NA,89725.4335691707,NA
302010801,47,"2","5","1",2,NA,NA,89725.4335691707,NA
302090101,39,"2","11","3",3,NA,NA,89725.4335691707,NA
302090401,48,"1","3","3",2,NA,NA,89725.4335691707,NA
302090501,32,"1","11","3",1,NA,NA,89725.4335691707,NA
302090601,21,"1","9","3",2,NA,NA,89725.4335691707,NA
302090701,33,"2","5","3",2,NA,NA,89725.4335691707,NA
302090801,25,"2","9","3",3,NA,NA,89725.4335691707,NA
302160101,71,"1","8","3",4,NA,NA,89725.4335691707,NA
302160201,51,"1","8","3",6,NA,NA,89725.4335691707,NA
302160301,63,"1","8","3",1,NA,NA,89725.4335691707,NA
302160501,29,"2","9","3",3,NA,NA,89725.4335691707,NA
302160601,69,"1","11","3",3,NA,NA,89725.4335691707,NA
302160701,44,"2","5","3",3,NA,NA,89725.4335691707,NA
302330101,66,"2","1",NA,3,NA,NA,89725.4335691707,NA
302330301,59,"1",NA,NA,4,NA,NA,89725.4335691707,NA
302330501,63,"2","3",NA,4,NA,NA,89725.4335691707,NA
302330801,45,"1","6",NA,4,NA,NA,89725.4335691707,NA
302390301,32,"1","11","3",3,NA,NA,89725.4335691707,NA
302550301,72,"2","3","2",5,NA,NA,89725.4335691707,NA
302550401,85,"2","3","2",2,NA,NA,89725.4335691707,NA
302550601,36,"1","8","2",1,NA,NA,89725.4335691707,NA
302550701,79,"2","5","2",3,NA,NA,89725.4335691707,NA
302550801,41,"2","8","2",4,NA,NA,89725.4335691707,NA
302550802,35,"2","5","2",6,NA,NA,89725.4335691707,NA
302730301,71,"1","5",NA,1,NA,NA,89725.4335691707,NA
302730401,50,"2","3",NA,4,NA,NA,89725.4335691707,NA
302730501,41,"2","6",NA,3,NA,NA,89725.4335691707,NA
302850201,59,"2","1","2",4,NA,NA,89725.4335691707,NA
302850301,33,"1","11","2",1,NA,NA,89725.4335691707,NA
302850401,50,"2","5","2",4,NA,NA,89725.4335691707,NA
302850402,26,"1","9","2",3,NA,NA,89725.4335691707,NA
302850501,75,"2",NA,"2",2,NA,NA,89725.4335691707,NA
302850601,69,"1","3","2",5,NA,NA,89725.4335691707,NA
302850701,54,"1","9","2",2,NA,NA,89725.4335691707,NA
302850801,60,"1","3","2",5,NA,NA,89725.4335691707,NA
302880101,66,"1","6",NA,3,NA,NA,89725.4335691707,NA
302880201,38,"2",NA,NA,3,NA,NA,89725.4335691707,NA
302880301,54,"2","1",NA,2,NA,NA,89725.4335691707,NA
302880401,70,"1",NA,NA,2,NA,NA,89725.4335691707,NA
302880501,36,"2","5",NA,4,NA,NA,89725.4335691707,NA
302880601,49,"2","4",NA,3,NA,NA,89725.4335691707,NA
302890201,49,"1","6","2",3,NA,NA,89725.4335691707,NA
302890401,32,"2","6","2",5,NA,NA,89725.4335691707,NA
302890501,58,"1","1","2",2,NA,NA,89725.4335691707,NA
302890601,26,"1","11","2",2,NA,NA,89725.4335691707,NA
302890701,54,"2",NA,"2",1,NA,NA,89725.4335691707,NA
302890801,65,"2","1","2",6,NA,NA,89725.4335691707,NA
303100101,28,"2","11","3",2,NA,NA,89725.4335691707,NA
303100301,55,"1","11","3",4,NA,NA,89725.4335691707,NA
303100501,34,"2","11","3",1,NA,NA,89725.4335691707,NA
303100701,37,"2","12","3",3,NA,NA,89725.4335691707,NA
303500101,50,"1","11","3",3,NA,NA,89725.4335691707,NA
303500201,64,"1","8","3",3,NA,NA,89725.4335691707,NA
303500301,67,"1","12","3",1,NA,NA,89725.4335691707,NA
303500401,58,"2","12","3",3,NA,NA,89725.4335691707,NA
303500701,71,"1",NA,"3",2,NA,NA,89725.4335691707,NA
303530101,80,"2","1","2",3,NA,NA,89725.4335691707,NA
303530201,83,"2","1","2",1,NA,NA,89725.4335691707,NA
303530301,31,"1","8","2",1,NA,NA,89725.4335691707,NA
303530401,43,"1","7","2",1,NA,NA,89725.4335691707,NA
303530501,32,"2","9","2",5,NA,NA,89725.4335691707,NA
303530601,70,"2","1","2",4,NA,NA,89725.4335691707,NA
303530701,55,"1","1","2",4,NA,NA,89725.4335691707,NA
303530801,64,"2","3","2",1,NA,NA,89725.4335691707,NA
303580101,53,"2","9","1",6,NA,NA,89725.4335691707,NA
303580201,34,"2",NA,"1",5,NA,NA,89725.4335691707,NA
303580301,72,"1","3","1",3,NA,NA,89725.4335691707,NA
303580401,70,"2",NA,"1",5,NA,NA,89725.4335691707,NA
303580601,78,"1","3","1",2,NA,NA,89725.4335691707,NA
303580701,46,"2","6","1",4,NA,NA,89725.4335691707,NA
303580801,62,"2","6","1",3,NA,NA,89725.4335691707,NA
303600201,40,"2","9",NA,4,NA,NA,89725.4335691707,NA
303600601,40,"1","11",NA,4,NA,NA,89725.4335691707,NA
303600701,34,"1","8",NA,4,NA,NA,89725.4335691707,NA
303710101,79,"1",NA,"2",2,NA,NA,89725.4335691707,NA
303710201,32,"1","5","2",3,NA,NA,89725.4335691707,NA
303710401,62,"1","1","2",2,NA,NA,89725.4335691707,NA
303710501,57,"2","8","2",2,NA,NA,89725.4335691707,NA
303710701,59,"1","8","2",3,NA,NA,89725.4335691707,NA
303710801,55,"2","5","2",3,NA,NA,89725.4335691707,NA
303860401,41,"1","11","3",1,NA,NA,89725.4335691707,NA
303860501,47,"2","8","3",2,NA,NA,89725.4335691707,NA
303860701,58,"1","3","3",2,NA,NA,89725.4335691707,NA
304040101,73,"1","1",NA,2,NA,NA,89725.4335691707,NA
304040301,64,"1","3",NA,4,NA,NA,89725.4335691707,NA
304040401,59,"2","1",NA,2,NA,NA,89725.4335691707,NA
304040501,76,"1","3",NA,2,NA,NA,89725.4335691707,NA
304040502,49,"1","6",NA,2,NA,NA,89725.4335691707,NA
304040601,80,"2","1",NA,1,NA,NA,89725.4335691707,NA
304040701,62,"2","6",NA,1,NA,NA,89725.4335691707,NA
304040801,65,"1","3",NA,2,NA,NA,89725.4335691707,NA
304080101,71,"2","4",NA,2,NA,NA,89725.4335691707,NA
304080201,33,"2","12",NA,2,NA,NA,89725.4335691707,NA
304080301,28,"1","11",NA,2,NA,NA,89725.4335691707,NA
304080601,48,"1","3",NA,3,NA,NA,89725.4335691707,NA
304170101,62,"1","11",NA,2,NA,NA,89725.4335691707,NA
304170201,65,"2","1",NA,2,NA,NA,89725.4335691707,NA
304170401,66,"2","1",NA,3,NA,NA,89725.4335691707,NA
304170501,78,"1",NA,NA,1,NA,NA,89725.4335691707,NA
304330101,52,"1","11",NA,5,NA,NA,89725.4335691707,NA
304330301,69,"1","9",NA,4,NA,NA,89725.4335691707,NA
304330501,54,"2","8",NA,2,NA,NA,89725.4335691707,NA
304330601,50,"2","8",NA,4,NA,NA,89725.4335691707,NA
304350301,53,"2",NA,NA,2,NA,NA,89725.4335691707,NA
304350501,55,"1",NA,NA,3,NA,NA,89725.4335691707,NA
304350701,70,"1","1",NA,4,NA,NA,89725.4335691707,NA
304350702,51,"1","9",NA,1,NA,NA,89725.4335691707,NA
304350801,78,"2","1",NA,4,NA,NA,89725.4335691707,NA
304440101,52,"2","6","2",2,NA,NA,89725.4335691707,NA
304440201,30,"1","1","2",3,NA,NA,89725.4335691707,NA
304440202,35,"1","-88","2",1,NA,NA,89725.4335691707,NA
304440301,61,"2","5","2",1,NA,NA,89725.4335691707,NA
304440401,30,"1","5","2",4,NA,NA,89725.4335691707,NA
304440501,35,"2",NA,"2",4,NA,NA,89725.4335691707,NA
304440601,56,"2","5","2",2,NA,NA,89725.4335691707,NA
304440701,44,"1","6","2",1,NA,NA,89725.4335691707,NA
304440801,47,"2","5","2",2,NA,NA,89725.4335691707,NA
304460301,80,"2","1","3",2,NA,NA,89725.4335691707,NA
304490101,91,"2",NA,"1",2,NA,NA,89725.4335691707,NA
304490201,82,"2","1","1",2,NA,NA,89725.4335691707,NA
304490301,64,"2","1","1",3,NA,NA,89725.4335691707,NA
304490401,64,"1","3","1",3,NA,NA,89725.4335691707,NA
304490501,60,"2","3","1",2,NA,NA,89725.4335691707,NA
304490601,53,"2","4","1",2,NA,NA,89725.4335691707,NA
304490701,76,"2","1","1",1,NA,NA,89725.4335691707,NA
304490801,66,"1","3","1",1,NA,NA,89725.4335691707,NA
304580101,54,"2","8","3",2,NA,NA,89725.4335691707,NA
304580201,59,"2","12","3",2,NA,NA,89725.4335691707,NA
304580601,34,"2","10","3",3,NA,NA,89725.4335691707,NA
304580701,53,"2","11","3",1,NA,NA,89725.4335691707,NA
304580801,32,"1","11","3",3,NA,NA,89725.4335691707,NA
304630101,26,"2","7","3",2,NA,NA,89725.4335691707,NA
304630201,67,"2","8","3",1,NA,NA,89725.4335691707,NA
304630301,44,"2","12","3",2,NA,NA,89725.4335691707,NA
304630401,64,"1","7","3",3,NA,NA,89725.4335691707,NA
304630501,60,"2","7","3",2,NA,NA,89725.4335691707,NA
304630701,73,"1","8","3",3,NA,NA,89725.4335691707,NA
304630801,67,"1","4","3",2,NA,NA,89725.4335691707,NA
304800101,65,"1","5",NA,2,NA,NA,89725.4335691707,NA
304800201,60,"2","6",NA,3,NA,NA,89725.4335691707,NA
304800401,79,"2",NA,NA,4,NA,NA,89725.4335691707,NA
304800501,47,"1","3",NA,5,NA,NA,89725.4335691707,NA
304800601,79,"2",NA,NA,2,NA,NA,89725.4335691707,NA
304800701,33,"1","8",NA,2,NA,NA,89725.4335691707,NA
304800801,31,"2","3",NA,2,NA,NA,89725.4335691707,NA
304820101,52,"1","3",NA,1,NA,NA,89725.4335691707,NA
304820201,44,"1","5",NA,4,NA,NA,89725.4335691707,NA
304820301,42,"2",NA,NA,6,NA,NA,89725.4335691707,NA
304820401,33,"2","8",NA,4,NA,NA,89725.4335691707,NA
304820501,52,"1","8",NA,2,NA,NA,89725.4335691707,NA
304820601,48,"2","4",NA,2,NA,NA,89725.4335691707,NA
304820701,60,"1",NA,NA,4,NA,NA,89725.4335691707,NA
304820801,41,"1","8",NA,4,NA,NA,89725.4335691707,NA
304821001,63,"1","4",NA,2,NA,NA,89725.4335691707,NA
304850201,68,"1","3","2",2,NA,NA,89725.4335691707,NA
304850301,54,"2","3","2",2,NA,NA,89725.4335691707,NA
304850401,82,"2",NA,"2",2,NA,NA,89725.4335691707,NA
304850801,76,"1",NA,"2",2,NA,NA,89725.4335691707,NA
304960101,45,"1","5",NA,3,NA,NA,89725.4335691707,NA
304960301,46,"1","11",NA,4,NA,NA,89725.4335691707,NA
304960401,29,"1","6",NA,2,NA,NA,89725.4335691707,NA
304960501,38,"2","11",NA,2,NA,NA,89725.4335691707,NA
304980301,52,"1","11",NA,1,NA,NA,89725.4335691707,NA
304980501,18,"1","5",NA,2,NA,NA,89725.4335691707,NA
305060101,28,"2","7","2",2,NA,NA,89725.4335691707,NA
305060201,80,"1","6","2",2,NA,NA,89725.4335691707,NA
305060501,73,"1","3","2",1,NA,NA,89725.4335691707,NA
305060701,48,"1","5","2",2,NA,NA,89725.4335691707,NA
305060801,57,"1","4","2",1,NA,NA,89725.4335691707,NA
305250101,43,"1","3","2",5,NA,NA,89725.4335691707,NA
305250201,59,"1","5","2",2,NA,NA,89725.4335691707,NA
305250202,39,"1","3","2",3,NA,NA,89725.4335691707,NA
305250301,54,"2","8","2",4,NA,NA,89725.4335691707,NA
305250401,26,"2","5","2",3,NA,NA,89725.4335691707,NA
305250501,57,"1","1","2",3,NA,NA,89725.4335691707,NA
305250601,58,"2","5","2",6,NA,NA,89725.4335691707,NA
305250602,35,"2","5","2",4,NA,NA,89725.4335691707,NA
305340101,42,"1","11","3",1,NA,NA,89725.4335691707,NA
305340301,34,"1","5","3",3,NA,NA,89725.4335691707,NA
305340401,75,"2","3","3",2,NA,NA,89725.4335691707,NA
305340501,35,"2","11","3",1,NA,NA,89725.4335691707,NA
305340601,46,"2","6","3",4,NA,NA,89725.4335691707,NA
305340701,70,"2","11","3",2,NA,NA,89725.4335691707,NA
305340801,60,"1","5","3",2,NA,NA,89725.4335691707,NA
305460101,36,"2","5",NA,4,NA,NA,89725.4335691707,NA
305460401,34,"2","9",NA,3,NA,NA,89725.4335691707,NA
305460501,60,"1","8",NA,3,NA,NA,89725.4335691707,NA
305460701,58,"2","3",NA,3,NA,NA,89725.4335691707,NA
305460801,57,"1","1",NA,4,NA,NA,89725.4335691707,NA
305480101,39,"1","12","2",1,NA,NA,89725.4335691707,NA
305480201,76,"2","6","2",5,NA,NA,89725.4335691707,NA
305480701,70,"1","5","2",3,NA,NA,89725.4335691707,NA
305600101,40,"1","6","3",2,NA,NA,89725.4335691707,NA
305600201,38,"1","8","3",1,NA,NA,89725.4335691707,NA
305600301,34,"2","7","3",4,NA,NA,89725.4335691707,NA
305600401,81,"1","1","3",1,NA,NA,89725.4335691707,NA
305600501,32,"1","5","3",3,NA,NA,89725.4335691707,NA
305600701,69,"2","4","3",3,NA,NA,89725.4335691707,NA
305600801,38,"1","6","3",4,NA,NA,89725.4335691707,NA
305870101,66,"1","4","3",1,NA,NA,89725.4335691707,NA
305870301,45,"2","11","3",3,NA,NA,89725.4335691707,NA
305870601,32,"1","11","3",3,NA,NA,89725.4335691707,NA
305870801,21,"1","5","3",2,NA,NA,89725.4335691707,NA
305900301,48,"1","4","2",6,NA,NA,89725.4335691707,NA
305900401,31,"1","11","2",2,NA,NA,89725.4335691707,NA
305900501,61,"1","9","2",7,NA,NA,89725.4335691707,NA
305900601,57,"2","5","2",7,NA,NA,89725.4335691707,NA
305900801,32,"1","5","2",4,NA,NA,89725.4335691707,NA
305960101,53,"2","11","2",2,NA,NA,89725.4335691707,NA
305960201,83,"2","1","2",2,NA,NA,89725.4335691707,NA
305960401,66,"2","1","2",1,NA,NA,89725.4335691707,NA
305960501,40,"2","6","2",3,NA,NA,89725.4335691707,NA
305960601,30,"2","5","2",2,NA,NA,89725.4335691707,NA
305970101,48,"2","-88","3",5,NA,NA,89725.4335691707,NA
305970401,57,"1","5","3",3,NA,NA,89725.4335691707,NA
305970801,43,"1","11","3",4,NA,NA,89725.4335691707,NA
306010201,27,"2","11",NA,1,NA,NA,89725.4335691707,NA
306010401,24,"2","9",NA,1,NA,NA,89725.4335691707,NA
306010701,39,"1","11",NA,1,NA,NA,89725.4335691707,NA
306110101,44,"1","6",NA,2,NA,NA,89725.4335691707,NA
306110701,78,"1",NA,NA,2,NA,NA,89725.4335691707,NA
306220101,31,"1","11","3",2,NA,NA,89725.4335691707,NA
306220201,56,"1","11","3",2,NA,NA,89725.4335691707,NA
306220301,27,"2","9","3",3,NA,NA,89725.4335691707,NA
306220701,68,"2","1","3",2,NA,NA,89725.4335691707,NA
306220801,26,"1","9","3",1,NA,NA,89725.4335691707,NA
306280401,65,"2","1",NA,2,NA,NA,89725.4335691707,NA
306280801,62,"1","11",NA,1,NA,NA,89725.4335691707,NA
306310101,48,"1","3","1",5,NA,NA,89725.4335691707,NA
306310201,64,"2","8","1",1,NA,NA,89725.4335691707,NA
306310301,50,"1","3","1",3,NA,NA,89725.4335691707,NA
306310401,62,"1","5","1",1,NA,NA,89725.4335691707,NA
306310501,27,"1",NA,"1",3,NA,NA,89725.4335691707,NA
306310601,52,"2",NA,"1",2,NA,NA,89725.4335691707,NA
306310701,59,"2",NA,"1",4,NA,NA,89725.4335691707,NA
306310901,70,"1","3","1",2,NA,NA,89725.4335691707,NA
306510201,50,"2","5",NA,2,NA,NA,89725.4335691707,NA
306510301,76,"2","5",NA,1,NA,NA,89725.4335691707,NA
306510401,71,"1","9",NA,2,NA,NA,89725.4335691707,NA
306510501,54,"2","11",NA,2,NA,NA,89725.4335691707,NA
306510701,29,"1","11",NA,2,NA,NA,89725.4335691707,NA
306510801,71,"1","8",NA,2,NA,NA,89725.4335691707,NA
306540101,65,"2","1","2",2,NA,NA,89725.4335691707,NA
306540301,50,"2","5","2",1,NA,NA,89725.4335691707,NA
306540401,54,"2","6","2",3,NA,NA,89725.4335691707,NA
306540501,56,"2","6","2",5,NA,NA,89725.4335691707,NA
306540801,47,"2","5","2",3,NA,NA,89725.4335691707,NA
306630701,33,"2","11",NA,3,NA,NA,89725.4335691707,NA
306820101,39,"2","5","3",3,NA,NA,89725.4335691707,NA
306820201,36,"1","9","3",1,NA,NA,89725.4335691707,NA
306820401,30,"1","9","3",3,NA,NA,89725.4335691707,NA
306820501,29,"1","11","3",1,NA,NA,89725.4335691707,NA
306820601,35,"1","6","3",4,NA,NA,89725.4335691707,NA
306820701,42,"2","6","3",4,NA,NA,89725.4335691707,NA
306960101,76,"1","1",NA,1,NA,NA,89725.4335691707,NA
306960201,45,"1",NA,NA,5,NA,NA,89725.4335691707,NA
306960401,83,"1","1",NA,2,NA,NA,89725.4335691707,NA
306960501,35,"1","11",NA,4,NA,NA,89725.4335691707,NA
306960601,54,"1","5",NA,6,NA,NA,89725.4335691707,NA
306960701,78,"1","1",NA,4,NA,NA,89725.4335691707,NA
307040101,48,"1","5",NA,3,NA,NA,89725.4335691707,NA
307040201,71,"2",NA,NA,3,NA,NA,89725.4335691707,NA
307040601,48,"2","3",NA,6,NA,NA,89725.4335691707,NA
307040701,37,"1","5",NA,4,NA,NA,89725.4335691707,NA
307040801,69,"2","1",NA,2,NA,NA,89725.4335691707,NA
307140201,69,"2","5",NA,2,NA,NA,89725.4335691707,NA
307140701,58,"1","3",NA,3,NA,NA,89725.4335691707,NA
307140702,36,"1","7",NA,1,NA,NA,89725.4335691707,NA
307440401,39,"2","11","3",3,NA,NA,89725.4335691707,NA
307440801,34,"1","8","3",2,NA,NA,89725.4335691707,NA
307750101,48,"2","6",NA,4,NA,NA,89725.4335691707,NA
307750301,41,"2","6",NA,5,NA,NA,89725.4335691707,NA
307750401,41,"2","6",NA,4,NA,NA,89725.4335691707,NA
307750501,43,"2","5",NA,2,NA,NA,89725.4335691707,NA
307750601,40,"1","5",NA,5,NA,NA,89725.4335691707,NA
307750701,71,"2","-88",NA,2,NA,NA,89725.4335691707,NA
307750801,58,"2",NA,NA,3,NA,NA,89725.4335691707,NA
307830401,30,"2","11",NA,3,NA,NA,89725.4335691707,NA
307830501,55,"2","8",NA,3,NA,NA,89725.4335691707,NA
307830701,28,"1","3",NA,3,NA,NA,89725.4335691707,NA
307980101,33,"1","5","3",3,NA,NA,89725.4335691707,NA
307980201,48,"1","11","3",5,NA,NA,89725.4335691707,NA
307980301,47,"1","11","3",3,NA,NA,89725.4335691707,NA
307980501,67,"2","3","3",1,NA,NA,89725.4335691707,NA
307980601,40,"1","8","3",4,NA,NA,89725.4335691707,NA
307980701,39,"1","11","3",5,NA,NA,89725.4335691707,NA
307980801,35,"2","11","3",2,NA,NA,89725.4335691707,NA
308020401,69,"2",NA,"1",1,NA,NA,89725.4335691707,NA
308020601,72,"1","1","1",2,NA,NA,89725.4335691707,NA
308020701,80,"2",NA,"1",1,NA,NA,89725.4335691707,NA
308021001,46,"1","8","1",4,NA,NA,89725.4335691707,NA
308040101,76,"2","1","1",7,NA,NA,89725.4335691707,NA
308040201,60,"1","6","1",3,NA,NA,89725.4335691707,NA
308040301,28,"2","5","1",3,NA,NA,89725.4335691707,NA
308040401,83,"2",NA,"1",6,NA,NA,89725.4335691707,NA
308040701,78,"1","1","1",4,NA,NA,89725.4335691707,NA
308180601,59,"2","1",NA,2,NA,NA,89725.4335691707,NA
308180701,80,"2","1",NA,5,NA,NA,89725.4335691707,NA
308180801,88,"2","3",NA,1,NA,NA,89725.4335691707,NA
308290101,73,"1","11","3",2,NA,NA,89725.4335691707,NA
308290201,46,"2","11","3",4,NA,NA,89725.4335691707,NA
308290301,31,"1","11","3",2,NA,NA,89725.4335691707,NA
308290501,54,"2","11","3",4,NA,NA,89725.4335691707,NA
308290601,55,"2","11","3",3,NA,NA,89725.4335691707,NA
308300101,62,"1","5","3",2,NA,NA,89725.4335691707,NA
308300301,43,"2","11","3",2,NA,NA,89725.4335691707,NA
308300401,50,"2","11","3",3,NA,NA,89725.4335691707,NA
308300501,52,"1","11","3",4,NA,NA,89725.4335691707,NA
308300601,78,"1","12","3",2,NA,NA,89725.4335691707,NA
308300701,53,"1","11","3",5,NA,NA,89725.4335691707,NA
308300801,44,"2","12","3",3,NA,NA,89725.4335691707,NA
308340101,47,"2",NA,"2",3,NA,NA,89725.4335691707,NA
308340201,55,"1","4","2",3,NA,NA,89725.4335691707,NA
308340301,43,"1","8","2",4,NA,NA,89725.4335691707,NA
308340501,53,"2","5","2",3,NA,NA,89725.4335691707,NA
308340601,55,"2","6","2",3,NA,NA,89725.4335691707,NA
308340701,58,"1","6","2",3,NA,NA,89725.4335691707,NA
308340801,53,"2","8","2",2,NA,NA,89725.4335691707,NA
308370101,70,"1","1","2",3,NA,NA,89725.4335691707,NA
308370201,47,"2","8","2",4,NA,NA,89725.4335691707,NA
308370301,31,"1","8","2",2,NA,NA,89725.4335691707,NA
308370401,61,"1","11","2",2,NA,NA,89725.4335691707,NA
308370501,40,"2","5","2",4,NA,NA,89725.4335691707,NA
308650201,50,"1","5","2",4,NA,NA,89725.4335691707,NA
308650301,57,"2","5","2",6,NA,NA,89725.4335691707,NA
308650501,41,"1","5","2",4,NA,NA,89725.4335691707,NA
308650601,80,"2","1","2",1,NA,NA,89725.4335691707,NA
308650801,60,"2","1","2",2,NA,NA,89725.4335691707,NA
308780101,75,"1","1",NA,2,NA,NA,89725.4335691707,NA
308780201,72,"2","3",NA,2,NA,NA,89725.4335691707,NA
308780301,40,"1","11",NA,4,NA,NA,89725.4335691707,NA
308780401,46,"2",NA,NA,3,NA,NA,89725.4335691707,NA
308780501,38,"2","8",NA,4,NA,NA,89725.4335691707,NA
308780601,35,"2",NA,NA,3,NA,NA,89725.4335691707,NA
308780701,63,"1","5",NA,1,NA,NA,89725.4335691707,NA
308780801,45,"2","1",NA,3,NA,NA,89725.4335691707,NA
308780901,41,"2","8",NA,4,NA,NA,89725.4335691707,NA
309140101,66,"2","11","3",2,NA,NA,89725.4335691707,NA
309140201,62,"1","12","3",2,NA,NA,89725.4335691707,NA
309140301,65,"2","5","3",1,NA,NA,89725.4335691707,NA
309140401,90,"2","6","3",1,NA,NA,89725.4335691707,NA
309140501,60,"1","11","3",5,NA,NA,89725.4335691707,NA
309140701,82,"1","12","3",2,NA,NA,89725.4335691707,NA
309140801,36,"1","9","3",5,NA,NA,89725.4335691707,NA
309240101,52,"2","11","2",4,NA,NA,89725.4335691707,NA
309240201,40,"2","8","2",4,NA,NA,89725.4335691707,NA
309240601,45,"1","5","2",3,NA,NA,89725.4335691707,NA
309240701,63,"1","5","2",3,NA,NA,89725.4335691707,NA
309240801,66,"1",NA,"2",2,NA,NA,89725.4335691707,NA
309320101,65,"2","9","2",5,NA,NA,89725.4335691707,NA
309320401,60,"2","6","2",3,NA,NA,89725.4335691707,NA
309320601,48,"1","6","2",2,NA,NA,89725.4335691707,NA
309320602,31,"2","11","2",3,NA,NA,89725.4335691707,NA
309320603,43,"2","6","2",3,NA,NA,89725.4335691707,NA
309320701,82,"2","6","2",3,NA,NA,89725.4335691707,NA
309320801,51,"1","6","2",4,NA,NA,89725.4335691707,NA
309520101,77,"2",NA,"2",2,NA,NA,89725.4335691707,NA
309520201,56,"1","6","2",3,NA,NA,89725.4335691707,NA
309520301,33,"1","11","2",4,NA,NA,89725.4335691707,NA
309520401,60,"1",NA,"2",2,NA,NA,89725.4335691707,NA
309520501,40,"1","3","2",4,NA,NA,89725.4335691707,NA
309520601,54,"1","4","2",8,NA,NA,89725.4335691707,NA
309520701,79,"1","3","2",2,NA,NA,89725.4335691707,NA
309520801,58,"1","6","2",4,NA,NA,89725.4335691707,NA
309750101,42,"1","5","1",1,NA,NA,89725.4335691707,NA
309750201,63,"2","3","1",1,NA,NA,89725.4335691707,NA
309750301,42,"2","5","1",6,NA,NA,89725.4335691707,NA
309750401,29,"1","3","1",4,NA,NA,89725.4335691707,NA
309750501,75,"2","1","1",1,NA,NA,89725.4335691707,NA
309750601,33,"2","7","1",3,NA,NA,89725.4335691707,NA
309750701,47,"2","1","1",3,NA,NA,89725.4335691707,NA
309750801,65,"1",NA,"1",9,NA,NA,89725.4335691707,NA
309880101,33,"1","11","2",1,NA,NA,89725.4335691707,NA
309880201,46,"2","5","2",4,NA,NA,89725.4335691707,NA
309880401,70,"1","5","2",3,NA,NA,89725.4335691707,NA
309880501,32,"2","5","2",3,NA,NA,89725.4335691707,NA
309880601,85,"1","3","2",2,NA,NA,89725.4335691707,NA
309880801,27,"2","11","2",2,NA,NA,89725.4335691707,NA
310220101,27,"1","7",NA,4,NA,NA,89725.4335691707,NA
310220201,65,"2","5",NA,1,NA,NA,89725.4335691707,NA
310220301,65,"2","1",NA,5,NA,NA,89725.4335691707,NA
310220401,70,"1","4",NA,3,NA,NA,89725.4335691707,NA
310220501,73,"2","1",NA,1,NA,NA,89725.4335691707,NA
310220601,71,"1","1",NA,2,NA,NA,89725.4335691707,NA
310220701,49,"2","1",NA,3,NA,NA,89725.4335691707,NA
310220801,32,"1","9",NA,2,NA,NA,89725.4335691707,NA
310500201,60,"1","11",NA,2,NA,NA,89725.4335691707,NA
310500301,72,"2","-88",NA,6,NA,NA,89725.4335691707,NA
310500401,83,"2",NA,NA,1,NA,NA,89725.4335691707,NA
310500501,79,"2","11",NA,1,NA,NA,89725.4335691707,NA
310500801,37,"2","7",NA,5,NA,NA,89725.4335691707,NA
310930101,65,"2",NA,"2",2,NA,NA,89725.4335691707,NA
310930102,64,"2","3","2",2,NA,NA,89725.4335691707,NA
310930701,23,"1","5","2",1,NA,NA,89725.4335691707,NA
311090101,27,"1","5","2",2,NA,NA,89725.4335691707,NA
311090201,41,"2","5","2",5,NA,NA,89725.4335691707,NA
311090301,59,"2","6","2",1,NA,NA,89725.4335691707,NA
311090501,39,"1","11","2",5,NA,NA,89725.4335691707,NA
311090601,57,"1","8","2",4,NA,NA,89725.4335691707,NA
311090701,64,"2","3","2",3,NA,NA,89725.4335691707,NA
311150101,67,"1","7",NA,2,NA,NA,89725.4335691707,NA
311150301,65,"1","5",NA,2,NA,NA,89725.4335691707,NA
311150501,62,"1",NA,NA,2,NA,NA,89725.4335691707,NA
311150601,63,"1","3",NA,3,NA,NA,89725.4335691707,NA
311220101,80,"2","1",NA,2,NA,NA,89725.4335691707,NA
311220301,72,"2","3",NA,1,NA,NA,89725.4335691707,NA
311220501,34,"1","8",NA,3,NA,NA,89725.4335691707,NA
311220601,23,"2","1",NA,4,NA,NA,89725.4335691707,NA
311220701,37,"2","5",NA,3,NA,NA,89725.4335691707,NA
311220801,73,"2","5",NA,4,NA,NA,89725.4335691707,NA
311240301,42,"2","8",NA,2,NA,NA,89725.4335691707,NA
311240601,54,"2","11",NA,4,NA,NA,89725.4335691707,NA
311240701,61,"1","8",NA,3,NA,NA,89725.4335691707,NA
311340101,60,"1","11",NA,5,NA,NA,89725.4335691707,NA
311340201,48,"1","12",NA,3,NA,NA,89725.4335691707,NA
311340401,40,"1","11",NA,1,NA,NA,89725.4335691707,NA
311340601,66,"2","12",NA,1,NA,NA,89725.4335691707,NA
311340801,41,"2","9",NA,3,NA,NA,89725.4335691707,NA
311350101,30,"2","8",NA,5,NA,NA,89725.4335691707,NA
311350301,55,"1","8",NA,3,NA,NA,89725.4335691707,NA
311350401,67,"1","5",NA,2,NA,NA,89725.4335691707,NA
311350701,39,"1","8",NA,4,NA,NA,89725.4335691707,NA
311680401,47,"2","8","3",3,NA,NA,89725.4335691707,NA
311680501,44,"2","3","3",3,NA,NA,89725.4335691707,NA
311680601,34,"2","8","3",6,NA,NA,89725.4335691707,NA
312120201,45,"1","11",NA,2,NA,NA,89725.4335691707,NA
312120501,38,"1","11",NA,1,NA,NA,89725.4335691707,NA
312560101,77,"1",NA,"3",2,NA,NA,89725.4335691707,NA
312560201,35,"1","6","3",5,NA,NA,89725.4335691707,NA
312560301,32,"2","6","3",2,NA,NA,89725.4335691707,NA
312560401,30,"2","6","3",4,NA,NA,89725.4335691707,NA
312560601,37,"1","8","3",3,NA,NA,89725.4335691707,NA
312560701,44,"2","3","3",3,NA,NA,89725.4335691707,NA
312560801,64,"1","9","3",3,NA,NA,89725.4335691707,NA
312570101,59,"2",NA,"2",4,NA,NA,89725.4335691707,NA
312570201,35,"1","6","2",3,NA,NA,89725.4335691707,NA
312570301,67,"2","4","2",1,NA,NA,89725.4335691707,NA
312570302,31,"2","11","2",3,NA,NA,89725.4335691707,NA
312570401,36,"1","5","2",7,NA,NA,89725.4335691707,NA
312570501,38,"2","3","2",4,NA,NA,89725.4335691707,NA
312570801,55,"2","1","2",3,NA,NA,89725.4335691707,NA
312780501,62,"1","11","3",5,NA,NA,89725.4335691707,NA
312780701,52,"2","5","3",1,NA,NA,89725.4335691707,NA
312790201,52,"2","6",NA,4,NA,NA,89725.4335691707,NA
312790301,53,"2","11",NA,3,NA,NA,89725.4335691707,NA
312790401,38,"2","7",NA,2,NA,NA,89725.4335691707,NA
312790501,63,"2","6",NA,2,NA,NA,89725.4335691707,NA
312790701,63,"1","1",NA,3,NA,NA,89725.4335691707,NA
312810101,67,"2","3","1",1,NA,NA,89725.4335691707,NA
312810201,40,"2","1","1",4,NA,NA,89725.4335691707,NA
312810401,67,"1",NA,"1",1,NA,NA,89725.4335691707,NA
312810701,55,"2",NA,"1",2,NA,NA,89725.4335691707,NA
312810801,52,"1","5","1",3,NA,NA,89725.4335691707,NA
313350101,60,"1","5",NA,6,NA,NA,89725.4335691707,NA
313350201,65,"2","5",NA,1,NA,NA,89725.4335691707,NA
313350301,52,"1","5",NA,5,NA,NA,89725.4335691707,NA
313350501,61,"2","1",NA,2,NA,NA,89725.4335691707,NA
313350601,39,"1","5",NA,3,NA,NA,89725.4335691707,NA
313350701,44,"2","5",NA,2,NA,NA,89725.4335691707,NA
313350801,61,"1",NA,NA,2,NA,NA,89725.4335691707,NA
313410801,55,"2","11",NA,4,NA,NA,89725.4335691707,NA
313440101,64,"2","11","2",3,NA,NA,89725.4335691707,NA
313440201,51,"1","6","2",3,NA,NA,89725.4335691707,NA
313440401,52,"1","5","2",1,NA,NA,89725.4335691707,NA
313440501,71,"2","1","2",1,NA,NA,89725.4335691707,NA
313440601,40,"2","11","2",2,NA,NA,89725.4335691707,NA
313440701,50,"1","5","2",5,NA,NA,89725.4335691707,NA
313450401,54,"1","11","3",4,NA,NA,89725.4335691707,NA
313450601,54,"1","11","3",5,NA,NA,89725.4335691707,NA
313500201,39,"1","1","1",3,NA,NA,89725.4335691707,NA
313500301,54,"1","3","1",4,NA,NA,89725.4335691707,NA
313500401,38,"2","3","1",3,NA,NA,89725.4335691707,NA
313500601,31,"1","6","1",2,NA,NA,89725.4335691707,NA
313500602,63,"1","1","1",2,NA,NA,89725.4335691707,NA
313500701,59,"2","5","1",3,NA,NA,89725.4335691707,NA
313500801,41,"1","5","1",6,NA,NA,89725.4335691707,NA
313610101,53,"2","8",NA,3,NA,NA,89725.4335691707,NA
313610201,41,"1","5",NA,1,NA,NA,89725.4335691707,NA
313610501,57,"1","9",NA,5,NA,NA,89725.4335691707,NA
313610701,75,"2","3",NA,1,NA,NA,89725.4335691707,NA
313910101,28,"2","8",NA,2,NA,NA,89725.4335691707,NA
313910201,43,"1","11",NA,1,NA,NA,89725.4335691707,NA
313910301,34,"2","11",NA,3,NA,NA,89725.4335691707,NA
313910401,35,"2","8",NA,1,NA,NA,89725.4335691707,NA
313910501,75,"1","9",NA,1,NA,NA,89725.4335691707,NA
313910601,39,"1","11",NA,2,NA,NA,89725.4335691707,NA
313910701,42,"2","11",NA,2,NA,NA,89725.4335691707,NA
313910801,60,"1","1",NA,4,NA,NA,89725.4335691707,NA
314030401,31,"1","11",NA,2,NA,NA,89725.4335691707,NA
314030701,54,"1","12",NA,4,NA,NA,89725.4335691707,NA
314030801,57,"2","8",NA,2,NA,NA,89725.4335691707,NA
314110401,67,"2",NA,"3",1,NA,NA,89725.4335691707,NA
314110601,40,"1","11","3",3,NA,NA,89725.4335691707,NA
314110701,34,"2","12","3",2,NA,NA,89725.4335691707,NA
314110801,52,"1","11","3",4,NA,NA,89725.4335691707,NA
314120201,67,"1","3","3",1,NA,NA,89725.4335691707,NA
314120401,35,"2","11","3",3,NA,NA,89725.4335691707,NA
314120501,26,"1","9","3",1,NA,NA,89725.4335691707,NA
314120601,31,"1","5","3",2,NA,NA,89725.4335691707,NA
314120701,32,"2","11","3",1,NA,NA,89725.4335691707,NA
314210401,53,"2","5",NA,3,NA,NA,89725.4335691707,NA
314210501,45,"2","9",NA,3,NA,NA,89725.4335691707,NA
314210601,37,"1","11",NA,3,NA,NA,89725.4335691707,NA
314210701,45,"2","7",NA,3,NA,NA,89725.4335691707,NA
314210801,68,"2","3",NA,8,NA,NA,89725.4335691707,NA
314320101,50,"2","3",NA,1,NA,NA,89725.4335691707,NA
314320201,42,"1","11",NA,1,NA,NA,89725.4335691707,NA
314320301,79,"2","1",NA,1,NA,NA,89725.4335691707,NA
314320701,29,"1","11",NA,5,NA,NA,89725.4335691707,NA
314320801,75,"2","5",NA,5,NA,NA,89725.4335691707,NA
314360101,53,"2","8",NA,2,NA,NA,89725.4335691707,NA
314360201,55,"1","5",NA,3,NA,NA,89725.4335691707,NA
314360501,45,"1","5",NA,1,NA,NA,89725.4335691707,NA
314360701,45,"1","6",NA,3,NA,NA,89725.4335691707,NA
314360801,35,"2","11",NA,4,NA,NA,89725.4335691707,NA
314500101,39,"2","6","1",3,NA,NA,89725.4335691707,NA
314500201,40,"2",NA,"1",6,NA,NA,89725.4335691707,NA
314500401,60,"2","1","1",2,NA,NA,89725.4335691707,NA
314500701,58,"1","5","1",4,NA,NA,89725.4335691707,NA
314500801,69,"1","5","1",2,NA,NA,89725.4335691707,NA
314610201,30,"1","10","3",3,NA,NA,89725.4335691707,NA
314960301,68,"2","3",NA,1,NA,NA,89725.4335691707,NA
314960501,47,"1","9",NA,4,NA,NA,89725.4335691707,NA
314960601,40,"2","5",NA,5,NA,NA,89725.4335691707,NA
315030201,75,"1","6","2",4,NA,NA,89725.4335691707,NA
315030301,81,"2",NA,"2",1,NA,NA,89725.4335691707,NA
315030401,76,"1","6","2",3,NA,NA,89725.4335691707,NA
315030501,66,"2","1","2",2,NA,NA,89725.4335691707,NA
315030601,38,"1","9","2",4,NA,NA,89725.4335691707,NA
315030701,67,"1","5","2",3,NA,NA,89725.4335691707,NA
315030702,48,"2",NA,"2",3,NA,NA,89725.4335691707,NA
315030801,81,"2","3","2",1,NA,NA,89725.4335691707,NA
315040401,25,"1","9",NA,2,NA,NA,89725.4335691707,NA
315040501,58,"2","3",NA,1,NA,NA,89725.4335691707,NA
315070101,72,"2","11","3",1,NA,NA,89725.4335691707,NA
315070201,42,"2","5","3",4,NA,NA,89725.4335691707,NA
315070301,45,"2","11","3",4,NA,NA,89725.4335691707,NA
315070401,70,"2","3","3",1,NA,NA,89725.4335691707,NA
315070701,51,"1","11","3",2,NA,NA,89725.4335691707,NA
315070801,55,"1","4","3",5,NA,NA,89725.4335691707,NA
315120401,35,"1","11",NA,6,NA,NA,89725.4335691707,NA
315120601,29,"2","11",NA,2,NA,NA,89725.4335691707,NA
315240801,31,"1","11",NA,2,NA,NA,89725.4335691707,NA
315310101,47,"2",NA,"3",2,NA,NA,89725.4335691707,NA
315310201,44,"2","6","3",7,NA,NA,89725.4335691707,NA
315310301,29,"2","11","3",2,NA,NA,89725.4335691707,NA
315310501,29,"2","9","3",5,NA,NA,89725.4335691707,NA
315310801,52,"2","5","3",4,NA,NA,89725.4335691707,NA
315310802,27,"2","6","3",3,NA,NA,89725.4335691707,NA
315540201,73,"2","5",NA,1,NA,NA,89725.4335691707,NA
315540501,37,"1","12",NA,3,NA,NA,89725.4335691707,NA
315540601,53,"1","7",NA,5,NA,NA,89725.4335691707,NA
315540701,38,"2","11",NA,5,NA,NA,89725.4335691707,NA
315540801,39,"2","8",NA,3,NA,NA,89725.4335691707,NA
315690101,83,"2","5",NA,1,NA,NA,89725.4335691707,NA
315690201,56,"1","11",NA,2,NA,NA,89725.4335691707,NA
315690301,64,"2","11",NA,2,NA,NA,89725.4335691707,NA
315690401,33,"2","11",NA,2,NA,NA,89725.4335691707,NA
315690501,81,"1","11",NA,2,NA,NA,89725.4335691707,NA
315690801,40,"1","11",NA,4,NA,NA,89725.4335691707,NA
316230401,45,"1","11","3",3,NA,NA,89725.4335691707,NA
316230501,50,"1","11","3",4,NA,NA,89725.4335691707,NA
316560101,58,"1","5","3",3,NA,NA,89725.4335691707,NA
316560401,58,"2","5","3",3,NA,NA,89725.4335691707,NA
316630101,56,"2","11","2",4,NA,NA,89725.4335691707,NA
316630201,62,"1",NA,"2",3,NA,NA,89725.4335691707,NA
316630202,32,"1","5","2",3,NA,NA,89725.4335691707,NA
316630401,63,"1","3","2",1,NA,NA,89725.4335691707,NA
316630501,50,"2","11","2",2,NA,NA,89725.4335691707,NA
316630701,51,"2","8","2",2,NA,NA,89725.4335691707,NA
316630801,40,"2","3","2",2,NA,NA,89725.4335691707,NA
316700101,72,"1","11","3",1,NA,NA,89725.4335691707,NA
316700301,72,"1","11","3",3,NA,NA,89725.4335691707,NA
316700501,56,"2","11","3",6,NA,NA,89725.4335691707,NA
316700601,71,"1","4","3",1,NA,NA,89725.4335691707,NA
316700701,74,"2","11","3",2,NA,NA,89725.4335691707,NA
316790201,83,"1","-88","2",3,NA,NA,89725.4335691707,NA
316790301,57,"2","7","2",6,NA,NA,89725.4335691707,NA
316790501,51,"2","-88","2",5,NA,NA,89725.4335691707,NA
316790601,82,"1","-88","2",1,NA,NA,89725.4335691707,NA
316790701,32,"2","8","2",3,NA,NA,89725.4335691707,NA
316910401,70,"2",NA,"1",12,NA,NA,89725.4335691707,NA
316910501,88,"1","1","1",1,NA,NA,89725.4335691707,NA
316910601,49,"2","5","1",6,NA,NA,89725.4335691707,NA
316910602,31,"2","6","1",4,NA,NA,89725.4335691707,NA
316910701,49,"2",NA,"1",7,NA,NA,89725.4335691707,NA
316950201,76,"1","4","2",2,NA,NA,89725.4335691707,NA
316950301,25,"2","4","2",4,NA,NA,89725.4335691707,NA
316950401,49,"1","7","2",3,NA,NA,89725.4335691707,NA
316950501,70,"2","3","2",2,NA,NA,89725.4335691707,NA
316990201,72,"1","4",NA,2,NA,NA,89725.4335691707,NA
316990301,71,"1","11",NA,2,NA,NA,89725.4335691707,NA
316990401,29,"1","11",NA,3,NA,NA,89725.4335691707,NA
316990601,48,"1","5",NA,4,NA,NA,89725.4335691707,NA
316990701,69,"2","5",NA,3,NA,NA,89725.4335691707,NA
317350301,42,"1","8","3",4,NA,NA,89725.4335691707,NA
317350501,31,"1","11","3",3,NA,NA,89725.4335691707,NA
317350601,32,"1","11","3",2,NA,NA,89725.4335691707,NA
317350701,39,"2","11","3",3,NA,NA,89725.4335691707,NA
317500101,60,"1","3","2",1,NA,NA,89725.4335691707,NA
317500301,28,"1","9","2",4,NA,NA,89725.4335691707,NA
317500601,51,"1","5","2",5,NA,NA,89725.4335691707,NA
317500801,42,"2","6","2",3,NA,NA,89725.4335691707,NA
317590101,32,"2","11",NA,5,NA,NA,89725.4335691707,NA
317590401,21,"2","3",NA,1,NA,NA,89725.4335691707,NA
317590501,47,"1","8",NA,2,NA,NA,89725.4335691707,NA
317590601,34,"2","5",NA,4,NA,NA,89725.4335691707,NA
317590701,44,"2","11",NA,3,NA,NA,89725.4335691707,NA
317590801,28,"2","3",NA,4,NA,NA,89725.4335691707,NA
317640201,30,"1","8","3",4,NA,NA,89725.4335691707,NA
317640501,39,"1","11","3",6,NA,NA,89725.4335691707,NA
317640601,31,"1","7","3",4,NA,NA,89725.4335691707,NA
317640701,32,"2","11","3",2,NA,NA,89725.4335691707,NA
317790801,33,"1","10","3",2,NA,NA,89725.4335691707,NA
317860201,54,"2","6","3",3,NA,NA,89725.4335691707,NA
317860501,74,"1","5","3",4,NA,NA,89725.4335691707,NA
317860601,59,"2","3","3",2,NA,NA,89725.4335691707,NA
317860701,61,"2","3","3",5,NA,NA,89725.4335691707,NA
317860801,46,"2","3","3",4,NA,NA,89725.4335691707,NA
317910101,34,"2","8",NA,3,NA,NA,89725.4335691707,NA
317910501,50,"2",NA,NA,3,NA,NA,89725.4335691707,NA
317950101,63,"1",NA,NA,4,NA,NA,89725.4335691707,NA
317950201,60,"2","8",NA,1,NA,NA,89725.4335691707,NA
317950401,74,"2",NA,NA,1,NA,NA,89725.4335691707,NA
317950501,44,"2","11",NA,1,NA,NA,89725.4335691707,NA
317950801,50,"1","5",NA,5,NA,NA,89725.4335691707,NA
317950901,51,"2","5",NA,4,NA,NA,89725.4335691707,NA
317990101,65,"2","1",NA,2,NA,NA,89725.4335691707,NA
317990401,48,"2","5",NA,5,NA,NA,89725.4335691707,NA
317990701,66,"1","5",NA,4,NA,NA,89725.4335691707,NA
317990801,49,"2",NA,NA,4,NA,NA,89725.4335691707,NA
318120101,41,"1","5","3",3,NA,NA,89725.4335691707,NA
318120201,62,"1","9","3",1,NA,NA,89725.4335691707,NA
318120301,38,"1","8","3",4,NA,NA,89725.4335691707,NA
318120401,38,"1","7","3",5,NA,NA,89725.4335691707,NA
318120501,40,"1","3","3",1,NA,NA,89725.4335691707,NA
318330101,60,"2","8",NA,1,NA,NA,89725.4335691707,NA
318330301,54,"2","11",NA,4,NA,NA,89725.4335691707,NA
318330401,56,"1","11",NA,6,NA,NA,89725.4335691707,NA
318420301,73,"2","11","3",1,NA,NA,89725.4335691707,NA
318420401,41,"1","5","3",3,NA,NA,89725.4335691707,NA
318420501,43,"2","5","3",5,NA,NA,89725.4335691707,NA
318420701,33,"2","11","3",4,NA,NA,89725.4335691707,NA
318420801,26,"2","10","3",2,NA,NA,89725.4335691707,NA
318630201,36,"2","12",NA,1,NA,NA,89725.4335691707,NA
318630501,30,"1","11",NA,1,NA,NA,89725.4335691707,NA
318660101,65,"2","4",NA,1,NA,NA,89725.4335691707,NA
318660201,25,"1","11",NA,2,NA,NA,89725.4335691707,NA
318660301,54,"1","6",NA,2,NA,NA,89725.4335691707,NA
318660401,40,"2","8",NA,6,NA,NA,89725.4335691707,NA
318660501,61,"2","5",NA,1,NA,NA,89725.4335691707,NA
318660701,58,"2","9",NA,3,NA,NA,89725.4335691707,NA
318660801,62,"1","11",NA,1,NA,NA,89725.4335691707,NA
318740101,63,"1","1","2",2,NA,NA,89725.4335691707,NA
318740102,65,"1",NA,"2",2,NA,NA,89725.4335691707,NA
318740103,30,"2","3","2",2,NA,NA,89725.4335691707,NA
318740301,55,"1",NA,"2",5,NA,NA,89725.4335691707,NA
318740401,60,"2","6","2",1,NA,NA,89725.4335691707,NA
318740501,33,"2","7","2",3,NA,NA,89725.4335691707,NA
318740601,48,"2","3","2",7,NA,NA,89725.4335691707,NA
318740701,55,"1",NA,"2",2,NA,NA,89725.4335691707,NA
318740801,55,"2","1","2",3,NA,NA,89725.4335691707,NA
318880101,31,"1","5",NA,1,NA,NA,89725.4335691707,NA
318880201,52,"1","4",NA,5,NA,NA,89725.4335691707,NA
318880401,65,"1","4",NA,3,NA,NA,89725.4335691707,NA
318880501,69,"1","11",NA,2,NA,NA,89725.4335691707,NA
318880601,38,"1","5",NA,3,NA,NA,89725.4335691707,NA
318880602,24,"1","3",NA,2,NA,NA,89725.4335691707,NA
318880603,36,"1","3",NA,3,NA,NA,89725.4335691707,NA
318880801,47,"2","6",NA,2,NA,NA,89725.4335691707,NA
319030501,39,"2","10","3",4,NA,NA,89725.4335691707,NA
319050101,33,"2","11",NA,1,NA,NA,89725.4335691707,NA
319050201,57,"1","7",NA,2,NA,NA,89725.4335691707,NA
319050501,32,"1","11",NA,2,NA,NA,89725.4335691707,NA
319220101,53,"2",NA,NA,6,NA,NA,89725.4335691707,NA
319220601,55,"2","6",NA,2,NA,NA,89725.4335691707,NA
319220701,30,"1","5",NA,3,NA,NA,89725.4335691707,NA
319220801,45,"1","6",NA,1,NA,NA,89725.4335691707,NA
319260301,30,"2","11",NA,4,NA,NA,89725.4335691707,NA
319260401,53,"2","11",NA,2,NA,NA,89725.4335691707,NA
319300101,78,"1","1","1",4,NA,NA,89725.4335691707,NA
319300201,80,"2","1","1",2,NA,NA,89725.4335691707,NA
319300401,50,"1",NA,"1",3,NA,NA,89725.4335691707,NA
319300701,82,"1",NA,"1",3,NA,NA,89725.4335691707,NA
319300801,66,"1",NA,"1",6,NA,NA,89725.4335691707,NA
319301001,77,"1","1","1",4,NA,NA,89725.4335691707,NA
319450101,28,"2","11",NA,2,NA,NA,89725.4335691707,NA
319450201,28,"2","11",NA,3,NA,NA,89725.4335691707,NA
319530101,60,"1","1","1",1,NA,NA,89725.4335691707,NA
319530201,47,"2","5","1",4,NA,NA,89725.4335691707,NA
319530301,58,"1","1","1",4,NA,NA,89725.4335691707,NA
319530501,61,"1",NA,"1",3,NA,NA,89725.4335691707,NA
319530601,58,"1","11","1",5,NA,NA,89725.4335691707,NA
319530701,77,"1","5","1",1,NA,NA,89725.4335691707,NA
319530901,65,"1","4","1",3,NA,NA,89725.4335691707,NA
319531001,60,"1","1","1",2,NA,NA,89725.4335691707,NA
319890401,67,"1","9",NA,2,NA,NA,89725.4335691707,NA
319890501,57,"2",NA,NA,2,NA,NA,89725.4335691707,NA
319890801,30,"1","8",NA,2,NA,NA,89725.4335691707,NA
319910101,73,"2","3",NA,8,NA,NA,89725.4335691707,NA
319910201,66,"1","5",NA,4,NA,NA,89725.4335691707,NA
319910301,54,"2","11",NA,3,NA,NA,89725.4335691707,NA
319910401,86,"2","3",NA,4,NA,NA,89725.4335691707,NA
319910501,82,"2","3",NA,4,NA,NA,89725.4335691707,NA
319910601,50,"2","8",NA,3,NA,NA,89725.4335691707,NA
319910701,70,"1","9",NA,1,NA,NA,89725.4335691707,NA
320240101,53,"1","5",NA,4,NA,NA,89725.4335691707,NA
320240201,67,"1","5",NA,5,NA,NA,89725.4335691707,NA
320240301,60,"1","5",NA,3,NA,NA,89725.4335691707,NA
320240401,45,"2","8",NA,3,NA,NA,89725.4335691707,NA
320240402,71,"1",NA,NA,1,NA,NA,89725.4335691707,NA
320240501,49,"1","5",NA,4,NA,NA,89725.4335691707,NA
320240601,52,"1","6",NA,4,NA,NA,89725.4335691707,NA
320240701,22,"1","9",NA,1,NA,NA,89725.4335691707,NA
320240801,59,"2",NA,NA,2,NA,NA,89725.4335691707,NA
320260201,33,"2","5","2",5,NA,NA,89725.4335691707,NA
320260401,26,"2","9","2",3,NA,NA,89725.4335691707,NA
320260501,32,"2","9","2",4,NA,NA,89725.4335691707,NA
320260601,37,"1","11","2",1,NA,NA,89725.4335691707,NA
320260701,48,"1","3","2",5,NA,NA,89725.4335691707,NA
320290101,48,"1",NA,"1",5,NA,NA,89725.4335691707,NA
320290301,59,"1","3","1",3,NA,NA,89725.4335691707,NA
320290401,50,"2","5","1",3,NA,NA,89725.4335691707,NA
320290601,37,"1","8","1",5,NA,NA,89725.4335691707,NA
320360101,25,"2","11",NA,2,NA,NA,89725.4335691707,NA
320360201,75,"2","12",NA,1,NA,NA,89725.4335691707,NA
320380201,54,"1","8","3",4,NA,NA,89725.4335691707,NA
320380401,63,"1","5","3",4,NA,NA,89725.4335691707,NA
320460401,58,"1","5",NA,2,NA,NA,89725.4335691707,NA
320460501,57,"1","3",NA,4,NA,NA,89725.4335691707,NA
320460601,56,"1","6",NA,2,NA,NA,89725.4335691707,NA
320460602,28,"1","9",NA,1,NA,NA,89725.4335691707,NA
320460801,49,"2","8",NA,3,NA,NA,89725.4335691707,NA
320540101,45,"1","11",NA,5,NA,NA,89725.4335691707,NA
320540201,46,"2","11",NA,2,NA,NA,89725.4335691707,NA
320540301,68,"1",NA,NA,2,NA,NA,89725.4335691707,NA
320540401,61,"2","6",NA,2,NA,NA,89725.4335691707,NA
320540501,40,"2","5",NA,2,NA,NA,89725.4335691707,NA
320540601,81,"2","5",NA,1,NA,NA,89725.4335691707,NA
320540701,53,"2","1",NA,2,NA,NA,89725.4335691707,NA
320710101,31,"1","11",NA,2,NA,NA,89725.4335691707,NA
320710701,22,"2","9",NA,1,NA,NA,89725.4335691707,NA
320710801,46,"1",NA,NA,1,NA,NA,89725.4335691707,NA
320730201,80,"1","9",NA,4,NA,NA,89725.4335691707,NA
320730701,69,"1","9",NA,2,NA,NA,89725.4335691707,NA
320760101,32,"1","8",NA,2,NA,NA,89725.4335691707,NA
320760301,32,"2","6",NA,4,NA,NA,89725.4335691707,NA
320760401,70,"2","1",NA,3,NA,NA,89725.4335691707,NA
320760701,63,"1","5",NA,4,NA,NA,89725.4335691707,NA
320760801,41,"2","11",NA,3,NA,NA,89725.4335691707,NA
320870401,35,"2","11",NA,1,NA,NA,89725.4335691707,NA
321060101,33,"1","9","3",2,NA,NA,89725.4335691707,NA
321060301,53,"1","11","3",3,NA,NA,89725.4335691707,NA
321060501,36,"1","11","3",2,NA,NA,89725.4335691707,NA
321060801,29,"1","1","3",4,NA,NA,89725.4335691707,NA
321470401,85,"1","5","3",4,NA,NA,89725.4335691707,NA
321470701,68,"2","11","3",2,NA,NA,89725.4335691707,NA
321610201,64,"2","1","2",4,NA,NA,89725.4335691707,NA
321610301,41,"1",NA,"2",2,NA,NA,89725.4335691707,NA
321610401,31,"1","8","2",3,NA,NA,89725.4335691707,NA
321610501,36,"1","-88","2",4,NA,NA,89725.4335691707,NA
321610601,66,"2","3","2",3,NA,NA,89725.4335691707,NA
321610801,42,"1","5","2",4,NA,NA,89725.4335691707,NA
321630301,66,"1","4",NA,2,NA,NA,89725.4335691707,NA
321630401,30,"1","5",NA,6,NA,NA,89725.4335691707,NA
321630501,33,"1","9",NA,4,NA,NA,89725.4335691707,NA
321630601,44,"2","6",NA,3,NA,NA,89725.4335691707,NA
321630701,65,"1","3",NA,3,NA,NA,89725.4335691707,NA
321630801,42,"2","7",NA,4,NA,NA,89725.4335691707,NA
321670401,31,"2","11",NA,2,NA,NA,89725.4335691707,NA
321670601,34,"1","8",NA,3,NA,NA,89725.4335691707,NA
321670701,25,"1","11",NA,3,NA,NA,89725.4335691707,NA
321670801,48,"2","8",NA,3,NA,NA,89725.4335691707,NA
321720601,54,"1","11",NA,2,NA,NA,89725.4335691707,NA
321720701,29,"2","9",NA,2,NA,NA,89725.4335691707,NA
321720801,42,"2","9",NA,2,NA,NA,89725.4335691707,NA
321750101,50,"2","5","2",3,NA,NA,89725.4335691707,NA
321750201,70,"2","3","2",2,NA,NA,89725.4335691707,NA
321750301,77,"1",NA,"2",6,NA,NA,89725.4335691707,NA
321750501,25,"1","4","2",2,NA,NA,89725.4335691707,NA
321750601,76,"2","1","2",4,NA,NA,89725.4335691707,NA
321750701,52,"1","6","2",3,NA,NA,89725.4335691707,NA
321750801,74,"1","5","2",2,NA,NA,89725.4335691707,NA
321790101,52,"2","1","1",7,NA,NA,89725.4335691707,NA
321790301,83,"1","1","1",1,NA,NA,89725.4335691707,NA
321790401,69,"1","3","1",2,NA,NA,89725.4335691707,NA
321790601,69,"2","1","1",3,NA,NA,89725.4335691707,NA
321790701,34,"2","5","1",4,NA,NA,89725.4335691707,NA
321790801,43,"2","5","1",2,NA,NA,89725.4335691707,NA
321970201,27,"1","1",NA,4,NA,NA,89725.4335691707,NA
321970401,55,"2","1",NA,5,NA,NA,89725.4335691707,NA
321970601,71,"2","4",NA,2,NA,NA,89725.4335691707,NA
321970701,79,"2","3",NA,4,NA,NA,89725.4335691707,NA
322040101,43,"2","3",NA,6,NA,NA,89725.4335691707,NA
322040201,67,"1","5",NA,1,NA,NA,89725.4335691707,NA
322040701,66,"2","1",NA,5,NA,NA,89725.4335691707,NA
322040801,61,"1","5",NA,6,NA,NA,89725.4335691707,NA
322320101,56,"2","12",NA,4,NA,NA,89725.4335691707,NA
322320201,66,"1","8",NA,4,NA,NA,89725.4335691707,NA
322320301,34,"1","11",NA,3,NA,NA,89725.4335691707,NA
322320401,38,"2","11",NA,4,NA,NA,89725.4335691707,NA
322320501,80,"1","12",NA,2,NA,NA,89725.4335691707,NA
322320601,33,"2","10",NA,2,NA,NA,89725.4335691707,NA
322320701,88,"2","9",NA,1,NA,NA,89725.4335691707,NA
322320801,70,"2","9",NA,1,NA,NA,89725.4335691707,NA
322650101,83,"1","1",NA,1,NA,NA,89725.4335691707,NA
322650401,50,"2","1",NA,1,NA,NA,89725.4335691707,NA
322650701,57,"2","5",NA,5,NA,NA,89725.4335691707,NA
322650801,25,"1","1",NA,4,NA,NA,89725.4335691707,NA
323450101,40,"2","6",NA,5,NA,NA,89725.4335691707,NA
323450201,62,"2","5",NA,3,NA,NA,89725.4335691707,NA
323450401,82,"1","5",NA,2,NA,NA,89725.4335691707,NA
323450501,56,"2",NA,NA,1,NA,NA,89725.4335691707,NA
323450701,57,"1","5",NA,1,NA,NA,89725.4335691707,NA
323450801,73,"2","5",NA,6,NA,NA,89725.4335691707,NA
323460501,80,"2","8",NA,1,NA,NA,89725.4335691707,NA
323530201,82,"1","11","3",2,NA,NA,89725.4335691707,NA
323530701,35,"2","11","3",2,NA,NA,89725.4335691707,NA
323560101,66,"2",NA,NA,1,NA,NA,89725.4335691707,NA
323560201,59,"2","1",NA,1,NA,NA,89725.4335691707,NA
323560401,67,"1",NA,NA,3,NA,NA,89725.4335691707,NA
323560501,60,"1","3",NA,4,NA,NA,89725.4335691707,NA
323560601,54,"1","5",NA,3,NA,NA,89725.4335691707,NA
323560701,59,"2","3",NA,2,NA,NA,89725.4335691707,NA
323560801,64,"2","3",NA,3,NA,NA,89725.4335691707,NA
323580201,45,"2","3","3",7,NA,NA,89725.4335691707,NA
323580501,53,"1","12","3",3,NA,NA,89725.4335691707,NA
323720101,71,"2","6","2",3,NA,NA,89725.4335691707,NA
323720301,72,"1","9","2",1,NA,NA,89725.4335691707,NA
323720401,48,"2","8","2",5,NA,NA,89725.4335691707,NA
323720501,57,"1","1","2",5,NA,NA,89725.4335691707,NA
323720601,32,"2","11","2",3,NA,NA,89725.4335691707,NA
323720701,26,"2","5","2",3,NA,NA,89725.4335691707,NA
323970101,25,"1","11","3",1,NA,NA,89725.4335691707,NA
323970401,43,"1","12","3",2,NA,NA,89725.4335691707,NA
323970601,43,"2","9","3",4,NA,NA,89725.4335691707,NA
323970701,35,"2","11","3",1,NA,NA,89725.4335691707,NA
323970801,46,"1","12","3",1,NA,NA,89725.4335691707,NA
324030101,72,"1","3",NA,2,NA,NA,89725.4335691707,NA
324030201,57,"2","6",NA,2,NA,NA,89725.4335691707,NA
324030401,59,"2","6",NA,2,NA,NA,89725.4335691707,NA
324030501,54,"1","11",NA,4,NA,NA,89725.4335691707,NA
324030601,45,"1","9",NA,4,NA,NA,89725.4335691707,NA
324030701,45,"1","11",NA,5,NA,NA,89725.4335691707,NA
324220101,35,"2","8","3",4,NA,NA,89725.4335691707,NA
324220301,30,"1","8","3",3,NA,NA,89725.4335691707,NA
324220401,31,"2","11","3",1,NA,NA,89725.4335691707,NA
324220701,40,"1","8","3",3,NA,NA,89725.4335691707,NA
324230201,33,"1","5",NA,3,NA,NA,89725.4335691707,NA
324230401,45,"2","6",NA,3,NA,NA,89725.4335691707,NA
324230601,53,"1",NA,NA,3,NA,NA,89725.4335691707,NA
324230701,37,"1","3",NA,7,NA,NA,89725.4335691707,NA
324310301,76,"2","1","2",4,NA,NA,89725.4335691707,NA
324310401,45,"2","5","2",5,NA,NA,89725.4335691707,NA
324310701,70,"1",NA,"2",3,NA,NA,89725.4335691707,NA
324310801,48,"2","1","2",5,NA,NA,89725.4335691707,NA
324340101,45,"2",NA,NA,3,NA,NA,89725.4335691707,NA
324340102,78,"2","1",NA,2,NA,NA,89725.4335691707,NA
324340301,40,"2","11",NA,3,NA,NA,89725.4335691707,NA
324340501,68,"1","1",NA,2,NA,NA,89725.4335691707,NA
324340601,68,"1","3",NA,2,NA,NA,89725.4335691707,NA
324340701,42,"1","8",NA,4,NA,NA,89725.4335691707,NA
324340801,57,"2","1",NA,2,NA,NA,89725.4335691707,NA
324341001,30,"2","4",NA,6,NA,NA,89725.4335691707,NA
324390101,29,"1","5",NA,1,NA,NA,89725.4335691707,NA
324390301,68,"2","6",NA,3,NA,NA,89725.4335691707,NA
324890101,50,"2",NA,"1",2,NA,NA,89725.4335691707,NA
324890201,33,"2","6","1",2,NA,NA,89725.4335691707,NA
324890301,30,"2","11","1",2,NA,NA,89725.4335691707,NA
324890401,66,"1","3","1",2,NA,NA,89725.4335691707,NA
324890501,50,"1","11","1",5,NA,NA,89725.4335691707,NA
324890601,46,"1","11","1",3,NA,NA,89725.4335691707,NA
324890701,71,"2","5","1",2,NA,NA,89725.4335691707,NA
324890801,79,"1","1","1",3,NA,NA,89725.4335691707,NA
324890802,36,"1","3","1",3,NA,NA,89725.4335691707,NA
324890901,40,"2","3","1",5,NA,NA,89725.4335691707,NA
324891001,55,"2","6","1",3,NA,NA,89725.4335691707,NA
324940101,24,"1","9","2",3,NA,NA,89725.4335691707,NA
324940201,60,"2","7","2",4,NA,NA,89725.4335691707,NA
324940301,31,"1","3","2",7,NA,NA,89725.4335691707,NA
324940401,20,"2","9","2",2,NA,NA,89725.4335691707,NA
324940601,59,"1","5","2",3,NA,NA,89725.4335691707,NA
324940801,64,"1","3","2",6,NA,NA,89725.4335691707,NA
325120201,33,"1","5","3",2,NA,NA,89725.4335691707,NA
325120601,34,"2","5","3",3,NA,NA,89725.4335691707,NA
325120701,29,"2","11","3",3,NA,NA,89725.4335691707,NA
325540101,81,"2","12","3",1,NA,NA,89725.4335691707,NA
325540301,78,"2","3","3",1,NA,NA,89725.4335691707,NA
325540401,34,"2","11","3",4,NA,NA,89725.4335691707,NA
325540601,29,"1","11","3",1,NA,NA,89725.4335691707,NA
325910401,25,"1","11",NA,1,NA,NA,89725.4335691707,NA
325910701,78,"1","4",NA,2,NA,NA,89725.4335691707,NA
326080401,50,"1","11","2",1,NA,NA,89725.4335691707,NA
326080501,30,"2","12","2",1,NA,NA,89725.4335691707,NA
326480201,78,"2","9","3",1,NA,NA,89725.4335691707,NA
326570201,75,"1","5","3",3,NA,NA,89725.4335691707,NA
326570401,67,"1","9","3",1,NA,NA,89725.4335691707,NA
326570601,46,"2","8","3",3,NA,NA,89725.4335691707,NA
326570801,60,"1","11","3",3,NA,NA,89725.4335691707,NA
326620101,73,"1","5","2",3,NA,NA,89725.4335691707,NA
326620301,33,"2","3","2",4,NA,NA,89725.4335691707,NA
326620601,61,"2","1","2",4,NA,NA,89725.4335691707,NA
326620701,32,"2","9","2",3,NA,NA,89725.4335691707,NA
326630101,31,"1","9","3",4,NA,NA,89725.4335691707,NA
326630201,38,"1","9","3",4,NA,NA,89725.4335691707,NA
326630401,56,"2","5","3",5,NA,NA,89725.4335691707,NA
326630501,76,"2","1","3",1,NA,NA,89725.4335691707,NA
326630601,37,"2","11","3",2,NA,NA,89725.4335691707,NA
326630701,23,"1","9","3",1,NA,NA,89725.4335691707,NA
326630801,50,"2","1","3",1,NA,NA,89725.4335691707,NA
326750101,81,"1","9","3",1,NA,NA,89725.4335691707,NA
326750201,29,"1","11","3",3,NA,NA,89725.4335691707,NA
326750301,34,"1","11","3",2,NA,NA,89725.4335691707,NA
326750701,40,"2","11","3",1,NA,NA,89725.4335691707,NA
326890701,71,"1",NA,"1",2,NA,NA,89725.4335691707,NA
326890801,42,"2","6","1",7,NA,NA,89725.4335691707,NA
326980401,49,"1","5",NA,3,NA,NA,89725.4335691707,NA
326980501,40,"2",NA,NA,4,NA,NA,89725.4335691707,NA
326980601,46,"2","11",NA,4,NA,NA,89725.4335691707,NA
326980701,57,"2","1",NA,4,NA,NA,89725.4335691707,NA
326980801,59,"1","8",NA,4,NA,NA,89725.4335691707,NA
326980901,30,"2","6",NA,5,NA,NA,89725.4335691707,NA
326981001,55,"2","5",NA,2,NA,NA,89725.4335691707,NA
327160201,29,"2","5",NA,4,NA,NA,89725.4335691707,NA
327160401,36,"1","5",NA,5,NA,NA,89725.4335691707,NA
327160501,22,"2","9",NA,1,NA,NA,89725.4335691707,NA
327160601,22,"2","3",NA,2,NA,NA,89725.4335691707,NA
327570101,62,"2","4",NA,2,NA,NA,89725.4335691707,NA
327570301,86,"2","1",NA,4,NA,NA,89725.4335691707,NA
327570401,75,"1","1",NA,3,NA,NA,89725.4335691707,NA
327570501,46,"1","11",NA,5,NA,NA,89725.4335691707,NA
327570701,46,"2","5",NA,5,NA,NA,89725.4335691707,NA
327640101,41,"1","5","2",5,NA,NA,89725.4335691707,NA
327640401,48,"2","5","2",3,NA,NA,89725.4335691707,NA
327640701,37,"2","5","2",5,NA,NA,89725.4335691707,NA
327950101,63,"1","12","3",3,NA,NA,89725.4335691707,NA
327950601,36,"2","10","3",2,NA,NA,89725.4335691707,NA
327950801,26,"2","12","3",1,NA,NA,89725.4335691707,NA
327980501,56,"1","11","3",4,NA,NA,89725.4335691707,NA
327980601,64,"2","11","3",2,NA,NA,89725.4335691707,NA
328000101,48,"2","5","2",1,NA,NA,89725.4335691707,NA
328000501,40,"2","3","2",5,NA,NA,89725.4335691707,NA
328000601,31,"2",NA,"2",3,NA,NA,89725.4335691707,NA
328010201,41,"1","12",NA,2,NA,NA,89725.4335691707,NA
328010601,35,"2","11",NA,2,NA,NA,89725.4335691707,NA
328080101,42,"1","5","2",6,NA,NA,89725.4335691707,NA
328080201,30,"1","5","2",6,NA,NA,89725.4335691707,NA
328080301,72,"1",NA,"2",3,NA,NA,89725.4335691707,NA
328080401,22,"2","6","2",2,NA,NA,89725.4335691707,NA
328080501,85,"2","4","2",2,NA,NA,89725.4335691707,NA
328080701,69,"1",NA,"2",6,NA,NA,89725.4335691707,NA
328080801,75,"1","3","2",5,NA,NA,89725.4335691707,NA
328180501,28,"2","11",NA,2,NA,NA,89725.4335691707,NA
328380101,37,"1","5","2",2,NA,NA,89725.4335691707,NA
328380301,33,"1",NA,"2",4,NA,NA,89725.4335691707,NA
328380701,43,"2",NA,"2",5,NA,NA,89725.4335691707,NA
328380801,50,"2",NA,"2",3,NA,NA,89725.4335691707,NA
328400201,44,"2","11","3",2,NA,NA,89725.4335691707,NA
328400301,60,"2","1","3",2,NA,NA,89725.4335691707,NA
328400401,29,"2","8","3",1,NA,NA,89725.4335691707,NA
328400601,67,"1","11","3",1,NA,NA,89725.4335691707,NA
328470101,66,"2","3","1",4,NA,NA,89725.4335691707,NA
328470301,72,"1","1","1",2,NA,NA,89725.4335691707,NA
328470401,62,"2","1","1",6,NA,NA,89725.4335691707,NA
328470501,71,"2","5","1",3,NA,NA,89725.4335691707,NA
328470601,71,"2","1","1",4,NA,NA,89725.4335691707,NA
328470701,91,"2","1","1",2,NA,NA,89725.4335691707,NA
328470801,58,"2","11","1",3,NA,NA,89725.4335691707,NA
328520101,86,"2","1","1",1,NA,NA,89725.4335691707,NA
328520201,74,"1","4","1",3,NA,NA,89725.4335691707,NA
328520301,64,"1",NA,"1",5,NA,NA,89725.4335691707,NA
328520401,80,"2",NA,"1",1,NA,NA,89725.4335691707,NA
328520501,76,"2","1","1",6,NA,NA,89725.4335691707,NA
328520601,60,"2","11","1",1,NA,NA,89725.4335691707,NA
328520701,49,"2","6","1",2,NA,NA,89725.4335691707,NA
328520801,76,"1","1","1",4,NA,NA,89725.4335691707,NA
329020601,54,"1","9","3",3,NA,NA,89725.4335691707,NA
329020701,31,"2","11","3",3,NA,NA,89725.4335691707,NA
329020801,98,"2","5","3",1,NA,NA,89725.4335691707,NA
329080101,47,"1","3",NA,5,NA,NA,89725.4335691707,NA
329080301,40,"2","11",NA,3,NA,NA,89725.4335691707,NA
329080601,59,"1","6",NA,4,NA,NA,89725.4335691707,NA
329140301,35,"2","11","2",3,NA,NA,89725.4335691707,NA
329140401,49,"2","3","2",5,NA,NA,89725.4335691707,NA
329140501,82,"1","5","2",1,NA,NA,89725.4335691707,NA
329140601,59,"1","11","2",4,NA,NA,89725.4335691707,NA
329140701,61,"2","5","2",4,NA,NA,89725.4335691707,NA
329140702,58,"1","5","2",4,NA,NA,89725.4335691707,NA
329180201,46,"2","8","2",3,NA,NA,89725.4335691707,NA
329180301,59,"2","8","2",4,NA,NA,89725.4335691707,NA
329180501,25,"1","9","2",3,NA,NA,89725.4335691707,NA
329180601,69,"1","11","2",2,NA,NA,89725.4335691707,NA
329180701,41,"2","11","2",1,NA,NA,89725.4335691707,NA
329180801,62,"1","5","2",1,NA,NA,89725.4335691707,NA
329280101,57,"2","5",NA,1,NA,NA,89725.4335691707,NA
329280201,52,"2","6",NA,1,NA,NA,89725.4335691707,NA
329280301,51,"2","3",NA,6,NA,NA,89725.4335691707,NA
329280401,75,"2",NA,NA,2,NA,NA,89725.4335691707,NA
329280501,39,"2","8",NA,4,NA,NA,89725.4335691707,NA
329280601,41,"1","9",NA,2,NA,NA,89725.4335691707,NA
329280701,69,"1","5",NA,1,NA,NA,89725.4335691707,NA
329480201,34,"1","5","2",3,NA,NA,89725.4335691707,NA
329480401,41,"1","7","2",3,NA,NA,89725.4335691707,NA
329480701,54,"1","6","2",1,NA,NA,89725.4335691707,NA
329480801,36,"1","3","2",3,NA,NA,89725.4335691707,NA
329640101,72,"2","9",NA,2,NA,NA,89725.4335691707,NA
329640201,65,"1","11",NA,2,NA,NA,89725.4335691707,NA
329640301,83,"1","11",NA,2,NA,NA,89725.4335691707,NA
329640601,41,"1","12",NA,7,NA,NA,89725.4335691707,NA
329640701,53,"1","7",NA,8,NA,NA,89725.4335691707,NA
329660701,37,"2","8",NA,4,NA,NA,89725.4335691707,NA
329850101,70,"2",NA,NA,4,NA,NA,89725.4335691707,NA
329850301,65,"1",NA,NA,3,NA,NA,89725.4335691707,NA
329850401,63,"1","4",NA,3,NA,NA,89725.4335691707,NA
329850501,48,"1","5",NA,5,NA,NA,89725.4335691707,NA
329850601,42,"2","8",NA,3,NA,NA,89725.4335691707,NA
329850701,64,"2","4",NA,4,NA,NA,89725.4335691707,NA
329850801,56,"1","6",NA,4,NA,NA,89725.4335691707,NA
329910101,19,"2","9","3",2,NA,NA,89725.4335691707,NA
329910201,62,"1","11","3",1,NA,NA,89725.4335691707,NA
329930101,43,"2","11","2",7,NA,NA,89725.4335691707,NA
329930201,77,"2","10","2",3,NA,NA,89725.4335691707,NA
329930301,66,"2","11","2",2,NA,NA,89725.4335691707,NA
329930501,49,"1","11","2",1,NA,NA,89725.4335691707,NA
329930801,50,"2","9","2",8,NA,NA,89725.4335691707,NA
330420101,50,"2","5","2",1,NA,NA,89725.4335691707,NA
330420301,45,"1","6","2",5,NA,NA,89725.4335691707,NA
330420401,59,"2","6","2",2,NA,NA,89725.4335691707,NA
330420501,52,"1","6","2",4,NA,NA,89725.4335691707,NA
330420601,51,"2","6","2",5,NA,NA,89725.4335691707,NA
330470701,63,"1","5",NA,1,NA,NA,89725.4335691707,NA
330470901,75,"2","5",NA,2,NA,NA,89725.4335691707,NA
330500201,30,"1","8",NA,3,NA,NA,89725.4335691707,NA
330500301,54,"2","1",NA,6,NA,NA,89725.4335691707,NA
330500401,36,"2","11",NA,5,NA,NA,89725.4335691707,NA
330500601,72,"1","3",NA,2,NA,NA,89725.4335691707,NA
330500701,33,"2","7",NA,5,NA,NA,89725.4335691707,NA
330530201,26,"2","11",NA,2,NA,NA,89725.4335691707,NA
330530301,46,"1","7",NA,6,NA,NA,89725.4335691707,NA
330530801,37,"2","8",NA,2,NA,NA,89725.4335691707,NA
330560101,34,"1","6",NA,1,NA,NA,89725.4335691707,NA
330560301,59,"2","1",NA,2,NA,NA,89725.4335691707,NA
330560401,82,"1","1",NA,2,NA,NA,89725.4335691707,NA
330560501,55,"2",NA,NA,3,NA,NA,89725.4335691707,NA
330560601,40,"2",NA,NA,3,NA,NA,89725.4335691707,NA
330560701,49,"1","8",NA,4,NA,NA,89725.4335691707,NA
330560801,72,"2","3",NA,2,NA,NA,89725.4335691707,NA
330600201,51,"1",NA,"1",6,NA,NA,89725.4335691707,NA
330600301,78,"2","3","1",2,NA,NA,89725.4335691707,NA
330600401,33,"2","5","1",6,NA,NA,89725.4335691707,NA
330600601,75,"1","1","1",3,NA,NA,89725.4335691707,NA
330600701,25,"1","5","1",4,NA,NA,89725.4335691707,NA
330600801,57,"1",NA,"1",1,NA,NA,89725.4335691707,NA
330720101,45,"1","5","2",4,NA,NA,89725.4335691707,NA
330720301,33,"2","11","2",2,NA,NA,89725.4335691707,NA
330720401,42,"2","11","2",3,NA,NA,89725.4335691707,NA
330720501,63,"2","3","2",4,NA,NA,89725.4335691707,NA
330720601,57,"2","1","2",2,NA,NA,89725.4335691707,NA
330720801,79,"2","3","2",2,NA,NA,89725.4335691707,NA
330770101,50,"2",NA,NA,1,NA,NA,89725.4335691707,NA
330770301,59,"1","3",NA,4,NA,NA,89725.4335691707,NA
330770501,74,"2",NA,NA,2,NA,NA,89725.4335691707,NA
330770601,53,"1","1",NA,2,NA,NA,89725.4335691707,NA
330770801,25,"2","5",NA,3,NA,NA,89725.4335691707,NA
330850801,39,"1","11",NA,2,NA,NA,89725.4335691707,NA
331010201,45,"2","8",NA,4,NA,NA,89725.4335691707,NA
331010301,84,"2","3",NA,2,NA,NA,89725.4335691707,NA
331010601,48,"1",NA,NA,3,NA,NA,89725.4335691707,NA
331010701,82,"1","6",NA,2,NA,NA,89725.4335691707,NA
331010801,64,"1","7",NA,2,NA,NA,89725.4335691707,NA
331170101,43,"1","4","2",1,NA,NA,89725.4335691707,NA
331170201,76,"2","5","2",1,NA,NA,89725.4335691707,NA
331170301,44,"1","7","2",4,NA,NA,89725.4335691707,NA
331170401,63,"1","3","2",6,NA,NA,89725.4335691707,NA
331170501,34,"2","5","2",2,NA,NA,89725.4335691707,NA
331170801,40,"1","5","2",4,NA,NA,89725.4335691707,NA
331180101,64,"2","3","1",4,NA,NA,89725.4335691707,NA
331180201,80,"2","1","1",2,NA,NA,89725.4335691707,NA
331180202,59,"1","3","1",2,NA,NA,89725.4335691707,NA
331180301,57,"1","5","1",4,NA,NA,89725.4335691707,NA
331180401,79,"2","1","1",2,NA,NA,89725.4335691707,NA
331180402,40,"2","6","1",3,NA,NA,89725.4335691707,NA
331180501,67,"1",NA,"1",5,NA,NA,89725.4335691707,NA
331180601,46,"2","3","1",3,NA,NA,89725.4335691707,NA
331180701,79,"2","1","1",4,NA,NA,89725.4335691707,NA
331180801,48,"2",NA,"1",5,NA,NA,89725.4335691707,NA
331240101,59,"1","11",NA,5,NA,NA,89725.4335691707,NA
331240301,62,"2","8",NA,3,NA,NA,89725.4335691707,NA
331240302,35,"2","8",NA,3,NA,NA,89725.4335691707,NA
331240401,50,"1","11",NA,4,NA,NA,89725.4335691707,NA
331240601,42,"2","8",NA,3,NA,NA,89725.4335691707,NA
331350301,58,"2","9","3",3,NA,NA,89725.4335691707,NA
331350401,80,"1","12","3",3,NA,NA,89725.4335691707,NA
331350601,98,"2","5","3",1,NA,NA,89725.4335691707,NA
331420101,61,"2","6","3",2,NA,NA,89725.4335691707,NA
331420201,49,"2","12","3",2,NA,NA,89725.4335691707,NA
331420301,33,"1","9","3",2,NA,NA,89725.4335691707,NA
331420401,37,"1","9","3",4,NA,NA,89725.4335691707,NA
331420501,35,"1","11","3",4,NA,NA,89725.4335691707,NA
331420601,37,"2","11","3",2,NA,NA,89725.4335691707,NA
331420701,29,"2","9","3",2,NA,NA,89725.4335691707,NA
331420801,41,"2","8","3",3,NA,NA,89725.4335691707,NA
331450201,69,"2","3",NA,7,NA,NA,89725.4335691707,NA
331450301,44,"2","6",NA,5,NA,NA,89725.4335691707,NA
331450501,69,"1",NA,NA,1,NA,NA,89725.4335691707,NA
331450701,53,"2","3",NA,7,NA,NA,89725.4335691707,NA
331450801,64,"1","5",NA,4,NA,NA,89725.4335691707,NA
331470101,22,"2","6",NA,2,NA,NA,89725.4335691707,NA
331470201,49,"1",NA,NA,1,NA,NA,89725.4335691707,NA
331470401,53,"2","1",NA,7,NA,NA,89725.4335691707,NA
331470501,56,"1",NA,NA,7,NA,NA,89725.4335691707,NA
331470701,36,"1",NA,NA,7,NA,NA,89725.4335691707,NA
331470801,58,"2",NA,NA,3,NA,NA,89725.4335691707,NA
331500101,43,"1","8",NA,3,NA,NA,89725.4335691707,NA
331500501,51,"1","6",NA,4,NA,NA,89725.4335691707,NA
331500801,34,"1","8",NA,3,NA,NA,89725.4335691707,NA
331790101,52,"2","1",NA,3,NA,NA,89725.4335691707,NA
331790201,58,"1",NA,NA,3,NA,NA,89725.4335691707,NA
331790301,78,"1","-88",NA,7,NA,NA,89725.4335691707,NA
331790401,64,"1","1",NA,4,NA,NA,89725.4335691707,NA
331790501,34,"2","4",NA,4,NA,NA,89725.4335691707,NA
331790701,46,"1","6",NA,3,NA,NA,89725.4335691707,NA
331790801,63,"1","1",NA,4,NA,NA,89725.4335691707,NA
331850501,62,"2","11",NA,2,NA,NA,89725.4335691707,NA
331850701,27,"2","6",NA,2,NA,NA,89725.4335691707,NA
331880201,35,"1","11","3",1,NA,NA,89725.4335691707,NA
331880701,40,"1","11","3",2,NA,NA,89725.4335691707,NA
331920101,23,"2","1","1",3,NA,NA,89725.4335691707,NA
331920201,53,"1","3","1",4,NA,NA,89725.4335691707,NA
331920301,69,"2","3","1",1,NA,NA,89725.4335691707,NA
331920401,70,"1","1","1",2,NA,NA,89725.4335691707,NA
331920501,67,"2","1","1",3,NA,NA,89725.4335691707,NA
331990101,74,"1","1",NA,2,NA,NA,89725.4335691707,NA
331990201,73,"1",NA,NA,3,NA,NA,89725.4335691707,NA
331990301,61,"1","1",NA,5,NA,NA,89725.4335691707,NA
331990401,57,"2",NA,NA,5,NA,NA,89725.4335691707,NA
331990501,74,"2","1",NA,1,NA,NA,89725.4335691707,NA
331990601,60,"1",NA,NA,3,NA,NA,89725.4335691707,NA
331990701,66,"1",NA,NA,2,NA,NA,89725.4335691707,NA
331990801,34,"2","4",NA,5,NA,NA,89725.4335691707,NA
331990901,78,"1",NA,NA,8,NA,NA,89725.4335691707,NA
331991001,59,"1","1",NA,2,NA,NA,89725.4335691707,NA
332370201,30,"2","8",NA,1,NA,NA,89725.4335691707,NA
332440101,52,"1","6","2",2,NA,NA,89725.4335691707,NA
332440401,51,"2","5","2",1,NA,NA,89725.4335691707,NA
332440501,43,"1","5","2",3,NA,NA,89725.4335691707,NA
332440601,85,"2","1","2",1,NA,NA,89725.4335691707,NA
332440701,85,"2","3","2",3,NA,NA,89725.4335691707,NA
332440801,30,"1","5","2",1,NA,NA,89725.4335691707,NA
332580201,59,"1","6","2",1,NA,NA,89725.4335691707,NA
332580301,58,"1",NA,"2",5,NA,NA,89725.4335691707,NA
332580401,68,"2","1","2",9,NA,NA,89725.4335691707,NA
332580601,42,"1","3","2",4,NA,NA,89725.4335691707,NA
332580701,51,"2","5","2",2,NA,NA,89725.4335691707,NA
332580801,52,"2",NA,"2",2,NA,NA,89725.4335691707,NA
332610101,46,"1","8","2",3,NA,NA,89725.4335691707,NA
332610301,56,"1","-88","2",2,NA,NA,89725.4335691707,NA
332610302,28,"2","9","2",1,NA,NA,89725.4335691707,NA
332610401,64,"2","5","2",1,NA,NA,89725.4335691707,NA
332610701,61,"2","3","2",1,NA,NA,89725.4335691707,NA
332830101,50,"1","5","1",6,NA,NA,89725.4335691707,NA
332830201,62,"1","1","1",3,NA,NA,89725.4335691707,NA
332830301,84,"2","1","1",5,NA,NA,89725.4335691707,NA
332830601,49,"2","5","1",4,NA,NA,89725.4335691707,NA
332830801,40,"2","5","1",4,NA,NA,89725.4335691707,NA
333040201,37,"1","12","3",2,NA,NA,89725.4335691707,NA
333040401,28,"2","12","3",2,NA,NA,89725.4335691707,NA
333040501,43,"2","11","3",1,NA,NA,89725.4335691707,NA
333040601,47,"2","11","3",3,NA,NA,89725.4335691707,NA
333160101,71,"2","3","3",1,NA,NA,89725.4335691707,NA
333160201,47,"2","11","3",2,NA,NA,89725.4335691707,NA
333160301,66,"2","4","3",1,NA,NA,89725.4335691707,NA
333160401,31,"2","11","3",2,NA,NA,89725.4335691707,NA
333160501,39,"1","11","3",1,NA,NA,89725.4335691707,NA
333160601,61,"2","5","3",2,NA,NA,89725.4335691707,NA
333160701,32,"1","5","3",7,NA,NA,89725.4335691707,NA
333160801,55,"2","5","3",3,NA,NA,89725.4335691707,NA
333330101,71,"2","1","2",3,NA,NA,89725.4335691707,NA
333330301,57,"2","3","2",4,NA,NA,89725.4335691707,NA
333330302,53,"1",NA,"2",4,NA,NA,89725.4335691707,NA
333330501,62,"2","5","2",3,NA,NA,89725.4335691707,NA
333330601,95,"1","1","2",2,NA,NA,89725.4335691707,NA
333330701,48,"2",NA,"2",3,NA,NA,89725.4335691707,NA
333330801,71,"2","3","2",3,NA,NA,89725.4335691707,NA
333520101,68,"2","3",NA,1,NA,NA,89725.4335691707,NA
333520501,66,"2","4",NA,1,NA,NA,89725.4335691707,NA
333650201,84,"1","5","3",2,NA,NA,89725.4335691707,NA
333650801,38,"2","12","3",2,NA,NA,89725.4335691707,NA
333670201,30,"1","11",NA,1,NA,NA,89725.4335691707,NA
333670801,59,"1","12",NA,1,NA,NA,89725.4335691707,NA
333830101,58,"2","8","2",3,NA,NA,89725.4335691707,NA
333830201,63,"1","8","2",4,NA,NA,89725.4335691707,NA
333830401,33,"1","11","2",4,NA,NA,89725.4335691707,NA
333830501,66,"1","6","2",1,NA,NA,89725.4335691707,NA
333880101,40,"2","5",NA,6,NA,NA,89725.4335691707,NA
333880201,53,"2","5",NA,4,NA,NA,89725.4335691707,NA
333880301,43,"2","11",NA,4,NA,NA,89725.4335691707,NA
333880401,35,"1","1",NA,1,NA,NA,89725.4335691707,NA
333880501,58,"1","9",NA,2,NA,NA,89725.4335691707,NA
333880601,54,"2","5",NA,1,NA,NA,89725.4335691707,NA
333880701,83,"2",NA,NA,1,NA,NA,89725.4335691707,NA
333880801,60,"1","5",NA,3,NA,NA,89725.4335691707,NA
333950101,42,"2","8","3",3,NA,NA,89725.4335691707,NA
333950201,34,"1","8","3",1,NA,NA,89725.4335691707,NA
333950301,47,"2","3","3",7,NA,NA,89725.4335691707,NA
333950401,30,"2","8","3",3,NA,NA,89725.4335691707,NA
333950501,36,"1","11","3",3,NA,NA,89725.4335691707,NA
333990401,34,"1","12",NA,2,NA,NA,89725.4335691707,NA
333990501,32,"1","11",NA,2,NA,NA,89725.4335691707,NA
334230201,43,"2","7",NA,8,NA,NA,89725.4335691707,NA
334230401,53,"2","6",NA,3,NA,NA,89725.4335691707,NA
334230501,50,"2","5",NA,3,NA,NA,89725.4335691707,NA
334230601,59,"1","1",NA,2,NA,NA,89725.4335691707,NA
334230701,32,"1","5",NA,6,NA,NA,89725.4335691707,NA
334230801,74,"2","8",NA,2,NA,NA,89725.4335691707,NA
334270301,36,"1","11",NA,1,NA,NA,89725.4335691707,NA
334270701,55,"2","11",NA,2,NA,NA,89725.4335691707,NA
334440201,80,"1","3",NA,3,NA,NA,89725.4335691707,NA
334440401,50,"1","5",NA,4,NA,NA,89725.4335691707,NA
334440501,67,"1","5",NA,4,NA,NA,89725.4335691707,NA
334440801,62,"1","5",NA,3,NA,NA,89725.4335691707,NA
334550101,63,"1","5",NA,3,NA,NA,89725.4335691707,NA
334550201,45,"2","11",NA,6,NA,NA,89725.4335691707,NA
334550401,60,"1","1",NA,3,NA,NA,89725.4335691707,NA
334550501,74,"2","1",NA,2,NA,NA,89725.4335691707,NA
334550601,56,"2","4",NA,2,NA,NA,89725.4335691707,NA
334550701,37,"2","5",NA,3,NA,NA,89725.4335691707,NA
334900101,42,"2","9","3",1,NA,NA,89725.4335691707,NA
334900201,88,"1","11","3",4,NA,NA,89725.4335691707,NA
334900401,71,"2","11","3",2,NA,NA,89725.4335691707,NA
334900501,64,"2","11","3",2,NA,NA,89725.4335691707,NA
334900601,69,"2","11","3",2,NA,NA,89725.4335691707,NA
334900701,82,"1","9","3",4,NA,NA,89725.4335691707,NA
335180101,60,"2",NA,"2",1,NA,NA,89725.4335691707,NA
335180201,69,"2",NA,"2",1,NA,NA,89725.4335691707,NA
335180301,58,"2","3","2",4,NA,NA,89725.4335691707,NA
335180501,26,"1","8","2",2,NA,NA,89725.4335691707,NA
335180601,58,"2","5","2",2,NA,NA,89725.4335691707,NA
335180701,50,"2","5","2",2,NA,NA,89725.4335691707,NA
335180801,52,"2","1","2",3,NA,NA,89725.4335691707,NA
335220101,64,"2","1","3",3,NA,NA,89725.4335691707,NA
335220401,31,"1","11","3",2,NA,NA,89725.4335691707,NA
335220801,82,"2","3","3",1,NA,NA,89725.4335691707,NA
335240101,31,"1","3","2",2,NA,NA,89725.4335691707,NA
335240201,37,"2","6","2",3,NA,NA,89725.4335691707,NA
335240301,63,"2","3","2",8,NA,NA,89725.4335691707,NA
335240401,47,"2","5","2",2,NA,NA,89725.4335691707,NA
335240501,38,"1","11","2",2,NA,NA,89725.4335691707,NA
335240701,65,"2","3","2",2,NA,NA,89725.4335691707,NA
335540101,36,"2","8","2",3,NA,NA,89725.4335691707,NA
335540201,37,"1","3","2",4,NA,NA,89725.4335691707,NA
335540301,53,"2","1","2",1,NA,NA,89725.4335691707,NA
335540401,36,"1","7","2",5,NA,NA,89725.4335691707,NA
335540501,36,"2",NA,"2",8,NA,NA,89725.4335691707,NA
335540601,65,"2",NA,"2",2,NA,NA,89725.4335691707,NA
335540701,28,"2","5","2",5,NA,NA,89725.4335691707,NA
335540801,62,"1","1","2",6,NA,NA,89725.4335691707,NA
335820101,80,"2","5",NA,1,NA,NA,89725.4335691707,NA
335820301,37,"1","6",NA,1,NA,NA,89725.4335691707,NA
335820701,55,"1","11",NA,4,NA,NA,89725.4335691707,NA
335820801,55,"1","12",NA,5,NA,NA,89725.4335691707,NA
336290301,70,"1","8",NA,3,NA,NA,89725.4335691707,NA
336290401,34,"2","7",NA,3,NA,NA,89725.4335691707,NA
336290701,54,"2","9",NA,2,NA,NA,89725.4335691707,NA
336460101,63,"1","11","3",2,NA,NA,89725.4335691707,NA
336460301,43,"2","11","3",2,NA,NA,89725.4335691707,NA
336460501,70,"1","11","3",2,NA,NA,89725.4335691707,NA
336460601,61,"1","9","3",1,NA,NA,89725.4335691707,NA
336460701,75,"2","12","3",1,NA,NA,89725.4335691707,NA
336460801,26,"1","11","3",2,NA,NA,89725.4335691707,NA
336640201,77,"1","7",NA,4,NA,NA,89725.4335691707,NA
336640401,59,"1","11",NA,4,NA,NA,89725.4335691707,NA
336640501,49,"2","11",NA,6,NA,NA,89725.4335691707,NA
336640701,68,"2","9",NA,2,NA,NA,89725.4335691707,NA
336760501,49,"2","12","3",2,NA,NA,89725.4335691707,NA
336760601,53,"2","6","3",1,NA,NA,89725.4335691707,NA
336780101,35,"2",NA,"1",6,NA,NA,89725.4335691707,NA
336780201,33,"2","3","1",4,NA,NA,89725.4335691707,NA
336780301,32,"2","5","1",4,NA,NA,89725.4335691707,NA
336780401,39,"2","6","1",3,NA,NA,89725.4335691707,NA
336780501,50,"2","5","1",2,NA,NA,89725.4335691707,NA
336780601,38,"1","5","1",5,NA,NA,89725.4335691707,NA
336780701,60,"1","5","1",5,NA,NA,89725.4335691707,NA
336780801,71,"1","3","1",6,NA,NA,89725.4335691707,NA
337110101,52,"1","5",NA,3,NA,NA,89725.4335691707,NA
337110201,66,"1","5",NA,2,NA,NA,89725.4335691707,NA
337110401,51,"2","6",NA,3,NA,NA,89725.4335691707,NA
337110501,72,"1","5",NA,1,NA,NA,89725.4335691707,NA
337110601,50,"1","4",NA,4,NA,NA,89725.4335691707,NA
337230201,34,"2","8",NA,6,NA,NA,89725.4335691707,NA
337230401,77,"2","11",NA,2,NA,NA,89725.4335691707,NA
337560301,61,"2","3",NA,2,NA,NA,89725.4335691707,NA
337610101,43,"2","5","1",2,NA,NA,89725.4335691707,NA
337610201,70,"1","11","1",2,NA,NA,89725.4335691707,NA
337610301,23,"2","9","1",2,NA,NA,89725.4335691707,NA
337610401,30,"1","9","1",1,NA,NA,89725.4335691707,NA
337610601,30,"1","11","1",5,NA,NA,89725.4335691707,NA
337610801,35,"1","11","1",2,NA,NA,89725.4335691707,NA
337620101,35,"2","8",NA,4,NA,NA,89725.4335691707,NA
337620201,69,"1","1",NA,3,NA,NA,89725.4335691707,NA
337620301,69,"2","3",NA,2,NA,NA,89725.4335691707,NA
337620401,49,"1","5",NA,4,NA,NA,89725.4335691707,NA
337620501,66,"1","7",NA,2,NA,NA,89725.4335691707,NA
337620701,59,"1","1",NA,4,NA,NA,89725.4335691707,NA
337621001,56,"2","3",NA,3,NA,NA,89725.4335691707,NA
337950301,73,"1","1","1",2,NA,NA,89725.4335691707,NA
337950401,81,"1","1","1",3,NA,NA,89725.4335691707,NA
337950501,57,"2","3","1",3,NA,NA,89725.4335691707,NA
337950502,72,"1","1","1",2,NA,NA,89725.4335691707,NA
337950601,39,"1","3","1",5,NA,NA,89725.4335691707,NA
337950801,48,"1","5","1",3,NA,NA,89725.4335691707,NA
337980101,52,"1","6","2",2,NA,NA,89725.4335691707,NA
337980301,44,"1","3","2",1,NA,NA,89725.4335691707,NA
337980401,71,"2",NA,"2",1,NA,NA,89725.4335691707,NA
337980501,42,"2","7","2",4,NA,NA,89725.4335691707,NA
337980601,69,"2","11","2",1,NA,NA,89725.4335691707,NA
337980701,66,"1","5","2",2,NA,NA,89725.4335691707,NA
337980801,56,"2","1","2",3,NA,NA,89725.4335691707,NA
338080201,62,"2","4","2",4,NA,NA,89725.4335691707,NA
338080301,37,"2","11","2",3,NA,NA,89725.4335691707,NA
338080401,81,"1","5","2",3,NA,NA,89725.4335691707,NA
338080501,60,"1","6","2",5,NA,NA,89725.4335691707,NA
338080601,68,"2","3","2",1,NA,NA,89725.4335691707,NA
338080701,57,"2","3","2",3,NA,NA,89725.4335691707,NA
338080801,71,"2","1","2",5,NA,NA,89725.4335691707,NA
338160101,26,"2","9","3",5,NA,NA,89725.4335691707,NA
338160201,34,"2","11","3",5,NA,NA,89725.4335691707,NA
338160301,28,"2","8","3",2,NA,NA,89725.4335691707,NA
338160501,67,"1","9","3",1,NA,NA,89725.4335691707,NA
338160701,44,"2","8","3",3,NA,NA,89725.4335691707,NA
338160801,36,"2","11","3",4,NA,NA,89725.4335691707,NA
338200801,19,"1","9","3",4,NA,NA,89725.4335691707,NA
338360201,77,"1",NA,"1",6,NA,NA,89725.4335691707,NA
338360301,76,"1","1","1",3,NA,NA,89725.4335691707,NA
338360501,58,"1","3","1",2,NA,NA,89725.4335691707,NA
338360601,23,"1","6","1",5,NA,NA,89725.4335691707,NA
338360701,75,"2","1","1",2,NA,NA,89725.4335691707,NA
338360801,77,"2","1","1",1,NA,NA,89725.4335691707,NA
338510101,56,"1","5",NA,3,NA,NA,89725.4335691707,NA
338510201,51,"2",NA,NA,2,NA,NA,89725.4335691707,NA
338510301,49,"2","9",NA,2,NA,NA,89725.4335691707,NA
338510501,83,"1","3",NA,2,NA,NA,89725.4335691707,NA
338510601,42,"2","1",NA,3,NA,NA,89725.4335691707,NA
338510701,75,"1","3",NA,2,NA,NA,89725.4335691707,NA
338510801,46,"2","5",NA,3,NA,NA,89725.4335691707,NA
338720101,26,"2","5",NA,3,NA,NA,89725.4335691707,NA
338720501,29,"1","11",NA,2,NA,NA,89725.4335691707,NA
338750101,41,"1","9","2",1,NA,NA,89725.4335691707,NA
338750401,42,"2","11","2",4,NA,NA,89725.4335691707,NA
338930401,25,"1","8",NA,2,NA,NA,89725.4335691707,NA
338980201,59,"1","4","2",5,NA,NA,89725.4335691707,NA
339270101,42,"2","8","3",5,NA,NA,89725.4335691707,NA
339270501,52,"1","11","3",1,NA,NA,89725.4335691707,NA
339270601,57,"2","8","3",1,NA,NA,89725.4335691707,NA
339270801,48,"2","7","3",4,NA,NA,89725.4335691707,NA
339340201,83,"2","1",NA,2,NA,NA,89725.4335691707,NA
339340301,66,"2","5",NA,2,NA,NA,89725.4335691707,NA
339340501,78,"1",NA,NA,1,NA,NA,89725.4335691707,NA
339340601,80,"1","3",NA,3,NA,NA,89725.4335691707,NA
339340701,82,"1","1",NA,2,NA,NA,89725.4335691707,NA
339340801,42,"2","5",NA,2,NA,NA,89725.4335691707,NA
339370101,61,"2","9","3",1,NA,NA,89725.4335691707,NA
339370201,41,"1","11","3",1,NA,NA,89725.4335691707,NA
339580101,22,"1","3","2",4,NA,NA,89725.4335691707,NA
339580301,44,"2","11","2",2,NA,NA,89725.4335691707,NA
339580401,33,"2","10","2",4,NA,NA,89725.4335691707,NA
339580501,73,"1","1","2",4,NA,NA,89725.4335691707,NA
339580601,70,"1","3","2",3,NA,NA,89725.4335691707,NA
339580801,62,"2","-88","2",3,NA,NA,89725.4335691707,NA
339590101,38,"2","11","3",6,NA,NA,89725.4335691707,NA
339590301,42,"2","11","3",3,NA,NA,89725.4335691707,NA
339590401,35,"2","11","3",3,NA,NA,89725.4335691707,NA
339590501,62,"1","11","3",4,NA,NA,89725.4335691707,NA
339590701,50,"2","9","3",4,NA,NA,89725.4335691707,NA
339600101,40,"1","11",NA,4,NA,NA,89725.4335691707,NA
339600201,71,"1",NA,NA,2,NA,NA,89725.4335691707,NA
339600401,57,"1","8",NA,4,NA,NA,89725.4335691707,NA
339600601,84,"1","5",NA,3,NA,NA,89725.4335691707,NA
339620101,56,"2","5","2",4,NA,NA,89725.4335691707,NA
339620301,67,"1",NA,"2",2,NA,NA,89725.4335691707,NA
339620501,22,"2","6","2",4,NA,NA,89725.4335691707,NA
339620601,46,"2","5","2",2,NA,NA,89725.4335691707,NA
339620701,45,"1","5","2",5,NA,NA,89725.4335691707,NA
339620801,61,"2","5","2",4,NA,NA,89725.4335691707,NA
339770101,51,"2","5","1",3,NA,NA,89725.4335691707,NA
339770201,38,"2","3","1",4,NA,NA,89725.4335691707,NA
339770301,49,"2","1","1",3,NA,NA,89725.4335691707,NA
339770401,29,"1","5","1",1,NA,NA,89725.4335691707,NA
339770501,56,"1","7","1",4,NA,NA,89725.4335691707,NA
339770601,45,"1","12","1",2,NA,NA,89725.4335691707,NA
339770701,36,"2","8","1",4,NA,NA,89725.4335691707,NA
339770801,51,"1","3","1",6,NA,NA,89725.4335691707,NA
339790101,37,"2","11",NA,10,NA,NA,89725.4335691707,NA
339790201,84,"2","4",NA,2,NA,NA,89725.4335691707,NA
339790301,60,"2","11",NA,2,NA,NA,89725.4335691707,NA
339790501,32,"2","12",NA,2,NA,NA,89725.4335691707,NA
339950501,32,"2","8",NA,5,NA,NA,89725.4335691707,NA
339950601,80,"1","-88",NA,4,NA,NA,89725.4335691707,NA
339980201,29,"1","1",NA,3,NA,NA,89725.4335691707,NA
339980202,32,"1",NA,NA,1,NA,NA,89725.4335691707,NA
339980301,67,"1","1",NA,2,NA,NA,89725.4335691707,NA
339980401,67,"2","1",NA,2,NA,NA,89725.4335691707,NA
339980501,54,"1","5",NA,1,NA,NA,89725.4335691707,NA
339980701,69,"1","1",NA,2,NA,NA,89725.4335691707,NA
340030101,44,"2","6",NA,4,NA,NA,89725.4335691707,NA
340030301,76,"1","5",NA,2,NA,NA,89725.4335691707,NA
340030401,44,"1","11",NA,6,NA,NA,89725.4335691707,NA
340030701,62,"2","3",NA,3,NA,NA,89725.4335691707,NA
340030801,52,"1","6",NA,1,NA,NA,89725.4335691707,NA
340060101,38,"1","6",NA,3,NA,NA,89725.4335691707,NA
340060201,48,"2","5",NA,4,NA,NA,89725.4335691707,NA
340060301,37,"2","9",NA,4,NA,NA,89725.4335691707,NA
340060501,53,"2",NA,NA,1,NA,NA,89725.4335691707,NA
340060502,30,"2","5",NA,2,NA,NA,89725.4335691707,NA
340060601,62,"2","3",NA,3,NA,NA,89725.4335691707,NA
340060801,31,"2","9",NA,4,NA,NA,89725.4335691707,NA
340100201,48,"1","3","3",4,NA,NA,89725.4335691707,NA
340100301,45,"1",NA,"3",5,NA,NA,89725.4335691707,NA
340100401,49,"1","5","3",4,NA,NA,89725.4335691707,NA
340100501,39,"1","8","3",2,NA,NA,89725.4335691707,NA
340100601,44,"2","8","3",2,NA,NA,89725.4335691707,NA
340100701,45,"2","7","3",3,NA,NA,89725.4335691707,NA
340100801,42,"1","9","3",2,NA,NA,89725.4335691707,NA
340390101,34,"1","11","3",2,NA,NA,89725.4335691707,NA
340390201,59,"2","3","3",1,NA,NA,89725.4335691707,NA
340390301,39,"1","12","3",3,NA,NA,89725.4335691707,NA
340390401,75,"1","1","3",5,NA,NA,89725.4335691707,NA
340390501,50,"1","8","3",2,NA,NA,89725.4335691707,NA
340390601,39,"2","11","3",3,NA,NA,89725.4335691707,NA
340390701,42,"1","11","3",4,NA,NA,89725.4335691707,NA
340390801,42,"1","8","3",5,NA,NA,89725.4335691707,NA
340480101,73,"1","1",NA,1,NA,NA,89725.4335691707,NA
340480201,78,"2","1",NA,3,NA,NA,89725.4335691707,NA
340480301,62,"1","5",NA,5,NA,NA,89725.4335691707,NA
340480601,63,"1","-88",NA,3,NA,NA,89725.4335691707,NA
340480701,56,"1","5",NA,5,NA,NA,89725.4335691707,NA
340480801,35,"1","6",NA,4,NA,NA,89725.4335691707,NA
340590101,45,"2","3",NA,2,NA,NA,89725.4335691707,NA
340590301,64,"1","5",NA,2,NA,NA,89725.4335691707,NA
340590501,40,"2","8",NA,2,NA,NA,89725.4335691707,NA
340590601,49,"2","8",NA,2,NA,NA,89725.4335691707,NA
341020101,47,"1","4","2",3,NA,NA,89725.4335691707,NA
341020201,81,"2","1","2",3,NA,NA,89725.4335691707,NA
341020301,40,"2","9","2",9,NA,NA,89725.4335691707,NA
341020401,43,"2","5","2",3,NA,NA,89725.4335691707,NA
341020501,54,"2","3","2",5,NA,NA,89725.4335691707,NA
341020601,49,"2","6","2",3,NA,NA,89725.4335691707,NA
341020701,76,"1","5","2",4,NA,NA,89725.4335691707,NA
341060101,21,"1","5",NA,2,NA,NA,89725.4335691707,NA
341100201,40,"2",NA,NA,2,NA,NA,89725.4335691707,NA
341100301,46,"2","5",NA,4,NA,NA,89725.4335691707,NA
341100401,25,"2","8",NA,5,NA,NA,89725.4335691707,NA
341100501,34,"2",NA,NA,3,NA,NA,89725.4335691707,NA
341100601,29,"1","3",NA,5,NA,NA,89725.4335691707,NA
341100701,63,"2","6",NA,3,NA,NA,89725.4335691707,NA
341100801,59,"1","6",NA,2,NA,NA,89725.4335691707,NA
341300101,35,"2","11",NA,2,NA,NA,89725.4335691707,NA
341300301,85,"2","3",NA,2,NA,NA,89725.4335691707,NA
341300501,59,"2","8",NA,1,NA,NA,89725.4335691707,NA
341300801,72,"2","5",NA,4,NA,NA,89725.4335691707,NA
341590101,30,"2","11","1",4,NA,NA,89725.4335691707,NA
341590201,58,"2","6","1",2,NA,NA,89725.4335691707,NA
341590401,35,"2","5","1",5,NA,NA,89725.4335691707,NA
341590501,60,"2","5","1",3,NA,NA,89725.4335691707,NA
341590601,83,"1","1","1",4,NA,NA,89725.4335691707,NA
341590701,69,"1","4","1",3,NA,NA,89725.4335691707,NA
341590801,55,"1","5","1",4,NA,NA,89725.4335691707,NA
341620101,55,"1","10",NA,5,NA,NA,89725.4335691707,NA
341620801,67,"2","9",NA,2,NA,NA,89725.4335691707,NA
341810101,25,"1","9","3",1,NA,NA,89725.4335691707,NA
341810201,37,"2","11","3",1,NA,NA,89725.4335691707,NA
341810301,64,"2",NA,"3",4,NA,NA,89725.4335691707,NA
341810401,78,"2","10","3",2,NA,NA,89725.4335691707,NA
341810501,49,"1","12","3",2,NA,NA,89725.4335691707,NA
341810601,42,"1","12","3",2,NA,NA,89725.4335691707,NA
341810801,32,"1","11","3",2,NA,NA,89725.4335691707,NA
341850201,48,"1","6","1",4,NA,NA,89725.4335691707,NA
341850501,72,"1","-88","1",5,NA,NA,89725.4335691707,NA
341850601,79,"2","1","1",3,NA,NA,89725.4335691707,NA
341850701,42,"1","5","1",1,NA,NA,89725.4335691707,NA
341850801,89,"2",NA,"1",4,NA,NA,89725.4335691707,NA
341980301,52,"2","6",NA,3,NA,NA,89725.4335691707,NA
341980501,56,"2",NA,NA,1,NA,NA,89725.4335691707,NA
341980601,50,"1","4",NA,5,NA,NA,89725.4335691707,NA
341980801,31,"2","8",NA,2,NA,NA,89725.4335691707,NA
342140101,56,"1","9",NA,3,NA,NA,89725.4335691707,NA
342140201,29,"2","12",NA,2,NA,NA,89725.4335691707,NA
342140301,67,"2","11",NA,2,NA,NA,89725.4335691707,NA
342140401,76,"2","9",NA,1,NA,NA,89725.4335691707,NA
342140501,80,"2","11",NA,1,NA,NA,89725.4335691707,NA
342140701,33,"2","12",NA,2,NA,NA,89725.4335691707,NA
342220101,49,"1","9",NA,3,NA,NA,89725.4335691707,NA
342220201,75,"2","11",NA,2,NA,NA,89725.4335691707,NA
342220401,75,"2","8",NA,1,NA,NA,89725.4335691707,NA
342220601,42,"1","11",NA,2,NA,NA,89725.4335691707,NA
342220701,37,"1","11",NA,1,NA,NA,89725.4335691707,NA
342220801,26,"1","9",NA,3,NA,NA,89725.4335691707,NA
342400101,57,"2","5","2",4,NA,NA,89725.4335691707,NA
342400201,68,"2","3","2",2,NA,NA,89725.4335691707,NA
342400301,48,"1","9","2",5,NA,NA,89725.4335691707,NA
342400501,59,"1","3","2",2,NA,NA,89725.4335691707,NA
342400601,60,"1","3","2",3,NA,NA,89725.4335691707,NA
342400801,72,"2","5","2",1,NA,NA,89725.4335691707,NA
342440201,64,"2","3",NA,1,NA,NA,89725.4335691707,NA
342440301,38,"2","9",NA,5,NA,NA,89725.4335691707,NA
342440501,69,"2","5",NA,1,NA,NA,89725.4335691707,NA
342440701,46,"1","11",NA,3,NA,NA,89725.4335691707,NA
342440801,27,"2","11",NA,2,NA,NA,89725.4335691707,NA
342490101,27,"1","4","2",6,NA,NA,89725.4335691707,NA
342490201,58,"1","1","2",3,NA,NA,89725.4335691707,NA
342490301,47,"2","6","2",9,NA,NA,89725.4335691707,NA
342490501,84,"1","1","2",2,NA,NA,89725.4335691707,NA
342490601,52,"2",NA,"2",4,NA,NA,89725.4335691707,NA
342490701,48,"1","3","2",3,NA,NA,89725.4335691707,NA
342750201,74,"2","11",NA,2,NA,NA,89725.4335691707,NA
342750401,32,"2","11",NA,2,NA,NA,89725.4335691707,NA
342750501,64,"1","11",NA,2,NA,NA,89725.4335691707,NA
342750701,43,"1","11",NA,1,NA,NA,89725.4335691707,NA
342780101,73,"1","8",NA,2,NA,NA,89725.4335691707,NA
342780301,36,"1","8",NA,1,NA,NA,89725.4335691707,NA
342780401,31,"2","9",NA,2,NA,NA,89725.4335691707,NA
342780501,41,"2","5",NA,5,NA,NA,89725.4335691707,NA
342780701,57,"1","5",NA,5,NA,NA,89725.4335691707,NA
342990101,87,"2","5","2",2,NA,NA,89725.4335691707,NA
342990401,67,"1","5","2",2,NA,NA,89725.4335691707,NA
342990601,30,"2","9","2",2,NA,NA,89725.4335691707,NA
342990701,62,"1","5","2",1,NA,NA,89725.4335691707,NA
342990801,31,"1","12","2",1,NA,NA,89725.4335691707,NA
343000101,81,"1","11","3",2,NA,NA,89725.4335691707,NA
343000201,52,"2","12","3",4,NA,NA,89725.4335691707,NA
343000301,48,"1","11","3",4,NA,NA,89725.4335691707,NA
343000501,55,"1","11","3",4,NA,NA,89725.4335691707,NA
343000601,52,"1","11","3",5,NA,NA,89725.4335691707,NA
343000701,49,"1","11","3",5,NA,NA,89725.4335691707,NA
343000801,75,"2","11","3",1,NA,NA,89725.4335691707,NA
343020101,29,"1","7","3",4,NA,NA,89725.4335691707,NA
343020201,33,"1","5","3",4,NA,NA,89725.4335691707,NA
343020301,65,"1","5","3",3,NA,NA,89725.4335691707,NA
343020401,40,"2","6","3",1,NA,NA,89725.4335691707,NA
343020501,38,"2","11","3",4,NA,NA,89725.4335691707,NA
343020601,53,"2","3","3",3,NA,NA,89725.4335691707,NA
343020801,57,"2",NA,"3",3,NA,NA,89725.4335691707,NA
343250101,45,"1","11","3",6,NA,NA,89725.4335691707,NA
343250201,58,"2","11","3",4,NA,NA,89725.4335691707,NA
343250701,40,"2","12","3",2,NA,NA,89725.4335691707,NA
343260601,31,"1","12",NA,1,NA,NA,89725.4335691707,NA
343260701,27,"2","10",NA,1,NA,NA,89725.4335691707,NA
343330201,75,"1","11","2",2,NA,NA,89725.4335691707,NA
343330501,67,"1","9","2",5,NA,NA,89725.4335691707,NA
343360201,28,"2","11","3",2,NA,NA,89725.4335691707,NA
343360301,68,"1","3","3",2,NA,NA,89725.4335691707,NA
343360601,28,"1","11","3",3,NA,NA,89725.4335691707,NA
343360701,84,"1","4","3",2,NA,NA,89725.4335691707,NA
343360801,35,"2","11","3",6,NA,NA,89725.4335691707,NA
343420101,34,"2","3","2",3,NA,NA,89725.4335691707,NA
343420201,41,"2","6","2",1,NA,NA,89725.4335691707,NA
343420301,26,"2","3","2",3,NA,NA,89725.4335691707,NA
343420401,46,"1","1","2",1,NA,NA,89725.4335691707,NA
343420601,68,"1","5","2",2,NA,NA,89725.4335691707,NA
343420701,36,"2","9","2",3,NA,NA,89725.4335691707,NA
343420801,62,"2",NA,"2",2,NA,NA,89725.4335691707,NA
343530601,60,"2","9",NA,5,NA,NA,89725.4335691707,NA
343580101,71,"1","5","2",2,NA,NA,89725.4335691707,NA
343580201,53,"1","5","2",6,NA,NA,89725.4335691707,NA
343580301,55,"1","8","2",5,NA,NA,89725.4335691707,NA
343580401,57,"2","6","2",1,NA,NA,89725.4335691707,NA
343580601,72,"1","3","2",2,NA,NA,89725.4335691707,NA
343800101,49,"1",NA,"2",5,NA,NA,89725.4335691707,NA
343800301,48,"2","8","2",4,NA,NA,89725.4335691707,NA
343800401,74,"1",NA,"2",7,NA,NA,89725.4335691707,NA
343800601,35,"1","8","2",1,NA,NA,89725.4335691707,NA
343800701,84,"2",NA,"2",1,NA,NA,89725.4335691707,NA
343800801,32,"1","3","2",8,NA,NA,89725.4335691707,NA
343930401,58,"2","11",NA,2,NA,NA,89725.4335691707,NA
344100201,37,"1","8","3",2,NA,NA,89725.4335691707,NA
344240101,61,"2","5","2",5,NA,NA,89725.4335691707,NA
344240401,58,"2","6","2",2,NA,NA,89725.4335691707,NA
344240801,51,"2","6","2",4,NA,NA,89725.4335691707,NA
344360101,66,"2","3",NA,3,NA,NA,89725.4335691707,NA
344360201,38,"2","6",NA,4,NA,NA,89725.4335691707,NA
344360202,66,"1",NA,NA,2,NA,NA,89725.4335691707,NA
344360401,49,"1","11",NA,4,NA,NA,89725.4335691707,NA
344360601,54,"1",NA,NA,3,NA,NA,89725.4335691707,NA
344360701,33,"1","11",NA,5,NA,NA,89725.4335691707,NA
344360801,46,"1","8",NA,3,NA,NA,89725.4335691707,NA
344700201,39,"1","11",NA,3,NA,NA,89725.4335691707,NA
344700301,39,"2","11",NA,3,NA,NA,89725.4335691707,NA
344700501,63,"2","9",NA,2,NA,NA,89725.4335691707,NA
344700601,76,"2","8",NA,2,NA,NA,89725.4335691707,NA
344730201,32,"1","11","3",1,NA,NA,89725.4335691707,NA
344730301,76,"2","-88","3",1,NA,NA,89725.4335691707,NA
344730401,33,"1","10","3",1,NA,NA,89725.4335691707,NA
344730501,27,"1","4","3",1,NA,NA,89725.4335691707,NA
344730701,74,"1","11","3",1,NA,NA,89725.4335691707,NA
344750101,69,"2","1","2",1,NA,NA,89725.4335691707,NA
344750301,70,"2","1","2",2,NA,NA,89725.4335691707,NA
344750401,79,"2","3","2",1,NA,NA,89725.4335691707,NA
344750501,38,"2","3","2",3,NA,NA,89725.4335691707,NA
344750601,73,"1",NA,"2",4,NA,NA,89725.4335691707,NA
344750701,47,"2","5","2",4,NA,NA,89725.4335691707,NA
344750801,53,"2","6","2",3,NA,NA,89725.4335691707,NA
344840501,35,"2","8",NA,1,NA,NA,89725.4335691707,NA
344870101,42,"1","9","3",7,NA,NA,89725.4335691707,NA
344870201,67,"1","12","3",2,NA,NA,89725.4335691707,NA
344870301,42,"2","11","3",4,NA,NA,89725.4335691707,NA
344870401,41,"2","10","3",5,NA,NA,89725.4335691707,NA
344870501,53,"1","11","3",4,NA,NA,89725.4335691707,NA
344870701,65,"1","5","3",3,NA,NA,89725.4335691707,NA
344960201,48,"2","11","3",3,NA,NA,89725.4335691707,NA
344960401,47,"1","11","3",4,NA,NA,89725.4335691707,NA
344960501,65,"1","8","3",3,NA,NA,89725.4335691707,NA
345640201,68,"2","5",NA,3,NA,NA,89725.4335691707,NA
345640401,60,"1","5",NA,2,NA,NA,89725.4335691707,NA
345640501,45,"2","11",NA,2,NA,NA,89725.4335691707,NA
345640601,72,"2",NA,NA,3,NA,NA,89725.4335691707,NA
345640701,57,"1","6",NA,4,NA,NA,89725.4335691707,NA
345850401,29,"2","11","3",3,NA,NA,89725.4335691707,NA
345850501,63,"2","1","3",3,NA,NA,89725.4335691707,NA
345880201,60,"1","11","3",5,NA,NA,89725.4335691707,NA
345880301,80,"1","12","3",2,NA,NA,89725.4335691707,NA
345880501,43,"1","11","3",3,NA,NA,89725.4335691707,NA
345880601,57,"1","11","3",5,NA,NA,89725.4335691707,NA
346120101,32,"1","6","1",5,NA,NA,89725.4335691707,NA
346120401,46,"1","5","1",1,NA,NA,89725.4335691707,NA
346120501,67,"1","1","1",1,NA,NA,89725.4335691707,NA
346120601,70,"1","3","1",2,NA,NA,89725.4335691707,NA
346120701,52,"2","5","1",3,NA,NA,89725.4335691707,NA
346120801,70,"1",NA,"1",4,NA,NA,89725.4335691707,NA
346260201,63,"1","3","2",4,NA,NA,89725.4335691707,NA
346260501,62,"2",NA,"2",1,NA,NA,89725.4335691707,NA
346260601,45,"2","8","2",3,NA,NA,89725.4335691707,NA
346530101,37,"1","12","3",4,NA,NA,89725.4335691707,NA
346530301,59,"2","8","3",1,NA,NA,89725.4335691707,NA
346530501,62,"1","9","3",2,NA,NA,89725.4335691707,NA
346530502,27,"2","11","3",1,NA,NA,89725.4335691707,NA
346530601,49,"2","8","3",3,NA,NA,89725.4335691707,NA
346530801,45,"2","6","3",3,NA,NA,89725.4335691707,NA
346560101,77,"2","3",NA,1,NA,NA,89725.4335691707,NA
346740501,44,"2","8","3",3,NA,NA,89725.4335691707,NA
346740701,72,"2","5","3",2,NA,NA,89725.4335691707,NA
346790101,27,"2","12","3",1,NA,NA,89725.4335691707,NA
346790301,80,"2","3","3",2,NA,NA,89725.4335691707,NA
346790601,63,"2","8","3",3,NA,NA,89725.4335691707,NA
346820101,40,"2",NA,"1",3,NA,NA,89725.4335691707,NA
346820201,92,"1","1","1",2,NA,NA,89725.4335691707,NA
346820301,62,"1",NA,"1",3,NA,NA,89725.4335691707,NA
346820401,62,"1","5","1",3,NA,NA,89725.4335691707,NA
346820501,48,"2","1","1",3,NA,NA,89725.4335691707,NA
346820701,54,"2","6","1",4,NA,NA,89725.4335691707,NA
346820801,51,"2","3","1",4,NA,NA,89725.4335691707,NA
346830201,60,"2","8",NA,3,NA,NA,89725.4335691707,NA
346830401,52,"2","11",NA,3,NA,NA,89725.4335691707,NA
346830601,64,"1","8",NA,1,NA,NA,89725.4335691707,NA
346830701,27,"2","11",NA,2,NA,NA,89725.4335691707,NA
346830801,32,"2","12",NA,2,NA,NA,89725.4335691707,NA
346870201,66,"2","1",NA,2,NA,NA,89725.4335691707,NA
346870301,51,"1","3",NA,4,NA,NA,89725.4335691707,NA
346870501,26,"1","6",NA,3,NA,NA,89725.4335691707,NA
346870601,47,"2","3",NA,1,NA,NA,89725.4335691707,NA
346870701,63,"1","1",NA,1,NA,NA,89725.4335691707,NA
346870901,53,"2",NA,NA,1,NA,NA,89725.4335691707,NA
346871001,63,"2","1",NA,4,NA,NA,89725.4335691707,NA
346980101,52,"2","1",NA,2,NA,NA,89725.4335691707,NA
346980301,85,"2",NA,NA,7,NA,NA,89725.4335691707,NA
346980501,70,"1",NA,NA,2,NA,NA,89725.4335691707,NA
346980601,53,"2","6",NA,2,NA,NA,89725.4335691707,NA
346980701,59,"1","1",NA,3,NA,NA,89725.4335691707,NA
346980801,37,"1","6",NA,5,NA,NA,89725.4335691707,NA
347000101,61,"2","8",NA,2,NA,NA,89725.4335691707,NA
347000701,65,"1","11",NA,1,NA,NA,89725.4335691707,NA
347040201,94,"2",NA,"2",2,NA,NA,89725.4335691707,NA
347040301,51,"2",NA,"2",4,NA,NA,89725.4335691707,NA
347040302,37,"2","6","2",5,NA,NA,89725.4335691707,NA
347040401,60,"2","9","2",3,NA,NA,89725.4335691707,NA
347040501,63,"2","8","2",1,NA,NA,89725.4335691707,NA
347040601,79,"2","1","2",2,NA,NA,89725.4335691707,NA
347040701,64,"2","1","2",2,NA,NA,89725.4335691707,NA
347100201,74,"1","5",NA,1,NA,NA,89725.4335691707,NA
347100501,74,"1","5",NA,1,NA,NA,89725.4335691707,NA
347100601,30,"1","5",NA,1,NA,NA,89725.4335691707,NA
347100701,50,"1","11",NA,7,NA,NA,89725.4335691707,NA
347100801,46,"1","8",NA,1,NA,NA,89725.4335691707,NA
347170101,72,"2",NA,NA,3,NA,NA,89725.4335691707,NA
347170301,71,"2","9",NA,3,NA,NA,89725.4335691707,NA
347170401,91,"2","5",NA,1,NA,NA,89725.4335691707,NA
347170701,43,"1","11",NA,4,NA,NA,89725.4335691707,NA
347170801,89,"2","5",NA,3,NA,NA,89725.4335691707,NA
347450501,47,"1","5",NA,4,NA,NA,89725.4335691707,NA
347530201,26,"1","8","2",1,NA,NA,89725.4335691707,NA
347530401,52,"2","6","2",1,NA,NA,89725.4335691707,NA
347530601,81,"2","1","2",4,NA,NA,89725.4335691707,NA
347530701,80,"1",NA,"2",4,NA,NA,89725.4335691707,NA
347730201,50,"2",NA,"2",4,NA,NA,89725.4335691707,NA
347730301,62,"1","3","2",2,NA,NA,89725.4335691707,NA
347730501,61,"1","4","2",3,NA,NA,89725.4335691707,NA
347730601,34,"1","11","2",2,NA,NA,89725.4335691707,NA
347730701,73,"2","3","2",1,NA,NA,89725.4335691707,NA
347940101,60,"1","11",NA,7,NA,NA,89725.4335691707,NA
347940201,83,"2",NA,NA,2,NA,NA,89725.4335691707,NA
347940701,66,"2","8",NA,1,NA,NA,89725.4335691707,NA
347940801,65,"1","5",NA,1,NA,NA,89725.4335691707,NA
347970101,58,"2","1",NA,4,NA,NA,89725.4335691707,NA
347970201,38,"2",NA,NA,5,NA,NA,89725.4335691707,NA
347970301,88,"2",NA,NA,4,NA,NA,89725.4335691707,NA
347970601,18,"2","1",NA,2,NA,NA,89725.4335691707,NA
348000701,59,"2","9","3",2,NA,NA,89725.4335691707,NA
348120101,66,"2","5","3",2,NA,NA,89725.4335691707,NA
348120301,37,"2","11","3",1,NA,NA,89725.4335691707,NA
348120401,53,"2","8","3",1,NA,NA,89725.4335691707,NA
348120601,50,"1",NA,"3",1,NA,NA,89725.4335691707,NA
348120801,72,"2","3","3",2,NA,NA,89725.4335691707,NA
348330201,52,"1","5",NA,1,NA,NA,89725.4335691707,NA
348330301,72,"1","1",NA,2,NA,NA,89725.4335691707,NA
348330501,75,"2","3",NA,2,NA,NA,89725.4335691707,NA
348330601,64,"2","5",NA,1,NA,NA,89725.4335691707,NA
348330701,53,"1","7",NA,2,NA,NA,89725.4335691707,NA
348330801,57,"2","7",NA,3,NA,NA,89725.4335691707,NA
348450601,56,"1","11",NA,7,NA,NA,89725.4335691707,NA
348450901,70,"1","1",NA,4,NA,NA,89725.4335691707,NA
348451001,60,"2","5",NA,5,NA,NA,89725.4335691707,NA
348510101,55,"2","1",NA,4,NA,NA,89725.4335691707,NA
348510201,66,"2",NA,NA,4,NA,NA,89725.4335691707,NA
348510301,62,"2","1",NA,6,NA,NA,89725.4335691707,NA
348510401,64,"1","1",NA,2,NA,NA,89725.4335691707,NA
348510501,51,"1","5",NA,5,NA,NA,89725.4335691707,NA
348510601,71,"1","1",NA,2,NA,NA,89725.4335691707,NA
348510701,65,"1","5",NA,2,NA,NA,89725.4335691707,NA
348510801,37,"1","6",NA,4,NA,NA,89725.4335691707,NA
348510901,49,"1","3",NA,4,NA,NA,89725.4335691707,NA
348511001,66,"1","5",NA,3,NA,NA,89725.4335691707,NA
348900301,41,"2","11",NA,1,NA,NA,89725.4335691707,NA
348900401,43,"2","12",NA,4,NA,NA,89725.4335691707,NA
348900501,48,"1","-88",NA,3,NA,NA,89725.4335691707,NA
348900601,45,"1","11",NA,1,NA,NA,89725.4335691707,NA
349040101,70,"1",NA,NA,3,NA,NA,89725.4335691707,NA
349040201,82,"1","1",NA,2,NA,NA,89725.4335691707,NA
349040301,63,"2","6",NA,4,NA,NA,89725.4335691707,NA
349040401,86,"2","1",NA,2,NA,NA,89725.4335691707,NA
349040501,62,"1","8",NA,1,NA,NA,89725.4335691707,NA
349040601,61,"1","8",NA,5,NA,NA,89725.4335691707,NA
349040701,57,"2","1",NA,3,NA,NA,89725.4335691707,NA
349040801,68,"2","11",NA,1,NA,NA,89725.4335691707,NA
349190101,43,"2","11",NA,1,NA,NA,89725.4335691707,NA
349190301,53,"1","11",NA,1,NA,NA,89725.4335691707,NA
349190401,50,"2","5",NA,3,NA,NA,89725.4335691707,NA
349290201,78,"1","5","2",6,NA,NA,89725.4335691707,NA
349290301,58,"1","6","2",2,NA,NA,89725.4335691707,NA
349290501,70,"2","11","2",6,NA,NA,89725.4335691707,NA
349290601,58,"1","5","2",3,NA,NA,89725.4335691707,NA
349290602,40,"2","8","2",4,NA,NA,89725.4335691707,NA
349400601,28,"1","11","3",2,NA,NA,89725.4335691707,NA
349580201,27,"1","11",NA,2,NA,NA,89725.4335691707,NA
349580501,36,"2","11",NA,1,NA,NA,89725.4335691707,NA
349710101,83,"2",NA,"1",2,NA,NA,89725.4335691707,NA
349710201,58,"1","4","1",7,NA,NA,89725.4335691707,NA
349710301,68,"2","1","1",2,NA,NA,89725.4335691707,NA
349710302,28,"2","6","1",3,NA,NA,89725.4335691707,NA
349710501,78,"1","5","1",3,NA,NA,89725.4335691707,NA
349710701,79,"2",NA,"1",3,NA,NA,89725.4335691707,NA
349710801,61,"2","1","1",5,NA,NA,89725.4335691707,NA
349810601,47,"2","11","3",1,NA,NA,89725.4335691707,NA
349810701,33,"1","10","3",3,NA,NA,89725.4335691707,NA
349910201,34,"2","11","3",1,NA,NA,89725.4335691707,NA
349910401,46,"1","5","3",1,NA,NA,89725.4335691707,NA
349990301,60,"2","8",NA,1,NA,NA,89725.4335691707,NA
349990801,33,"1","11",NA,2,NA,NA,89725.4335691707,NA
350050101,76,"1",NA,"1",3,NA,NA,89725.4335691707,NA
350050701,57,"2","6","1",10,NA,NA,89725.4335691707,NA
350050801,38,"1",NA,"1",3,NA,NA,89725.4335691707,NA
350190201,50,"1","4",NA,4,NA,NA,89725.4335691707,NA
350190301,27,"2","11",NA,3,NA,NA,89725.4335691707,NA
350190401,26,"2","11",NA,1,NA,NA,89725.4335691707,NA
350190501,35,"1","11",NA,3,NA,NA,89725.4335691707,NA
350190601,37,"2","11",NA,1,NA,NA,89725.4335691707,NA
350190701,49,"2","5",NA,3,NA,NA,89725.4335691707,NA
350270201,37,"2","5","3",5,NA,NA,89725.4335691707,NA
350270301,72,"2","5","3",2,NA,NA,89725.4335691707,NA
350270501,33,"1","11","3",3,NA,NA,89725.4335691707,NA
350270601,55,"2","5","3",2,NA,NA,89725.4335691707,NA
350320101,77,"1","1","2",4,NA,NA,89725.4335691707,NA
350320201,43,"2","5","2",4,NA,NA,89725.4335691707,NA
350320301,51,"1","8","2",4,NA,NA,89725.4335691707,NA
350320401,49,"2","11","2",3,NA,NA,89725.4335691707,NA
350320501,83,"2","1","2",2,NA,NA,89725.4335691707,NA
350320601,59,"2",NA,"2",2,NA,NA,89725.4335691707,NA
350320602,41,"2","11","2",3,NA,NA,89725.4335691707,NA
350320701,33,"2","1","2",2,NA,NA,89725.4335691707,NA
350320801,68,"2",NA,"2",2,NA,NA,89725.4335691707,NA
350320802,46,"1","11","2",1,NA,NA,89725.4335691707,NA
350320803,57,"1",NA,"2",1,NA,NA,89725.4335691707,NA
350370201,73,"1","5",NA,6,NA,NA,89725.4335691707,NA
350370301,50,"2","9",NA,6,NA,NA,89725.4335691707,NA
350370401,72,"2","11",NA,2,NA,NA,89725.4335691707,NA
350370801,88,"2","1",NA,3,NA,NA,89725.4335691707,NA
350420101,20,"2","5","2",2,NA,NA,89725.4335691707,NA
350420401,26,"2","7","2",3,NA,NA,89725.4335691707,NA
350420601,54,"1","5","2",4,NA,NA,89725.4335691707,NA
350420801,33,"2","11","2",3,NA,NA,89725.4335691707,NA
350660101,31,"1","11",NA,2,NA,NA,89725.4335691707,NA
350660201,31,"1","11",NA,2,NA,NA,89725.4335691707,NA
350660501,41,"1","11",NA,4,NA,NA,89725.4335691707,NA
350960101,35,"1","11","3",2,NA,NA,89725.4335691707,NA
350960301,75,"1","11","3",2,NA,NA,89725.4335691707,NA
350960501,42,"1","11","3",1,NA,NA,89725.4335691707,NA
350960701,74,"2","11","3",1,NA,NA,89725.4335691707,NA
350960801,66,"2","8","3",1,NA,NA,89725.4335691707,NA
350970101,52,"1","8","2",2,NA,NA,89725.4335691707,NA
350970201,65,"1","11","2",2,NA,NA,89725.4335691707,NA
350970401,61,"2","5","2",6,NA,NA,89725.4335691707,NA
350970501,86,"2","3","2",2,NA,NA,89725.4335691707,NA
350970601,68,"2","5","2",2,NA,NA,89725.4335691707,NA
350970701,75,"1","6","2",2,NA,NA,89725.4335691707,NA
350970801,61,"2","11","2",6,NA,NA,89725.4335691707,NA
351070101,36,"2","11","3",4,NA,NA,89725.4335691707,NA
351070201,38,"1","12","3",4,NA,NA,89725.4335691707,NA
351070301,34,"1","11","3",1,NA,NA,89725.4335691707,NA
351070401,57,"2","11","3",2,NA,NA,89725.4335691707,NA
351070501,36,"1","9","3",1,NA,NA,89725.4335691707,NA
351080101,45,"2","7","3",2,NA,NA,89725.4335691707,NA
351080201,28,"1","11","3",2,NA,NA,89725.4335691707,NA
351080301,30,"2","8","3",4,NA,NA,89725.4335691707,NA
351080401,32,"1","11","3",3,NA,NA,89725.4335691707,NA
351080701,33,"2","8","3",3,NA,NA,89725.4335691707,NA
351080801,32,"2","12","3",2,NA,NA,89725.4335691707,NA
351110401,75,"1","4",NA,4,NA,NA,89725.4335691707,NA
351110501,58,"1","3",NA,3,NA,NA,89725.4335691707,NA
351110601,77,"2","1",NA,1,NA,NA,89725.4335691707,NA
351110801,66,"1","1",NA,2,NA,NA,89725.4335691707,NA
351130201,30,"1","5","2",4,NA,NA,89725.4335691707,NA
351130301,52,"2","7","2",4,NA,NA,89725.4335691707,NA
351130501,43,"2","5","2",3,NA,NA,89725.4335691707,NA
351130701,27,"2",NA,"2",4,NA,NA,89725.4335691707,NA
351130801,44,"1","7","2",4,NA,NA,89725.4335691707,NA
351290401,50,"1","5","2",2,NA,NA,89725.4335691707,NA
351290501,83,"1","11","2",1,NA,NA,89725.4335691707,NA
351290601,30,"2","5","2",2,NA,NA,89725.4335691707,NA
351290701,65,"1","5","2",4,NA,NA,89725.4335691707,NA
351380201,70,"1","5","3",2,NA,NA,89725.4335691707,NA
351380301,41,"1","11","3",3,NA,NA,89725.4335691707,NA
351380401,40,"2","12","3",4,NA,NA,89725.4335691707,NA
351380501,71,"2","11","3",2,NA,NA,89725.4335691707,NA
351380701,48,"2","12","3",1,NA,NA,89725.4335691707,NA
351380801,53,"1","8","3",4,NA,NA,89725.4335691707,NA
351580201,40,"2","5","1",8,NA,NA,89725.4335691707,NA
351580601,26,"2","3","1",3,NA,NA,89725.4335691707,NA
351580701,80,"1",NA,"1",1,NA,NA,89725.4335691707,NA
351580801,71,"2",NA,"1",1,NA,NA,89725.4335691707,NA
351750201,29,"2","11","3",3,NA,NA,89725.4335691707,NA
351750301,49,"1","12","3",3,NA,NA,89725.4335691707,NA
351750401,32,"2","12","3",4,NA,NA,89725.4335691707,NA
351750601,71,"2","11","3",1,NA,NA,89725.4335691707,NA
351860101,51,"2","4",NA,3,NA,NA,89725.4335691707,NA
351860201,41,"1","11",NA,1,NA,NA,89725.4335691707,NA
351860301,49,"1","8",NA,2,NA,NA,89725.4335691707,NA
351860401,67,"1","3",NA,2,NA,NA,89725.4335691707,NA
351860501,72,"2","3",NA,1,NA,NA,89725.4335691707,NA
351860701,64,"2","5",NA,4,NA,NA,89725.4335691707,NA
351860801,31,"2","9",NA,4,NA,NA,89725.4335691707,NA
352010101,40,"2","12","3",2,NA,NA,89725.4335691707,NA
352010401,57,"2","7","3",1,NA,NA,89725.4335691707,NA
352010501,61,"2","5","3",4,NA,NA,89725.4335691707,NA
352010701,70,"2","6","3",2,NA,NA,89725.4335691707,NA
352010801,50,"2","8","3",2,NA,NA,89725.4335691707,NA
352220101,20,"1","9",NA,4,NA,NA,89725.4335691707,NA
352220201,29,"1","5",NA,4,NA,NA,89725.4335691707,NA
352220301,42,"2","5",NA,4,NA,NA,89725.4335691707,NA
352220302,25,"2","6",NA,3,NA,NA,89725.4335691707,NA
352220401,81,"2","3",NA,1,NA,NA,89725.4335691707,NA
352220501,42,"1","3",NA,4,NA,NA,89725.4335691707,NA
352220601,27,"2","7",NA,3,NA,NA,89725.4335691707,NA
352220701,44,"1","6",NA,2,NA,NA,89725.4335691707,NA
352360101,70,"1","11",NA,2,NA,NA,89725.4335691707,NA
352460601,33,"1","11",NA,1,NA,NA,89725.4335691707,NA
352520101,46,"2","5",NA,5,NA,NA,89725.4335691707,NA
352520301,59,"2",NA,NA,1,NA,NA,89725.4335691707,NA
352520401,59,"1","8",NA,3,NA,NA,89725.4335691707,NA
352520501,59,"1","5",NA,2,NA,NA,89725.4335691707,NA
352520601,52,"2","11",NA,3,NA,NA,89725.4335691707,NA
352520801,55,"2",NA,NA,5,NA,NA,89725.4335691707,NA
352520901,68,"2","5",NA,4,NA,NA,89725.4335691707,NA
352521001,64,"2","1",NA,2,NA,NA,89725.4335691707,NA
352730101,29,"2","6","1",3,NA,NA,89725.4335691707,NA
352730301,50,"2",NA,"1",4,NA,NA,89725.4335691707,NA
352730501,59,"1","8","1",1,NA,NA,89725.4335691707,NA
352730601,80,"1","5","1",3,NA,NA,89725.4335691707,NA
352730701,50,"1","3","1",2,NA,NA,89725.4335691707,NA
352730801,50,"2","8","1",3,NA,NA,89725.4335691707,NA
352730802,56,"2","5","1",3,NA,NA,89725.4335691707,NA
353560201,92,"1","11","3",3,NA,NA,89725.4335691707,NA
353560301,68,"1","11","3",3,NA,NA,89725.4335691707,NA
353560401,35,"1","12","3",1,NA,NA,89725.4335691707,NA
353560701,69,"2","11","3",2,NA,NA,89725.4335691707,NA
353960101,65,"2","3","2",2,NA,NA,89725.4335691707,NA
353960201,60,"2","3","2",2,NA,NA,89725.4335691707,NA
353960401,81,"2","3","2",1,NA,NA,89725.4335691707,NA
353960601,67,"1","5","2",3,NA,NA,89725.4335691707,NA
353960701,67,"1","9","2",2,NA,NA,89725.4335691707,NA
353960801,40,"1","3","2",2,NA,NA,89725.4335691707,NA
354030201,80,"1","3","2",5,NA,NA,89725.4335691707,NA
354030301,52,"1","5","2",4,NA,NA,89725.4335691707,NA
354030401,56,"1","3","2",2,NA,NA,89725.4335691707,NA
354030501,66,"1","9","2",2,NA,NA,89725.4335691707,NA
354030601,35,"1","3","2",5,NA,NA,89725.4335691707,NA
354030701,63,"2","4","2",4,NA,NA,89725.4335691707,NA
354160101,56,"2","1",NA,4,NA,NA,89725.4335691707,NA
354160201,71,"1","5",NA,4,NA,NA,89725.4335691707,NA
354160301,70,"1","4",NA,2,NA,NA,89725.4335691707,NA
354160401,50,"2","8",NA,3,NA,NA,89725.4335691707,NA
354160601,35,"2","5",NA,3,NA,NA,89725.4335691707,NA
354160801,58,"1","3",NA,1,NA,NA,89725.4335691707,NA
354270101,33,"1","7",NA,1,NA,NA,89725.4335691707,NA
354270301,34,"1","11",NA,3,NA,NA,89725.4335691707,NA
354270501,43,"1","8",NA,3,NA,NA,89725.4335691707,NA
354270701,37,"1","9",NA,4,NA,NA,89725.4335691707,NA
354270801,39,"1","12",NA,1,NA,NA,89725.4335691707,NA
354440201,62,"1","3",NA,3,NA,NA,89725.4335691707,NA
354440301,68,"2",NA,NA,3,NA,NA,89725.4335691707,NA
354440401,73,"2","5",NA,1,NA,NA,89725.4335691707,NA
354440501,31,"2","5",NA,3,NA,NA,89725.4335691707,NA
354440601,39,"1","5",NA,4,NA,NA,89725.4335691707,NA
354450101,67,"1","11",NA,5,NA,NA,89725.4335691707,NA
354450401,63,"1","11",NA,6,NA,NA,89725.4335691707,NA
354450701,30,"1","11",NA,1,NA,NA,89725.4335691707,NA
354450801,53,"2","11",NA,4,NA,NA,89725.4335691707,NA
354560301,66,"1","9",NA,2,NA,NA,89725.4335691707,NA
354560501,64,"1","6",NA,2,NA,NA,89725.4335691707,NA
354560601,69,"1","5",NA,2,NA,NA,89725.4335691707,NA
354560701,42,"2","8",NA,5,NA,NA,89725.4335691707,NA
354560801,74,"2","8",NA,4,NA,NA,89725.4335691707,NA
354670101,32,"1","11",NA,2,NA,NA,89725.4335691707,NA
354670201,36,"1","8",NA,3,NA,NA,89725.4335691707,NA
354670401,27,"2","5",NA,1,NA,NA,89725.4335691707,NA
354670501,32,"1","10",NA,2,NA,NA,89725.4335691707,NA
354670601,38,"1","8",NA,2,NA,NA,89725.4335691707,NA
354790301,27,"2","5","2",3,NA,NA,89725.4335691707,NA
354790401,48,"1","8","2",4,NA,NA,89725.4335691707,NA
354790501,43,"1","6","2",5,NA,NA,89725.4335691707,NA
354790701,66,"2","3","2",2,NA,NA,89725.4335691707,NA
354800101,60,"1","3","1",3,NA,NA,89725.4335691707,NA
354800301,65,"1","5","1",1,NA,NA,89725.4335691707,NA
354800401,66,"1","6","1",2,NA,NA,89725.4335691707,NA
354800402,31,"2","11","1",3,NA,NA,89725.4335691707,NA
354800501,78,"2","1","1",2,NA,NA,89725.4335691707,NA
354800601,46,"2","5","1",2,NA,NA,89725.4335691707,NA
354800801,30,"2","5","1",5,NA,NA,89725.4335691707,NA
354900101,34,"1","6","2",2,NA,NA,89725.4335691707,NA
354900201,28,"2","8","2",2,NA,NA,89725.4335691707,NA
354900202,39,"1","6","2",3,NA,NA,89725.4335691707,NA
354900401,56,"2","8","2",4,NA,NA,89725.4335691707,NA
354900501,67,"1","3","2",3,NA,NA,89725.4335691707,NA
354900502,29,"1","5","2",1,NA,NA,89725.4335691707,NA
354900601,36,"1","6","2",3,NA,NA,89725.4335691707,NA
354900602,57,"1","5","2",1,NA,NA,89725.4335691707,NA
354900701,65,"1","4","2",1,NA,NA,89725.4335691707,NA
354900801,48,"2","5","2",6,NA,NA,89725.4335691707,NA
354900802,28,"2","8","2",1,NA,NA,89725.4335691707,NA
354910201,58,"2","5","3",3,NA,NA,89725.4335691707,NA
354910601,47,"1","5","3",4,NA,NA,89725.4335691707,NA
354960601,64,"2","12","3",1,NA,NA,89725.4335691707,NA
355260201,68,"2","6",NA,1,NA,NA,89725.4335691707,NA
355260301,63,"1","9",NA,3,NA,NA,89725.4335691707,NA
355260401,46,"1","11",NA,4,NA,NA,89725.4335691707,NA
355260501,80,"1",NA,NA,4,NA,NA,89725.4335691707,NA
355260601,34,"1","5",NA,3,NA,NA,89725.4335691707,NA
355260801,63,"2","5",NA,5,NA,NA,89725.4335691707,NA
355450101,78,"1","5",NA,2,NA,NA,89725.4335691707,NA
355450201,29,"1","8",NA,1,NA,NA,89725.4335691707,NA
355450301,55,"2","8",NA,4,NA,NA,89725.4335691707,NA
355450501,64,"2",NA,NA,1,NA,NA,89725.4335691707,NA
355450601,35,"1","6",NA,3,NA,NA,89725.4335691707,NA
355450701,64,"1","3",NA,2,NA,NA,89725.4335691707,NA
355450801,33,"1","11",NA,4,NA,NA,89725.4335691707,NA
355470201,75,"1","5","3",2,NA,NA,89725.4335691707,NA
355470301,52,"1","8","3",4,NA,NA,89725.4335691707,NA
355470801,55,"1","5","3",4,NA,NA,89725.4335691707,NA
355930201,66,"2","1",NA,3,NA,NA,89725.4335691707,NA
355930301,67,"2","3",NA,1,NA,NA,89725.4335691707,NA
355930501,65,"2",NA,NA,2,NA,NA,89725.4335691707,NA
355930701,71,"2","1",NA,2,NA,NA,89725.4335691707,NA
355930801,56,"2","8",NA,3,NA,NA,89725.4335691707,NA
356130201,74,"2","3","2",6,NA,NA,89725.4335691707,NA
356130301,73,"2",NA,"2",2,NA,NA,89725.4335691707,NA
356130401,49,"1","6","2",2,NA,NA,89725.4335691707,NA
356130601,60,"1","5","2",4,NA,NA,89725.4335691707,NA
356310101,76,"2","9","2",3,NA,NA,89725.4335691707,NA
356310501,49,"1","9","2",4,NA,NA,89725.4335691707,NA
356310601,67,"1","3","2",5,NA,NA,89725.4335691707,NA
356310701,56,"2","6","2",2,NA,NA,89725.4335691707,NA
356310801,70,"1",NA,"2",2,NA,NA,89725.4335691707,NA
356470101,78,"1","11",NA,2,NA,NA,89725.4335691707,NA
356470201,33,"1",NA,NA,4,NA,NA,89725.4335691707,NA
356470301,44,"2","11",NA,7,NA,NA,89725.4335691707,NA
356470401,77,"2",NA,NA,3,NA,NA,89725.4335691707,NA
356470701,46,"1","9",NA,5,NA,NA,89725.4335691707,NA
356800101,63,"2","11","3",3,NA,NA,89725.4335691707,NA
356870101,82,"2",NA,"2",1,NA,NA,89725.4335691707,NA
356870201,51,"2","1","2",2,NA,NA,89725.4335691707,NA
356870301,62,"1","1","2",4,NA,NA,89725.4335691707,NA
356870401,32,"2","5","2",5,NA,NA,89725.4335691707,NA
356870501,34,"1","8","2",3,NA,NA,89725.4335691707,NA
356870601,57,"1","6","2",1,NA,NA,89725.4335691707,NA
356870701,63,"1","3","2",1,NA,NA,89725.4335691707,NA
356870801,71,"2","5","2",1,NA,NA,89725.4335691707,NA
357080201,31,"1",NA,"1",3,NA,NA,89725.4335691707,NA
357080301,40,"2","6","1",5,NA,NA,89725.4335691707,NA
357080401,57,"2","5","1",3,NA,NA,89725.4335691707,NA
357080501,68,"2","5","1",1,NA,NA,89725.4335691707,NA
357080701,69,"1","5","1",2,NA,NA,89725.4335691707,NA
357080801,42,"2","5","1",3,NA,NA,89725.4335691707,NA
357170101,25,"2","8",NA,3,NA,NA,89725.4335691707,NA
357170201,64,"2","1",NA,1,NA,NA,89725.4335691707,NA
357170301,36,"1","5",NA,1,NA,NA,89725.4335691707,NA
357170501,43,"2","3",NA,4,NA,NA,89725.4335691707,NA
357170601,44,"2","5",NA,5,NA,NA,89725.4335691707,NA
357180201,57,"2","6","2",2,NA,NA,89725.4335691707,NA
357180301,78,"2","1","2",2,NA,NA,89725.4335691707,NA
357180601,64,"1","1","2",1,NA,NA,89725.4335691707,NA
357180701,36,"2","1","2",3,NA,NA,89725.4335691707,NA
357180801,65,"1","1","2",1,NA,NA,89725.4335691707,NA
357240101,49,"2","5",NA,2,NA,NA,89725.4335691707,NA
357240201,50,"2","6",NA,3,NA,NA,89725.4335691707,NA
357240301,82,"1","3",NA,2,NA,NA,89725.4335691707,NA
357240401,50,"2","6",NA,2,NA,NA,89725.4335691707,NA
357240501,79,"2","4",NA,1,NA,NA,89725.4335691707,NA
357240601,72,"1","3",NA,3,NA,NA,89725.4335691707,NA
357240701,69,"1",NA,NA,2,NA,NA,89725.4335691707,NA
357240801,65,"1",NA,NA,2,NA,NA,89725.4335691707,NA
357250101,40,"2","11",NA,2,NA,NA,89725.4335691707,NA
357250201,43,"1","11",NA,6,NA,NA,89725.4335691707,NA
357250301,84,"2","1",NA,2,NA,NA,89725.4335691707,NA
357260201,57,"1","5","1",4,NA,NA,89725.4335691707,NA
357260301,54,"1",NA,"1",3,NA,NA,89725.4335691707,NA
357260302,50,"1",NA,"1",5,NA,NA,89725.4335691707,NA
357260401,64,"1","3","1",2,NA,NA,89725.4335691707,NA
357260402,38,"1","8","1",4,NA,NA,89725.4335691707,NA
357260501,55,"1","8","1",1,NA,NA,89725.4335691707,NA
357260701,51,"2","5","1",3,NA,NA,89725.4335691707,NA
357260801,57,"2","5","1",3,NA,NA,89725.4335691707,NA
357570201,73,"1","-88","1",7,NA,NA,89725.4335691707,NA
357570301,74,"1","3","1",1,NA,NA,89725.4335691707,NA
357570401,65,"2","1","1",3,NA,NA,89725.4335691707,NA
357570501,54,"2","3","1",4,NA,NA,89725.4335691707,NA
357570601,72,"2",NA,"1",2,NA,NA,89725.4335691707,NA
357570701,59,"1","8","1",3,NA,NA,89725.4335691707,NA
357610101,50,"2","10","3",2,NA,NA,89725.4335691707,NA
357610201,36,"1","11","3",3,NA,NA,89725.4335691707,NA
357610301,53,"2","11","3",1,NA,NA,89725.4335691707,NA
357610401,68,"2","4","3",1,NA,NA,89725.4335691707,NA
357610601,54,"2","11","3",3,NA,NA,89725.4335691707,NA
357610701,36,"2","11","3",2,NA,NA,89725.4335691707,NA
357610801,37,"1","12","3",1,NA,NA,89725.4335691707,NA
357960101,72,"2",NA,"2",2,NA,NA,89725.4335691707,NA
357960301,55,"1","9","2",5,NA,NA,89725.4335691707,NA
357960401,67,"2","1","2",4,NA,NA,89725.4335691707,NA
357960501,57,"1","5","2",1,NA,NA,89725.4335691707,NA
357960601,51,"1","3","2",2,NA,NA,89725.4335691707,NA
357960602,46,"1","5","2",2,NA,NA,89725.4335691707,NA
357960801,52,"1","3","2",4,NA,NA,89725.4335691707,NA
358050101,58,"1","11",NA,4,NA,NA,89725.4335691707,NA
358050601,74,"1","11",NA,3,NA,NA,89725.4335691707,NA
358050701,60,"1","12",NA,3,NA,NA,89725.4335691707,NA
358050801,72,"2","11",NA,2,NA,NA,89725.4335691707,NA
358100101,38,"1","6","3",3,NA,NA,89725.4335691707,NA
358100201,31,"1","7","3",2,NA,NA,89725.4335691707,NA
358100301,32,"1","12","3",3,NA,NA,89725.4335691707,NA
358100401,37,"2","11","3",2,NA,NA,89725.4335691707,NA
358100801,45,"2","6","3",2,NA,NA,89725.4335691707,NA
358110801,84,"1","11",NA,1,NA,NA,89725.4335691707,NA
358700301,65,"1","8",NA,3,NA,NA,89725.4335691707,NA
358700401,21,"2","5",NA,3,NA,NA,89725.4335691707,NA
358700501,42,"2",NA,NA,3,NA,NA,89725.4335691707,NA
358700601,31,"1","3",NA,2,NA,NA,89725.4335691707,NA
358700801,32,"1","1",NA,1,NA,NA,89725.4335691707,NA
358710101,70,"2","11",NA,5,NA,NA,89725.4335691707,NA
358710301,69,"1","7",NA,2,NA,NA,89725.4335691707,NA
358710401,51,"2","6",NA,4,NA,NA,89725.4335691707,NA
358710601,62,"2","8",NA,5,NA,NA,89725.4335691707,NA
358710701,78,"2",NA,NA,1,NA,NA,89725.4335691707,NA
358710801,77,"1","4",NA,1,NA,NA,89725.4335691707,NA
359030201,58,"1","6",NA,3,NA,NA,89725.4335691707,NA
359030401,43,"2","12",NA,6,NA,NA,89725.4335691707,NA
359030501,46,"2","9",NA,4,NA,NA,89725.4335691707,NA
359030701,64,"2",NA,NA,2,NA,NA,89725.4335691707,NA
359030702,42,"2","6",NA,2,NA,NA,89725.4335691707,NA
359030801,72,"2","8",NA,2,NA,NA,89725.4335691707,NA
359050101,68,"1",NA,NA,3,NA,NA,89725.4335691707,NA
359050201,71,"2",NA,NA,2,NA,NA,89725.4335691707,NA
359050301,70,"1","1",NA,2,NA,NA,89725.4335691707,NA
359050401,42,"1","8",NA,4,NA,NA,89725.4335691707,NA
359050801,50,"2","5",NA,2,NA,NA,89725.4335691707,NA
359370701,35,"2","11",NA,1,NA,NA,89725.4335691707,NA
359371001,44,"2","8",NA,4,NA,NA,89725.4335691707,NA
359500101,30,"1","7",NA,2,NA,NA,89725.4335691707,NA
359500301,48,"2","5",NA,2,NA,NA,89725.4335691707,NA
359500701,78,"1",NA,NA,6,NA,NA,89725.4335691707,NA
359500801,40,"1","1",NA,5,NA,NA,89725.4335691707,NA
359500802,56,"1","3",NA,3,NA,NA,89725.4335691707,NA
359940101,54,"2","5","2",1,NA,NA,89725.4335691707,NA
359940201,83,"2","3","2",3,NA,NA,89725.4335691707,NA
359940202,52,"1","3","2",1,NA,NA,89725.4335691707,NA
359940301,61,"1",NA,"2",3,NA,NA,89725.4335691707,NA
359940401,34,"2","8","2",4,NA,NA,89725.4335691707,NA
359940601,60,"2","3","2",5,NA,NA,89725.4335691707,NA
359940701,27,"1","11","2",2,NA,NA,89725.4335691707,NA
360060201,36,"2","8",NA,2,NA,NA,89725.4335691707,NA
360060301,43,"2","5",NA,4,NA,NA,89725.4335691707,NA
360150201,68,"1","12","2",2,NA,NA,89725.4335691707,NA
360150801,70,"1","11","2",3,NA,NA,89725.4335691707,NA
360180101,30,"1","8","1",3,NA,NA,89725.4335691707,NA
360180301,42,"1","8","1",1,NA,NA,89725.4335691707,NA
360180801,39,"2","11","1",1,NA,NA,89725.4335691707,NA
360260101,50,"2","5","1",3,NA,NA,89725.4335691707,NA
360260201,66,"2",NA,"1",4,NA,NA,89725.4335691707,NA
360260301,52,"1","3","1",3,NA,NA,89725.4335691707,NA
360260401,46,"2","5","1",3,NA,NA,89725.4335691707,NA
360260501,72,"2","3","1",1,NA,NA,89725.4335691707,NA
360260601,30,"2","5","1",1,NA,NA,89725.4335691707,NA
360260801,40,"1","7","1",3,NA,NA,89725.4335691707,NA
360270101,78,"1","3","2",3,NA,NA,89725.4335691707,NA
360270201,45,"1","8","2",4,NA,NA,89725.4335691707,NA
360270301,68,"1","5","2",2,NA,NA,89725.4335691707,NA
360270401,66,"2","5","2",2,NA,NA,89725.4335691707,NA
360270701,50,"2","11","2",4,NA,NA,89725.4335691707,NA
360460101,67,"2","3",NA,4,NA,NA,89725.4335691707,NA
360460301,55,"2","5",NA,5,NA,NA,89725.4335691707,NA
360460501,76,"1",NA,NA,1,NA,NA,89725.4335691707,NA
360460502,42,"2","6",NA,2,NA,NA,89725.4335691707,NA
360460801,66,"2","5",NA,2,NA,NA,89725.4335691707,NA
360620301,56,"2","5","1",3,NA,NA,89725.4335691707,NA
360620401,69,"1",NA,"1",3,NA,NA,89725.4335691707,NA
360620501,66,"1","3","1",3,NA,NA,89725.4335691707,NA
360620701,32,"1","5","1",5,NA,NA,89725.4335691707,NA
360640101,40,"2","5",NA,7,NA,NA,89725.4335691707,NA
360640201,78,"2","3",NA,2,NA,NA,89725.4335691707,NA
360640301,41,"2","5",NA,1,NA,NA,89725.4335691707,NA
360640401,67,"2","1",NA,2,NA,NA,89725.4335691707,NA
360640701,60,"1",NA,NA,6,NA,NA,89725.4335691707,NA
360640801,72,"1","7",NA,1,NA,NA,89725.4335691707,NA
360710201,63,"1","4",NA,2,NA,NA,89725.4335691707,NA
360710401,56,"2",NA,NA,3,NA,NA,89725.4335691707,NA
360710501,50,"2","1",NA,4,NA,NA,89725.4335691707,NA
360710801,62,"2","1",NA,5,NA,NA,89725.4335691707,NA
360770101,39,"1","11","2",4,NA,NA,89725.4335691707,NA
360770301,44,"1","11","2",2,NA,NA,89725.4335691707,NA
360770401,73,"1","4","2",4,NA,NA,89725.4335691707,NA
360770501,74,"1",NA,"2",2,NA,NA,89725.4335691707,NA
360770601,49,"1","12","2",5,NA,NA,89725.4335691707,NA
360770801,72,"1","5","2",4,NA,NA,89725.4335691707,NA
360810101,78,"2","3","2",4,NA,NA,89725.4335691707,NA
360810201,63,"2",NA,"2",2,NA,NA,89725.4335691707,NA
360810501,26,"2","7","2",2,NA,NA,89725.4335691707,NA
360810601,70,"1","4","2",1,NA,NA,89725.4335691707,NA
360810701,87,"1","4","2",1,NA,NA,89725.4335691707,NA
360810801,35,"1","5","2",2,NA,NA,89725.4335691707,NA
360890201,73,"1","1","2",2,NA,NA,89725.4335691707,NA
360890301,78,"2","1","2",2,NA,NA,89725.4335691707,NA
360890401,79,"2","1","2",3,NA,NA,89725.4335691707,NA
360890501,30,"2","6","2",4,NA,NA,89725.4335691707,NA
360890601,45,"1","5","2",4,NA,NA,89725.4335691707,NA
360890701,72,"1","5","2",5,NA,NA,89725.4335691707,NA
360890801,66,"2",NA,"2",1,NA,NA,89725.4335691707,NA
361080101,46,"2","11","3",2,NA,NA,89725.4335691707,NA
361080201,46,"2","8","3",4,NA,NA,89725.4335691707,NA
361080401,43,"2","8","3",3,NA,NA,89725.4335691707,NA
361080501,36,"2","11","3",2,NA,NA,89725.4335691707,NA
361080601,52,"2","11","3",6,NA,NA,89725.4335691707,NA
361090101,58,"1","5","3",4,NA,NA,89725.4335691707,NA
361300401,83,"1","-88","3",2,NA,NA,89725.4335691707,NA
361300601,69,"2","11","3",3,NA,NA,89725.4335691707,NA
361530201,57,"2","5",NA,7,NA,NA,89725.4335691707,NA
361530401,74,"2","4",NA,1,NA,NA,89725.4335691707,NA
361530501,82,"2","1",NA,1,NA,NA,89725.4335691707,NA
361530601,65,"2","5",NA,6,NA,NA,89725.4335691707,NA
361530801,54,"2","3",NA,5,NA,NA,89725.4335691707,NA
361570101,37,"2","6",NA,1,NA,NA,89725.4335691707,NA
361570201,67,"2",NA,NA,3,NA,NA,89725.4335691707,NA
361570301,37,"2","6",NA,4,NA,NA,89725.4335691707,NA
361570401,32,"2","6",NA,3,NA,NA,89725.4335691707,NA
361570501,30,"2","5",NA,2,NA,NA,89725.4335691707,NA
361570601,30,"1","6",NA,5,NA,NA,89725.4335691707,NA
361570701,42,"2","11",NA,4,NA,NA,89725.4335691707,NA
361570801,32,"2","4",NA,3,NA,NA,89725.4335691707,NA
361650101,43,"2","6","2",3,NA,NA,89725.4335691707,NA
361650301,34,"1","11","2",4,NA,NA,89725.4335691707,NA
361650401,47,"2","5","2",4,NA,NA,89725.4335691707,NA
361650501,51,"2","8","2",2,NA,NA,89725.4335691707,NA
361650601,66,"2",NA,"2",4,NA,NA,89725.4335691707,NA
361650801,66,"1","3","2",4,NA,NA,89725.4335691707,NA
361740101,71,"2","5",NA,1,NA,NA,89725.4335691707,NA
361740201,34,"1","9",NA,1,NA,NA,89725.4335691707,NA
361740301,75,"1","9",NA,2,NA,NA,89725.4335691707,NA
361740501,40,"2","8",NA,3,NA,NA,89725.4335691707,NA
361740701,45,"2","6",NA,3,NA,NA,89725.4335691707,NA
361740801,30,"2","5",NA,3,NA,NA,89725.4335691707,NA
361750101,61,"2","3","2",5,NA,NA,89725.4335691707,NA
361750201,74,"2","3","2",1,NA,NA,89725.4335691707,NA
361750301,67,"1","3","2",3,NA,NA,89725.4335691707,NA
361750501,42,"1",NA,"2",4,NA,NA,89725.4335691707,NA
361750601,65,"1","9","2",1,NA,NA,89725.4335691707,NA
361750701,42,"1","5","2",4,NA,NA,89725.4335691707,NA
361760201,45,"1","11","3",3,NA,NA,89725.4335691707,NA
361760301,58,"1","12","3",3,NA,NA,89725.4335691707,NA
361760401,54,"2","11","3",3,NA,NA,89725.4335691707,NA
361760501,42,"1","11","3",4,NA,NA,89725.4335691707,NA
361760601,72,"2","11","3",2,NA,NA,89725.4335691707,NA
361920201,55,"2",NA,NA,4,NA,NA,89725.4335691707,NA
361920301,39,"2","6",NA,4,NA,NA,89725.4335691707,NA
361920401,49,"2","5",NA,2,NA,NA,89725.4335691707,NA
361920501,30,"1","9",NA,4,NA,NA,89725.4335691707,NA
361920601,36,"2","8",NA,3,NA,NA,89725.4335691707,NA
361920801,59,"1","5",NA,2,NA,NA,89725.4335691707,NA
362130501,42,"1","11",NA,2,NA,NA,89725.4335691707,NA
362200101,73,"2","1","3",1,NA,NA,89725.4335691707,NA
362200201,78,"2","1","3",3,NA,NA,89725.4335691707,NA
362200401,70,"1","11","3",3,NA,NA,89725.4335691707,NA
362200501,84,"2","11","3",1,NA,NA,89725.4335691707,NA
362200601,81,"2","11","3",1,NA,NA,89725.4335691707,NA
362200701,27,"1","11","3",1,NA,NA,89725.4335691707,NA
362240601,54,"2","8",NA,2,NA,NA,89725.4335691707,NA
362240701,78,"1","11",NA,2,NA,NA,89725.4335691707,NA
362360201,74,"2","5",NA,2,NA,NA,89725.4335691707,NA
362360301,74,"1","11",NA,3,NA,NA,89725.4335691707,NA
362360501,70,"1","8",NA,3,NA,NA,89725.4335691707,NA
362360601,76,"1","5",NA,2,NA,NA,89725.4335691707,NA
362360701,55,"1","5",NA,5,NA,NA,89725.4335691707,NA
362360801,75,"1","1",NA,1,NA,NA,89725.4335691707,NA
362390101,52,"1","12","3",3,NA,NA,89725.4335691707,NA
362390201,63,"2","12","3",5,NA,NA,89725.4335691707,NA
362390301,55,"1","11","3",6,NA,NA,89725.4335691707,NA
362390401,60,"1","11","3",2,NA,NA,89725.4335691707,NA
362390501,49,"2","12","3",3,NA,NA,89725.4335691707,NA
362390601,35,"1","9","3",1,NA,NA,89725.4335691707,NA
362390701,75,"1","11","3",2,NA,NA,89725.4335691707,NA
362390801,50,"2","11","3",4,NA,NA,89725.4335691707,NA
362400101,53,"1","5",NA,1,NA,NA,89725.4335691707,NA
362400601,68,"2","11",NA,3,NA,NA,89725.4335691707,NA
362400801,75,"1","1",NA,1,NA,NA,89725.4335691707,NA
362510101,48,"2","5",NA,2,NA,NA,89725.4335691707,NA
362510201,60,"2","11",NA,4,NA,NA,89725.4335691707,NA
362510401,62,"2","1",NA,3,NA,NA,89725.4335691707,NA
362510501,62,"2","4",NA,1,NA,NA,89725.4335691707,NA
362510701,32,"1","9",NA,3,NA,NA,89725.4335691707,NA
362590301,45,"1","9","3",5,NA,NA,89725.4335691707,NA
362590701,51,"2","11","3",3,NA,NA,89725.4335691707,NA
362590801,58,"1","6","3",5,NA,NA,89725.4335691707,NA
362700301,47,"2","11",NA,3,NA,NA,89725.4335691707,NA
363150101,84,"2",NA,NA,3,NA,NA,89725.4335691707,NA
363150201,80,"1","6",NA,2,NA,NA,89725.4335691707,NA
363150301,58,"1","5",NA,1,NA,NA,89725.4335691707,NA
363150302,68,"1","5",NA,1,NA,NA,89725.4335691707,NA
363150401,34,"2","8",NA,1,NA,NA,89725.4335691707,NA
363150501,32,"1","7",NA,3,NA,NA,89725.4335691707,NA
363150701,46,"1","8",NA,2,NA,NA,89725.4335691707,NA
363150801,30,"1","5",NA,4,NA,NA,89725.4335691707,NA
363300101,82,"2","1","2",1,NA,NA,89725.4335691707,NA
363300201,65,"1","3","2",4,NA,NA,89725.4335691707,NA
363300401,37,"1","5","2",5,NA,NA,89725.4335691707,NA
363300701,41,"1","11","2",1,NA,NA,89725.4335691707,NA
363460201,59,"1","11",NA,2,NA,NA,89725.4335691707,NA
363460301,57,"2","8",NA,3,NA,NA,89725.4335691707,NA
363460401,37,"1","12",NA,3,NA,NA,89725.4335691707,NA
363460601,27,"2","9",NA,2,NA,NA,89725.4335691707,NA
363460801,50,"2","12",NA,4,NA,NA,89725.4335691707,NA
363470201,33,"1","6",NA,4,NA,NA,89725.4335691707,NA
363470202,30,"2","4",NA,3,NA,NA,89725.4335691707,NA
363470301,31,"1","9",NA,3,NA,NA,89725.4335691707,NA
363470401,40,"2","6",NA,2,NA,NA,89725.4335691707,NA
363470501,59,"1","1",NA,5,NA,NA,89725.4335691707,NA
363470601,67,"1",NA,NA,4,NA,NA,89725.4335691707,NA
363470701,63,"1","1",NA,3,NA,NA,89725.4335691707,NA
363470801,53,"2","3",NA,5,NA,NA,89725.4335691707,NA
363480201,79,"2","5",NA,3,NA,NA,89725.4335691707,NA
363480301,73,"2","8",NA,3,NA,NA,89725.4335691707,NA
363480401,75,"2","-88",NA,2,NA,NA,89725.4335691707,NA
363480501,75,"1","5",NA,2,NA,NA,89725.4335691707,NA
363480601,74,"1","3",NA,1,NA,NA,89725.4335691707,NA
363480602,76,"1","4",NA,3,NA,NA,89725.4335691707,NA
363480701,48,"2","8",NA,6,NA,NA,89725.4335691707,NA
363480801,90,"2","1",NA,3,NA,NA,89725.4335691707,NA
363540301,49,"1",NA,NA,1,NA,NA,89725.4335691707,NA
363540401,80,"2","1",NA,3,NA,NA,89725.4335691707,NA
363540501,88,"2","1",NA,3,NA,NA,89725.4335691707,NA
363540601,61,"2","11",NA,10,NA,NA,89725.4335691707,NA
363540701,64,"2","8",NA,5,NA,NA,89725.4335691707,NA
363540702,49,"2",NA,NA,3,NA,NA,89725.4335691707,NA
363540703,44,"1","6",NA,2,NA,NA,89725.4335691707,NA
363540704,68,"1","5",NA,5,NA,NA,89725.4335691707,NA
363540801,68,"1","5",NA,3,NA,NA,89725.4335691707,NA
363570101,30,"2","11",NA,2,NA,NA,89725.4335691707,NA
363570201,73,"2","10",NA,2,NA,NA,89725.4335691707,NA
363570401,76,"2","6",NA,2,NA,NA,89725.4335691707,NA
363650101,40,"1","11",NA,2,NA,NA,89725.4335691707,NA
363650301,42,"2","5",NA,3,NA,NA,89725.4335691707,NA
363690401,42,"1","5","2",5,NA,NA,89725.4335691707,NA
363770201,95,"2","5",NA,2,NA,NA,89725.4335691707,NA
363770301,53,"2","4",NA,4,NA,NA,89725.4335691707,NA
363770401,59,"2","5",NA,6,NA,NA,89725.4335691707,NA
363770701,53,"1","6",NA,1,NA,NA,89725.4335691707,NA
363770801,38,"1","5",NA,4,NA,NA,89725.4335691707,NA
363940101,52,"2","5",NA,2,NA,NA,89725.4335691707,NA
363940201,56,"2","6",NA,1,NA,NA,89725.4335691707,NA
363940202,29,"2","6",NA,1,NA,NA,89725.4335691707,NA
363940203,31,"2","8",NA,4,NA,NA,89725.4335691707,NA
363940301,57,"2","4",NA,3,NA,NA,89725.4335691707,NA
363940401,67,"1","5",NA,2,NA,NA,89725.4335691707,NA
363940501,64,"2",NA,NA,1,NA,NA,89725.4335691707,NA
363940701,66,"1","1",NA,2,NA,NA,89725.4335691707,NA
363940801,59,"1","6",NA,4,NA,NA,89725.4335691707,NA
363950101,52,"2","3",NA,3,NA,NA,89725.4335691707,NA
363950301,83,"1","1",NA,2,NA,NA,89725.4335691707,NA
363950401,73,"2",NA,NA,7,NA,NA,89725.4335691707,NA
363950501,62,"2","8",NA,2,NA,NA,89725.4335691707,NA
363950701,80,"1","8",NA,2,NA,NA,89725.4335691707,NA
364110201,75,"1",NA,NA,5,NA,NA,89725.4335691707,NA
364110301,71,"2",NA,NA,1,NA,NA,89725.4335691707,NA
364110401,53,"1","3",NA,1,NA,NA,89725.4335691707,NA
364110601,70,"2","11",NA,2,NA,NA,89725.4335691707,NA
364110801,64,"2","1",NA,3,NA,NA,89725.4335691707,NA
364140201,65,"2","8","3",2,NA,NA,89725.4335691707,NA
364140501,55,"2","12","3",1,NA,NA,89725.4335691707,NA
364210201,48,"2",NA,"2",5,NA,NA,89725.4335691707,NA
364210401,40,"2","8","2",4,NA,NA,89725.4335691707,NA
364210501,55,"1","3","2",7,NA,NA,89725.4335691707,NA
364210701,63,"2","1","2",1,NA,NA,89725.4335691707,NA
364210801,35,"2","5","2",3,NA,NA,89725.4335691707,NA
364250101,72,"1",NA,NA,4,NA,NA,89725.4335691707,NA
364250102,47,"1","6",NA,3,NA,NA,89725.4335691707,NA
364250201,74,"2","3",NA,2,NA,NA,89725.4335691707,NA
364250401,72,"1","1",NA,2,NA,NA,89725.4335691707,NA
364250701,56,"2",NA,NA,9,NA,NA,89725.4335691707,NA
364250801,87,"2","1",NA,2,NA,NA,89725.4335691707,NA
364300101,24,"2","7","1",3,NA,NA,89725.4335691707,NA
364300301,38,"1","3","1",1,NA,NA,89725.4335691707,NA
364300401,41,"1","8","1",1,NA,NA,89725.4335691707,NA
364300501,58,"2","1","1",1,NA,NA,89725.4335691707,NA
364300601,45,"2","5","1",3,NA,NA,89725.4335691707,NA
364300701,36,"1","9","1",2,NA,NA,89725.4335691707,NA
364300801,40,"2","8","1",3,NA,NA,89725.4335691707,NA
364800201,48,"1","3","1",1,NA,NA,89725.4335691707,NA
364800401,52,"2","5","1",4,NA,NA,89725.4335691707,NA
364800501,69,"2","3","1",3,NA,NA,89725.4335691707,NA
364800601,36,"2","5","1",4,NA,NA,89725.4335691707,NA
364800701,42,"2","3","1",6,NA,NA,89725.4335691707,NA
364800801,72,"2","5","1",1,NA,NA,89725.4335691707,NA
364830101,75,"2",NA,"2",1,NA,NA,89725.4335691707,NA
364830201,69,"1","1","2",4,NA,NA,89725.4335691707,NA
364830601,93,"2","1","2",2,NA,NA,89725.4335691707,NA
364830701,41,"1",NA,"2",3,NA,NA,89725.4335691707,NA
364830801,42,"1","11","2",4,NA,NA,89725.4335691707,NA
364840201,37,"1","11","3",3,NA,NA,89725.4335691707,NA
364840301,69,"1","3","3",2,NA,NA,89725.4335691707,NA
364890201,71,"2","11","2",3,NA,NA,89725.4335691707,NA
364890301,68,"1","-88","2",2,NA,NA,89725.4335691707,NA
364890501,85,"2","1","2",1,NA,NA,89725.4335691707,NA
364890601,71,"1","3","2",1,NA,NA,89725.4335691707,NA
364890701,65,"2","1","2",2,NA,NA,89725.4335691707,NA
364900101,62,"2","1","2",6,NA,NA,89725.4335691707,NA
364900201,84,"1","1","2",4,NA,NA,89725.4335691707,NA
364900301,36,"1","1","2",5,NA,NA,89725.4335691707,NA
364900401,30,"1","9","2",2,NA,NA,89725.4335691707,NA
364900501,63,"2","5","2",3,NA,NA,89725.4335691707,NA
364900701,38,"1","12","2",2,NA,NA,89725.4335691707,NA
364900801,35,"2","5","2",2,NA,NA,89725.4335691707,NA
364950101,62,"2",NA,NA,2,NA,NA,89725.4335691707,NA
364950201,53,"2","11",NA,5,NA,NA,89725.4335691707,NA
364950401,81,"1","1",NA,2,NA,NA,89725.4335691707,NA
364950601,47,"2","5",NA,4,NA,NA,89725.4335691707,NA
364950701,35,"1",NA,NA,4,NA,NA,89725.4335691707,NA
365200101,50,"2","5",NA,1,NA,NA,89725.4335691707,NA
365200301,49,"1","3",NA,5,NA,NA,89725.4335691707,NA
365200401,69,"1","1",NA,2,NA,NA,89725.4335691707,NA
365200501,54,"1",NA,NA,3,NA,NA,89725.4335691707,NA
365200601,59,"2","1",NA,4,NA,NA,89725.4335691707,NA
365200701,20,"1","7",NA,1,NA,NA,89725.4335691707,NA
365200901,69,"1","3",NA,2,NA,NA,89725.4335691707,NA
365201001,31,"2","5",NA,2,NA,NA,89725.4335691707,NA
365300201,90,"1","5","3",4,NA,NA,89725.4335691707,NA
365300301,65,"1","12","3",3,NA,NA,89725.4335691707,NA
365300501,37,"1","10","3",3,NA,NA,89725.4335691707,NA
365300601,66,"1","12","3",3,NA,NA,89725.4335691707,NA
365300701,66,"1","12","3",5,NA,NA,89725.4335691707,NA
365300801,50,"2","11","3",6,NA,NA,89725.4335691707,NA
365400101,64,"1","3","2",2,NA,NA,89725.4335691707,NA
365400201,56,"2","3","2",3,NA,NA,89725.4335691707,NA
365400301,69,"1",NA,"2",2,NA,NA,89725.4335691707,NA
365400401,59,"2","5","2",2,NA,NA,89725.4335691707,NA
365400501,53,"2","8","2",2,NA,NA,89725.4335691707,NA
365400601,29,"2","8","2",3,NA,NA,89725.4335691707,NA
365400701,52,"1","3","2",3,NA,NA,89725.4335691707,NA
365400801,66,"2","5","2",2,NA,NA,89725.4335691707,NA
365570101,66,"2",NA,"2",5,NA,NA,89725.4335691707,NA
365570201,62,"1","4","2",2,NA,NA,89725.4335691707,NA
365570301,52,"2","6","2",4,NA,NA,89725.4335691707,NA
365570401,73,"2","1","2",2,NA,NA,89725.4335691707,NA
365570601,45,"1",NA,"2",4,NA,NA,89725.4335691707,NA
365570701,61,"2","5","2",3,NA,NA,89725.4335691707,NA
365570801,75,"2","3","2",3,NA,NA,89725.4335691707,NA
365580501,44,"1","11","3",5,NA,NA,89725.4335691707,NA
365580801,59,"1","10","3",2,NA,NA,89725.4335691707,NA
365810201,22,"2","9",NA,1,NA,NA,89725.4335691707,NA
365810601,46,"1","8",NA,1,NA,NA,89725.4335691707,NA
365810801,48,"2","1",NA,3,NA,NA,89725.4335691707,NA
366010101,60,"1","1","2",3,NA,NA,89725.4335691707,NA
366010201,37,"2","11","2",2,NA,NA,89725.4335691707,NA
366010301,28,"1","3","2",2,NA,NA,89725.4335691707,NA
366010501,57,"2","6","2",1,NA,NA,89725.4335691707,NA
366010601,80,"1",NA,"2",2,NA,NA,89725.4335691707,NA
366010701,52,"1","5","2",3,NA,NA,89725.4335691707,NA
366060301,46,"1","11","3",3,NA,NA,89725.4335691707,NA
366060501,33,"1","11","3",2,NA,NA,89725.4335691707,NA
366060601,21,"2","9","3",1,NA,NA,89725.4335691707,NA
366060701,53,"1","12","3",2,NA,NA,89725.4335691707,NA
366060801,34,"2","11","3",1,NA,NA,89725.4335691707,NA
366140101,40,"2","8","2",3,NA,NA,89725.4335691707,NA
366140201,82,"2",NA,"2",1,NA,NA,89725.4335691707,NA
366140501,74,"2","3","2",3,NA,NA,89725.4335691707,NA
366140601,68,"2","3","2",2,NA,NA,89725.4335691707,NA
366140801,41,"2","5","2",2,NA,NA,89725.4335691707,NA
366180401,42,"2","12","3",1,NA,NA,89725.4335691707,NA
366180501,48,"2","11","3",2,NA,NA,89725.4335691707,NA
366180801,69,"1","12","3",1,NA,NA,89725.4335691707,NA
366520101,68,"1","5","2",2,NA,NA,89725.4335691707,NA
366520201,61,"2",NA,"2",8,NA,NA,89725.4335691707,NA
366520301,50,"2","1","2",2,NA,NA,89725.4335691707,NA
366520401,63,"2","1","2",4,NA,NA,89725.4335691707,NA
366520501,71,"2",NA,"2",4,NA,NA,89725.4335691707,NA
366520601,68,"2","1","2",3,NA,NA,89725.4335691707,NA
366520701,38,"2","5","2",3,NA,NA,89725.4335691707,NA
366520801,69,"1",NA,"2",7,NA,NA,89725.4335691707,NA
366660101,48,"2","11","3",2,NA,NA,89725.4335691707,NA
366660401,28,"1","10","3",1,NA,NA,89725.4335691707,NA
366700101,27,"2","5","2",2,NA,NA,89725.4335691707,NA
366700201,29,"1","9","2",4,NA,NA,89725.4335691707,NA
366700301,71,"1","1","2",2,NA,NA,89725.4335691707,NA
366700401,61,"2","3","2",2,NA,NA,89725.4335691707,NA
366700501,61,"2","5","2",4,NA,NA,89725.4335691707,NA
366700601,67,"2","6","2",1,NA,NA,89725.4335691707,NA
366700801,35,"1","9","2",2,NA,NA,89725.4335691707,NA
366930201,68,"1","1",NA,3,NA,NA,89725.4335691707,NA
366930401,52,"2","1",NA,8,NA,NA,89725.4335691707,NA
366930501,63,"2","1",NA,5,NA,NA,89725.4335691707,NA
366930601,63,"2","1",NA,5,NA,NA,89725.4335691707,NA
366930801,59,"2","1",NA,2,NA,NA,89725.4335691707,NA
367180101,50,"2","8",NA,3,NA,NA,89725.4335691707,NA
367180201,25,"2","8",NA,1,NA,NA,89725.4335691707,NA
367180401,34,"2","11",NA,3,NA,NA,89725.4335691707,NA
367180501,60,"1","11",NA,1,NA,NA,89725.4335691707,NA
367180701,50,"1","10",NA,3,NA,NA,89725.4335691707,NA
367250401,61,"1","1",NA,4,NA,NA,89725.4335691707,NA
367250501,73,"2","5",NA,5,NA,NA,89725.4335691707,NA
367250601,69,"2","1",NA,2,NA,NA,89725.4335691707,NA
367250701,66,"1","5",NA,3,NA,NA,89725.4335691707,NA
367250801,46,"1","5",NA,3,NA,NA,89725.4335691707,NA
367300101,31,"2","5","2",4,NA,NA,89725.4335691707,NA
367300201,43,"2","6","2",3,NA,NA,89725.4335691707,NA
367300401,58,"2","5","2",3,NA,NA,89725.4335691707,NA
367340201,45,"1","8",NA,4,NA,NA,89725.4335691707,NA
367340401,40,"1","8",NA,1,NA,NA,89725.4335691707,NA
367340601,30,"1","11",NA,1,NA,NA,89725.4335691707,NA
367360101,33,"1","5",NA,3,NA,NA,89725.4335691707,NA
367360301,51,"2","5",NA,6,NA,NA,89725.4335691707,NA
367360401,65,"2","5",NA,4,NA,NA,89725.4335691707,NA
367360501,50,"2","5",NA,6,NA,NA,89725.4335691707,NA
367360601,28,"2","7",NA,3,NA,NA,89725.4335691707,NA
367360701,70,"1","1",NA,2,NA,NA,89725.4335691707,NA
367360801,87,"2","1",NA,2,NA,NA,89725.4335691707,NA
367430201,31,"1","11",NA,1,NA,NA,89725.4335691707,NA
367490101,66,"1",NA,"1",6,NA,NA,89725.4335691707,NA
367490301,66,"1","3","1",2,NA,NA,89725.4335691707,NA
367490401,68,"2","1","1",2,NA,NA,89725.4335691707,NA
367490501,62,"2","1","1",5,NA,NA,89725.4335691707,NA
367490701,60,"1","1","1",2,NA,NA,89725.4335691707,NA
367490801,57,"1","8","1",2,NA,NA,89725.4335691707,NA
367750601,51,"2","11",NA,3,NA,NA,89725.4335691707,NA
367750701,67,"1","8",NA,2,NA,NA,89725.4335691707,NA
367940101,55,"1","11","2",2,NA,NA,89725.4335691707,NA
367940301,37,"2","5","2",3,NA,NA,89725.4335691707,NA
367940401,26,"1","1","2",8,NA,NA,89725.4335691707,NA
367940701,80,"1","8","2",2,NA,NA,89725.4335691707,NA
367940801,58,"2","4","2",4,NA,NA,89725.4335691707,NA
368040101,58,"2","1",NA,4,NA,NA,89725.4335691707,NA
368040301,66,"1","3",NA,6,NA,NA,89725.4335691707,NA
368040401,50,"1",NA,NA,2,NA,NA,89725.4335691707,NA
368040501,28,"2","5",NA,3,NA,NA,89725.4335691707,NA
368040601,56,"2","5",NA,2,NA,NA,89725.4335691707,NA
368040602,32,"1","1",NA,2,NA,NA,89725.4335691707,NA
368040701,30,"2",NA,NA,2,NA,NA,89725.4335691707,NA
368040801,43,"2","3",NA,6,NA,NA,89725.4335691707,NA
368080101,84,"1",NA,NA,2,NA,NA,89725.4335691707,NA
368080201,59,"2","5",NA,3,NA,NA,89725.4335691707,NA
368080401,86,"1","3",NA,3,NA,NA,89725.4335691707,NA
368080501,29,"1","8",NA,1,NA,NA,89725.4335691707,NA
368080601,43,"2","5",NA,2,NA,NA,89725.4335691707,NA
368080701,56,"1","11",NA,3,NA,NA,89725.4335691707,NA
368080801,65,"1","5",NA,3,NA,NA,89725.4335691707,NA
368170601,63,"2","4","3",2,NA,NA,89725.4335691707,NA
368170701,69,"1","11","3",3,NA,NA,89725.4335691707,NA
368180201,75,"2","1",NA,2,NA,NA,89725.4335691707,NA
368180301,34,"2","3",NA,4,NA,NA,89725.4335691707,NA
368180501,74,"1","3",NA,1,NA,NA,89725.4335691707,NA
368180601,62,"2","3",NA,3,NA,NA,89725.4335691707,NA
368180701,33,"2","5",NA,3,NA,NA,89725.4335691707,NA
368180801,49,"2","1",NA,5,NA,NA,89725.4335691707,NA
368190201,74,"1","3",NA,3,NA,NA,89725.4335691707,NA
368190301,61,"2","3",NA,6,NA,NA,89725.4335691707,NA
368190601,51,"2","7",NA,3,NA,NA,89725.4335691707,NA
368240201,46,"2","3",NA,5,NA,NA,89725.4335691707,NA
368240401,46,"2","3",NA,2,NA,NA,89725.4335691707,NA
368240501,50,"2","5",NA,4,NA,NA,89725.4335691707,NA
368240601,38,"1","11",NA,3,NA,NA,89725.4335691707,NA
368240701,31,"1","9",NA,1,NA,NA,89725.4335691707,NA
368240702,41,"1","3",NA,2,NA,NA,89725.4335691707,NA
368280101,40,"1","12","3",1,NA,NA,89725.4335691707,NA
368280301,45,"2","11","3",5,NA,NA,89725.4335691707,NA
368280401,38,"1","10","3",5,NA,NA,89725.4335691707,NA
368280501,44,"2","12","3",2,NA,NA,89725.4335691707,NA
368280701,36,"2","11","3",4,NA,NA,89725.4335691707,NA
368280801,36,"2","11","3",3,NA,NA,89725.4335691707,NA
368400301,35,"2","11",NA,2,NA,NA,89725.4335691707,NA
368400401,60,"2","11",NA,2,NA,NA,89725.4335691707,NA
368400501,36,"1","11",NA,2,NA,NA,89725.4335691707,NA
368400701,54,"2","11",NA,1,NA,NA,89725.4335691707,NA
368470601,44,"1","8",NA,4,NA,NA,89725.4335691707,NA
368470701,41,"1","11",NA,4,NA,NA,89725.4335691707,NA
368540101,58,"2",NA,"1",1,NA,NA,89725.4335691707,NA
368540201,74,"1","6","1",3,NA,NA,89725.4335691707,NA
368540301,50,"2","6","1",4,NA,NA,89725.4335691707,NA
368540401,67,"1","1","1",5,NA,NA,89725.4335691707,NA
368540701,33,"2","6","1",4,NA,NA,89725.4335691707,NA
368620101,43,"2","9","2",6,NA,NA,89725.4335691707,NA
368620401,58,"2",NA,"2",2,NA,NA,89725.4335691707,NA
368620601,34,"2","11","2",3,NA,NA,89725.4335691707,NA
368640101,27,"2","5",NA,6,NA,NA,89725.4335691707,NA
368640201,39,"1","6",NA,5,NA,NA,89725.4335691707,NA
368640301,44,"2","7",NA,2,NA,NA,89725.4335691707,NA
368640401,35,"2","5",NA,9,NA,NA,89725.4335691707,NA
368640601,48,"1","6",NA,1,NA,NA,89725.4335691707,NA
368640701,35,"1","3",NA,4,NA,NA,89725.4335691707,NA
368700701,81,"2","9",NA,1,NA,NA,89725.4335691707,NA
368750101,65,"2","5","2",3,NA,NA,89725.4335691707,NA
368750201,89,"1","1","2",4,NA,NA,89725.4335691707,NA
368750301,47,"1","1","2",3,NA,NA,89725.4335691707,NA
368750501,46,"1","6","2",1,NA,NA,89725.4335691707,NA
368750601,64,"2","9","2",1,NA,NA,89725.4335691707,NA
368950301,48,"2","5",NA,2,NA,NA,89725.4335691707,NA
368950401,57,"1","5",NA,3,NA,NA,89725.4335691707,NA
368950601,54,"1","3",NA,1,NA,NA,89725.4335691707,NA
368950801,52,"1","5",NA,5,NA,NA,89725.4335691707,NA
369210201,49,"2","5","2",2,NA,NA,89725.4335691707,NA
369210301,30,"2","11","2",3,NA,NA,89725.4335691707,NA
369210401,31,"2","11","2",1,NA,NA,89725.4335691707,NA
369210601,72,"1","3","2",3,NA,NA,89725.4335691707,NA
369210701,42,"2","5","2",4,NA,NA,89725.4335691707,NA
369380201,72,"1","4","2",2,NA,NA,89725.4335691707,NA
369380301,39,"1","7","2",4,NA,NA,89725.4335691707,NA
369380401,41,"1","7","2",5,NA,NA,89725.4335691707,NA
369380501,25,"1","8","2",1,NA,NA,89725.4335691707,NA
369380601,36,"1","5","2",3,NA,NA,89725.4335691707,NA
369380701,53,"1","5","2",1,NA,NA,89725.4335691707,NA
369520201,35,"2","11",NA,2,NA,NA,89725.4335691707,NA
369590101,58,"2","5",NA,3,NA,NA,89725.4335691707,NA
369590301,32,"1","3",NA,4,NA,NA,89725.4335691707,NA
369590601,48,"2",NA,NA,5,NA,NA,89725.4335691707,NA
369590801,54,"1","5",NA,4,NA,NA,89725.4335691707,NA
369610101,36,"2","7","3",5,NA,NA,89725.4335691707,NA
369610401,34,"2","9","3",4,NA,NA,89725.4335691707,NA
369610601,52,"1","5","3",3,NA,NA,89725.4335691707,NA
369610701,37,"1","11","3",5,NA,NA,89725.4335691707,NA
369610801,47,"2","11","3",4,NA,NA,89725.4335691707,NA
369640101,52,"1","5","2",4,NA,NA,89725.4335691707,NA
369640301,63,"2",NA,"2",2,NA,NA,89725.4335691707,NA
369640401,54,"1","3","2",6,NA,NA,89725.4335691707,NA
369640501,25,"1","5","2",6,NA,NA,89725.4335691707,NA
369640601,50,"2","8","2",4,NA,NA,89725.4335691707,NA
369660201,61,"1","5","2",4,NA,NA,89725.4335691707,NA
369660301,41,"1","12","2",3,NA,NA,89725.4335691707,NA
369660401,31,"1","9","2",3,NA,NA,89725.4335691707,NA
369660501,58,"1","6","2",5,NA,NA,89725.4335691707,NA
369660601,31,"2","11","2",3,NA,NA,89725.4335691707,NA
369660701,31,"2","8","2",4,NA,NA,89725.4335691707,NA
369660702,66,"1","5","2",1,NA,NA,89725.4335691707,NA
369660801,75,"2","8","2",3,NA,NA,89725.4335691707,NA
369720101,38,"1","3","2",4,NA,NA,89725.4335691707,NA
369720401,91,"2","1","2",1,NA,NA,89725.4335691707,NA
369720501,62,"2","4","2",4,NA,NA,89725.4335691707,NA
369720601,63,"2",NA,"2",4,NA,NA,89725.4335691707,NA
369990301,80,"2","5",NA,2,NA,NA,89725.4335691707,NA
369990401,75,"1","8",NA,2,NA,NA,89725.4335691707,NA
370000201,56,"1","3","3",4,NA,NA,89725.4335691707,NA
370000202,46,"1","11","3",1,NA,NA,89725.4335691707,NA
370000203,72,"1","11","3",2,NA,NA,89725.4335691707,NA
370000401,46,"2","11","3",3,NA,NA,89725.4335691707,NA
370000501,72,"2","6","3",1,NA,NA,89725.4335691707,NA
370000601,56,"2","8","3",3,NA,NA,89725.4335691707,NA
370000801,51,"1","11","3",3,NA,NA,89725.4335691707,NA
370050301,36,"2","11",NA,2,NA,NA,89725.4335691707,NA
370050401,81,"2",NA,NA,1,NA,NA,89725.4335691707,NA
370050501,43,"2","6",NA,3,NA,NA,89725.4335691707,NA
370050601,65,"1","5",NA,2,NA,NA,89725.4335691707,NA
370050701,71,"1","5",NA,2,NA,NA,89725.4335691707,NA
370280101,42,"2","3","2",6,NA,NA,89725.4335691707,NA
370280201,55,"2",NA,"2",2,NA,NA,89725.4335691707,NA
370280301,22,"2","7","2",3,NA,NA,89725.4335691707,NA
370280401,32,"2","3","2",9,NA,NA,89725.4335691707,NA
370280601,24,"2","3","2",3,NA,NA,89725.4335691707,NA
370280701,66,"2","5","2",2,NA,NA,89725.4335691707,NA
370280801,37,"1","6","2",3,NA,NA,89725.4335691707,NA
370770101,57,"2","8","2",6,NA,NA,89725.4335691707,NA
370770201,27,"2","8","2",2,NA,NA,89725.4335691707,NA
370770301,34,"2","3","2",4,NA,NA,89725.4335691707,NA
370770401,89,"2","1","2",2,NA,NA,89725.4335691707,NA
370770601,42,"2","11","2",2,NA,NA,89725.4335691707,NA
370770701,56,"2","8","2",3,NA,NA,89725.4335691707,NA
370770801,57,"1",NA,"2",3,NA,NA,89725.4335691707,NA
370800101,39,"1","9",NA,4,NA,NA,89725.4335691707,NA
370800201,46,"2","8",NA,1,NA,NA,89725.4335691707,NA
370800301,34,"1","11",NA,4,NA,NA,89725.4335691707,NA
370800501,50,"1","11",NA,3,NA,NA,89725.4335691707,NA
370800601,31,"1","9",NA,2,NA,NA,89725.4335691707,NA
370800701,35,"1","11",NA,2,NA,NA,89725.4335691707,NA
370840101,65,"2","1","2",3,NA,NA,89725.4335691707,NA
370840201,46,"1","5","2",2,NA,NA,89725.4335691707,NA
370840301,78,"2","1","2",1,NA,NA,89725.4335691707,NA
370840401,82,"1",NA,"2",4,NA,NA,89725.4335691707,NA
370840501,34,"1","6","2",2,NA,NA,89725.4335691707,NA
370840601,32,"1","9","2",1,NA,NA,89725.4335691707,NA
370840701,66,"2","3","2",2,NA,NA,89725.4335691707,NA
370840801,86,"1","3","2",1,NA,NA,89725.4335691707,NA
370910101,61,"2","1","2",2,NA,NA,89725.4335691707,NA
370910201,60,"2","1","2",2,NA,NA,89725.4335691707,NA
370910301,92,"1",NA,"2",2,NA,NA,89725.4335691707,NA
370910501,45,"1","3","2",5,NA,NA,89725.4335691707,NA
371320701,89,"1","11","3",1,NA,NA,89725.4335691707,NA
371320801,57,"1","6","3",3,NA,NA,89725.4335691707,NA
371340201,61,"1","6","2",5,NA,NA,89725.4335691707,NA
371340301,68,"1","9","2",1,NA,NA,89725.4335691707,NA
371340401,34,"1","5","2",5,NA,NA,89725.4335691707,NA
371340501,28,"1","9","2",2,NA,NA,89725.4335691707,NA
371340601,65,"1",NA,"2",4,NA,NA,89725.4335691707,NA
371340701,55,"2","5","2",2,NA,NA,89725.4335691707,NA
371340801,68,"1","6","2",1,NA,NA,89725.4335691707,NA
371680201,77,"1","11","2",4,NA,NA,89725.4335691707,NA
371680301,75,"1","11","2",5,NA,NA,89725.4335691707,NA
371680401,57,"1","8","2",6,NA,NA,89725.4335691707,NA
371680501,60,"2","11","2",3,NA,NA,89725.4335691707,NA
371680601,40,"2","5","2",2,NA,NA,89725.4335691707,NA
371760201,70,"2","4","3",1,NA,NA,89725.4335691707,NA
371760301,34,"2","9","3",4,NA,NA,89725.4335691707,NA
371760701,40,"1","12","3",3,NA,NA,89725.4335691707,NA
371810401,29,"2","11",NA,2,NA,NA,89725.4335691707,NA
371810501,28,"2","11",NA,2,NA,NA,89725.4335691707,NA
371960101,66,"2","1","2",2,NA,NA,89725.4335691707,NA
371960201,39,"1",NA,"2",4,NA,NA,89725.4335691707,NA
371960301,60,"1",NA,"2",3,NA,NA,89725.4335691707,NA
371960601,55,"2","3","2",3,NA,NA,89725.4335691707,NA
371960701,44,"1",NA,"2",2,NA,NA,89725.4335691707,NA
371960801,51,"2","1","2",4,NA,NA,89725.4335691707,NA
372210201,55,"2","9",NA,2,NA,NA,89725.4335691707,NA
372210301,32,"1","11",NA,2,NA,NA,89725.4335691707,NA
372210601,34,"2","11",NA,2,NA,NA,89725.4335691707,NA
372230101,38,"2",NA,NA,1,NA,NA,89725.4335691707,NA
372230102,33,"1",NA,NA,1,NA,NA,89725.4335691707,NA
372230103,40,"1","3",NA,1,NA,NA,89725.4335691707,NA
372230201,30,"1","8",NA,1,NA,NA,89725.4335691707,NA
372230301,56,"2","11",NA,1,NA,NA,89725.4335691707,NA
372230401,26,"1",NA,NA,3,NA,NA,89725.4335691707,NA
372230402,74,"2","1",NA,2,NA,NA,89725.4335691707,NA
372230501,79,"1","3",NA,2,NA,NA,89725.4335691707,NA
372230601,48,"1","3",NA,2,NA,NA,89725.4335691707,NA
372230701,23,"2","5",NA,2,NA,NA,89725.4335691707,NA
372230801,64,"1","3",NA,3,NA,NA,89725.4335691707,NA
372230802,37,"1","3",NA,2,NA,NA,89725.4335691707,NA
372270201,66,"1",NA,NA,2,NA,NA,89725.4335691707,NA
372270301,31,"2","11",NA,4,NA,NA,89725.4335691707,NA
372270501,92,"1","3",NA,3,NA,NA,89725.4335691707,NA
372270601,82,"1","4",NA,2,NA,NA,89725.4335691707,NA
372350101,72,"1","7","2",2,NA,NA,89725.4335691707,NA
372470201,31,"2","11",NA,4,NA,NA,89725.4335691707,NA
372470401,57,"1","11",NA,4,NA,NA,89725.4335691707,NA
372470501,56,"2","11",NA,3,NA,NA,89725.4335691707,NA
372470601,64,"2","11",NA,2,NA,NA,89725.4335691707,NA
372470701,57,"1","8",NA,5,NA,NA,89725.4335691707,NA
372580101,85,"2","1","1",1,NA,NA,89725.4335691707,NA
372580301,41,"1","3","1",4,NA,NA,89725.4335691707,NA
372580401,25,"2","1","1",4,NA,NA,89725.4335691707,NA
372580501,76,"1",NA,"1",1,NA,NA,89725.4335691707,NA
372580701,63,"2",NA,"1",1,NA,NA,89725.4335691707,NA
372580801,57,"2","3","1",3,NA,NA,89725.4335691707,NA
372730101,51,"2","6",NA,3,NA,NA,89725.4335691707,NA
372730301,56,"1","11",NA,3,NA,NA,89725.4335691707,NA
372730401,61,"2","4",NA,2,NA,NA,89725.4335691707,NA
372730601,34,"2","5",NA,3,NA,NA,89725.4335691707,NA
372730701,32,"2","11",NA,1,NA,NA,89725.4335691707,NA
372730801,36,"1","11",NA,3,NA,NA,89725.4335691707,NA
372820101,31,"1","11","3",3,NA,NA,89725.4335691707,NA
373050501,44,"1","12","3",5,NA,NA,89725.4335691707,NA
373050701,60,"2","11","3",4,NA,NA,89725.4335691707,NA
373310201,35,"1","8","3",4,NA,NA,89725.4335691707,NA
373310401,52,"2","6","3",3,NA,NA,89725.4335691707,NA
373310501,38,"2","11","3",3,NA,NA,89725.4335691707,NA
373310601,66,"1","8","3",3,NA,NA,89725.4335691707,NA
373400201,48,"1","6",NA,1,NA,NA,89725.4335691707,NA
373400301,45,"2","9",NA,4,NA,NA,89725.4335691707,NA
373400401,69,"2","5",NA,2,NA,NA,89725.4335691707,NA
373400601,59,"2",NA,NA,1,NA,NA,89725.4335691707,NA
373400801,52,"2","4",NA,4,NA,NA,89725.4335691707,NA
373500201,41,"2","11",NA,3,NA,NA,89725.4335691707,NA
373500601,51,"1","11",NA,2,NA,NA,89725.4335691707,NA
373540101,54,"2","8",NA,4,NA,NA,89725.4335691707,NA
373540201,73,"2","6",NA,1,NA,NA,89725.4335691707,NA
373540301,56,"2","1",NA,2,NA,NA,89725.4335691707,NA
373540401,53,"2","1",NA,4,NA,NA,89725.4335691707,NA
373540701,61,"2","11",NA,3,NA,NA,89725.4335691707,NA
373540801,74,"2","3",NA,1,NA,NA,89725.4335691707,NA
373890101,77,"1","5","3",3,NA,NA,89725.4335691707,NA
373890401,32,"1","12","3",2,NA,NA,89725.4335691707,NA
373890501,61,"2","11","3",1,NA,NA,89725.4335691707,NA
373890601,36,"1","11","3",3,NA,NA,89725.4335691707,NA
373890701,67,"2","9","3",1,NA,NA,89725.4335691707,NA
374080101,58,"1","1","1",3,NA,NA,89725.4335691707,NA
374080201,73,"1","1","1",1,NA,NA,89725.4335691707,NA
374080301,70,"1",NA,"1",3,NA,NA,89725.4335691707,NA
374080801,59,"1","3","1",2,NA,NA,89725.4335691707,NA
374250101,29,"1","9",NA,2,NA,NA,89725.4335691707,NA
374250201,36,"1","11",NA,1,NA,NA,89725.4335691707,NA
374250301,59,"1","8",NA,1,NA,NA,89725.4335691707,NA
374250401,54,"1","6",NA,4,NA,NA,89725.4335691707,NA
374250501,38,"2","5",NA,3,NA,NA,89725.4335691707,NA
374250601,38,"1","11",NA,1,NA,NA,89725.4335691707,NA
374250701,30,"1","5",NA,4,NA,NA,89725.4335691707,NA
374250801,33,"2","8",NA,4,NA,NA,89725.4335691707,NA
374380501,49,"1","8","1",3,NA,NA,89725.4335691707,NA
374380601,59,"2","5","1",2,NA,NA,89725.4335691707,NA
374380801,38,"2","12","1",4,NA,NA,89725.4335691707,NA
375020201,28,"2","1","2",3,NA,NA,89725.4335691707,NA
375020202,37,"2","1","2",3,NA,NA,89725.4335691707,NA
375020301,50,"2","4","2",2,NA,NA,89725.4335691707,NA
375020601,34,"1","3","2",4,NA,NA,89725.4335691707,NA
375020701,57,"1","5","2",2,NA,NA,89725.4335691707,NA
375020702,40,"1","3","2",3,NA,NA,89725.4335691707,NA
375050101,64,"1","3",NA,3,NA,NA,89725.4335691707,NA
375050201,23,"1","3",NA,3,NA,NA,89725.4335691707,NA
375050401,26,"1","6",NA,2,NA,NA,89725.4335691707,NA
375050501,63,"1","1",NA,3,NA,NA,89725.4335691707,NA
375130301,58,"2","5","2",4,NA,NA,89725.4335691707,NA
375130601,29,"2","7","2",2,NA,NA,89725.4335691707,NA
375130701,25,"2",NA,"2",5,NA,NA,89725.4335691707,NA
375130801,52,"2","3","2",1,NA,NA,89725.4335691707,NA
375170101,54,"2","6",NA,2,NA,NA,89725.4335691707,NA
375170201,83,"2",NA,NA,2,NA,NA,89725.4335691707,NA
375170401,44,"2","5",NA,5,NA,NA,89725.4335691707,NA
375170501,50,"1","7",NA,4,NA,NA,89725.4335691707,NA
375170601,40,"2","11",NA,5,NA,NA,89725.4335691707,NA
375170701,62,"1","11",NA,3,NA,NA,89725.4335691707,NA
375170801,38,"2","6",NA,3,NA,NA,89725.4335691707,NA
375210101,37,"2","11",NA,3,NA,NA,89725.4335691707,NA
375210801,50,"1","6",NA,1,NA,NA,89725.4335691707,NA
375630501,21,"2","9","3",1,NA,NA,89725.4335691707,NA
375630502,24,"1","9","3",1,NA,NA,89725.4335691707,NA
375870101,69,"2","1",NA,3,NA,NA,89725.4335691707,NA
375870201,59,"2","5",NA,3,NA,NA,89725.4335691707,NA
375870301,64,"2",NA,NA,4,NA,NA,89725.4335691707,NA
375870401,49,"2","1",NA,3,NA,NA,89725.4335691707,NA
375870501,72,"1","1",NA,3,NA,NA,89725.4335691707,NA
375870601,38,"2","6",NA,3,NA,NA,89725.4335691707,NA
375870701,71,"2","3",NA,2,NA,NA,89725.4335691707,NA
375870801,59,"2","5",NA,5,NA,NA,89725.4335691707,NA
375970301,35,"1","6","3",1,NA,NA,89725.4335691707,NA
375970501,47,"2","5","3",1,NA,NA,89725.4335691707,NA
375970601,43,"2","11","3",2,NA,NA,89725.4335691707,NA
375970701,36,"2","8","3",3,NA,NA,89725.4335691707,NA
375970801,30,"2","5","3",3,NA,NA,89725.4335691707,NA
376420101,30,"2","11","3",2,NA,NA,89725.4335691707,NA
376420201,63,"2","11","3",1,NA,NA,89725.4335691707,NA
376420401,75,"1","5","3",2,NA,NA,89725.4335691707,NA
376420601,60,"2","10","3",2,NA,NA,89725.4335691707,NA
376560101,23,"1","9","3",1,NA,NA,89725.4335691707,NA
376560201,54,"2","9","3",2,NA,NA,89725.4335691707,NA
376560301,53,"1","9","3",3,NA,NA,89725.4335691707,NA
376560401,72,"2","6","3",1,NA,NA,89725.4335691707,NA
376560601,36,"1","11","3",3,NA,NA,89725.4335691707,NA
376560701,69,"1","11","3",4,NA,NA,89725.4335691707,NA
376650101,40,"2","3",NA,5,NA,NA,89725.4335691707,NA
376650201,82,"2",NA,NA,1,NA,NA,89725.4335691707,NA
376650301,53,"2","5",NA,3,NA,NA,89725.4335691707,NA
376650401,70,"1",NA,NA,2,NA,NA,89725.4335691707,NA
376650501,58,"1","5",NA,4,NA,NA,89725.4335691707,NA
376650601,54,"2","6",NA,2,NA,NA,89725.4335691707,NA
376650701,84,"1",NA,NA,2,NA,NA,89725.4335691707,NA
376650801,48,"2","9",NA,5,NA,NA,89725.4335691707,NA
376710101,62,"1","7",NA,2,NA,NA,89725.4335691707,NA
376710601,58,"2","8",NA,3,NA,NA,89725.4335691707,NA
376710701,68,"2","12",NA,2,NA,NA,89725.4335691707,NA
376790101,40,"2","11","3",4,NA,NA,89725.4335691707,NA
376790301,49,"1","6","3",4,NA,NA,89725.4335691707,NA
376790501,51,"1","9","3",4,NA,NA,89725.4335691707,NA
377050401,26,"2","9",NA,1,NA,NA,89725.4335691707,NA
377130201,63,"1","6","3",4,NA,NA,89725.4335691707,NA
377130202,80,"2","1","3",1,NA,NA,89725.4335691707,NA
377130701,48,"1","6","3",2,NA,NA,89725.4335691707,NA
377350101,40,"2","6","3",4,NA,NA,89725.4335691707,NA
377350201,59,"2","9","3",4,NA,NA,89725.4335691707,NA
377350301,67,"2","11","3",2,NA,NA,89725.4335691707,NA
377350401,34,"2","8","3",5,NA,NA,89725.4335691707,NA
377350501,39,"1","11","3",3,NA,NA,89725.4335691707,NA
377350701,28,"1","11","3",2,NA,NA,89725.4335691707,NA
377350801,63,"1","11","3",5,NA,NA,89725.4335691707,NA
377420201,21,"1","7",NA,2,NA,NA,89725.4335691707,NA
377420401,59,"1","6",NA,4,NA,NA,89725.4335691707,NA
377420501,44,"2","6",NA,2,NA,NA,89725.4335691707,NA
377420601,70,"1","6",NA,2,NA,NA,89725.4335691707,NA
377420701,60,"1","4",NA,3,NA,NA,89725.4335691707,NA
377660101,59,"2",NA,NA,5,NA,NA,89725.4335691707,NA
377660201,64,"1","6",NA,4,NA,NA,89725.4335691707,NA
377660301,59,"1","5",NA,2,NA,NA,89725.4335691707,NA
377660401,68,"2","11",NA,4,NA,NA,89725.4335691707,NA
377660601,89,"1","3",NA,2,NA,NA,89725.4335691707,NA
377660701,60,"2","8",NA,2,NA,NA,89725.4335691707,NA
377660801,91,"2","6",NA,1,NA,NA,89725.4335691707,NA
377700101,64,"1","3",NA,2,NA,NA,89725.4335691707,NA
377700201,51,"1","11",NA,4,NA,NA,89725.4335691707,NA
377700301,47,"1","5",NA,4,NA,NA,89725.4335691707,NA
377700401,41,"2","5",NA,3,NA,NA,89725.4335691707,NA
377700501,37,"1","6",NA,1,NA,NA,89725.4335691707,NA
377700601,56,"1","1",NA,3,NA,NA,89725.4335691707,NA
377700701,46,"1","7",NA,3,NA,NA,89725.4335691707,NA
377700801,33,"1","11",NA,3,NA,NA,89725.4335691707,NA
377810101,32,"1","11",NA,2,NA,NA,89725.4335691707,NA
377810701,41,"2","11",NA,1,NA,NA,89725.4335691707,NA
377810801,30,"1","9",NA,2,NA,NA,89725.4335691707,NA
377970101,51,"1","8","2",1,NA,NA,89725.4335691707,NA
377970201,60,"2","6","2",3,NA,NA,89725.4335691707,NA
377970301,54,"1","3","2",5,NA,NA,89725.4335691707,NA
377970302,33,"2","3","2",7,NA,NA,89725.4335691707,NA
377970401,50,"2","9","2",2,NA,NA,89725.4335691707,NA
377970501,53,"1","5","2",2,NA,NA,89725.4335691707,NA
377970601,60,"1","11","2",4,NA,NA,89725.4335691707,NA
377970801,51,"1","5","2",4,NA,NA,89725.4335691707,NA
378390101,60,"1","8","2",2,NA,NA,89725.4335691707,NA
378390301,61,"2","3","2",1,NA,NA,89725.4335691707,NA
378390401,52,"1","5","2",3,NA,NA,89725.4335691707,NA
378390501,83,"2",NA,"2",2,NA,NA,89725.4335691707,NA
378390601,30,"2","11","2",4,NA,NA,89725.4335691707,NA
378390701,77,"2","3","2",5,NA,NA,89725.4335691707,NA
378390801,51,"2","11","2",3,NA,NA,89725.4335691707,NA
378420101,26,"2","11",NA,3,NA,NA,89725.4335691707,NA
378420501,76,"2","4",NA,2,NA,NA,89725.4335691707,NA
378420601,55,"2","5",NA,1,NA,NA,89725.4335691707,NA
378420701,61,"1","5",NA,2,NA,NA,89725.4335691707,NA
378420801,69,"2","4",NA,1,NA,NA,89725.4335691707,NA
378600301,24,"1","9",NA,1,NA,NA,89725.4335691707,NA
378600401,43,"2","11",NA,2,NA,NA,89725.4335691707,NA
378600701,35,"1","11",NA,3,NA,NA,89725.4335691707,NA
378600801,26,"1","8",NA,1,NA,NA,89725.4335691707,NA
378650201,72,"1",NA,"2",3,NA,NA,89725.4335691707,NA
378650301,46,"2","11","2",4,NA,NA,89725.4335691707,NA
378650401,68,"2","11","2",2,NA,NA,89725.4335691707,NA
378650501,48,"2",NA,"2",5,NA,NA,89725.4335691707,NA
378650801,61,"1",NA,"2",3,NA,NA,89725.4335691707,NA
378680101,80,"2",NA,"1",3,NA,NA,89725.4335691707,NA
378680201,61,"2",NA,"1",3,NA,NA,89725.4335691707,NA
378680301,45,"2","6","1",5,NA,NA,89725.4335691707,NA
378680501,70,"1","1","1",2,NA,NA,89725.4335691707,NA
378680502,43,"1",NA,"1",4,NA,NA,89725.4335691707,NA
378680601,60,"1","3","1",3,NA,NA,89725.4335691707,NA
378680701,79,"2",NA,"1",2,NA,NA,89725.4335691707,NA
378680702,49,"2","5","1",2,NA,NA,89725.4335691707,NA
378690301,68,"2","1","2",1,NA,NA,89725.4335691707,NA
378690501,52,"1","5","2",2,NA,NA,89725.4335691707,NA
378690701,63,"1","5","2",2,NA,NA,89725.4335691707,NA
378690801,76,"2","1","2",2,NA,NA,89725.4335691707,NA
378980101,40,"1","11","3",5,NA,NA,89725.4335691707,NA
378980201,53,"2","11","3",3,NA,NA,89725.4335691707,NA
378980401,59,"1","12","3",4,NA,NA,89725.4335691707,NA
378980501,59,"2","12","3",3,NA,NA,89725.4335691707,NA
378980701,44,"1","11","3",4,NA,NA,89725.4335691707,NA
378980801,26,"1","11","3",3,NA,NA,89725.4335691707,NA
379020401,79,"2","11",NA,3,NA,NA,89725.4335691707,NA
379020801,32,"2","11",NA,3,NA,NA,89725.4335691707,NA
379170101,84,"2",NA,"2",1,NA,NA,89725.4335691707,NA
379170201,78,"1","5","2",3,NA,NA,89725.4335691707,NA
379170701,88,"2","3","2",1,NA,NA,89725.4335691707,NA
379170801,51,"2","8","2",4,NA,NA,89725.4335691707,NA
379250101,28,"1","11",NA,1,NA,NA,89725.4335691707,NA
379250301,46,"1","3",NA,1,NA,NA,89725.4335691707,NA
379450401,66,"1","1",NA,5,NA,NA,89725.4335691707,NA
379690101,28,"2","5","2",4,NA,NA,89725.4335691707,NA
379690102,25,"2","5","2",3,NA,NA,89725.4335691707,NA
379690301,86,"2",NA,"2",2,NA,NA,89725.4335691707,NA
379690501,55,"1","8","2",3,NA,NA,89725.4335691707,NA
379690801,31,"2","10","2",2,NA,NA,89725.4335691707,NA
379810801,28,"2","9",NA,1,NA,NA,89725.4335691707,NA
379960101,65,"2","9",NA,4,NA,NA,89725.4335691707,NA
379960601,34,"1","3",NA,3,NA,NA,89725.4335691707,NA
379960701,66,"2","4",NA,1,NA,NA,89725.4335691707,NA
379960801,37,"2","3",NA,5,NA,NA,89725.4335691707,NA
380100601,41,"2","11",NA,2,NA,NA,89725.4335691707,NA
380100701,87,"2","5",NA,1,NA,NA,89725.4335691707,NA
380100801,55,"2","12",NA,4,NA,NA,89725.4335691707,NA
380380101,30,"2","11",NA,2,NA,NA,89725.4335691707,NA
380380301,45,"1","11",NA,2,NA,NA,89725.4335691707,NA
380380401,47,"2","5",NA,1,NA,NA,89725.4335691707,NA
380380601,42,"1","11",NA,3,NA,NA,89725.4335691707,NA
380420101,69,"2","5",NA,2,NA,NA,89725.4335691707,NA
380420201,81,"2","1",NA,6,NA,NA,89725.4335691707,NA
380420301,59,"2","5",NA,2,NA,NA,89725.4335691707,NA
380420501,58,"2","8",NA,1,NA,NA,89725.4335691707,NA
380420601,58,"2","5",NA,3,NA,NA,89725.4335691707,NA
380420701,86,"1","1",NA,2,NA,NA,89725.4335691707,NA
380420801,62,"2","8",NA,2,NA,NA,89725.4335691707,NA
380550101,77,"2",NA,"1",6,NA,NA,89725.4335691707,NA
380550201,46,"2","1","1",5,NA,NA,89725.4335691707,NA
380550301,75,"1","1","1",2,NA,NA,89725.4335691707,NA
380550601,48,"2","5","1",3,NA,NA,89725.4335691707,NA
380550701,37,"2","5","1",5,NA,NA,89725.4335691707,NA
380550702,69,"2","1","1",3,NA,NA,89725.4335691707,NA
380550801,34,"1","3","1",4,NA,NA,89725.4335691707,NA
380680101,74,"1","12","3",1,NA,NA,89725.4335691707,NA
380680201,60,"2","8","3",1,NA,NA,89725.4335691707,NA
380680301,32,"2","11","3",1,NA,NA,89725.4335691707,NA
380680401,52,"2","11","3",4,NA,NA,89725.4335691707,NA
380680701,39,"1","5","3",4,NA,NA,89725.4335691707,NA
380800501,40,"2","11","3",3,NA,NA,89725.4335691707,NA
380800701,42,"1","11","3",6,NA,NA,89725.4335691707,NA
380910201,37,"1","8","3",3,NA,NA,89725.4335691707,NA
380910202,36,"2","11","3",3,NA,NA,89725.4335691707,NA
380910301,52,"1","5","3",3,NA,NA,89725.4335691707,NA
380910401,60,"1",NA,"3",3,NA,NA,89725.4335691707,NA
380910501,58,"2","12","3",4,NA,NA,89725.4335691707,NA
380910601,55,"1","11","3",3,NA,NA,89725.4335691707,NA
380910701,47,"1","11","3",5,NA,NA,89725.4335691707,NA
380950801,43,"1","12",NA,6,NA,NA,89725.4335691707,NA
381270101,29,"1","9",NA,3,NA,NA,89725.4335691707,NA
381270301,78,"2","9",NA,2,NA,NA,89725.4335691707,NA
381300201,20,"1","5","2",2,NA,NA,89725.4335691707,NA
381300401,61,"2","1","2",2,NA,NA,89725.4335691707,NA
381300701,54,"1","6","2",3,NA,NA,89725.4335691707,NA
381300801,60,"1","5","2",4,NA,NA,89725.4335691707,NA
381340101,60,"1","5","3",2,NA,NA,89725.4335691707,NA
381340201,68,"2","3","3",3,NA,NA,89725.4335691707,NA
381340501,50,"2","8","3",2,NA,NA,89725.4335691707,NA
381340601,30,"2","6","3",3,NA,NA,89725.4335691707,NA
381340701,41,"2","3","3",1,NA,NA,89725.4335691707,NA
381470101,43,"2","6","2",4,NA,NA,89725.4335691707,NA
381470301,54,"2","-88","2",4,NA,NA,89725.4335691707,NA
381470701,54,"2","3","2",2,NA,NA,89725.4335691707,NA
381470801,46,"2","8","2",2,NA,NA,89725.4335691707,NA
381490701,72,"2","3","3",2,NA,NA,89725.4335691707,NA
381490801,23,"1","1","3",2,NA,NA,89725.4335691707,NA
381630101,60,"1","-88","1",3,NA,NA,89725.4335691707,NA
381630201,38,"2","6","1",4,NA,NA,89725.4335691707,NA
381630301,57,"2","1","1",3,NA,NA,89725.4335691707,NA
381630401,84,"2","1","1",3,NA,NA,89725.4335691707,NA
381630501,63,"2","1","1",2,NA,NA,89725.4335691707,NA
381630601,58,"2","3","1",3,NA,NA,89725.4335691707,NA
381630801,80,"1","1","1",5,NA,NA,89725.4335691707,NA
381640201,51,"1","4","3",4,NA,NA,89725.4335691707,NA
381640401,44,"2","8","3",1,NA,NA,89725.4335691707,NA
381640501,60,"1",NA,"3",2,NA,NA,89725.4335691707,NA
381640701,73,"1","5","3",1,NA,NA,89725.4335691707,NA
381640801,30,"2","8","3",3,NA,NA,89725.4335691707,NA
381690101,64,"2","5","2",3,NA,NA,89725.4335691707,NA
381690301,45,"2","5","2",4,NA,NA,89725.4335691707,NA
381690501,29,"2","8","2",1,NA,NA,89725.4335691707,NA
381690701,67,"2","1","2",5,NA,NA,89725.4335691707,NA
381690801,43,"2","5","2",4,NA,NA,89725.4335691707,NA
381970101,75,"1","8",NA,3,NA,NA,89725.4335691707,NA
381970201,44,"2","5",NA,2,NA,NA,89725.4335691707,NA
381970301,65,"1","8",NA,2,NA,NA,89725.4335691707,NA
381970501,58,"1","3",NA,2,NA,NA,89725.4335691707,NA
381970701,53,"1","11",NA,3,NA,NA,89725.4335691707,NA
381970801,57,"2","8",NA,1,NA,NA,89725.4335691707,NA
382050201,23,"2","3","3",4,NA,NA,89725.4335691707,NA
382260201,67,"1","11","3",2,NA,NA,89725.4335691707,NA
382260401,47,"2","8","3",3,NA,NA,89725.4335691707,NA
382260501,57,"1","12","3",3,NA,NA,89725.4335691707,NA
382570301,76,"1","3",NA,6,NA,NA,89725.4335691707,NA
382570401,41,"2","1",NA,9,NA,NA,89725.4335691707,NA
382570801,66,"1","3",NA,7,NA,NA,89725.4335691707,NA
382640101,39,"1","12","3",4,NA,NA,89725.4335691707,NA
382660201,54,"1","5",NA,3,NA,NA,89725.4335691707,NA
382670101,65,"1","4","3",2,NA,NA,89725.4335691707,NA
382670201,62,"1","9","3",1,NA,NA,89725.4335691707,NA
382670301,52,"1","1","3",4,NA,NA,89725.4335691707,NA
382670501,39,"1","9","3",3,NA,NA,89725.4335691707,NA
382670801,59,"2","8","3",3,NA,NA,89725.4335691707,NA
382790201,68,"1","4","2",6,NA,NA,89725.4335691707,NA
382790301,68,"2",NA,"2",1,NA,NA,89725.4335691707,NA
382790401,60,"2",NA,"2",10,NA,NA,89725.4335691707,NA
383150101,69,"2","4","2",2,NA,NA,89725.4335691707,NA
383150201,52,"2","6","2",3,NA,NA,89725.4335691707,NA
383150301,66,"1",NA,"2",2,NA,NA,89725.4335691707,NA
383150401,59,"2","5","2",2,NA,NA,89725.4335691707,NA
383150601,74,"2","5","2",1,NA,NA,89725.4335691707,NA
383150701,43,"2","5","2",3,NA,NA,89725.4335691707,NA
383180201,49,"2","5","2",2,NA,NA,89725.4335691707,NA
383180301,73,"2","1","2",3,NA,NA,89725.4335691707,NA
383180401,34,"2",NA,"2",4,NA,NA,89725.4335691707,NA
383180801,62,"2","1","2",3,NA,NA,89725.4335691707,NA
383440101,62,"2","4",NA,1,NA,NA,89725.4335691707,NA
383440201,30,"2","5",NA,4,NA,NA,89725.4335691707,NA
383440301,42,"2","6",NA,2,NA,NA,89725.4335691707,NA
383440401,54,"2","5",NA,5,NA,NA,89725.4335691707,NA
383440601,65,"2","11",NA,2,NA,NA,89725.4335691707,NA
383440701,44,"1","5",NA,4,NA,NA,89725.4335691707,NA
383440801,27,"2","5",NA,4,NA,NA,89725.4335691707,NA
383560201,36,"2","5",NA,3,NA,NA,89725.4335691707,NA
383560401,24,"2","8",NA,3,NA,NA,89725.4335691707,NA
383560701,49,"2","9",NA,2,NA,NA,89725.4335691707,NA
383560801,36,"2","5",NA,2,NA,NA,89725.4335691707,NA
383780101,41,"1","11","3",3,NA,NA,89725.4335691707,NA
383780701,70,"1","4","3",1,NA,NA,89725.4335691707,NA
383780801,40,"2","6","3",5,NA,NA,89725.4335691707,NA
384020201,82,"2",NA,"3",2,NA,NA,89725.4335691707,NA
384020601,52,"1","3","3",1,NA,NA,89725.4335691707,NA
384020801,57,"2","8","3",1,NA,NA,89725.4335691707,NA
384120201,43,"2","11",NA,4,NA,NA,89725.4335691707,NA
384120301,75,"1","4",NA,1,NA,NA,89725.4335691707,NA
384120501,40,"2","11",NA,4,NA,NA,89725.4335691707,NA
384120801,48,"1","5",NA,4,NA,NA,89725.4335691707,NA
384260101,32,"2","8","2",2,NA,NA,89725.4335691707,NA
384260301,64,"1",NA,"2",2,NA,NA,89725.4335691707,NA
384260401,32,"2","3","2",7,NA,NA,89725.4335691707,NA
384260501,62,"2","3","2",2,NA,NA,89725.4335691707,NA
384260601,46,"2","5","2",3,NA,NA,89725.4335691707,NA
384260801,45,"2","8","2",4,NA,NA,89725.4335691707,NA
384350301,75,"2","-88","2",1,NA,NA,89725.4335691707,NA
384350601,66,"2","5","2",2,NA,NA,89725.4335691707,NA
384350801,58,"2","6","2",1,NA,NA,89725.4335691707,NA
384360101,30,"1","11",NA,2,NA,NA,89725.4335691707,NA
384360201,35,"1","11",NA,3,NA,NA,89725.4335691707,NA
384360301,36,"2","8",NA,3,NA,NA,89725.4335691707,NA
384360401,71,"2","11",NA,2,NA,NA,89725.4335691707,NA
384360501,21,"1","9",NA,3,NA,NA,89725.4335691707,NA
384360701,38,"2","10",NA,2,NA,NA,89725.4335691707,NA
384360801,46,"1","11",NA,4,NA,NA,89725.4335691707,NA
384380101,30,"1","9","3",1,NA,NA,89725.4335691707,NA
384380201,46,"2","11","3",1,NA,NA,89725.4335691707,NA
384380801,32,"1","11","3",2,NA,NA,89725.4335691707,NA
384580301,87,"2","8","3",1,NA,NA,89725.4335691707,NA
384580701,33,"1","11","3",2,NA,NA,89725.4335691707,NA
384660801,49,"2","11",NA,5,NA,NA,89725.4335691707,NA
384760201,49,"1","8","2",3,NA,NA,89725.4335691707,NA
384760301,51,"1","3","2",4,NA,NA,89725.4335691707,NA
384760401,44,"1","5","2",4,NA,NA,89725.4335691707,NA
384760701,49,"1","6","2",3,NA,NA,89725.4335691707,NA
384760801,83,"1",NA,"2",2,NA,NA,89725.4335691707,NA
384790201,72,"2","8",NA,2,NA,NA,89725.4335691707,NA
384790301,50,"2","11",NA,3,NA,NA,89725.4335691707,NA
384790401,73,"1","9",NA,2,NA,NA,89725.4335691707,NA
384790601,29,"1","11",NA,1,NA,NA,89725.4335691707,NA
384790801,70,"1","12",NA,2,NA,NA,89725.4335691707,NA
385200101,47,"1","1","1",5,NA,NA,89725.4335691707,NA
385200102,29,"1","5","1",1,NA,NA,89725.4335691707,NA
385200401,53,"2","1","1",2,NA,NA,89725.4335691707,NA
385200601,50,"1",NA,"1",3,NA,NA,89725.4335691707,NA
385200701,73,"1","1","1",4,NA,NA,89725.4335691707,NA
385200801,26,"2","3","1",4,NA,NA,89725.4335691707,NA
385300301,74,"1","5",NA,1,NA,NA,89725.4335691707,NA
385300401,61,"2","8",NA,1,NA,NA,89725.4335691707,NA
385520101,51,"2","5","3",3,NA,NA,89725.4335691707,NA
385520201,35,"1","5","3",4,NA,NA,89725.4335691707,NA
385520401,43,"1","6","3",3,NA,NA,89725.4335691707,NA
385520601,65,"1","5","3",2,NA,NA,89725.4335691707,NA
385520801,44,"1","6","3",3,NA,NA,89725.4335691707,NA
385550101,57,"1","3","2",2,NA,NA,89725.4335691707,NA
385550201,51,"2","5","2",2,NA,NA,89725.4335691707,NA
385550301,54,"2","5","2",3,NA,NA,89725.4335691707,NA
385550401,61,"2","6","2",4,NA,NA,89725.4335691707,NA
385550501,30,"1","8","2",1,NA,NA,89725.4335691707,NA
385550601,37,"2","5","2",2,NA,NA,89725.4335691707,NA
385550701,58,"1","5","2",3,NA,NA,89725.4335691707,NA
385550801,51,"1","11","2",4,NA,NA,89725.4335691707,NA
385560101,74,"2","5",NA,2,NA,NA,89725.4335691707,NA
385560201,32,"1",NA,NA,2,NA,NA,89725.4335691707,NA
385560301,62,"2","1",NA,2,NA,NA,89725.4335691707,NA
385560401,81,"2",NA,NA,5,NA,NA,89725.4335691707,NA
385560601,79,"1",NA,NA,2,NA,NA,89725.4335691707,NA
385560801,74,"1",NA,NA,2,NA,NA,89725.4335691707,NA
386020201,53,"2","6","3",2,NA,NA,89725.4335691707,NA
386020401,62,"2","11","3",2,NA,NA,89725.4335691707,NA
386020501,51,"1","11","3",4,NA,NA,89725.4335691707,NA
386080101,53,"1","5","1",4,NA,NA,89725.4335691707,NA
386080301,68,"2","1","1",2,NA,NA,89725.4335691707,NA
386080501,72,"1","1","1",2,NA,NA,89725.4335691707,NA
386080601,42,"2","7","1",5,NA,NA,89725.4335691707,NA
386080701,90,"2","1","1",1,NA,NA,89725.4335691707,NA
386080801,46,"1","6","1",5,NA,NA,89725.4335691707,NA
386190101,45,"2","11",NA,3,NA,NA,89725.4335691707,NA
386190301,75,"1","4",NA,3,NA,NA,89725.4335691707,NA
386190401,45,"1","11",NA,3,NA,NA,89725.4335691707,NA
386230101,33,"2","12",NA,2,NA,NA,89725.4335691707,NA
386230201,66,"2","5",NA,1,NA,NA,89725.4335691707,NA
386230301,36,"2","5",NA,4,NA,NA,89725.4335691707,NA
386230401,62,"1","3",NA,3,NA,NA,89725.4335691707,NA
386230501,31,"2","8",NA,4,NA,NA,89725.4335691707,NA
386230502,33,"1","5",NA,3,NA,NA,89725.4335691707,NA
386230601,24,"1","11",NA,2,NA,NA,89725.4335691707,NA
386230701,37,"2","11",NA,1,NA,NA,89725.4335691707,NA
386520201,52,"2",NA,NA,6,NA,NA,89725.4335691707,NA
386520301,46,"2","11",NA,5,NA,NA,89725.4335691707,NA
386520501,33,"2","11",NA,2,NA,NA,89725.4335691707,NA
386520701,49,"2","7",NA,2,NA,NA,89725.4335691707,NA
386520801,31,"2","11",NA,2,NA,NA,89725.4335691707,NA
386670101,38,"1","3",NA,4,NA,NA,89725.4335691707,NA
386670201,61,"1","1",NA,7,NA,NA,89725.4335691707,NA
386670301,84,"1","1",NA,2,NA,NA,89725.4335691707,NA
386670401,40,"2","6",NA,6,NA,NA,89725.4335691707,NA
386670501,64,"1","3",NA,2,NA,NA,89725.4335691707,NA
386670601,67,"1","1",NA,4,NA,NA,89725.4335691707,NA
386670801,64,"1","5",NA,4,NA,NA,89725.4335691707,NA
386670901,62,"1","5",NA,6,NA,NA,89725.4335691707,NA
386671001,52,"1","11",NA,5,NA,NA,89725.4335691707,NA
386850301,45,"2","8","2",3,NA,NA,89725.4335691707,NA
386850401,60,"1","5","2",1,NA,NA,89725.4335691707,NA
386850501,27,"2","6","2",3,NA,NA,89725.4335691707,NA
386850601,32,"1","9","2",3,NA,NA,89725.4335691707,NA
386870101,25,"2","9",NA,2,NA,NA,89725.4335691707,NA
386870401,71,"1","8",NA,2,NA,NA,89725.4335691707,NA
386870501,55,"2","6",NA,4,NA,NA,89725.4335691707,NA
386870601,27,"2","5",NA,4,NA,NA,89725.4335691707,NA
386870701,78,"1","3",NA,1,NA,NA,89725.4335691707,NA
386870801,53,"1","5",NA,2,NA,NA,89725.4335691707,NA
387000101,47,"1","5","2",5,NA,NA,89725.4335691707,NA
387000401,38,"2","8","2",9,NA,NA,89725.4335691707,NA
387000501,48,"2","5","2",2,NA,NA,89725.4335691707,NA
387000601,36,"1","6","2",4,NA,NA,89725.4335691707,NA
387000701,61,"2",NA,"2",1,NA,NA,89725.4335691707,NA
387010301,38,"2","5",NA,2,NA,NA,89725.4335691707,NA
387010401,49,"2","5",NA,6,NA,NA,89725.4335691707,NA
387010501,60,"2","6",NA,2,NA,NA,89725.4335691707,NA
387010801,37,"1","11",NA,4,NA,NA,89725.4335691707,NA
387050301,28,"1","11","3",5,NA,NA,89725.4335691707,NA
387100101,33,"1","3","2",3,NA,NA,89725.4335691707,NA
387100201,54,"2","5","2",3,NA,NA,89725.4335691707,NA
387100301,75,"1","1","2",3,NA,NA,89725.4335691707,NA
387100501,58,"1","5","2",1,NA,NA,89725.4335691707,NA
387100601,50,"2","6","2",5,NA,NA,89725.4335691707,NA
387100801,48,"1","5","2",4,NA,NA,89725.4335691707,NA
387300101,88,"2","3","2",3,NA,NA,89725.4335691707,NA
387300201,81,"1","11","2",1,NA,NA,89725.4335691707,NA
387300401,54,"2","11","2",3,NA,NA,89725.4335691707,NA
387300501,88,"2","5","2",2,NA,NA,89725.4335691707,NA
387300701,43,"1","11","2",4,NA,NA,89725.4335691707,NA
387300801,75,"2","5","2",3,NA,NA,89725.4335691707,NA
387500201,62,"1","1",NA,1,NA,NA,89725.4335691707,NA
387500401,44,"2","5",NA,4,NA,NA,89725.4335691707,NA
387500501,77,"2",NA,NA,1,NA,NA,89725.4335691707,NA
387500601,52,"2","6",NA,1,NA,NA,89725.4335691707,NA
387500801,46,"2","5",NA,3,NA,NA,89725.4335691707,NA
387580201,34,"2","8","2",2,NA,NA,89725.4335691707,NA
387580301,46,"2","8","2",3,NA,NA,89725.4335691707,NA
387580401,48,"2","11","2",3,NA,NA,89725.4335691707,NA
387580501,25,"1","11","2",2,NA,NA,89725.4335691707,NA
387580601,60,"2",NA,"2",5,NA,NA,89725.4335691707,NA
387580701,41,"1","5","2",3,NA,NA,89725.4335691707,NA
387580801,34,"1","11","2",3,NA,NA,89725.4335691707,NA
387650101,75,"1","3","2",1,NA,NA,89725.4335691707,NA
387650201,78,"1","1","2",2,NA,NA,89725.4335691707,NA
387650301,65,"1","9","2",2,NA,NA,89725.4335691707,NA
387650401,56,"1","5","2",4,NA,NA,89725.4335691707,NA
387650501,65,"2","5","2",4,NA,NA,89725.4335691707,NA
387650601,33,"1","5","2",1,NA,NA,89725.4335691707,NA
387650701,36,"2","11","2",3,NA,NA,89725.4335691707,NA
387650801,57,"1","9","2",3,NA,NA,89725.4335691707,NA
387740201,38,"1","11",NA,3,NA,NA,89725.4335691707,NA
387740301,55,"1","5",NA,3,NA,NA,89725.4335691707,NA
387740401,54,"2","5",NA,3,NA,NA,89725.4335691707,NA
387740402,31,"1","5",NA,2,NA,NA,89725.4335691707,NA
387740403,23,"1","9",NA,1,NA,NA,89725.4335691707,NA
387740601,53,"1","9",NA,5,NA,NA,89725.4335691707,NA
387740701,57,"2","8",NA,5,NA,NA,89725.4335691707,NA
387740801,71,"1",NA,NA,2,NA,NA,89725.4335691707,NA
387740802,46,"1","11",NA,4,NA,NA,89725.4335691707,NA
387790101,59,"2","1","1",7,NA,NA,89725.4335691707,NA
387790201,73,"2","3","1",2,NA,NA,89725.4335691707,NA
387790301,40,"2","5","1",6,NA,NA,89725.4335691707,NA
387790401,42,"2","5","1",6,NA,NA,89725.4335691707,NA
387790501,28,"2","5","1",3,NA,NA,89725.4335691707,NA
387790601,43,"2","5","1",7,NA,NA,89725.4335691707,NA
387790701,63,"2",NA,"1",2,NA,NA,89725.4335691707,NA
387790801,37,"2","5","1",3,NA,NA,89725.4335691707,NA
388050301,27,"1","9","2",2,NA,NA,89725.4335691707,NA
388050501,48,"1","9","2",4,NA,NA,89725.4335691707,NA
388050701,90,"1","1","2",2,NA,NA,89725.4335691707,NA
388050801,60,"2",NA,"2",5,NA,NA,89725.4335691707,NA
388240101,52,"2","12","3",3,NA,NA,89725.4335691707,NA
388240201,47,"1","12","3",3,NA,NA,89725.4335691707,NA
388240401,59,"1","11","3",4,NA,NA,89725.4335691707,NA
388240601,52,"2","8","3",5,NA,NA,89725.4335691707,NA
388370201,69,"2","1","1",5,NA,NA,89725.4335691707,NA
388370301,40,"2","11","1",4,NA,NA,89725.4335691707,NA
388370401,74,"2","1","1",5,NA,NA,89725.4335691707,NA
388370501,57,"1","5","1",6,NA,NA,89725.4335691707,NA
388370601,80,"2",NA,"1",2,NA,NA,89725.4335691707,NA
388370701,84,"2",NA,"1",3,NA,NA,89725.4335691707,NA
388370801,22,"1",NA,"1",4,NA,NA,89725.4335691707,NA
388390101,54,"1","12","3",5,NA,NA,89725.4335691707,NA
388540701,62,"2","11","3",2,NA,NA,89725.4335691707,NA
388870601,41,"1","11",NA,3,NA,NA,89725.4335691707,NA
388880101,64,"2","1",NA,1,NA,NA,89725.4335691707,NA
388880201,60,"2","3",NA,4,NA,NA,89725.4335691707,NA
388880401,47,"1","6",NA,4,NA,NA,89725.4335691707,NA
388880701,41,"2","5",NA,3,NA,NA,89725.4335691707,NA
388880801,70,"2","5",NA,6,NA,NA,89725.4335691707,NA
389020301,31,"1","11",NA,3,NA,NA,89725.4335691707,NA
389020401,59,"2","5",NA,3,NA,NA,89725.4335691707,NA
389050101,66,"2","6","2",3,NA,NA,89725.4335691707,NA
389050401,82,"1","3","2",3,NA,NA,89725.4335691707,NA
389050501,66,"1","3","2",2,NA,NA,89725.4335691707,NA
389050801,50,"1","6","2",4,NA,NA,89725.4335691707,NA
389150401,28,"2","11","3",2,NA,NA,89725.4335691707,NA
389150501,70,"2","11","3",1,NA,NA,89725.4335691707,NA
389150601,74,"2","5","3",1,NA,NA,89725.4335691707,NA
389150701,47,"1","12","3",1,NA,NA,89725.4335691707,NA
389150801,42,"1","11","3",3,NA,NA,89725.4335691707,NA
389280101,65,"1","5",NA,4,NA,NA,89725.4335691707,NA
389280201,61,"1",NA,NA,6,NA,NA,89725.4335691707,NA
389280301,57,"2","5",NA,1,NA,NA,89725.4335691707,NA
389280501,46,"2","3",NA,2,NA,NA,89725.4335691707,NA
389280601,56,"1","5",NA,8,NA,NA,89725.4335691707,NA
389280701,60,"1","3",NA,2,NA,NA,89725.4335691707,NA
389280801,60,"2","8",NA,2,NA,NA,89725.4335691707,NA
389580301,40,"2","5",NA,2,NA,NA,89725.4335691707,NA
389580401,47,"2",NA,NA,4,NA,NA,89725.4335691707,NA
389580501,47,"2","3",NA,12,NA,NA,89725.4335691707,NA
389580601,40,"2","5",NA,2,NA,NA,89725.4335691707,NA
389580701,31,"1","4",NA,5,NA,NA,89725.4335691707,NA
389720101,89,"1","3","2",1,NA,NA,89725.4335691707,NA
389720301,58,"1","11","2",2,NA,NA,89725.4335691707,NA
389720401,48,"1","8","2",2,NA,NA,89725.4335691707,NA
389720501,89,"1","5","2",2,NA,NA,89725.4335691707,NA
389720701,49,"2","6","2",2,NA,NA,89725.4335691707,NA
389720801,71,"1","5","2",3,NA,NA,89725.4335691707,NA
389750101,52,"2","5",NA,3,NA,NA,89725.4335691707,NA
389750201,79,"2","1",NA,2,NA,NA,89725.4335691707,NA
389750301,86,"2",NA,NA,6,NA,NA,89725.4335691707,NA
389750401,67,"2","3",NA,2,NA,NA,89725.4335691707,NA
389750801,83,"1","1",NA,2,NA,NA,89725.4335691707,NA
389980101,42,"2","10","2",4,NA,NA,89725.4335691707,NA
389980201,42,"2","11","2",5,NA,NA,89725.4335691707,NA
389980401,74,"2","11","2",2,NA,NA,89725.4335691707,NA
389980601,33,"1","11","2",3,NA,NA,89725.4335691707,NA
389980801,67,"1","6","2",2,NA,NA,89725.4335691707,NA
390070101,40,"2","5","2",4,NA,NA,89725.4335691707,NA
390070201,70,"1","3","2",2,NA,NA,89725.4335691707,NA
390070301,50,"1",NA,"2",3,NA,NA,89725.4335691707,NA
390070401,69,"2","5","2",3,NA,NA,89725.4335691707,NA
390070501,66,"1","3","2",7,NA,NA,89725.4335691707,NA
390070601,53,"2","5","2",4,NA,NA,89725.4335691707,NA
390070701,51,"2",NA,"2",3,NA,NA,89725.4335691707,NA
390070801,42,"2",NA,"2",3,NA,NA,89725.4335691707,NA
390170101,50,"2","11",NA,3,NA,NA,89725.4335691707,NA
390170401,45,"1","11",NA,3,NA,NA,89725.4335691707,NA
390170501,58,"2","8",NA,1,NA,NA,89725.4335691707,NA
390170601,45,"2","10",NA,2,NA,NA,89725.4335691707,NA
390670101,29,"2","9","2",8,NA,NA,89725.4335691707,NA
390670201,65,"1","4","2",2,NA,NA,89725.4335691707,NA
390670401,43,"2","6","2",5,NA,NA,89725.4335691707,NA
390670501,36,"2","7","2",3,NA,NA,89725.4335691707,NA
390670601,64,"1","3","2",5,NA,NA,89725.4335691707,NA
390670701,66,"1","3","2",4,NA,NA,89725.4335691707,NA
390670801,39,"1","5","2",5,NA,NA,89725.4335691707,NA
390930101,61,"2","4",NA,2,NA,NA,89725.4335691707,NA
390930201,35,"1","4",NA,4,NA,NA,89725.4335691707,NA
390930401,76,"2","3",NA,2,NA,NA,89725.4335691707,NA
390930501,88,"1","1",NA,1,NA,NA,89725.4335691707,NA
390930601,28,"2","5",NA,3,NA,NA,89725.4335691707,NA
390930701,69,"2","1",NA,2,NA,NA,89725.4335691707,NA
391050101,30,"1","11",NA,3,NA,NA,89725.4335691707,NA
391050301,42,"1","9",NA,2,NA,NA,89725.4335691707,NA
391050801,19,"2","5",NA,2,NA,NA,89725.4335691707,NA
391110301,61,"2","3",NA,3,NA,NA,89725.4335691707,NA
391110501,61,"1",NA,NA,7,NA,NA,89725.4335691707,NA
391110601,68,"2","5",NA,3,NA,NA,89725.4335691707,NA
391110701,55,"2","5",NA,2,NA,NA,89725.4335691707,NA
391170101,43,"2","5","3",3,NA,NA,89725.4335691707,NA
391170301,60,"1","11","3",2,NA,NA,89725.4335691707,NA
391230101,65,"2","5",NA,2,NA,NA,89725.4335691707,NA
391230201,58,"1","11",NA,2,NA,NA,89725.4335691707,NA
391230501,33,"2","11",NA,3,NA,NA,89725.4335691707,NA
391230601,54,"2","5",NA,5,NA,NA,89725.4335691707,NA
391230701,32,"2","11",NA,2,NA,NA,89725.4335691707,NA
391230801,64,"2","4",NA,3,NA,NA,89725.4335691707,NA
391300101,51,"1","8","1",6,NA,NA,89725.4335691707,NA
391300301,84,"2","1","1",3,NA,NA,89725.4335691707,NA
391300501,65,"1","1","1",2,NA,NA,89725.4335691707,NA
391300601,55,"2","8","1",4,NA,NA,89725.4335691707,NA
391310201,57,"1","12","3",4,NA,NA,89725.4335691707,NA
391310301,81,"2","3","3",2,NA,NA,89725.4335691707,NA
391310501,42,"1","12","3",1,NA,NA,89725.4335691707,NA
391310601,85,"2","3","3",1,NA,NA,89725.4335691707,NA
391310801,40,"2","11","3",2,NA,NA,89725.4335691707,NA
391330101,33,"2","5","3",4,NA,NA,89725.4335691707,NA
391330201,28,"2","9","3",1,NA,NA,89725.4335691707,NA
391330301,26,"2","5","3",6,NA,NA,89725.4335691707,NA
391330401,35,"2","12","3",5,NA,NA,89725.4335691707,NA
391520101,38,"1","11",NA,3,NA,NA,89725.4335691707,NA
391520201,73,"1","1",NA,4,NA,NA,89725.4335691707,NA
391520401,39,"1","6",NA,5,NA,NA,89725.4335691707,NA
391520501,34,"1","11",NA,4,NA,NA,89725.4335691707,NA
391520601,62,"2","4",NA,3,NA,NA,89725.4335691707,NA
391520801,23,"2","6",NA,2,NA,NA,89725.4335691707,NA
391580401,42,"2","11","3",4,NA,NA,89725.4335691707,NA
391580801,53,"2","8","3",3,NA,NA,89725.4335691707,NA
391600101,65,"2","1",NA,10,NA,NA,89725.4335691707,NA
391600201,56,"2",NA,NA,3,NA,NA,89725.4335691707,NA
391600401,78,"2",NA,NA,3,NA,NA,89725.4335691707,NA
391600501,52,"2","6",NA,2,NA,NA,89725.4335691707,NA
391600601,70,"2","1",NA,5,NA,NA,89725.4335691707,NA
391600701,46,"2","6",NA,4,NA,NA,89725.4335691707,NA
391600702,25,"2","8",NA,2,NA,NA,89725.4335691707,NA
391600801,44,"2","11",NA,3,NA,NA,89725.4335691707,NA
391660101,48,"2","5","2",2,NA,NA,89725.4335691707,NA
391660201,49,"2",NA,"2",2,NA,NA,89725.4335691707,NA
391660301,66,"2",NA,"2",1,NA,NA,89725.4335691707,NA
391660401,73,"1",NA,"2",7,NA,NA,89725.4335691707,NA
391660501,52,"1","7","2",5,NA,NA,89725.4335691707,NA
391660502,59,"2","6","2",2,NA,NA,89725.4335691707,NA
391660601,32,"1","7","2",5,NA,NA,89725.4335691707,NA
391660701,70,"1",NA,"2",4,NA,NA,89725.4335691707,NA
391810301,47,"2","8","3",3,NA,NA,89725.4335691707,NA
391810401,43,"2","11","3",3,NA,NA,89725.4335691707,NA
391810601,75,"1","8","3",1,NA,NA,89725.4335691707,NA
391810801,64,"2","11","3",2,NA,NA,89725.4335691707,NA
391880201,58,"2","5",NA,1,NA,NA,89725.4335691707,NA
391880301,74,"1","1",NA,2,NA,NA,89725.4335691707,NA
391880401,39,"1","5",NA,4,NA,NA,89725.4335691707,NA
391880501,41,"2","5",NA,4,NA,NA,89725.4335691707,NA
392010101,86,"1","1",NA,2,NA,NA,89725.4335691707,NA
392010201,59,"1","1",NA,11,NA,NA,89725.4335691707,NA
392010301,61,"1","6",NA,3,NA,NA,89725.4335691707,NA
392010401,67,"1","1",NA,9,NA,NA,89725.4335691707,NA
392010501,41,"2","1",NA,4,NA,NA,89725.4335691707,NA
392040101,34,"2","11","2",3,NA,NA,89725.4335691707,NA
392040201,53,"1","5","2",1,NA,NA,89725.4335691707,NA
392040401,73,"2","1","2",1,NA,NA,89725.4335691707,NA
392040501,53,"2","3","2",3,NA,NA,89725.4335691707,NA
392040601,33,"2","6","2",3,NA,NA,89725.4335691707,NA
392040701,76,"2","1","2",1,NA,NA,89725.4335691707,NA
392040801,61,"2",NA,"2",1,NA,NA,89725.4335691707,NA
392330201,43,"2","12","3",2,NA,NA,89725.4335691707,NA
392330401,35,"1","11","3",1,NA,NA,89725.4335691707,NA
392330501,75,"1",NA,"3",2,NA,NA,89725.4335691707,NA
392330601,28,"1","8","3",2,NA,NA,89725.4335691707,NA
392330701,40,"2","12","3",4,NA,NA,89725.4335691707,NA
392500301,45,"1","11",NA,6,NA,NA,89725.4335691707,NA
392500601,39,"1","11",NA,7,NA,NA,89725.4335691707,NA
392500701,60,"1","11",NA,8,NA,NA,89725.4335691707,NA
392500801,47,"2","11",NA,6,NA,NA,89725.4335691707,NA
392770101,26,"2","11",NA,2,NA,NA,89725.4335691707,NA
392770201,25,"1","5",NA,1,NA,NA,89725.4335691707,NA
392770202,34,"1","5",NA,2,NA,NA,89725.4335691707,NA
392770301,60,"2","5",NA,2,NA,NA,89725.4335691707,NA
392770401,42,"2","8",NA,5,NA,NA,89725.4335691707,NA
392770501,28,"1","5",NA,2,NA,NA,89725.4335691707,NA
392770502,22,"1","8",NA,1,NA,NA,89725.4335691707,NA
392770503,27,"1","8",NA,1,NA,NA,89725.4335691707,NA
392770601,59,"1","7",NA,1,NA,NA,89725.4335691707,NA
392770801,39,"2","8",NA,2,NA,NA,89725.4335691707,NA
392780301,59,"1","11","3",5,NA,NA,89725.4335691707,NA
392880201,56,"2","5","1",2,NA,NA,89725.4335691707,NA
392880401,40,"2","6","1",3,NA,NA,89725.4335691707,NA
392880501,40,"1","-88","1",6,NA,NA,89725.4335691707,NA
392880601,58,"2",NA,"1",2,NA,NA,89725.4335691707,NA
392880801,48,"2","4","1",3,NA,NA,89725.4335691707,NA
392960101,58,"2","6","2",2,NA,NA,89725.4335691707,NA
392960201,64,"1","5","2",2,NA,NA,89725.4335691707,NA
392960301,77,"1",NA,"2",2,NA,NA,89725.4335691707,NA
392960401,50,"2","8","2",3,NA,NA,89725.4335691707,NA
392960501,78,"1","3","2",3,NA,NA,89725.4335691707,NA
392960701,53,"2","6","2",1,NA,NA,89725.4335691707,NA
392960801,66,"1","1","2",2,NA,NA,89725.4335691707,NA
393360201,34,"1","11",NA,3,NA,NA,89725.4335691707,NA
393360501,93,"2","11",NA,2,NA,NA,89725.4335691707,NA
393360601,60,"2","8",NA,1,NA,NA,89725.4335691707,NA
393450301,34,"2","4",NA,1,NA,NA,89725.4335691707,NA
393450501,26,"1","9",NA,2,NA,NA,89725.4335691707,NA
393450601,29,"2","11",NA,1,NA,NA,89725.4335691707,NA
393450701,27,"2","9",NA,2,NA,NA,89725.4335691707,NA
393450801,28,"1","11",NA,2,NA,NA,89725.4335691707,NA
393480101,69,"2","3",NA,1,NA,NA,89725.4335691707,NA
393480201,49,"2","4",NA,3,NA,NA,89725.4335691707,NA
393480301,41,"1","6",NA,1,NA,NA,89725.4335691707,NA
393480601,30,"1",NA,NA,4,NA,NA,89725.4335691707,NA
393480801,47,"1","3",NA,5,NA,NA,89725.4335691707,NA
393490201,29,"1","8","2",3,NA,NA,89725.4335691707,NA
393490202,71,"1",NA,"2",3,NA,NA,89725.4335691707,NA
393490301,75,"2","1","2",2,NA,NA,89725.4335691707,NA
393490401,37,"1","12","2",1,NA,NA,89725.4335691707,NA
393490501,71,"1","1","2",2,NA,NA,89725.4335691707,NA
393490601,22,"2","6","2",4,NA,NA,89725.4335691707,NA
393490701,46,"2","5","2",1,NA,NA,89725.4335691707,NA
393490801,43,"1","5","2",4,NA,NA,89725.4335691707,NA
393490802,37,"1","3","2",4,NA,NA,89725.4335691707,NA
393490803,43,"1","5","2",4,NA,NA,89725.4335691707,NA
393830101,55,"2","3",NA,3,NA,NA,89725.4335691707,NA
393830201,59,"1","5",NA,4,NA,NA,89725.4335691707,NA
393830501,32,"2","3",NA,5,NA,NA,89725.4335691707,NA
393830601,62,"1","4",NA,3,NA,NA,89725.4335691707,NA
393830701,64,"1","5",NA,6,NA,NA,89725.4335691707,NA
393830801,82,"2","1",NA,1,NA,NA,89725.4335691707,NA
393900301,77,"1","3",NA,2,NA,NA,89725.4335691707,NA
393900401,82,"2","5",NA,2,NA,NA,89725.4335691707,NA
393900501,70,"1","5",NA,3,NA,NA,89725.4335691707,NA
393900601,73,"2","11",NA,2,NA,NA,89725.4335691707,NA
393900701,55,"2","11",NA,1,NA,NA,89725.4335691707,NA
393900801,69,"1","11",NA,2,NA,NA,89725.4335691707,NA
394000201,36,"1","11","3",3,NA,NA,89725.4335691707,NA
394000301,35,"1","10","3",2,NA,NA,89725.4335691707,NA
394000401,30,"1","11","3",2,NA,NA,89725.4335691707,NA
394000801,77,"2","3","3",1,NA,NA,89725.4335691707,NA
394010101,63,"1","5",NA,4,NA,NA,89725.4335691707,NA
394010201,39,"1","5",NA,1,NA,NA,89725.4335691707,NA
394010401,86,"1",NA,NA,3,NA,NA,89725.4335691707,NA
394010501,30,"1",NA,NA,4,NA,NA,89725.4335691707,NA
394010601,30,"1","8",NA,4,NA,NA,89725.4335691707,NA
394010701,74,"1","1",NA,2,NA,NA,89725.4335691707,NA
394010801,64,"1","1",NA,2,NA,NA,89725.4335691707,NA
394180201,32,"2","11",NA,2,NA,NA,89725.4335691707,NA
394180301,41,"2","11",NA,1,NA,NA,89725.4335691707,NA
394180801,35,"2","11",NA,2,NA,NA,89725.4335691707,NA
394730101,55,"2","3",NA,2,NA,NA,89725.4335691707,NA
394730201,44,"2","3",NA,7,NA,NA,89725.4335691707,NA
394730301,30,"1","5",NA,5,NA,NA,89725.4335691707,NA
394730501,25,"2","9",NA,4,NA,NA,89725.4335691707,NA
394730601,40,"1","6",NA,2,NA,NA,89725.4335691707,NA
394730602,24,"1","5",NA,3,NA,NA,89725.4335691707,NA
394730701,56,"2","6",NA,3,NA,NA,89725.4335691707,NA
394730801,63,"2",NA,NA,3,NA,NA,89725.4335691707,NA
394790101,47,"1","6","1",1,NA,NA,89725.4335691707,NA
394790201,81,"2",NA,"1",1,NA,NA,89725.4335691707,NA
394790301,85,"2","3","1",4,NA,NA,89725.4335691707,NA
394790501,48,"1","6","1",4,NA,NA,89725.4335691707,NA
394790601,27,"1","5","1",2,NA,NA,89725.4335691707,NA
394790801,68,"1","9","1",4,NA,NA,89725.4335691707,NA
394890301,42,"1","11","3",4,NA,NA,89725.4335691707,NA
394890501,68,"2","11","3",1,NA,NA,89725.4335691707,NA
394920201,66,"1","4",NA,3,NA,NA,89725.4335691707,NA
394920301,71,"2","9",NA,3,NA,NA,89725.4335691707,NA
394920401,29,"1","12",NA,4,NA,NA,89725.4335691707,NA
394920501,59,"2","8",NA,1,NA,NA,89725.4335691707,NA
394920701,72,"1","11",NA,3,NA,NA,89725.4335691707,NA
395410801,28,"2","11","3",2,NA,NA,89725.4335691707,NA
395420101,46,"2","5",NA,2,NA,NA,89725.4335691707,NA
395420401,68,"2","5",NA,2,NA,NA,89725.4335691707,NA
395420501,53,"2",NA,NA,2,NA,NA,89725.4335691707,NA
395420601,36,"2","8",NA,3,NA,NA,89725.4335691707,NA
395420701,40,"1","3",NA,6,NA,NA,89725.4335691707,NA
395420801,62,"2","3",NA,3,NA,NA,89725.4335691707,NA
395430601,82,"1","9","3",3,NA,NA,89725.4335691707,NA
395430701,86,"2","8","3",1,NA,NA,89725.4335691707,NA
395510201,43,"2","8",NA,4,NA,NA,89725.4335691707,NA
395510301,49,"2","11",NA,3,NA,NA,89725.4335691707,NA
395510501,33,"2","11",NA,2,NA,NA,89725.4335691707,NA
395510601,27,"1","9",NA,2,NA,NA,89725.4335691707,NA
395760301,47,"1","8","3",3,NA,NA,89725.4335691707,NA
395760501,36,"2","6","3",3,NA,NA,89725.4335691707,NA
395760601,32,"2","11","3",2,NA,NA,89725.4335691707,NA
395760701,42,"2","11","3",3,NA,NA,89725.4335691707,NA
395760801,41,"2","6","3",5,NA,NA,89725.4335691707,NA
395910101,78,"1",NA,"2",2,NA,NA,89725.4335691707,NA
395910301,78,"2","8","2",3,NA,NA,89725.4335691707,NA
395910401,67,"2","9","2",2,NA,NA,89725.4335691707,NA
396000201,68,"2","8",NA,1,NA,NA,89725.4335691707,NA
396000301,61,"1","11",NA,3,NA,NA,89725.4335691707,NA
396010101,66,"2","6",NA,3,NA,NA,89725.4335691707,NA
396010201,81,"2","11",NA,6,NA,NA,89725.4335691707,NA
396010401,49,"1","11",NA,4,NA,NA,89725.4335691707,NA
396010501,60,"1","12",NA,5,NA,NA,89725.4335691707,NA
396050601,26,"2","7",NA,1,NA,NA,89725.4335691707,NA
396260201,56,"2","4",NA,4,NA,NA,89725.4335691707,NA
396260301,34,"1","11",NA,3,NA,NA,89725.4335691707,NA
396260501,60,"2","4",NA,4,NA,NA,89725.4335691707,NA
396260601,24,"1","11",NA,3,NA,NA,89725.4335691707,NA
396260701,34,"1","8",NA,2,NA,NA,89725.4335691707,NA
396260801,80,"1","4",NA,7,NA,NA,89725.4335691707,NA
396290401,34,"2","11","3",4,NA,NA,89725.4335691707,NA
396290501,38,"2","11","3",3,NA,NA,89725.4335691707,NA
396290601,26,"2","11","3",3,NA,NA,89725.4335691707,NA
396350101,29,"2","11",NA,2,NA,NA,89725.4335691707,NA
396350201,54,"1",NA,NA,3,NA,NA,89725.4335691707,NA
396350401,58,"2","8",NA,8,NA,NA,89725.4335691707,NA
396350501,18,"1","5",NA,1,NA,NA,89725.4335691707,NA
396350701,35,"2","8",NA,5,NA,NA,89725.4335691707,NA
396350801,43,"2","5",NA,7,NA,NA,89725.4335691707,NA
396350901,37,"2","7",NA,4,NA,NA,89725.4335691707,NA
396351001,65,"2","-88",NA,5,NA,NA,89725.4335691707,NA
396410201,43,"2","5","2",4,NA,NA,89725.4335691707,NA
396410301,66,"2","3","2",3,NA,NA,89725.4335691707,NA
396410401,64,"1",NA,"2",3,NA,NA,89725.4335691707,NA
396410501,57,"1",NA,"2",3,NA,NA,89725.4335691707,NA
396410601,54,"1","5","2",3,NA,NA,89725.4335691707,NA
396410701,26,"2","8","2",3,NA,NA,89725.4335691707,NA
396410801,31,"2","11","2",1,NA,NA,89725.4335691707,NA
396420101,29,"2","8",NA,3,NA,NA,89725.4335691707,NA
396420301,54,"1","5",NA,5,NA,NA,89725.4335691707,NA
396420501,49,"1","11",NA,1,NA,NA,89725.4335691707,NA
396420801,73,"1","9",NA,1,NA,NA,89725.4335691707,NA
396780101,47,"2","9","3",3,NA,NA,89725.4335691707,NA
396780301,44,"2","6","3",2,NA,NA,89725.4335691707,NA
396780501,55,"2","10","3",3,NA,NA,89725.4335691707,NA
396940101,81,"1",NA,NA,3,NA,NA,89725.4335691707,NA
396940301,86,"2","5",NA,2,NA,NA,89725.4335691707,NA
396940601,44,"2","5",NA,3,NA,NA,89725.4335691707,NA
396940701,71,"1","5",NA,1,NA,NA,89725.4335691707,NA
396940801,31,"1","3",NA,4,NA,NA,89725.4335691707,NA
397220501,39,"1","12",NA,1,NA,NA,89725.4335691707,NA
397300401,31,"1","8","2",3,NA,NA,89725.4335691707,NA
397300501,70,"1","1","2",2,NA,NA,89725.4335691707,NA
397300701,30,"1","5","2",2,NA,NA,89725.4335691707,NA
397300801,71,"2",NA,"2",2,NA,NA,89725.4335691707,NA
397300901,42,"1","11","2",1,NA,NA,89725.4335691707,NA
397380101,44,"2","5",NA,6,NA,NA,89725.4335691707,NA
397380301,85,"2","5",NA,1,NA,NA,89725.4335691707,NA
397380701,28,"2","9",NA,2,NA,NA,89725.4335691707,NA
397380801,66,"1","5",NA,5,NA,NA,89725.4335691707,NA
397540101,24,"1","5",NA,3,NA,NA,89725.4335691707,NA
397540301,73,"1","3",NA,2,NA,NA,89725.4335691707,NA
397540401,66,"2",NA,NA,1,NA,NA,89725.4335691707,NA
397540701,42,"2","3",NA,3,NA,NA,89725.4335691707,NA
397540801,84,"2","1",NA,2,NA,NA,89725.4335691707,NA
397640101,82,"1","4","2",1,NA,NA,89725.4335691707,NA
397640201,70,"2","4","2",2,NA,NA,89725.4335691707,NA
397640401,23,"1","7","2",3,NA,NA,89725.4335691707,NA
397640501,81,"1","4","2",1,NA,NA,89725.4335691707,NA
397640601,29,"2","8","2",2,NA,NA,89725.4335691707,NA
397640801,28,"1","11","2",2,NA,NA,89725.4335691707,NA
397710101,59,"2","6","3",3,NA,NA,89725.4335691707,NA
397710401,76,"1","11","3",3,NA,NA,89725.4335691707,NA
397710601,50,"2","5","3",3,NA,NA,89725.4335691707,NA
397710801,49,"2","8","3",3,NA,NA,89725.4335691707,NA
397740101,47,"1","11","3",4,NA,NA,89725.4335691707,NA
397740301,29,"2","9","3",3,NA,NA,89725.4335691707,NA
397740401,82,"1","5","3",2,NA,NA,89725.4335691707,NA
397740501,74,"1","6","3",3,NA,NA,89725.4335691707,NA
397740601,34,"2","11","3",3,NA,NA,89725.4335691707,NA
397740701,75,"2","11","3",2,NA,NA,89725.4335691707,NA
397740801,41,"2","12","3",4,NA,NA,89725.4335691707,NA
397880101,29,"2","10",NA,2,NA,NA,89725.4335691707,NA
397880201,36,"1","11",NA,2,NA,NA,89725.4335691707,NA
397880301,33,"1","12",NA,1,NA,NA,89725.4335691707,NA
397880501,39,"1","8",NA,2,NA,NA,89725.4335691707,NA
397880701,32,"1","12",NA,1,NA,NA,89725.4335691707,NA
398170101,41,"1","11","3",3,NA,NA,89725.4335691707,NA
398170201,61,"2","11","3",2,NA,NA,89725.4335691707,NA
398170501,54,"1","11","3",4,NA,NA,89725.4335691707,NA
398170801,38,"1","11","3",4,NA,NA,89725.4335691707,NA
398190101,33,"2","5","2",4,NA,NA,89725.4335691707,NA
398190301,48,"2","6","2",4,NA,NA,89725.4335691707,NA
398190601,35,"2","5","2",2,NA,NA,89725.4335691707,NA
398190701,45,"2","3","2",2,NA,NA,89725.4335691707,NA
398190801,60,"2",NA,"2",5,NA,NA,89725.4335691707,NA
398480101,76,"1","4","2",1,NA,NA,89725.4335691707,NA
398480301,63,"2","5","2",7,NA,NA,89725.4335691707,NA
398480401,45,"2","11","2",2,NA,NA,89725.4335691707,NA
398480501,45,"1","11","2",5,NA,NA,89725.4335691707,NA
398480601,31,"2","5","2",4,NA,NA,89725.4335691707,NA
398480801,51,"2","6","2",3,NA,NA,89725.4335691707,NA
398650101,65,"2","3",NA,2,NA,NA,89725.4335691707,NA
398650501,75,"2","1",NA,1,NA,NA,89725.4335691707,NA
398650601,43,"1","6",NA,1,NA,NA,89725.4335691707,NA
398900101,54,"2","11","3",3,NA,NA,89725.4335691707,NA
398900501,29,"2","11","3",2,NA,NA,89725.4335691707,NA
399300101,33,"1","11",NA,2,NA,NA,89725.4335691707,NA
399300501,88,"2","3",NA,2,NA,NA,89725.4335691707,NA
399300801,56,"2","8",NA,3,NA,NA,89725.4335691707,NA
399340101,63,"1","11",NA,5,NA,NA,89725.4335691707,NA
399340201,59,"2","8",NA,2,NA,NA,89725.4335691707,NA
399340301,43,"1","11",NA,2,NA,NA,89725.4335691707,NA
399340401,68,"2",NA,NA,1,NA,NA,89725.4335691707,NA
399340501,46,"2","5",NA,4,NA,NA,89725.4335691707,NA
399340601,76,"2","11",NA,1,NA,NA,89725.4335691707,NA
399340701,77,"2","3",NA,2,NA,NA,89725.4335691707,NA
399340801,62,"1","6",NA,2,NA,NA,89725.4335691707,NA
399630101,53,"1","6",NA,5,NA,NA,89725.4335691707,NA
399630201,50,"1","5",NA,3,NA,NA,89725.4335691707,NA
399630401,80,"1","-88",NA,2,NA,NA,89725.4335691707,NA
399630501,92,"1","3",NA,2,NA,NA,89725.4335691707,NA
399630601,62,"2","1",NA,3,NA,NA,89725.4335691707,NA
399630701,53,"1","5",NA,1,NA,NA,89725.4335691707,NA
399630801,80,"2","1",NA,4,NA,NA,89725.4335691707,NA
399660401,50,"2","3","1",6,NA,NA,89725.4335691707,NA
399660501,68,"2","3","1",5,NA,NA,89725.4335691707,NA
399660601,74,"2",NA,"1",4,NA,NA,89725.4335691707,NA
399660701,43,"2","6","1",2,NA,NA,89725.4335691707,NA
399660801,45,"2","8","1",2,NA,NA,89725.4335691707,NA
399720101,55,"1","5","2",3,NA,NA,89725.4335691707,NA
399720201,67,"2","5","2",1,NA,NA,89725.4335691707,NA
399720301,78,"1","3","2",2,NA,NA,89725.4335691707,NA
399720501,66,"2","4","2",1,NA,NA,89725.4335691707,NA
399720601,54,"2","5","2",2,NA,NA,89725.4335691707,NA
399720701,63,"2","5","2",4,NA,NA,89725.4335691707,NA
399720801,65,"1","1","2",3,NA,NA,89725.4335691707,NA
399840101,64,"1","12",NA,3,NA,NA,89725.4335691707,NA
399840301,53,"1","11",NA,7,NA,NA,89725.4335691707,NA
399840701,53,"1","11",NA,5,NA,NA,89725.4335691707,NA
399840801,65,"1","11",NA,4,NA,NA,89725.4335691707,NA
399870801,32,"2","9","3",4,NA,NA,89725.4335691707,NA
399950301,36,"2","9",NA,4,NA,NA,89725.4335691707,NA
399950401,28,"2","11",NA,2,NA,NA,89725.4335691707,NA
399950501,25,"1","9",NA,2,NA,NA,89725.4335691707,NA
399950801,77,"1","12",NA,2,NA,NA,89725.4335691707,NA
399960101,47,"1","5","1",2,NA,NA,89725.4335691707,NA
399960201,47,"2",NA,"1",3,NA,NA,89725.4335691707,NA
399960401,76,"2","1","1",2,NA,NA,89725.4335691707,NA
399960501,51,"1","3","1",3,NA,NA,89725.4335691707,NA
399960601,75,"1",NA,"1",2,NA,NA,89725.4335691707,NA
399960701,72,"2",NA,"1",2,NA,NA,89725.4335691707,NA
399960801,31,"2","6","1",3,NA,NA,89725.4335691707,NA
400230101,69,"1","9","3",2,NA,NA,89725.4335691707,NA
400230401,51,"1","7","3",2,NA,NA,89725.4335691707,NA
400230701,48,"2","11","3",1,NA,NA,89725.4335691707,NA
400230801,76,"2","5","3",1,NA,NA,89725.4335691707,NA
400320101,77,"2",NA,NA,5,NA,NA,89725.4335691707,NA
400320201,89,"1",NA,NA,2,NA,NA,89725.4335691707,NA
400320301,60,"2","1",NA,2,NA,NA,89725.4335691707,NA
400320401,25,"1","3",NA,4,NA,NA,89725.4335691707,NA
400320501,47,"2","5",NA,7,NA,NA,89725.4335691707,NA
400320601,57,"1",NA,NA,5,NA,NA,89725.4335691707,NA
400320701,37,"1","3",NA,6,NA,NA,89725.4335691707,NA
400320801,72,"2","3",NA,1,NA,NA,89725.4335691707,NA
400320901,48,"2","1",NA,5,NA,NA,89725.4335691707,NA
400321001,76,"1","1",NA,1,NA,NA,89725.4335691707,NA
400470101,27,"1","9",NA,3,NA,NA,89725.4335691707,NA
400470201,80,"2","1",NA,1,NA,NA,89725.4335691707,NA
400470301,29,"1","11",NA,2,NA,NA,89725.4335691707,NA
400470601,36,"1","11",NA,2,NA,NA,89725.4335691707,NA
400470701,42,"2","12",NA,3,NA,NA,89725.4335691707,NA
400550401,31,"1","11",NA,1,NA,NA,89725.4335691707,NA
400590101,53,"2","12",NA,5,NA,NA,89725.4335691707,NA
400590301,34,"1","11",NA,2,NA,NA,89725.4335691707,NA
400590501,41,"1","11",NA,2,NA,NA,89725.4335691707,NA
400590701,54,"2","11",NA,2,NA,NA,89725.4335691707,NA
400910101,61,"2",NA,NA,3,NA,NA,89725.4335691707,NA
400910401,46,"2","5",NA,4,NA,NA,89725.4335691707,NA
400910801,48,"2","11",NA,1,NA,NA,89725.4335691707,NA
400960101,73,"1",NA,"2",1,NA,NA,89725.4335691707,NA
400960601,55,"1","5","2",3,NA,NA,89725.4335691707,NA
400960701,72,"1","5","2",3,NA,NA,89725.4335691707,NA
401070101,33,"2","6","1",2,NA,NA,89725.4335691707,NA
401070201,57,"1","5","1",3,NA,NA,89725.4335691707,NA
401070401,74,"2",NA,"1",1,NA,NA,89725.4335691707,NA
401070501,70,"2","1","1",2,NA,NA,89725.4335691707,NA
401070601,36,"2","5","1",3,NA,NA,89725.4335691707,NA
401070701,35,"1","6","1",2,NA,NA,89725.4335691707,NA
401070801,68,"1","1","1",5,NA,NA,89725.4335691707,NA
401160501,72,"1","8",NA,2,NA,NA,89725.4335691707,NA
401160701,50,"1","11",NA,4,NA,NA,89725.4335691707,NA
401350101,76,"1","9","3",6,NA,NA,89725.4335691707,NA
401350201,47,"2","6","3",3,NA,NA,89725.4335691707,NA
401350301,87,"2",NA,"3",2,NA,NA,89725.4335691707,NA
401350401,70,"1","11","3",2,NA,NA,89725.4335691707,NA
401350701,60,"2","8","3",2,NA,NA,89725.4335691707,NA
401350801,59,"1","11","3",2,NA,NA,89725.4335691707,NA
401530301,30,"1","9",NA,3,NA,NA,89725.4335691707,NA
401530401,45,"1","6",NA,1,NA,NA,89725.4335691707,NA
401530601,35,"2","8",NA,1,NA,NA,89725.4335691707,NA
401640301,61,"2","11","3",2,NA,NA,89725.4335691707,NA
401640401,41,"1","12","3",4,NA,NA,89725.4335691707,NA
401640501,71,"1","11","3",1,NA,NA,89725.4335691707,NA
401640601,56,"1","12","3",4,NA,NA,89725.4335691707,NA
401640801,86,"2","7","3",1,NA,NA,89725.4335691707,NA
401700201,40,"1","5",NA,3,NA,NA,89725.4335691707,NA
401700501,63,"1","1",NA,4,NA,NA,89725.4335691707,NA
401700701,66,"2","4",NA,1,NA,NA,89725.4335691707,NA
401700801,41,"2","5",NA,6,NA,NA,89725.4335691707,NA
401790301,54,"1","7",NA,1,NA,NA,89725.4335691707,NA
401790401,46,"1","5",NA,4,NA,NA,89725.4335691707,NA
401790601,86,"1",NA,NA,2,NA,NA,89725.4335691707,NA
401790701,51,"2","3",NA,2,NA,NA,89725.4335691707,NA
401790801,72,"2","5",NA,3,NA,NA,89725.4335691707,NA
402110101,51,"1","6","2",2,NA,NA,89725.4335691707,NA
402110301,53,"1","6","2",10,NA,NA,89725.4335691707,NA
402110401,80,"2","1","2",3,NA,NA,89725.4335691707,NA
402110601,72,"1",NA,"2",9,NA,NA,89725.4335691707,NA
402110801,55,"2",NA,"2",4,NA,NA,89725.4335691707,NA
402320101,58,"2","3","2",4,NA,NA,89725.4335691707,NA
402320301,73,"1",NA,"2",1,NA,NA,89725.4335691707,NA
402320501,41,"1","3","2",2,NA,NA,89725.4335691707,NA
402320801,32,"1","1","2",1,NA,NA,89725.4335691707,NA
402400101,52,"1","3","2",4,NA,NA,89725.4335691707,NA
402400201,60,"1","3","2",3,NA,NA,89725.4335691707,NA
402400301,57,"1","1","2",4,NA,NA,89725.4335691707,NA
402400401,30,"2","8","2",2,NA,NA,89725.4335691707,NA
402400501,65,"2","1","2",1,NA,NA,89725.4335691707,NA
402400701,32,"1","4","2",4,NA,NA,89725.4335691707,NA
402400801,38,"1","11","2",4,NA,NA,89725.4335691707,NA
402570301,46,"1",NA,"1",5,NA,NA,89725.4335691707,NA
402570601,53,"2",NA,"1",4,NA,NA,89725.4335691707,NA
403030101,30,"2","11",NA,4,NA,NA,89725.4335691707,NA
403030201,29,"1","11",NA,1,NA,NA,89725.4335691707,NA
403030501,57,"1","8",NA,1,NA,NA,89725.4335691707,NA
403030701,31,"1","11",NA,1,NA,NA,89725.4335691707,NA
403030801,24,"1","7",NA,2,NA,NA,89725.4335691707,NA
403150101,39,"1","7","3",1,NA,NA,89725.4335691707,NA
403150201,43,"2","11","3",3,NA,NA,89725.4335691707,NA
403150301,42,"1","12","3",2,NA,NA,89725.4335691707,NA
403150601,68,"2","12","3",1,NA,NA,89725.4335691707,NA
403150701,30,"2","10","3",2,NA,NA,89725.4335691707,NA
403370101,64,"1","4",NA,3,NA,NA,89725.4335691707,NA
403370401,55,"2","9",NA,4,NA,NA,89725.4335691707,NA
403370501,53,"2","1",NA,4,NA,NA,89725.4335691707,NA
403370601,54,"1","6",NA,3,NA,NA,89725.4335691707,NA
403370801,29,"1","4",NA,5,NA,NA,89725.4335691707,NA
403590101,60,"1","11","3",4,NA,NA,89725.4335691707,NA
403590201,86,"1","5","3",2,NA,NA,89725.4335691707,NA
403590601,65,"2","11","3",3,NA,NA,89725.4335691707,NA
403590701,41,"1","12","3",5,NA,NA,89725.4335691707,NA
403600301,28,"1","11","3",3,NA,NA,89725.4335691707,NA
403600501,39,"1","5","3",2,NA,NA,89725.4335691707,NA
403600701,35,"2","11","3",3,NA,NA,89725.4335691707,NA
403640101,31,"1","11","3",2,NA,NA,89725.4335691707,NA
403640201,40,"2","11","3",5,NA,NA,89725.4335691707,NA
403640301,38,"1","8","3",2,NA,NA,89725.4335691707,NA
403640701,39,"1","9","3",3,NA,NA,89725.4335691707,NA
403640801,45,"1","11","3",2,NA,NA,89725.4335691707,NA
404060101,53,"1","1","2",4,NA,NA,89725.4335691707,NA
404060201,69,"2","11","2",1,NA,NA,89725.4335691707,NA
404060401,62,"2","8","2",6,NA,NA,89725.4335691707,NA
404060501,27,"1","8","2",3,NA,NA,89725.4335691707,NA
404060601,53,"2","5","2",5,NA,NA,89725.4335691707,NA
404060801,62,"1","6","2",4,NA,NA,89725.4335691707,NA
404070201,32,"2","11","3",2,NA,NA,89725.4335691707,NA
404070301,43,"2","6","3",5,NA,NA,89725.4335691707,NA
404070401,34,"2","11","3",5,NA,NA,89725.4335691707,NA
404070501,59,"1","12","3",1,NA,NA,89725.4335691707,NA
404070601,57,"1","6","3",2,NA,NA,89725.4335691707,NA
404070701,27,"1","8","3",2,NA,NA,89725.4335691707,NA
404070801,34,"2","10","3",2,NA,NA,89725.4335691707,NA
404160301,36,"2","5",NA,3,NA,NA,89725.4335691707,NA
404160401,38,"2","5",NA,1,NA,NA,89725.4335691707,NA
404160601,50,"2","11",NA,1,NA,NA,89725.4335691707,NA
404290401,31,"1","11",NA,2,NA,NA,89725.4335691707,NA
404290601,33,"2","11",NA,1,NA,NA,89725.4335691707,NA
404310201,58,"2","8","3",1,NA,NA,89725.4335691707,NA
404310401,41,"1","12","3",5,NA,NA,89725.4335691707,NA
404350101,54,"2","11","3",2,NA,NA,89725.4335691707,NA
404350301,41,"1","11","3",4,NA,NA,89725.4335691707,NA
404350501,52,"1","8","3",4,NA,NA,89725.4335691707,NA
404380101,24,"1","5",NA,3,NA,NA,89725.4335691707,NA
404380501,46,"1","5",NA,5,NA,NA,89725.4335691707,NA
404380601,67,"1","1",NA,4,NA,NA,89725.4335691707,NA
404380701,33,"2","5",NA,4,NA,NA,89725.4335691707,NA
404380801,26,"1","3",NA,4,NA,NA,89725.4335691707,NA
404390101,37,"1","5",NA,3,NA,NA,89725.4335691707,NA
404390201,65,"1","4",NA,2,NA,NA,89725.4335691707,NA
404390801,74,"2","11",NA,2,NA,NA,89725.4335691707,NA
404410101,63,"2","1","2",4,NA,NA,89725.4335691707,NA
404410201,40,"1","4","2",5,NA,NA,89725.4335691707,NA
404570101,53,"2",NA,NA,2,NA,NA,89725.4335691707,NA
404570201,38,"2","1",NA,6,NA,NA,89725.4335691707,NA
404570301,41,"2","1",NA,3,NA,NA,89725.4335691707,NA
404570401,55,"1",NA,NA,2,NA,NA,89725.4335691707,NA
404570501,31,"2","5",NA,4,NA,NA,89725.4335691707,NA
404570701,30,"2","5",NA,3,NA,NA,89725.4335691707,NA
404570801,78,"1","1",NA,1,NA,NA,89725.4335691707,NA
404590601,41,"1","6",NA,2,NA,NA,89725.4335691707,NA
404680101,53,"1","3",NA,2,NA,NA,89725.4335691707,NA
404680201,46,"1",NA,NA,5,NA,NA,89725.4335691707,NA
404680301,76,"2","1",NA,3,NA,NA,89725.4335691707,NA
404680401,37,"2","8",NA,4,NA,NA,89725.4335691707,NA
404680501,36,"1","8",NA,5,NA,NA,89725.4335691707,NA
404680502,73,"1",NA,NA,2,NA,NA,89725.4335691707,NA
404680701,62,"1","3",NA,3,NA,NA,89725.4335691707,NA
404680801,34,"1","6",NA,5,NA,NA,89725.4335691707,NA
404680901,51,"2",NA,NA,3,NA,NA,89725.4335691707,NA
404681001,69,"1",NA,NA,4,NA,NA,89725.4335691707,NA
404790201,57,"2","8","3",4,NA,NA,89725.4335691707,NA
404790301,81,"2","1","3",4,NA,NA,89725.4335691707,NA
404790401,50,"2","8","3",5,NA,NA,89725.4335691707,NA
404930101,33,"2","7","2",5,NA,NA,89725.4335691707,NA
404930301,44,"2","6","2",3,NA,NA,89725.4335691707,NA
404930401,46,"1","5","2",5,NA,NA,89725.4335691707,NA
404930501,31,"2","6","2",3,NA,NA,89725.4335691707,NA
404980201,52,"1","6","2",3,NA,NA,89725.4335691707,NA
404980301,49,"2","11","2",2,NA,NA,89725.4335691707,NA
404980401,83,"2","11","2",3,NA,NA,89725.4335691707,NA
404980501,45,"2","9","2",3,NA,NA,89725.4335691707,NA
404980601,73,"2","5","2",3,NA,NA,89725.4335691707,NA
404980701,56,"1","11","2",2,NA,NA,89725.4335691707,NA
404980801,80,"2","1","2",3,NA,NA,89725.4335691707,NA
405000201,41,"2","11","3",3,NA,NA,89725.4335691707,NA
405000301,48,"1","9","3",4,NA,NA,89725.4335691707,NA
405000401,45,"2","12","3",3,NA,NA,89725.4335691707,NA
405000601,35,"2","12","3",2,NA,NA,89725.4335691707,NA
405000701,37,"2","12","3",4,NA,NA,89725.4335691707,NA
405000801,39,"1","11","3",4,NA,NA,89725.4335691707,NA
405010101,60,"1","6","2",4,NA,NA,89725.4335691707,NA
405010201,67,"2","3","2",1,NA,NA,89725.4335691707,NA
405010301,34,"1","8","2",4,NA,NA,89725.4335691707,NA
405010401,24,"2","5","2",2,NA,NA,89725.4335691707,NA
405010402,53,"2",NA,"2",2,NA,NA,89725.4335691707,NA
405010501,60,"1","1","2",4,NA,NA,89725.4335691707,NA
405010601,60,"1","8","2",2,NA,NA,89725.4335691707,NA
405010801,41,"1","5","2",4,NA,NA,89725.4335691707,NA
405090101,47,"2","5",NA,2,NA,NA,89725.4335691707,NA
405090201,43,"2","9",NA,4,NA,NA,89725.4335691707,NA
405090401,39,"1","11",NA,4,NA,NA,89725.4335691707,NA
405090501,78,"2","3",NA,3,NA,NA,89725.4335691707,NA
405090601,28,"1","6",NA,2,NA,NA,89725.4335691707,NA
405090801,45,"2","9",NA,2,NA,NA,89725.4335691707,NA
405280101,35,"2","9","3",4,NA,NA,89725.4335691707,NA
405280701,58,"2","11","3",5,NA,NA,89725.4335691707,NA
405330201,45,"2","5",NA,3,NA,NA,89725.4335691707,NA
405330301,73,"1",NA,NA,11,NA,NA,89725.4335691707,NA
405330501,76,"1",NA,NA,2,NA,NA,89725.4335691707,NA
405350201,50,"2","5",NA,6,NA,NA,89725.4335691707,NA
405350301,49,"2","6",NA,3,NA,NA,89725.4335691707,NA
405350401,41,"2","5",NA,4,NA,NA,89725.4335691707,NA
405350501,50,"2","6",NA,4,NA,NA,89725.4335691707,NA
405350601,39,"1","7",NA,2,NA,NA,89725.4335691707,NA
405350701,61,"1","3",NA,5,NA,NA,89725.4335691707,NA
405350801,88,"2","1",NA,3,NA,NA,89725.4335691707,NA
405390101,66,"2","5",NA,2,NA,NA,89725.4335691707,NA
405390201,51,"1","8",NA,3,NA,NA,89725.4335691707,NA
405390301,71,"2",NA,NA,6,NA,NA,89725.4335691707,NA
405390401,65,"1","1",NA,4,NA,NA,89725.4335691707,NA
405390501,57,"2","5",NA,2,NA,NA,89725.4335691707,NA
405390701,64,"2","8",NA,4,NA,NA,89725.4335691707,NA
405390801,32,"1","6",NA,2,NA,NA,89725.4335691707,NA
405450101,74,"2","1","2",4,NA,NA,89725.4335691707,NA
405450201,35,"2","5","2",5,NA,NA,89725.4335691707,NA
405450401,41,"2","6","2",5,NA,NA,89725.4335691707,NA
405450501,43,"1",NA,"2",1,NA,NA,89725.4335691707,NA
405450601,30,"2","9","2",2,NA,NA,89725.4335691707,NA
405450701,64,"1","1","2",3,NA,NA,89725.4335691707,NA
405450801,32,"2","1","2",2,NA,NA,89725.4335691707,NA
405490101,34,"1","5","2",3,NA,NA,89725.4335691707,NA
405490201,24,"2",NA,"2",3,NA,NA,89725.4335691707,NA
405490401,29,"2","5","2",2,NA,NA,89725.4335691707,NA
405490801,45,"1","8","2",4,NA,NA,89725.4335691707,NA
405720301,59,"2","8","3",2,NA,NA,89725.4335691707,NA
405720401,28,"1","5","3",3,NA,NA,89725.4335691707,NA
405760101,37,"2","11","3",2,NA,NA,89725.4335691707,NA
405760201,42,"2","9","3",5,NA,NA,89725.4335691707,NA
405760701,31,"2","11","3",3,NA,NA,89725.4335691707,NA
405760801,76,"2","8","3",1,NA,NA,89725.4335691707,NA
405780201,45,"2","3",NA,6,NA,NA,89725.4335691707,NA
405780401,67,"1",NA,NA,3,NA,NA,89725.4335691707,NA
405780501,73,"1",NA,NA,2,NA,NA,89725.4335691707,NA
405780601,41,"2",NA,NA,2,NA,NA,89725.4335691707,NA
405780701,66,"2","1",NA,4,NA,NA,89725.4335691707,NA
405780901,42,"2","11",NA,3,NA,NA,89725.4335691707,NA
405780902,72,"2","1",NA,1,NA,NA,89725.4335691707,NA
405780903,24,"2","5",NA,2,NA,NA,89725.4335691707,NA
405781001,55,"1","4",NA,4,NA,NA,89725.4335691707,NA
405980101,63,"1","1","2",2,NA,NA,89725.4335691707,NA
405980401,74,"1",NA,"2",3,NA,NA,89725.4335691707,NA
405980501,53,"1","3","2",2,NA,NA,89725.4335691707,NA
405980701,51,"2","5","2",3,NA,NA,89725.4335691707,NA
405980801,82,"1",NA,"2",1,NA,NA,89725.4335691707,NA
405990301,47,"2","11",NA,2,NA,NA,89725.4335691707,NA
405990401,65,"1","12",NA,1,NA,NA,89725.4335691707,NA
405990601,35,"1","9",NA,1,NA,NA,89725.4335691707,NA
406030201,47,"1","11","3",1,NA,NA,89725.4335691707,NA
406030301,45,"1","11","3",5,NA,NA,89725.4335691707,NA
406030401,50,"2","7","3",4,NA,NA,89725.4335691707,NA
406030501,63,"2",NA,"3",3,NA,NA,89725.4335691707,NA
406030701,57,"1","5","3",1,NA,NA,89725.4335691707,NA
406030801,48,"1","11","3",3,NA,NA,89725.4335691707,NA
406040101,33,"2","8","2",2,NA,NA,89725.4335691707,NA
406040401,74,"1","4","2",2,NA,NA,89725.4335691707,NA
406040501,61,"2","5","2",2,NA,NA,89725.4335691707,NA
406040601,45,"1","7","2",4,NA,NA,89725.4335691707,NA
406040701,28,"2","11","2",2,NA,NA,89725.4335691707,NA
406040801,59,"1","3","2",5,NA,NA,89725.4335691707,NA
406190101,31,"1","12","3",2,NA,NA,89725.4335691707,NA
406190401,81,"2","9","3",1,NA,NA,89725.4335691707,NA
406190501,47,"1","11","3",2,NA,NA,89725.4335691707,NA
406190601,54,"2","11","3",6,NA,NA,89725.4335691707,NA
406460201,54,"2",NA,"2",4,NA,NA,89725.4335691707,NA
406460202,44,"2","5","2",3,NA,NA,89725.4335691707,NA
406460203,32,"1","6","2",3,NA,NA,89725.4335691707,NA
406460204,58,"1","6","2",2,NA,NA,89725.4335691707,NA
406460401,83,"2",NA,"2",4,NA,NA,89725.4335691707,NA
406460601,50,"2","11","2",2,NA,NA,89725.4335691707,NA
406460701,29,"2","5","2",3,NA,NA,89725.4335691707,NA
406460801,83,"2",NA,"2",3,NA,NA,89725.4335691707,NA
406550201,38,"1","8",NA,2,NA,NA,89725.4335691707,NA
406550301,84,"2","1",NA,3,NA,NA,89725.4335691707,NA
406550401,50,"2","6",NA,3,NA,NA,89725.4335691707,NA
406550501,62,"2","1",NA,1,NA,NA,89725.4335691707,NA
406550601,52,"2","11",NA,3,NA,NA,89725.4335691707,NA
406550602,78,"2","4",NA,1,NA,NA,89725.4335691707,NA
406550701,48,"1","3",NA,4,NA,NA,89725.4335691707,NA
406550801,42,"1","4",NA,4,NA,NA,89725.4335691707,NA
406560201,40,"2","11",NA,2,NA,NA,89725.4335691707,NA
406560401,59,"2","8",NA,4,NA,NA,89725.4335691707,NA
406560501,32,"1","6",NA,2,NA,NA,89725.4335691707,NA
406570601,68,"1","11",NA,3,NA,NA,89725.4335691707,NA
406650101,67,"1",NA,"2",5,NA,NA,89725.4335691707,NA
406650401,49,"2","5","2",3,NA,NA,89725.4335691707,NA
406650601,41,"2","5","2",3,NA,NA,89725.4335691707,NA
406650701,35,"2","11","2",4,NA,NA,89725.4335691707,NA
406650801,33,"1","3","2",4,NA,NA,89725.4335691707,NA
406710601,48,"1","11","3",4,NA,NA,89725.4335691707,NA
406910101,67,"2","1","2",1,NA,NA,89725.4335691707,NA
406910301,65,"2","5","2",3,NA,NA,89725.4335691707,NA
406910401,59,"1","6","2",3,NA,NA,89725.4335691707,NA
406910501,74,"2","3","2",4,NA,NA,89725.4335691707,NA
406910701,61,"1","6","2",2,NA,NA,89725.4335691707,NA
406920101,58,"1",NA,"1",5,NA,NA,89725.4335691707,NA
406920401,54,"1",NA,"1",5,NA,NA,89725.4335691707,NA
406920501,50,"2",NA,"1",6,NA,NA,89725.4335691707,NA
406920601,36,"2","11","1",2,NA,NA,89725.4335691707,NA
406920701,51,"1","3","1",5,NA,NA,89725.4335691707,NA
406950101,78,"2","3","3",4,NA,NA,89725.4335691707,NA
406950201,33,"2","10","3",3,NA,NA,89725.4335691707,NA
406950401,67,"2","4","3",2,NA,NA,89725.4335691707,NA
407400401,68,"1","1",NA,10,NA,NA,89725.4335691707,NA
407400501,34,"1","5",NA,4,NA,NA,89725.4335691707,NA
407400701,54,"1","1",NA,3,NA,NA,89725.4335691707,NA
407400702,30,"2","5",NA,3,NA,NA,89725.4335691707,NA
407400801,44,"2","3",NA,3,NA,NA,89725.4335691707,NA
407440101,75,"1","1",NA,3,NA,NA,89725.4335691707,NA
407440401,68,"1","11",NA,1,NA,NA,89725.4335691707,NA
407440501,51,"1","6",NA,5,NA,NA,89725.4335691707,NA
407440601,53,"1","3",NA,5,NA,NA,89725.4335691707,NA
407440701,52,"1",NA,NA,2,NA,NA,89725.4335691707,NA
407650301,43,"2","5","3",4,NA,NA,89725.4335691707,NA
407650501,60,"1","5","3",1,NA,NA,89725.4335691707,NA
407650801,48,"2","11","3",8,NA,NA,89725.4335691707,NA
407800201,53,"1",NA,"1",2,NA,NA,89725.4335691707,NA
407800301,49,"2","3","1",2,NA,NA,89725.4335691707,NA
407800401,51,"1","1","1",3,NA,NA,89725.4335691707,NA
407800402,30,"2","4","1",3,NA,NA,89725.4335691707,NA
407800501,26,"2","5","1",6,NA,NA,89725.4335691707,NA
407800601,42,"2","1","1",6,NA,NA,89725.4335691707,NA
407800701,46,"1","5","1",4,NA,NA,89725.4335691707,NA
407800801,50,"2","1","1",3,NA,NA,89725.4335691707,NA
407800901,49,"2","4","1",3,NA,NA,89725.4335691707,NA
407801001,24,"2","3","1",4,NA,NA,89725.4335691707,NA
408060201,47,"1","12","2",3,NA,NA,89725.4335691707,NA
408060301,41,"1","8","2",1,NA,NA,89725.4335691707,NA
408060401,42,"1",NA,"2",6,NA,NA,89725.4335691707,NA
408060701,53,"1","5","2",3,NA,NA,89725.4335691707,NA
408080201,32,"2","11","3",3,NA,NA,89725.4335691707,NA
408080301,40,"1","8","3",4,NA,NA,89725.4335691707,NA
408080501,42,"1","11","3",2,NA,NA,89725.4335691707,NA
408080701,42,"2","8","3",2,NA,NA,89725.4335691707,NA
408150101,57,"1","11","3",4,NA,NA,89725.4335691707,NA
408150201,93,"2","5","3",2,NA,NA,89725.4335691707,NA
408150401,39,"1","12","3",3,NA,NA,89725.4335691707,NA
408150501,57,"2","11","3",3,NA,NA,89725.4335691707,NA
408150601,49,"1","12","3",4,NA,NA,89725.4335691707,NA
408150701,71,"1","4","3",2,NA,NA,89725.4335691707,NA
408150801,55,"2","11","3",6,NA,NA,89725.4335691707,NA
408330101,53,"2","4","2",3,NA,NA,89725.4335691707,NA
408330201,62,"2","4","2",2,NA,NA,89725.4335691707,NA
408330301,31,"2","5","2",6,NA,NA,89725.4335691707,NA
408330501,62,"2","5","2",2,NA,NA,89725.4335691707,NA
408330601,89,"2","5","2",2,NA,NA,89725.4335691707,NA
408330701,67,"2","5","2",2,NA,NA,89725.4335691707,NA
408370101,31,"1","11",NA,5,NA,NA,89725.4335691707,NA
408370401,37,"2","11",NA,2,NA,NA,89725.4335691707,NA
408370601,21,"2","9",NA,1,NA,NA,89725.4335691707,NA
408370801,55,"1","5",NA,5,NA,NA,89725.4335691707,NA
408500501,70,"1","11","3",3,NA,NA,89725.4335691707,NA
408550201,32,"1","6",NA,4,NA,NA,89725.4335691707,NA
408550301,48,"2","3",NA,4,NA,NA,89725.4335691707,NA
408550401,56,"1","8",NA,5,NA,NA,89725.4335691707,NA
408550501,32,"2","11",NA,2,NA,NA,89725.4335691707,NA
408550601,40,"2","11",NA,4,NA,NA,89725.4335691707,NA
408550701,42,"2","7",NA,4,NA,NA,89725.4335691707,NA
408550801,36,"2","8",NA,4,NA,NA,89725.4335691707,NA
408700101,51,"1","9",NA,2,NA,NA,89725.4335691707,NA
408700701,60,"2","8",NA,1,NA,NA,89725.4335691707,NA
408700801,88,"2","5",NA,1,NA,NA,89725.4335691707,NA
409000101,62,"1","1","2",5,NA,NA,89725.4335691707,NA
409000201,36,"2","5","2",3,NA,NA,89725.4335691707,NA
409000301,30,"2","3","2",2,NA,NA,89725.4335691707,NA
409000401,59,"2","1","2",3,NA,NA,89725.4335691707,NA
409000601,62,"2","1","2",6,NA,NA,89725.4335691707,NA
409000701,34,"2",NA,"2",3,NA,NA,89725.4335691707,NA
409000801,31,"1","5","2",3,NA,NA,89725.4335691707,NA
409040301,40,"1","12",NA,1,NA,NA,89725.4335691707,NA
409040501,28,"1","11",NA,2,NA,NA,89725.4335691707,NA
409040601,83,"2","11",NA,2,NA,NA,89725.4335691707,NA
409040701,29,"1","11",NA,1,NA,NA,89725.4335691707,NA
409280101,56,"2","11",NA,2,NA,NA,89725.4335691707,NA
409280301,83,"2","1",NA,3,NA,NA,89725.4335691707,NA
409280401,60,"2","6",NA,2,NA,NA,89725.4335691707,NA
409280501,44,"1","3",NA,2,NA,NA,89725.4335691707,NA
409280601,74,"1","6",NA,2,NA,NA,89725.4335691707,NA
409950101,50,"2","11",NA,2,NA,NA,89725.4335691707,NA
409950201,64,"2","5",NA,3,NA,NA,89725.4335691707,NA
409950301,65,"2",NA,NA,2,NA,NA,89725.4335691707,NA
409950601,39,"1","8",NA,1,NA,NA,89725.4335691707,NA
409950701,58,"2","5",NA,2,NA,NA,89725.4335691707,NA
410100201,41,"1","10","3",5,NA,NA,89725.4335691707,NA
410100301,39,"1","11","3",4,NA,NA,89725.4335691707,NA
410100501,45,"2","12","3",4,NA,NA,89725.4335691707,NA
410100701,73,"1","11","3",3,NA,NA,89725.4335691707,NA
410100801,68,"1","12","3",3,NA,NA,89725.4335691707,NA
410260101,27,"1","5","2",4,NA,NA,89725.4335691707,NA
410260301,55,"1","5","2",3,NA,NA,89725.4335691707,NA
410260601,61,"1","8","2",7,NA,NA,89725.4335691707,NA
410260701,67,"2","1","2",2,NA,NA,89725.4335691707,NA
410260801,26,"2","11","2",6,NA,NA,89725.4335691707,NA
410550101,37,"2","11",NA,2,NA,NA,89725.4335691707,NA
410550201,62,"2","4",NA,1,NA,NA,89725.4335691707,NA
410550301,87,"1","4",NA,2,NA,NA,89725.4335691707,NA
410550401,50,"2","5",NA,2,NA,NA,89725.4335691707,NA
410550601,69,"2","8",NA,3,NA,NA,89725.4335691707,NA
410550801,45,"1","5",NA,6,NA,NA,89725.4335691707,NA
410770301,48,"1","5",NA,3,NA,NA,89725.4335691707,NA
410770302,36,"2","6",NA,2,NA,NA,89725.4335691707,NA
410770303,34,"2","11",NA,2,NA,NA,89725.4335691707,NA
410770501,47,"2","5",NA,2,NA,NA,89725.4335691707,NA
410770601,70,"2",NA,NA,1,NA,NA,89725.4335691707,NA
410770701,44,"2","5",NA,4,NA,NA,89725.4335691707,NA
410770801,76,"2","3",NA,3,NA,NA,89725.4335691707,NA
411190501,59,"1","8","2",5,NA,NA,89725.4335691707,NA
411190601,67,"2","4","2",4,NA,NA,89725.4335691707,NA
411190701,52,"2","11","2",2,NA,NA,89725.4335691707,NA
411260101,33,"2","5","2",3,NA,NA,89725.4335691707,NA
411260201,58,"1","1","2",2,NA,NA,89725.4335691707,NA
411260401,58,"2","5","2",3,NA,NA,89725.4335691707,NA
411260501,57,"2","1","2",1,NA,NA,89725.4335691707,NA
411260601,58,"1","3","2",3,NA,NA,89725.4335691707,NA
411260701,50,"2","1","2",4,NA,NA,89725.4335691707,NA
411260801,63,"2","1","2",5,NA,NA,89725.4335691707,NA
411460101,48,"1","5","2",3,NA,NA,89725.4335691707,NA
411460201,47,"2","6","2",2,NA,NA,89725.4335691707,NA
411460301,42,"2",NA,"2",4,NA,NA,89725.4335691707,NA
411460501,59,"1","6","2",2,NA,NA,89725.4335691707,NA
411460601,53,"2","6","2",2,NA,NA,89725.4335691707,NA
411460701,69,"2","1","2",1,NA,NA,89725.4335691707,NA
411460801,59,"2","1","2",2,NA,NA,89725.4335691707,NA
411510201,32,"2","8","2",3,NA,NA,89725.4335691707,NA
411510401,73,"2","3","2",1,NA,NA,89725.4335691707,NA
411510501,46,"2","6","2",2,NA,NA,89725.4335691707,NA
411510601,78,"1","3","2",3,NA,NA,89725.4335691707,NA
411510701,45,"2","5","2",4,NA,NA,89725.4335691707,NA
411550301,45,"2","5","3",3,NA,NA,89725.4335691707,NA
411550401,55,"1","12","3",2,NA,NA,89725.4335691707,NA
411550501,41,"2","11","3",3,NA,NA,89725.4335691707,NA
411700101,61,"1","11",NA,6,NA,NA,89725.4335691707,NA
411850101,32,"1","5","2",1,NA,NA,89725.4335691707,NA
411850201,48,"1","5","2",3,NA,NA,89725.4335691707,NA
411850601,44,"2","5","2",3,NA,NA,89725.4335691707,NA
411850701,34,"2","9","2",3,NA,NA,89725.4335691707,NA
411910101,45,"1","5","2",1,NA,NA,89725.4335691707,NA
411910301,30,"2","8","2",2,NA,NA,89725.4335691707,NA
411910401,44,"2","11","2",5,NA,NA,89725.4335691707,NA
411910501,49,"1","5","2",1,NA,NA,89725.4335691707,NA
411910601,65,"1","3","2",2,NA,NA,89725.4335691707,NA
411910701,84,"1","4","2",2,NA,NA,89725.4335691707,NA
411910801,45,"1","3","2",5,NA,NA,89725.4335691707,NA
412090101,45,"1",NA,"1",5,NA,NA,89725.4335691707,NA
412090201,87,"2",NA,"1",2,NA,NA,89725.4335691707,NA
412090301,35,"2","9","1",4,NA,NA,89725.4335691707,NA
412090501,48,"2","5","1",5,NA,NA,89725.4335691707,NA
412090601,79,"1",NA,"1",4,NA,NA,89725.4335691707,NA
412090602,73,"2","1","1",1,NA,NA,89725.4335691707,NA
412090701,50,"2","9","1",5,NA,NA,89725.4335691707,NA
412090801,46,"2","9","1",7,NA,NA,89725.4335691707,NA
412200101,61,"2","8","2",4,NA,NA,89725.4335691707,NA
412200301,58,"1","6","2",2,NA,NA,89725.4335691707,NA
412200401,34,"1","5","2",4,NA,NA,89725.4335691707,NA
412200501,58,"1","12","2",5,NA,NA,89725.4335691707,NA
412200701,46,"2","6","2",5,NA,NA,89725.4335691707,NA
412200801,47,"1","9","2",1,NA,NA,89725.4335691707,NA
412280701,45,"2","11",NA,3,NA,NA,89725.4335691707,NA
412320101,77,"1","12","3",2,NA,NA,89725.4335691707,NA
412320401,60,"1","11","3",4,NA,NA,89725.4335691707,NA
412320601,39,"2","12","3",3,NA,NA,89725.4335691707,NA
412370101,77,"1","3",NA,1,NA,NA,89725.4335691707,NA
412370201,58,"2","11",NA,2,NA,NA,89725.4335691707,NA
412370301,39,"1","11",NA,2,NA,NA,89725.4335691707,NA
412370401,89,"2","3",NA,1,NA,NA,89725.4335691707,NA
412370501,29,"2","9",NA,1,NA,NA,89725.4335691707,NA
412370601,70,"2","4",NA,2,NA,NA,89725.4335691707,NA
412370701,44,"2","12",NA,2,NA,NA,89725.4335691707,NA
412370801,55,"1","9",NA,2,NA,NA,89725.4335691707,NA
412410101,67,"1","3",NA,2,NA,NA,89725.4335691707,NA
412410401,37,"2","5",NA,4,NA,NA,89725.4335691707,NA
412410701,72,"2","1",NA,2,NA,NA,89725.4335691707,NA
412410801,36,"2","5",NA,2,NA,NA,89725.4335691707,NA
412520101,64,"2","11",NA,2,NA,NA,89725.4335691707,NA
412520301,37,"1","11",NA,3,NA,NA,89725.4335691707,NA
412520701,71,"1","6",NA,2,NA,NA,89725.4335691707,NA
412520801,46,"1","11",NA,4,NA,NA,89725.4335691707,NA
412600401,69,"2","9",NA,2,NA,NA,89725.4335691707,NA
412600601,75,"1","-88",NA,6,NA,NA,89725.4335691707,NA
412600701,62,"1","1",NA,3,NA,NA,89725.4335691707,NA
412600901,80,"1","5",NA,2,NA,NA,89725.4335691707,NA
412680101,68,"1","1",NA,2,NA,NA,89725.4335691707,NA
412680201,56,"2","1",NA,2,NA,NA,89725.4335691707,NA
412680401,49,"2","11",NA,3,NA,NA,89725.4335691707,NA
412680402,75,"1",NA,NA,2,NA,NA,89725.4335691707,NA
412680501,69,"2","11",NA,1,NA,NA,89725.4335691707,NA
412680601,30,"1","6",NA,3,NA,NA,89725.4335691707,NA
412680701,63,"2","1",NA,3,NA,NA,89725.4335691707,NA
412680801,34,"2","7",NA,4,NA,NA,89725.4335691707,NA
412720801,69,"2","5",NA,1,NA,NA,89725.4335691707,NA
412740201,45,"1","3","1",4,NA,NA,89725.4335691707,NA
412740301,59,"1",NA,"1",4,NA,NA,89725.4335691707,NA
412740701,80,"2","1","1",2,NA,NA,89725.4335691707,NA
412890101,72,"2","4","3",1,NA,NA,89725.4335691707,NA
412890201,34,"2","11","3",1,NA,NA,89725.4335691707,NA
412890401,35,"2","11","3",2,NA,NA,89725.4335691707,NA
412890601,33,"1","11","3",2,NA,NA,89725.4335691707,NA
412990101,67,"1","11",NA,2,NA,NA,89725.4335691707,NA
412990601,76,"2","4",NA,2,NA,NA,89725.4335691707,NA
412990701,86,"1","1",NA,2,NA,NA,89725.4335691707,NA
412990801,56,"2",NA,NA,2,NA,NA,89725.4335691707,NA
413230701,40,"1","11","3",5,NA,NA,89725.4335691707,NA
413430101,58,"2",NA,NA,6,NA,NA,89725.4335691707,NA
413430201,83,"1",NA,NA,2,NA,NA,89725.4335691707,NA
413430301,35,"1","6",NA,5,NA,NA,89725.4335691707,NA
413430401,30,"1","9",NA,2,NA,NA,89725.4335691707,NA
413430501,53,"2","1",NA,2,NA,NA,89725.4335691707,NA
413430601,74,"2","1",NA,2,NA,NA,89725.4335691707,NA
413430701,73,"1","-88",NA,5,NA,NA,89725.4335691707,NA
413430801,28,"2","3",NA,2,NA,NA,89725.4335691707,NA
413490101,60,"2","12",NA,1,NA,NA,89725.4335691707,NA
413540201,62,"1","10",NA,1,NA,NA,89725.4335691707,NA
413540301,39,"1","12",NA,2,NA,NA,89725.4335691707,NA
413540801,64,"1","4",NA,2,NA,NA,89725.4335691707,NA
413660101,79,"1","1","1",3,NA,NA,89725.4335691707,NA
413660401,81,"1","1","1",5,NA,NA,89725.4335691707,NA
413660501,43,"1",NA,"1",3,NA,NA,89725.4335691707,NA
413660601,63,"1","1","1",3,NA,NA,89725.4335691707,NA
413660801,41,"2","5","1",4,NA,NA,89725.4335691707,NA
413720101,82,"1","5","3",1,NA,NA,89725.4335691707,NA
413720201,68,"1","11","3",2,NA,NA,89725.4335691707,NA
413720202,44,"2","12","3",3,NA,NA,89725.4335691707,NA
413720301,80,"2","11","3",1,NA,NA,89725.4335691707,NA
413720701,54,"2","12","3",2,NA,NA,89725.4335691707,NA
413730101,77,"2","1",NA,2,NA,NA,89725.4335691707,NA
413730301,64,"2","5",NA,3,NA,NA,89725.4335691707,NA
413730401,51,"1","5",NA,3,NA,NA,89725.4335691707,NA
413730601,54,"2","5",NA,3,NA,NA,89725.4335691707,NA
413730701,42,"2","5",NA,5,NA,NA,89725.4335691707,NA
413730801,62,"2","3",NA,2,NA,NA,89725.4335691707,NA
413830201,58,"2","1","2",2,NA,NA,89725.4335691707,NA
413830202,27,"2","11","2",3,NA,NA,89725.4335691707,NA
413830401,55,"2","8","2",2,NA,NA,89725.4335691707,NA
413830501,52,"1","3","2",1,NA,NA,89725.4335691707,NA
413830601,56,"2","4","2",2,NA,NA,89725.4335691707,NA
413830701,71,"2","1","2",3,NA,NA,89725.4335691707,NA
413830801,56,"2","6","2",3,NA,NA,89725.4335691707,NA
413990101,30,"1","5","2",4,NA,NA,89725.4335691707,NA
413990201,35,"1","5","2",2,NA,NA,89725.4335691707,NA
413990301,69,"1",NA,"2",3,NA,NA,89725.4335691707,NA
413990401,60,"1","6","2",2,NA,NA,89725.4335691707,NA
413990501,47,"2","5","2",2,NA,NA,89725.4335691707,NA
413990601,35,"1","5","2",4,NA,NA,89725.4335691707,NA
413990801,48,"1","9","2",4,NA,NA,89725.4335691707,NA
414070101,45,"2","3","3",3,NA,NA,89725.4335691707,NA
414070301,30,"2","11","3",3,NA,NA,89725.4335691707,NA
414070401,32,"1","9","3",4,NA,NA,89725.4335691707,NA
414070601,34,"1","11","3",2,NA,NA,89725.4335691707,NA
414120201,80,"1","12",NA,2,NA,NA,89725.4335691707,NA
414120601,72,"2","12",NA,1,NA,NA,89725.4335691707,NA
414270101,35,"2","8","2",5,NA,NA,89725.4335691707,NA
414270201,27,"1","8","2",3,NA,NA,89725.4335691707,NA
414270401,39,"1","7","2",7,NA,NA,89725.4335691707,NA
414270601,65,"1","5","2",8,NA,NA,89725.4335691707,NA
414330201,65,"2","5","2",2,NA,NA,89725.4335691707,NA
414330401,38,"2",NA,"2",6,NA,NA,89725.4335691707,NA
414330501,33,"2",NA,"2",4,NA,NA,89725.4335691707,NA
414330601,30,"1","5","2",4,NA,NA,89725.4335691707,NA
414330701,69,"1","1","2",3,NA,NA,89725.4335691707,NA
414330801,59,"2",NA,"2",2,NA,NA,89725.4335691707,NA
414350101,36,"1","9",NA,1,NA,NA,89725.4335691707,NA
414350201,27,"1","12",NA,2,NA,NA,89725.4335691707,NA
414350301,29,"1","9",NA,1,NA,NA,89725.4335691707,NA
414350501,69,"2","11",NA,2,NA,NA,89725.4335691707,NA
414350601,42,"1","11",NA,1,NA,NA,89725.4335691707,NA
414350801,92,"2","5",NA,1,NA,NA,89725.4335691707,NA
414470101,38,"1","9",NA,2,NA,NA,89725.4335691707,NA
414470201,34,"1","11",NA,1,NA,NA,89725.4335691707,NA
414470501,22,"2","9",NA,2,NA,NA,89725.4335691707,NA
414470701,77,"2","3",NA,1,NA,NA,89725.4335691707,NA
414490201,48,"1","4","2",4,NA,NA,89725.4335691707,NA
414490301,62,"1","-88","2",4,NA,NA,89725.4335691707,NA
414490401,25,"2","7","2",2,NA,NA,89725.4335691707,NA
414490601,59,"2","8","2",2,NA,NA,89725.4335691707,NA
414490801,95,"2",NA,"2",5,NA,NA,89725.4335691707,NA
414580201,32,"1","11",NA,3,NA,NA,89725.4335691707,NA
414670201,67,"1","5",NA,8,NA,NA,89725.4335691707,NA
414670801,72,"1","11",NA,2,NA,NA,89725.4335691707,NA
414770101,59,"2",NA,"2",2,NA,NA,89725.4335691707,NA
414770201,42,"2","9","2",4,NA,NA,89725.4335691707,NA
414770301,55,"1",NA,"2",3,NA,NA,89725.4335691707,NA
414770601,56,"2","5","2",2,NA,NA,89725.4335691707,NA
414770801,31,"1","5","2",6,NA,NA,89725.4335691707,NA
414810401,71,"1","5","2",2,NA,NA,89725.4335691707,NA
414810501,58,"1","6","2",4,NA,NA,89725.4335691707,NA
414810601,56,"1","6","2",1,NA,NA,89725.4335691707,NA
414860301,30,"1","3",NA,3,NA,NA,89725.4335691707,NA
414860601,30,"2","11",NA,1,NA,NA,89725.4335691707,NA
414930701,24,"1","11","3",2,NA,NA,89725.4335691707,NA
414930801,26,"1","9","3",1,NA,NA,89725.4335691707,NA
415030101,50,"2","6",NA,3,NA,NA,89725.4335691707,NA
415030501,52,"1","6",NA,4,NA,NA,89725.4335691707,NA
415030601,69,"1","5",NA,2,NA,NA,89725.4335691707,NA
415060101,61,"2","3",NA,2,NA,NA,89725.4335691707,NA
415060201,71,"1","3",NA,2,NA,NA,89725.4335691707,NA
415060501,61,"1","5",NA,5,NA,NA,89725.4335691707,NA
415060601,62,"1","6",NA,3,NA,NA,89725.4335691707,NA
415060701,30,"2","6",NA,3,NA,NA,89725.4335691707,NA
415060801,55,"2","4",NA,3,NA,NA,89725.4335691707,NA
415130101,69,"1","7",NA,5,NA,NA,89725.4335691707,NA
415130301,76,"1","8",NA,1,NA,NA,89725.4335691707,NA
415130401,70,"2","8",NA,3,NA,NA,89725.4335691707,NA
415130601,78,"1","3",NA,5,NA,NA,89725.4335691707,NA
415130701,77,"2","5",NA,3,NA,NA,89725.4335691707,NA
415130801,80,"1",NA,NA,4,NA,NA,89725.4335691707,NA
415140101,52,"2","3",NA,5,NA,NA,89725.4335691707,NA
415140102,47,"2","3",NA,3,NA,NA,89725.4335691707,NA
415140201,64,"1","5",NA,2,NA,NA,89725.4335691707,NA
415140301,52,"2","1",NA,2,NA,NA,89725.4335691707,NA
415140501,37,"2","11",NA,5,NA,NA,89725.4335691707,NA
415140601,39,"1","5",NA,3,NA,NA,89725.4335691707,NA
415220101,59,"2","1","2",2,NA,NA,89725.4335691707,NA
415220301,46,"2","8","2",6,NA,NA,89725.4335691707,NA
415220401,50,"1","5","2",4,NA,NA,89725.4335691707,NA
415220701,43,"2",NA,"2",3,NA,NA,89725.4335691707,NA
415220801,46,"2","1","2",4,NA,NA,89725.4335691707,NA
415350101,55,"2","11","3",3,NA,NA,89725.4335691707,NA
415350201,41,"2","11","3",4,NA,NA,89725.4335691707,NA
415350301,40,"1","6","3",4,NA,NA,89725.4335691707,NA
415350401,90,"1","5","3",2,NA,NA,89725.4335691707,NA
415350601,74,"1","1","3",2,NA,NA,89725.4335691707,NA
415350701,46,"2","6","3",3,NA,NA,89725.4335691707,NA
415570101,56,"1","11",NA,3,NA,NA,89725.4335691707,NA
415570201,63,"1","9",NA,5,NA,NA,89725.4335691707,NA
415570501,66,"2","4",NA,4,NA,NA,89725.4335691707,NA
415570601,88,"2","11",NA,1,NA,NA,89725.4335691707,NA
415570701,65,"1","12",NA,5,NA,NA,89725.4335691707,NA
415740401,34,"1","11","3",2,NA,NA,89725.4335691707,NA
415740501,34,"1","11","3",1,NA,NA,89725.4335691707,NA
415880101,48,"2","6","2",3,NA,NA,89725.4335691707,NA
415880201,71,"1","5","2",2,NA,NA,89725.4335691707,NA
415880301,71,"2",NA,"2",2,NA,NA,89725.4335691707,NA
415880401,40,"2","5","2",4,NA,NA,89725.4335691707,NA
415880501,44,"2","5","2",1,NA,NA,89725.4335691707,NA
415880601,41,"2","5","2",3,NA,NA,89725.4335691707,NA
415880701,63,"1","5","2",2,NA,NA,89725.4335691707,NA
415880801,46,"1","11","2",1,NA,NA,89725.4335691707,NA
416610201,77,"1","5",NA,4,NA,NA,89725.4335691707,NA
416610301,51,"1","1",NA,3,NA,NA,89725.4335691707,NA
416610801,62,"2","3",NA,2,NA,NA,89725.4335691707,NA
416650201,74,"1","1",NA,2,NA,NA,89725.4335691707,NA
416650301,36,"2","11",NA,2,NA,NA,89725.4335691707,NA
416650401,48,"1","8",NA,3,NA,NA,89725.4335691707,NA
416650501,57,"1","4",NA,7,NA,NA,89725.4335691707,NA
416650801,65,"1","11",NA,2,NA,NA,89725.4335691707,NA
416650901,81,"1",NA,NA,3,NA,NA,89725.4335691707,NA
416670201,74,"2","3",NA,2,NA,NA,89725.4335691707,NA
416670301,54,"1","11",NA,5,NA,NA,89725.4335691707,NA
416670401,79,"1","-88",NA,3,NA,NA,89725.4335691707,NA
416670601,45,"2","-88",NA,4,NA,NA,89725.4335691707,NA
416670801,36,"1","11",NA,3,NA,NA,89725.4335691707,NA
416720101,57,"1",NA,NA,2,NA,NA,89725.4335691707,NA
416720201,46,"2",NA,NA,4,NA,NA,89725.4335691707,NA
416720301,69,"1",NA,NA,2,NA,NA,89725.4335691707,NA
416720401,50,"1","5",NA,5,NA,NA,89725.4335691707,NA
416720501,55,"1","4",NA,7,NA,NA,89725.4335691707,NA
416720601,43,"1","3",NA,3,NA,NA,89725.4335691707,NA
416720701,58,"2","5",NA,3,NA,NA,89725.4335691707,NA
416720801,46,"1","8",NA,4,NA,NA,89725.4335691707,NA
416830101,70,"2","1","1",2,NA,NA,89725.4335691707,NA
416830301,49,"2","6","1",3,NA,NA,89725.4335691707,NA
416830501,33,"2","5","1",2,NA,NA,89725.4335691707,NA
416830601,75,"2","5","1",3,NA,NA,89725.4335691707,NA
416830701,66,"2",NA,"1",3,NA,NA,89725.4335691707,NA
416830801,49,"2","5","1",6,NA,NA,89725.4335691707,NA
417000101,33,"1","8",NA,1,NA,NA,89725.4335691707,NA
417000201,37,"2","10",NA,1,NA,NA,89725.4335691707,NA
417000301,30,"1","3",NA,5,NA,NA,89725.4335691707,NA
417000501,39,"2","11",NA,1,NA,NA,89725.4335691707,NA
417260101,47,"1","11","3",3,NA,NA,89725.4335691707,NA
417260201,73,"1","1","3",2,NA,NA,89725.4335691707,NA
417260601,42,"1","11","3",4,NA,NA,89725.4335691707,NA
417290101,44,"1","10","3",4,NA,NA,89725.4335691707,NA
417290201,45,"2","8","3",3,NA,NA,89725.4335691707,NA
417290501,57,"2","3","3",5,NA,NA,89725.4335691707,NA
417290601,50,"2","11","3",4,NA,NA,89725.4335691707,NA
417290801,48,"2","8","3",4,NA,NA,89725.4335691707,NA
417390101,35,"2","11","3",1,NA,NA,89725.4335691707,NA
417390201,37,"1","11","3",1,NA,NA,89725.4335691707,NA
417390301,34,"2","11","3",2,NA,NA,89725.4335691707,NA
417390501,31,"1","12","3",1,NA,NA,89725.4335691707,NA
417390601,82,"2","11","3",1,NA,NA,89725.4335691707,NA
417390801,32,"1","11","3",2,NA,NA,89725.4335691707,NA
417490201,67,"2","8",NA,1,NA,NA,89725.4335691707,NA
417490301,57,"1","11",NA,3,NA,NA,89725.4335691707,NA
417490401,52,"2","6",NA,4,NA,NA,89725.4335691707,NA
417490501,64,"1","8",NA,6,NA,NA,89725.4335691707,NA
417490601,33,"1","8",NA,3,NA,NA,89725.4335691707,NA
417490701,46,"2","11",NA,4,NA,NA,89725.4335691707,NA
417490801,56,"2","12",NA,1,NA,NA,89725.4335691707,NA
417920101,35,"2","5","2",4,NA,NA,89725.4335691707,NA
417920201,52,"1","3","2",1,NA,NA,89725.4335691707,NA
417920301,77,"1",NA,"2",1,NA,NA,89725.4335691707,NA
417920501,80,"1","3","2",1,NA,NA,89725.4335691707,NA
417920701,80,"1","1","2",2,NA,NA,89725.4335691707,NA
417920801,49,"2","3","2",4,NA,NA,89725.4335691707,NA
418120101,78,"2",NA,"1",6,NA,NA,89725.4335691707,NA
418120201,50,"1","3","1",4,NA,NA,89725.4335691707,NA
418120301,39,"2","5","1",4,NA,NA,89725.4335691707,NA
418120401,60,"2",NA,"1",6,NA,NA,89725.4335691707,NA
418120501,60,"2",NA,"1",6,NA,NA,89725.4335691707,NA
418120601,73,"2","1","1",1,NA,NA,89725.4335691707,NA
418120801,67,"1","1","1",3,NA,NA,89725.4335691707,NA
418140101,56,"1","5",NA,3,NA,NA,89725.4335691707,NA
418140401,26,"1","8",NA,2,NA,NA,89725.4335691707,NA
418140501,84,"2","3",NA,2,NA,NA,89725.4335691707,NA
418140801,72,"1","8",NA,1,NA,NA,89725.4335691707,NA
418250101,83,"1","5","3",3,NA,NA,89725.4335691707,NA
418250201,74,"2","3","3",2,NA,NA,89725.4335691707,NA
418250301,53,"1","11","3",2,NA,NA,89725.4335691707,NA
418250401,58,"1","8","3",2,NA,NA,89725.4335691707,NA
418250501,37,"2","11","3",2,NA,NA,89725.4335691707,NA
418250601,18,"1","5","3",1,NA,NA,89725.4335691707,NA
418250701,63,"1","6","3",4,NA,NA,89725.4335691707,NA
418250801,60,"1","5","3",2,NA,NA,89725.4335691707,NA
418260101,39,"2","3","2",3,NA,NA,89725.4335691707,NA
418260201,21,"2","3","2",4,NA,NA,89725.4335691707,NA
418260301,32,"2","6","2",3,NA,NA,89725.4335691707,NA
418260501,53,"1",NA,"2",3,NA,NA,89725.4335691707,NA
418260601,66,"2","1","2",2,NA,NA,89725.4335691707,NA
418260701,53,"2","3","2",1,NA,NA,89725.4335691707,NA
418290201,64,"2",NA,"2",2,NA,NA,89725.4335691707,NA
418290301,36,"2","6","2",4,NA,NA,89725.4335691707,NA
418290401,60,"2","5","2",2,NA,NA,89725.4335691707,NA
418290601,53,"1","8","2",3,NA,NA,89725.4335691707,NA
418290801,52,"2","6","2",2,NA,NA,89725.4335691707,NA
419290501,53,"2","8","3",1,NA,NA,89725.4335691707,NA
419290801,29,"1","11","3",1,NA,NA,89725.4335691707,NA
419300101,70,"2","1",NA,2,NA,NA,89725.4335691707,NA
419300201,38,"2","6",NA,4,NA,NA,89725.4335691707,NA
419300301,39,"2","6",NA,3,NA,NA,89725.4335691707,NA
419300401,69,"2","6",NA,4,NA,NA,89725.4335691707,NA
419300501,55,"2","3",NA,5,NA,NA,89725.4335691707,NA
419300601,77,"2","3",NA,1,NA,NA,89725.4335691707,NA
419300701,24,"2","3",NA,8,NA,NA,89725.4335691707,NA
419300801,30,"1","5",NA,1,NA,NA,89725.4335691707,NA
419460101,75,"1","3",NA,3,NA,NA,89725.4335691707,NA
419460201,28,"1","5",NA,4,NA,NA,89725.4335691707,NA
419460401,77,"1","9",NA,2,NA,NA,89725.4335691707,NA
419460501,80,"2","11",NA,2,NA,NA,89725.4335691707,NA
419460601,66,"1",NA,NA,4,NA,NA,89725.4335691707,NA
419461001,68,"2","11",NA,5,NA,NA,89725.4335691707,NA
419700101,44,"2","6",NA,2,NA,NA,89725.4335691707,NA
419700102,46,"1","5",NA,2,NA,NA,89725.4335691707,NA
419700201,76,"2",NA,NA,1,NA,NA,89725.4335691707,NA
419700301,60,"1","5",NA,9,NA,NA,89725.4335691707,NA
419700401,69,"1","9",NA,3,NA,NA,89725.4335691707,NA
419700601,70,"1","3",NA,3,NA,NA,89725.4335691707,NA
419700701,52,"1","1",NA,3,NA,NA,89725.4335691707,NA
419700801,36,"2","7",NA,4,NA,NA,89725.4335691707,NA
419820401,72,"2","1","1",2,NA,NA,89725.4335691707,NA
419820501,83,"2",NA,"1",2,NA,NA,89725.4335691707,NA
419820601,81,"2","1","1",5,NA,NA,89725.4335691707,NA
419820701,35,"2","11","1",3,NA,NA,89725.4335691707,NA
419820801,80,"1",NA,"1",2,NA,NA,89725.4335691707,NA
419830101,41,"2","12",NA,3,NA,NA,89725.4335691707,NA
419830201,34,"2","11",NA,1,NA,NA,89725.4335691707,NA
419830401,35,"1","11",NA,3,NA,NA,89725.4335691707,NA
419830501,29,"2","11",NA,2,NA,NA,89725.4335691707,NA
419830801,29,"2","11",NA,1,NA,NA,89725.4335691707,NA
420130301,43,"1","11","3",4,NA,NA,89725.4335691707,NA
420130601,38,"2","11","3",2,NA,NA,89725.4335691707,NA
420160101,36,"1","10",NA,5,NA,NA,89725.4335691707,NA
420360101,50,"2","11",NA,4,NA,NA,89725.4335691707,NA
420360201,51,"2","11",NA,4,NA,NA,89725.4335691707,NA
420360301,63,"2","11",NA,3,NA,NA,89725.4335691707,NA
420360601,29,"1","11",NA,2,NA,NA,89725.4335691707,NA
420360801,29,"1","11",NA,1,NA,NA,89725.4335691707,NA
420630201,27,"1","8",NA,2,NA,NA,89725.4335691707,NA
420630202,41,"2","1",NA,2,NA,NA,89725.4335691707,NA
420630401,35,"1","5",NA,3,NA,NA,89725.4335691707,NA
420630501,60,"2","5",NA,1,NA,NA,89725.4335691707,NA
420630502,27,"1","5",NA,1,NA,NA,89725.4335691707,NA
420630503,30,"2","9",NA,2,NA,NA,89725.4335691707,NA
420630601,25,"1","6",NA,4,NA,NA,89725.4335691707,NA
420630701,49,"2","5",NA,3,NA,NA,89725.4335691707,NA
420750801,49,"1","12","2",7,NA,NA,89725.4335691707,NA
421070301,75,"2","4",NA,4,NA,NA,89725.4335691707,NA
421070501,33,"2","11",NA,3,NA,NA,89725.4335691707,NA
421070601,40,"1","12",NA,4,NA,NA,89725.4335691707,NA
421070701,75,"1","3",NA,2,NA,NA,89725.4335691707,NA
421070801,39,"2","7",NA,3,NA,NA,89725.4335691707,NA
421090501,26,"1","9",NA,2,NA,NA,89725.4335691707,NA
421090601,31,"1","11",NA,3,NA,NA,89725.4335691707,NA
421230701,67,"2","5",NA,1,NA,NA,89725.4335691707,NA
421280301,44,"1","11","3",3,NA,NA,89725.4335691707,NA
421320201,65,"1","6","2",2,NA,NA,89725.4335691707,NA
421320301,28,"2","5","2",5,NA,NA,89725.4335691707,NA
421320501,61,"1","8","2",3,NA,NA,89725.4335691707,NA
421320701,33,"2","1","2",3,NA,NA,89725.4335691707,NA
421380101,72,"1","12","3",2,NA,NA,89725.4335691707,NA
421380201,70,"2","8","3",3,NA,NA,89725.4335691707,NA
421380301,75,"2","11","3",3,NA,NA,89725.4335691707,NA
421380801,77,"2","11","3",1,NA,NA,89725.4335691707,NA
421490201,88,"1","1",NA,2,NA,NA,89725.4335691707,NA
421490301,64,"2","4",NA,3,NA,NA,89725.4335691707,NA
421490401,27,"1","9",NA,1,NA,NA,89725.4335691707,NA
421490601,70,"1","11",NA,4,NA,NA,89725.4335691707,NA
421490701,83,"2",NA,NA,4,NA,NA,89725.4335691707,NA
421490702,32,"2","8",NA,4,NA,NA,89725.4335691707,NA
421490801,85,"1","11",NA,5,NA,NA,89725.4335691707,NA
421770201,55,"2","3",NA,5,NA,NA,89725.4335691707,NA
421770301,48,"2","11",NA,2,NA,NA,89725.4335691707,NA
421770801,93,"2","1",NA,2,NA,NA,89725.4335691707,NA
421920201,72,"2","4",NA,3,NA,NA,89725.4335691707,NA
421920301,81,"2","1",NA,2,NA,NA,89725.4335691707,NA
421920401,77,"1","3",NA,2,NA,NA,89725.4335691707,NA
421920501,60,"1","5",NA,3,NA,NA,89725.4335691707,NA
421920601,55,"1","8",NA,4,NA,NA,89725.4335691707,NA
421920701,66,"1","3",NA,1,NA,NA,89725.4335691707,NA
421920801,57,"1","9",NA,3,NA,NA,89725.4335691707,NA
421940101,27,"2",NA,"3",6,NA,NA,89725.4335691707,NA
421940201,66,"1","11","3",4,NA,NA,89725.4335691707,NA
421940301,57,"1","11","3",1,NA,NA,89725.4335691707,NA
421940601,42,"2","11","3",5,NA,NA,89725.4335691707,NA
421970201,50,"1","11",NA,4,NA,NA,89725.4335691707,NA
422040101,49,"2","5","2",3,NA,NA,89725.4335691707,NA
422040301,59,"1","5","2",4,NA,NA,89725.4335691707,NA
422040601,66,"2","5","2",1,NA,NA,89725.4335691707,NA
422040701,62,"1","5","2",2,NA,NA,89725.4335691707,NA
422040801,43,"1","11","2",5,NA,NA,89725.4335691707,NA
422340201,82,"2","1","1",2,NA,NA,89725.4335691707,NA
422340401,52,"2","3","1",5,NA,NA,89725.4335691707,NA
422340501,56,"1","3","1",2,NA,NA,89725.4335691707,NA
422340601,50,"2","5","1",3,NA,NA,89725.4335691707,NA
422340701,46,"2","5","1",3,NA,NA,89725.4335691707,NA
422340801,48,"2","5","1",3,NA,NA,89725.4335691707,NA
422430101,54,"1",NA,NA,3,NA,NA,89725.4335691707,NA
422430201,78,"1","-88",NA,3,NA,NA,89725.4335691707,NA
422430301,59,"2","1",NA,3,NA,NA,89725.4335691707,NA
422430401,38,"2","3",NA,3,NA,NA,89725.4335691707,NA
422430501,40,"1","3",NA,1,NA,NA,89725.4335691707,NA
422430601,54,"1","3",NA,3,NA,NA,89725.4335691707,NA
422430701,74,"2",NA,NA,2,NA,NA,89725.4335691707,NA
422430801,48,"2","1",NA,4,NA,NA,89725.4335691707,NA
422430901,94,"2","6",NA,3,NA,NA,89725.4335691707,NA
422431001,46,"1","8",NA,2,NA,NA,89725.4335691707,NA
422720201,44,"1","12","3",3,NA,NA,89725.4335691707,NA
422720801,80,"2","5","3",2,NA,NA,89725.4335691707,NA
422900101,68,"1",NA,NA,2,NA,NA,89725.4335691707,NA
422900401,29,"1",NA,NA,4,NA,NA,89725.4335691707,NA
422900501,53,"2",NA,NA,6,NA,NA,89725.4335691707,NA
422900601,81,"2","5",NA,4,NA,NA,89725.4335691707,NA
422900801,54,"1",NA,NA,3,NA,NA,89725.4335691707,NA
422900901,82,"1",NA,NA,5,NA,NA,89725.4335691707,NA
422901001,66,"2","1",NA,2,NA,NA,89725.4335691707,NA
422970101,38,"1","10",NA,2,NA,NA,89725.4335691707,NA
422970301,62,"2","11",NA,2,NA,NA,89725.4335691707,NA
422970401,27,"1","11",NA,1,NA,NA,89725.4335691707,NA
422970501,44,"2","8",NA,4,NA,NA,89725.4335691707,NA
422970601,38,"1","9",NA,2,NA,NA,89725.4335691707,NA
423090101,54,"2","3",NA,5,NA,NA,89725.4335691707,NA
423090201,79,"1","5",NA,6,NA,NA,89725.4335691707,NA
423090301,38,"2","5",NA,2,NA,NA,89725.4335691707,NA
423090401,70,"1","3",NA,2,NA,NA,89725.4335691707,NA
423090501,55,"1","3",NA,8,NA,NA,89725.4335691707,NA
423090601,61,"1","11",NA,3,NA,NA,89725.4335691707,NA
423090701,30,"1","5",NA,4,NA,NA,89725.4335691707,NA
423090801,76,"1",NA,NA,2,NA,NA,89725.4335691707,NA
423210201,35,"1","11","3",1,NA,NA,89725.4335691707,NA
423210801,70,"2","11","3",2,NA,NA,89725.4335691707,NA
423420201,54,"1","10","3",4,NA,NA,89725.4335691707,NA
423420301,46,"2","8","3",3,NA,NA,89725.4335691707,NA
423420401,68,"1","12","3",2,NA,NA,89725.4335691707,NA
423420801,52,"1","11","3",4,NA,NA,89725.4335691707,NA
423500101,65,"2","3",NA,2,NA,NA,89725.4335691707,NA
423500201,69,"2","8",NA,2,NA,NA,89725.4335691707,NA
423500301,49,"2",NA,NA,5,NA,NA,89725.4335691707,NA
423500401,59,"2","5",NA,2,NA,NA,89725.4335691707,NA
423500501,31,"2","5",NA,3,NA,NA,89725.4335691707,NA
423500601,27,"2",NA,NA,6,NA,NA,89725.4335691707,NA
423500801,20,"2","7",NA,2,NA,NA,89725.4335691707,NA
423520101,50,"1","7","3",1,NA,NA,89725.4335691707,NA
423520201,42,"2","12","3",2,NA,NA,89725.4335691707,NA
423520501,36,"2","11","3",5,NA,NA,89725.4335691707,NA
423520601,59,"2","11","3",3,NA,NA,89725.4335691707,NA
423520701,47,"1","11","3",4,NA,NA,89725.4335691707,NA
423520801,31,"2","11","3",2,NA,NA,89725.4335691707,NA
423610401,30,"2","9","1",7,NA,NA,89725.4335691707,NA
423610601,64,"1","4","1",2,NA,NA,89725.4335691707,NA
423610801,66,"1",NA,"1",5,NA,NA,89725.4335691707,NA
423790501,51,"1","12","3",6,NA,NA,89725.4335691707,NA
423790801,30,"1","11","3",2,NA,NA,89725.4335691707,NA
424040401,53,"2","11",NA,2,NA,NA,89725.4335691707,NA
424040501,75,"2","3",NA,3,NA,NA,89725.4335691707,NA
424040701,67,"1","1",NA,3,NA,NA,89725.4335691707,NA
424040801,72,"2",NA,NA,2,NA,NA,89725.4335691707,NA
424070101,30,"2","6","1",2,NA,NA,89725.4335691707,NA
424070201,40,"1","5","1",2,NA,NA,89725.4335691707,NA
424070301,60,"2","3","1",2,NA,NA,89725.4335691707,NA
424070401,39,"2","5","1",4,NA,NA,89725.4335691707,NA
424070501,68,"2","1","1",1,NA,NA,89725.4335691707,NA
424070601,63,"2","1","1",4,NA,NA,89725.4335691707,NA
424070701,63,"2","3","1",6,NA,NA,89725.4335691707,NA
424070801,70,"1","3","1",3,NA,NA,89725.4335691707,NA
424230101,59,"2","1","1",1,NA,NA,89725.4335691707,NA
424230301,41,"2","6","1",5,NA,NA,89725.4335691707,NA
424230401,52,"2","5","1",2,NA,NA,89725.4335691707,NA
424230801,66,"2","1","1",4,NA,NA,89725.4335691707,NA
424420101,34,"1","5",NA,4,NA,NA,89725.4335691707,NA
424420201,72,"1","5",NA,1,NA,NA,89725.4335691707,NA
424420701,82,"2",NA,NA,2,NA,NA,89725.4335691707,NA
424420801,33,"2","5",NA,6,NA,NA,89725.4335691707,NA
424800101,79,"2","11",NA,2,NA,NA,89725.4335691707,NA
424800201,47,"2","11",NA,3,NA,NA,89725.4335691707,NA
424800301,44,"1","11",NA,5,NA,NA,89725.4335691707,NA
424800501,39,"1","11",NA,1,NA,NA,89725.4335691707,NA
424800701,46,"2","11",NA,3,NA,NA,89725.4335691707,NA
424800801,63,"1",NA,NA,2,NA,NA,89725.4335691707,NA
424890201,84,"2","3",NA,1,NA,NA,89725.4335691707,NA
424890301,47,"1","11",NA,2,NA,NA,89725.4335691707,NA
424890501,53,"1","9",NA,5,NA,NA,89725.4335691707,NA
424890701,62,"1","9",NA,4,NA,NA,89725.4335691707,NA
425290201,71,"2","3",NA,1,NA,NA,89725.4335691707,NA
425290301,54,"2","5",NA,2,NA,NA,89725.4335691707,NA
425290601,35,"1","11",NA,3,NA,NA,89725.4335691707,NA
425290701,75,"2","1",NA,1,NA,NA,89725.4335691707,NA
425460101,77,"2","5",NA,3,NA,NA,89725.4335691707,NA
425460201,79,"1","1",NA,2,NA,NA,89725.4335691707,NA
425460401,38,"1","5",NA,5,NA,NA,89725.4335691707,NA
425460501,34,"1","9",NA,5,NA,NA,89725.4335691707,NA
425460601,34,"1","3",NA,4,NA,NA,89725.4335691707,NA
425460701,63,"1",NA,NA,1,NA,NA,89725.4335691707,NA
425530101,29,"2","5",NA,3,NA,NA,89725.4335691707,NA
425530201,26,"2","1",NA,4,NA,NA,89725.4335691707,NA
425530301,57,"2","1",NA,3,NA,NA,89725.4335691707,NA
425530401,52,"1",NA,NA,2,NA,NA,89725.4335691707,NA
425530801,65,"2","1",NA,2,NA,NA,89725.4335691707,NA
425600301,63,"2","11",NA,2,NA,NA,89725.4335691707,NA
425600401,34,"2","11",NA,2,NA,NA,89725.4335691707,NA
425600501,56,"1","11",NA,6,NA,NA,89725.4335691707,NA
425600701,43,"2","11",NA,4,NA,NA,89725.4335691707,NA
426000201,73,"1",NA,"2",2,NA,NA,89725.4335691707,NA
426000301,62,"2","5","2",1,NA,NA,89725.4335691707,NA
426000501,64,"1","5","2",3,NA,NA,89725.4335691707,NA
426000601,71,"1",NA,"2",1,NA,NA,89725.4335691707,NA
426000701,59,"2","8","2",8,NA,NA,89725.4335691707,NA
426090101,70,"2","8","3",2,NA,NA,89725.4335691707,NA
426090201,58,"1","7","3",2,NA,NA,89725.4335691707,NA
426090301,57,"1","5","3",1,NA,NA,89725.4335691707,NA
426090501,70,"2","8","3",2,NA,NA,89725.4335691707,NA
426090601,42,"1","11","3",5,NA,NA,89725.4335691707,NA
426090801,31,"1","11","3",2,NA,NA,89725.4335691707,NA
426570101,74,"2","1","3",4,NA,NA,89725.4335691707,NA
426570201,34,"1","7","3",1,NA,NA,89725.4335691707,NA
426570301,88,"1","3","3",1,NA,NA,89725.4335691707,NA
426570401,81,"1",NA,"3",1,NA,NA,89725.4335691707,NA
426570601,48,"2","8","3",2,NA,NA,89725.4335691707,NA
426570701,32,"1","6","3",4,NA,NA,89725.4335691707,NA
426570801,28,"1","7","3",2,NA,NA,89725.4335691707,NA
426810201,38,"1","5","2",2,NA,NA,89725.4335691707,NA
426810301,42,"2","11","2",2,NA,NA,89725.4335691707,NA
426810401,54,"1","6","2",3,NA,NA,89725.4335691707,NA
426810501,50,"1","5","2",1,NA,NA,89725.4335691707,NA
426810601,32,"1","11","2",4,NA,NA,89725.4335691707,NA
426810701,64,"2","5","2",1,NA,NA,89725.4335691707,NA
426850201,28,"2","1","2",3,NA,NA,89725.4335691707,NA
426850301,73,"2","1","2",2,NA,NA,89725.4335691707,NA
426850401,47,"2","1","2",7,NA,NA,89725.4335691707,NA
426850501,48,"1",NA,"2",2,NA,NA,89725.4335691707,NA
426850601,31,"1",NA,"2",3,NA,NA,89725.4335691707,NA
426850701,67,"1",NA,"2",4,NA,NA,89725.4335691707,NA
426850801,50,"2","3","2",1,NA,NA,89725.4335691707,NA
427160201,70,"2",NA,"1",3,NA,NA,89725.4335691707,NA
427160301,76,"2","1","1",1,NA,NA,89725.4335691707,NA
427160401,69,"1","3","1",3,NA,NA,89725.4335691707,NA
427160501,80,"1",NA,"1",3,NA,NA,89725.4335691707,NA
427160601,82,"2","1","1",4,NA,NA,89725.4335691707,NA
427160701,44,"1","6","1",3,NA,NA,89725.4335691707,NA
427160801,49,"1","6","1",4,NA,NA,89725.4335691707,NA
427240101,78,"2","1","2",1,NA,NA,89725.4335691707,NA
427240201,41,"1","11","2",4,NA,NA,89725.4335691707,NA
427240202,67,"2",NA,"2",2,NA,NA,89725.4335691707,NA
427240203,63,"1","4","2",2,NA,NA,89725.4335691707,NA
427240301,42,"2","6","2",4,NA,NA,89725.4335691707,NA
427240601,57,"2","1","2",4,NA,NA,89725.4335691707,NA
427240701,55,"2","1","2",3,NA,NA,89725.4335691707,NA
427270201,31,"2","5",NA,4,NA,NA,89725.4335691707,NA
427270301,49,"1",NA,NA,1,NA,NA,89725.4335691707,NA
427270501,65,"2","11",NA,2,NA,NA,89725.4335691707,NA
427270601,65,"1",NA,NA,1,NA,NA,89725.4335691707,NA
427270701,44,"1",NA,NA,4,NA,NA,89725.4335691707,NA
427270801,68,"2","5",NA,3,NA,NA,89725.4335691707,NA
427420101,35,"1","10","2",3,NA,NA,89725.4335691707,NA
427420201,57,"2","4","2",2,NA,NA,89725.4335691707,NA
427420301,69,"2",NA,"2",6,NA,NA,89725.4335691707,NA
427420601,75,"2","1","2",1,NA,NA,89725.4335691707,NA
427420701,64,"1","5","2",3,NA,NA,89725.4335691707,NA
427420801,47,"2","1","2",3,NA,NA,89725.4335691707,NA
427730101,62,"2","-88","2",2,NA,NA,89725.4335691707,NA
427730401,63,"2","1","2",2,NA,NA,89725.4335691707,NA
427730701,74,"2","1","2",1,NA,NA,89725.4335691707,NA
427770301,36,"2","11","3",1,NA,NA,89725.4335691707,NA
427770601,36,"1","11","3",5,NA,NA,89725.4335691707,NA
428170101,59,"2","11","3",2,NA,NA,89725.4335691707,NA
428170301,47,"2","11","3",2,NA,NA,89725.4335691707,NA
428170401,51,"1","11","3",5,NA,NA,89725.4335691707,NA
428170402,51,"2","11","3",2,NA,NA,89725.4335691707,NA
428170701,33,"2","7","3",3,NA,NA,89725.4335691707,NA
428170801,35,"2","9","3",5,NA,NA,89725.4335691707,NA
428200301,49,"1","11","3",2,NA,NA,89725.4335691707,NA
428200401,43,"1","8","3",2,NA,NA,89725.4335691707,NA
428210101,68,"2",NA,"2",2,NA,NA,89725.4335691707,NA
428210201,50,"1","3","2",3,NA,NA,89725.4335691707,NA
428210301,24,"2","5","2",6,NA,NA,89725.4335691707,NA
428210401,63,"1","4","2",3,NA,NA,89725.4335691707,NA
428210501,77,"2",NA,"2",1,NA,NA,89725.4335691707,NA
428210601,49,"1","3","2",5,NA,NA,89725.4335691707,NA
428210701,72,"1","3","2",2,NA,NA,89725.4335691707,NA
428210801,39,"1","6","2",5,NA,NA,89725.4335691707,NA
428300401,65,"2","1","1",6,NA,NA,89725.4335691707,NA
428300501,45,"1","3","1",1,NA,NA,89725.4335691707,NA
428300601,61,"1","4","1",6,NA,NA,89725.4335691707,NA
428300801,36,"1","4","1",4,NA,NA,89725.4335691707,NA
428300802,67,"1","1","1",3,NA,NA,89725.4335691707,NA
428380201,35,"2","8","3",4,NA,NA,89725.4335691707,NA
428380301,31,"1","6","3",3,NA,NA,89725.4335691707,NA
428380401,36,"2","9","3",3,NA,NA,89725.4335691707,NA
428380501,33,"1","10","3",4,NA,NA,89725.4335691707,NA
428380701,56,"2","11","3",1,NA,NA,89725.4335691707,NA
429360101,30,"1","5",NA,2,NA,NA,89725.4335691707,NA
429360301,43,"1","11",NA,7,NA,NA,89725.4335691707,NA
429360401,49,"2","1",NA,3,NA,NA,89725.4335691707,NA
429360501,58,"2","3",NA,3,NA,NA,89725.4335691707,NA
429650201,78,"1",NA,NA,4,NA,NA,89725.4335691707,NA
429650301,79,"1","3",NA,1,NA,NA,89725.4335691707,NA
429650701,60,"1","6",NA,1,NA,NA,89725.4335691707,NA
429650801,77,"2",NA,NA,2,NA,NA,89725.4335691707,NA
429750101,48,"2","8",NA,3,NA,NA,89725.4335691707,NA
429750201,31,"2","9",NA,2,NA,NA,89725.4335691707,NA
429860301,29,"1","5","2",2,NA,NA,89725.4335691707,NA
429860401,78,"1",NA,"2",2,NA,NA,89725.4335691707,NA
429860501,65,"2","5","2",2,NA,NA,89725.4335691707,NA
430010301,54,"2","11","3",6,NA,NA,89725.4335691707,NA
430010501,42,"1","9","3",4,NA,NA,89725.4335691707,NA
430010601,52,"2","4","3",3,NA,NA,89725.4335691707,NA
430010801,73,"2","11","3",4,NA,NA,89725.4335691707,NA
430300401,32,"1","11",NA,2,NA,NA,89725.4335691707,NA
430300601,38,"1","7",NA,2,NA,NA,89725.4335691707,NA
430350101,74,"2","3","2",2,NA,NA,89725.4335691707,NA
430350301,85,"2","1","2",2,NA,NA,89725.4335691707,NA
430350401,44,"1","8","2",5,NA,NA,89725.4335691707,NA
430350501,87,"2","3","2",1,NA,NA,89725.4335691707,NA
430350801,40,"2","11","2",4,NA,NA,89725.4335691707,NA
430530101,62,"1","5",NA,3,NA,NA,89725.4335691707,NA
430530201,64,"1","3",NA,2,NA,NA,89725.4335691707,NA
430530301,39,"1","11",NA,1,NA,NA,89725.4335691707,NA
430530401,35,"1","5",NA,4,NA,NA,89725.4335691707,NA
430530501,64,"1","5",NA,1,NA,NA,89725.4335691707,NA
430530601,77,"1","5",NA,1,NA,NA,89725.4335691707,NA
430530602,80,"2","5",NA,1,NA,NA,89725.4335691707,NA
430530701,48,"1","11",NA,1,NA,NA,89725.4335691707,NA
430530702,27,"2","5",NA,2,NA,NA,89725.4335691707,NA
430530703,65,"2","11",NA,1,NA,NA,89725.4335691707,NA
430530801,57,"2","3",NA,4,NA,NA,89725.4335691707,NA
430750401,30,"1","10",NA,2,NA,NA,89725.4335691707,NA
430750501,67,"2","12",NA,2,NA,NA,89725.4335691707,NA
430750601,27,"2","11",NA,1,NA,NA,89725.4335691707,NA
430750701,53,"2","11",NA,1,NA,NA,89725.4335691707,NA
430900301,50,"1","11","3",8,NA,NA,89725.4335691707,NA
430900401,55,"2","12","3",3,NA,NA,89725.4335691707,NA
430900501,50,"1","11","3",3,NA,NA,89725.4335691707,NA
431010201,56,"2","11","2",1,NA,NA,89725.4335691707,NA
431010301,70,"2","5","2",2,NA,NA,89725.4335691707,NA
431010401,80,"1","3","2",3,NA,NA,89725.4335691707,NA
431010501,86,"1",NA,"2",4,NA,NA,89725.4335691707,NA
431010601,63,"1","5","2",1,NA,NA,89725.4335691707,NA
431010701,66,"1",NA,"2",3,NA,NA,89725.4335691707,NA
431020101,79,"1","11",NA,1,NA,NA,89725.4335691707,NA
431020601,48,"2","11",NA,1,NA,NA,89725.4335691707,NA
431140101,76,"1",NA,"1",2,NA,NA,89725.4335691707,NA
431140102,41,"1","5","1",2,NA,NA,89725.4335691707,NA
431140201,54,"1","6","1",3,NA,NA,89725.4335691707,NA
431140301,60,"1","8","1",2,NA,NA,89725.4335691707,NA
431140401,19,"1",NA,"1",3,NA,NA,89725.4335691707,NA
431140402,43,"2","11","1",6,NA,NA,89725.4335691707,NA
431140501,46,"1","3","1",5,NA,NA,89725.4335691707,NA
431140601,47,"1","3","1",5,NA,NA,89725.4335691707,NA
431140701,64,"2","3","1",3,NA,NA,89725.4335691707,NA
431140801,67,"1","1","1",2,NA,NA,89725.4335691707,NA
431250101,38,"1","8",NA,4,NA,NA,89725.4335691707,NA
431250201,39,"2","11",NA,3,NA,NA,89725.4335691707,NA
431250301,60,"2","8",NA,1,NA,NA,89725.4335691707,NA
431250401,65,"2","8",NA,1,NA,NA,89725.4335691707,NA
431250601,66,"2","4",NA,1,NA,NA,89725.4335691707,NA
431250701,60,"2","5",NA,2,NA,NA,89725.4335691707,NA
431250801,70,"2","3",NA,3,NA,NA,89725.4335691707,NA
431370101,75,"1","3",NA,2,NA,NA,89725.4335691707,NA
431370301,76,"1","3",NA,6,NA,NA,89725.4335691707,NA
431370401,72,"2","3",NA,3,NA,NA,89725.4335691707,NA
431370501,72,"1","3",NA,6,NA,NA,89725.4335691707,NA
431370601,55,"2","-88",NA,5,NA,NA,89725.4335691707,NA
431370701,74,"2","11",NA,2,NA,NA,89725.4335691707,NA
431480101,62,"1","11",NA,3,NA,NA,89725.4335691707,NA
431480301,38,"1","6",NA,5,NA,NA,89725.4335691707,NA
431480501,89,"2","1",NA,2,NA,NA,89725.4335691707,NA
431520101,47,"1","3",NA,3,NA,NA,89725.4335691707,NA
431520201,77,"1","3",NA,4,NA,NA,89725.4335691707,NA
431520301,61,"1",NA,NA,4,NA,NA,89725.4335691707,NA
431520501,66,"1","11",NA,4,NA,NA,89725.4335691707,NA
431520601,23,"1","6",NA,1,NA,NA,89725.4335691707,NA
431600101,41,"1","11",NA,1,NA,NA,89725.4335691707,NA
431600201,57,"1","5",NA,3,NA,NA,89725.4335691707,NA
431600301,53,"2","11",NA,4,NA,NA,89725.4335691707,NA
431740101,84,"1","5","2",1,NA,NA,89725.4335691707,NA
431740201,57,"1","3","2",1,NA,NA,89725.4335691707,NA
431740301,61,"1","8","2",2,NA,NA,89725.4335691707,NA
431740401,72,"2","5","2",1,NA,NA,89725.4335691707,NA
431740501,63,"1","5","2",1,NA,NA,89725.4335691707,NA
431740701,85,"2",NA,"2",3,NA,NA,89725.4335691707,NA
431740801,65,"2","5","2",3,NA,NA,89725.4335691707,NA
431850101,50,"1","1","1",6,NA,NA,89725.4335691707,NA
431850301,58,"2","3","1",1,NA,NA,89725.4335691707,NA
431850401,32,"2","9","1",2,NA,NA,89725.4335691707,NA
431850501,61,"2","3","1",2,NA,NA,89725.4335691707,NA
431850502,24,"1","9","1",2,NA,NA,89725.4335691707,NA
431850701,63,"1","5","1",4,NA,NA,89725.4335691707,NA
431880301,61,"1","11",NA,5,NA,NA,89725.4335691707,NA
431880501,74,"1","11",NA,2,NA,NA,89725.4335691707,NA
432030101,61,"2","8","2",1,NA,NA,89725.4335691707,NA
432030301,43,"1","5","2",5,NA,NA,89725.4335691707,NA
432030401,59,"2","5","2",4,NA,NA,89725.4335691707,NA
432030501,35,"2","5","2",4,NA,NA,89725.4335691707,NA
432030701,75,"1","1","2",3,NA,NA,89725.4335691707,NA
432030801,39,"1","9","2",6,NA,NA,89725.4335691707,NA
432380201,36,"2","8",NA,1,NA,NA,89725.4335691707,NA
432380401,42,"1","11",NA,1,NA,NA,89725.4335691707,NA
432380501,40,"1","11",NA,1,NA,NA,89725.4335691707,NA
432380801,33,"1","9",NA,1,NA,NA,89725.4335691707,NA
432500101,66,"2",NA,NA,3,NA,NA,89725.4335691707,NA
432500201,92,"2","1",NA,2,NA,NA,89725.4335691707,NA
432500301,82,"2","1",NA,2,NA,NA,89725.4335691707,NA
432500401,74,"2",NA,NA,3,NA,NA,89725.4335691707,NA
432500601,90,"1","1",NA,4,NA,NA,89725.4335691707,NA
432500701,59,"2",NA,NA,1,NA,NA,89725.4335691707,NA
432500801,35,"1","5",NA,1,NA,NA,89725.4335691707,NA
432600101,73,"1","4","1",3,NA,NA,89725.4335691707,NA
432600201,50,"2","6","1",1,NA,NA,89725.4335691707,NA
432600401,48,"2","4","1",4,NA,NA,89725.4335691707,NA
432600601,51,"1","6","1",3,NA,NA,89725.4335691707,NA
432600701,74,"2","-88","1",8,NA,NA,89725.4335691707,NA
432720401,78,"1","11","2",2,NA,NA,89725.4335691707,NA
433050101,53,"2","5","2",4,NA,NA,89725.4335691707,NA
433050301,81,"2","1","2",5,NA,NA,89725.4335691707,NA
433050501,54,"1","11","2",5,NA,NA,89725.4335691707,NA
433050701,54,"2","5","2",4,NA,NA,89725.4335691707,NA
433050801,67,"1","6","2",3,NA,NA,89725.4335691707,NA
433080101,38,"1","8",NA,4,NA,NA,89725.4335691707,NA
433080301,71,"1",NA,NA,5,NA,NA,89725.4335691707,NA
433080401,39,"2",NA,NA,3,NA,NA,89725.4335691707,NA
433080501,41,"2","6",NA,3,NA,NA,89725.4335691707,NA
433080601,62,"1","3",NA,2,NA,NA,89725.4335691707,NA
433080801,49,"2","6",NA,2,NA,NA,89725.4335691707,NA
433230101,56,"2","8",NA,4,NA,NA,89725.4335691707,NA
433230201,35,"2","5",NA,3,NA,NA,89725.4335691707,NA
433230301,78,"2","1",NA,2,NA,NA,89725.4335691707,NA
433230401,74,"2","3",NA,6,NA,NA,89725.4335691707,NA
433230501,58,"2","5",NA,3,NA,NA,89725.4335691707,NA
433230601,81,"2","3",NA,2,NA,NA,89725.4335691707,NA
433230701,53,"2","1",NA,3,NA,NA,89725.4335691707,NA
433230801,67,"2","5",NA,3,NA,NA,89725.4335691707,NA
433250101,46,"2","6","2",4,NA,NA,89725.4335691707,NA
433250301,39,"2","6","2",2,NA,NA,89725.4335691707,NA
433250401,46,"1","6","2",5,NA,NA,89725.4335691707,NA
433250701,67,"1","3","2",2,NA,NA,89725.4335691707,NA
433250801,71,"1","5","2",3,NA,NA,89725.4335691707,NA
433370101,74,"1","1",NA,4,NA,NA,89725.4335691707,NA
433370201,70,"1","9",NA,3,NA,NA,89725.4335691707,NA
433370301,49,"1","12",NA,6,NA,NA,89725.4335691707,NA
433370401,67,"2","11",NA,4,NA,NA,89725.4335691707,NA
433370501,54,"1","11",NA,1,NA,NA,89725.4335691707,NA
433370701,56,"2","12",NA,3,NA,NA,89725.4335691707,NA
433470101,75,"1",NA,NA,2,NA,NA,89725.4335691707,NA
433470201,79,"1","9",NA,2,NA,NA,89725.4335691707,NA
433470301,43,"2","11",NA,2,NA,NA,89725.4335691707,NA
433470501,69,"1",NA,NA,4,NA,NA,89725.4335691707,NA
433470601,44,"1","10",NA,3,NA,NA,89725.4335691707,NA
433470801,75,"2","1",NA,3,NA,NA,89725.4335691707,NA
433590201,53,"2","3",NA,6,NA,NA,89725.4335691707,NA
433590301,54,"2","5",NA,3,NA,NA,89725.4335691707,NA
433590401,24,"2","5",NA,4,NA,NA,89725.4335691707,NA
433590501,36,"1","11",NA,1,NA,NA,89725.4335691707,NA
433590601,40,"2","11",NA,1,NA,NA,89725.4335691707,NA
433590701,47,"1","11",NA,2,NA,NA,89725.4335691707,NA
433780201,52,"2","11",NA,2,NA,NA,89725.4335691707,NA
433780301,63,"1","11",NA,1,NA,NA,89725.4335691707,NA
433780501,37,"2","11",NA,2,NA,NA,89725.4335691707,NA
433780601,41,"1","11",NA,3,NA,NA,89725.4335691707,NA
433780801,62,"2","9",NA,4,NA,NA,89725.4335691707,NA
433950201,30,"1","5","2",3,NA,NA,89725.4335691707,NA
433950501,49,"1",NA,"2",4,NA,NA,89725.4335691707,NA
433950601,34,"1",NA,"2",4,NA,NA,89725.4335691707,NA
433950701,66,"2","1","2",2,NA,NA,89725.4335691707,NA
433950801,62,"1",NA,"2",2,NA,NA,89725.4335691707,NA
434460401,48,"1","11",NA,3,NA,NA,89725.4335691707,NA
434460701,41,"2","11",NA,3,NA,NA,89725.4335691707,NA
434460801,29,"1","5",NA,4,NA,NA,89725.4335691707,NA
434530101,61,"2","5",NA,1,NA,NA,89725.4335691707,NA
434530201,63,"1","8",NA,3,NA,NA,89725.4335691707,NA
434530301,55,"2",NA,NA,7,NA,NA,89725.4335691707,NA
434530601,45,"2","8",NA,5,NA,NA,89725.4335691707,NA
434530801,56,"1","6",NA,2,NA,NA,89725.4335691707,NA
434720201,48,"1","11",NA,5,NA,NA,89725.4335691707,NA
434720401,34,"2","9",NA,3,NA,NA,89725.4335691707,NA
434720501,51,"2","5",NA,2,NA,NA,89725.4335691707,NA
434720601,52,"2","3",NA,3,NA,NA,89725.4335691707,NA
434880101,51,"2","10","3",2,NA,NA,89725.4335691707,NA
434880301,56,"1","11","3",1,NA,NA,89725.4335691707,NA
434880401,80,"2","5","3",3,NA,NA,89725.4335691707,NA
434880601,48,"2","12","3",1,NA,NA,89725.4335691707,NA
434880801,84,"2","12","3",1,NA,NA,89725.4335691707,NA
434990201,23,"2","5","1",3,NA,NA,89725.4335691707,NA
434990301,56,"1","1","1",2,NA,NA,89725.4335691707,NA
434990401,52,"2","5","1",3,NA,NA,89725.4335691707,NA
434990601,42,"2","6","1",3,NA,NA,89725.4335691707,NA
434990701,44,"2","4","1",5,NA,NA,89725.4335691707,NA
434990801,66,"2","8","1",2,NA,NA,89725.4335691707,NA
435020101,71,"2",NA,NA,4,NA,NA,89725.4335691707,NA
435020201,62,"1","4",NA,3,NA,NA,89725.4335691707,NA
435020601,52,"1","6",NA,4,NA,NA,89725.4335691707,NA
435020602,26,"1","6",NA,1,NA,NA,89725.4335691707,NA
435020701,35,"2","5",NA,3,NA,NA,89725.4335691707,NA
435110201,79,"2","11",NA,3,NA,NA,89725.4335691707,NA
435290201,89,"2",NA,"2",1,NA,NA,89725.4335691707,NA
435290301,65,"1","-88","2",4,NA,NA,89725.4335691707,NA
435290401,58,"1","5","2",1,NA,NA,89725.4335691707,NA
435290501,36,"1","3","2",7,NA,NA,89725.4335691707,NA
435290502,32,"2","3","2",4,NA,NA,89725.4335691707,NA
435290601,63,"1",NA,"2",5,NA,NA,89725.4335691707,NA
435290801,82,"2",NA,"2",4,NA,NA,89725.4335691707,NA
435400101,29,"2","6","1",4,NA,NA,89725.4335691707,NA
435400201,60,"1","3","1",4,NA,NA,89725.4335691707,NA
435400301,40,"2","6","1",4,NA,NA,89725.4335691707,NA
435400401,72,"2","1","1",5,NA,NA,89725.4335691707,NA
435400501,46,"2","7","1",4,NA,NA,89725.4335691707,NA
435400601,78,"2","11","1",5,NA,NA,89725.4335691707,NA
435400701,36,"1","6","1",3,NA,NA,89725.4335691707,NA
435400801,50,"2","9","1",2,NA,NA,89725.4335691707,NA
435520701,66,"1","11",NA,3,NA,NA,89725.4335691707,NA
435750101,66,"2","3","3",4,NA,NA,89725.4335691707,NA
435750201,62,"2","3","3",3,NA,NA,89725.4335691707,NA
435750301,60,"2","8","3",4,NA,NA,89725.4335691707,NA
435750601,58,"2","8","3",3,NA,NA,89725.4335691707,NA
435750701,49,"2","8","3",2,NA,NA,89725.4335691707,NA
436080301,67,"1","3","2",3,NA,NA,89725.4335691707,NA
436080401,76,"1","1","2",2,NA,NA,89725.4335691707,NA
436080701,45,"1","6","2",3,NA,NA,89725.4335691707,NA
436080801,57,"2","8","2",6,NA,NA,89725.4335691707,NA
436200101,39,"2","11",NA,1,NA,NA,89725.4335691707,NA
436200401,61,"2","11",NA,4,NA,NA,89725.4335691707,NA
436200501,56,"1","1",NA,2,NA,NA,89725.4335691707,NA
436200601,65,"1","5",NA,2,NA,NA,89725.4335691707,NA
436200701,69,"2",NA,NA,4,NA,NA,89725.4335691707,NA
436200801,32,"2","1",NA,8,NA,NA,89725.4335691707,NA
436200901,88,"1",NA,NA,1,NA,NA,89725.4335691707,NA
436201001,65,"1","4",NA,3,NA,NA,89725.4335691707,NA
436480101,40,"2","11",NA,2,NA,NA,89725.4335691707,NA
436480201,67,"2","11",NA,2,NA,NA,89725.4335691707,NA
436480601,47,"1","11",NA,4,NA,NA,89725.4335691707,NA
436480801,36,"1","10",NA,3,NA,NA,89725.4335691707,NA
436490501,47,"2","11",NA,1,NA,NA,89725.4335691707,NA
436510101,32,"1","12",NA,3,NA,NA,89725.4335691707,NA
436510201,75,"2","5",NA,1,NA,NA,89725.4335691707,NA
436510301,29,"1","11",NA,2,NA,NA,89725.4335691707,NA
436510401,27,"2","11",NA,2,NA,NA,89725.4335691707,NA
436730101,26,"1","11",NA,1,NA,NA,89725.4335691707,NA
436730201,32,"1","10",NA,1,NA,NA,89725.4335691707,NA
436730301,54,"1","11",NA,3,NA,NA,89725.4335691707,NA
436730401,80,"2","3",NA,3,NA,NA,89725.4335691707,NA
436730501,35,"2","9",NA,4,NA,NA,89725.4335691707,NA
436730701,83,"1","9",NA,1,NA,NA,89725.4335691707,NA
436730801,25,"2","9",NA,1,NA,NA,89725.4335691707,NA
437030101,52,"2","11",NA,2,NA,NA,89725.4335691707,NA
437030601,38,"1","9",NA,4,NA,NA,89725.4335691707,NA
437030701,37,"1","11",NA,4,NA,NA,89725.4335691707,NA
437030801,31,"2","12",NA,2,NA,NA,89725.4335691707,NA
437040101,64,"1","9","2",2,NA,NA,89725.4335691707,NA
437040201,66,"1","3","2",4,NA,NA,89725.4335691707,NA
437040301,50,"2","3","2",1,NA,NA,89725.4335691707,NA
437040401,82,"2",NA,"2",3,NA,NA,89725.4335691707,NA
437040501,55,"1","6","2",2,NA,NA,89725.4335691707,NA
437040701,82,"1","9","2",7,NA,NA,89725.4335691707,NA
437040801,66,"2","11","2",2,NA,NA,89725.4335691707,NA
437300101,39,"2","8","2",1,NA,NA,89725.4335691707,NA
437300201,38,"2",NA,"2",3,NA,NA,89725.4335691707,NA
437300401,41,"1","4","2",4,NA,NA,89725.4335691707,NA
437300801,43,"2","1","2",2,NA,NA,89725.4335691707,NA
437330101,30,"1","7","2",1,NA,NA,89725.4335691707,NA
437330201,60,"2","11","2",4,NA,NA,89725.4335691707,NA
437330301,50,"2","8","2",5,NA,NA,89725.4335691707,NA
437330501,70,"1","5","2",6,NA,NA,89725.4335691707,NA
437330601,53,"2","5","2",2,NA,NA,89725.4335691707,NA
437360201,39,"2","5","2",3,NA,NA,89725.4335691707,NA
437360301,78,"2","5","2",2,NA,NA,89725.4335691707,NA
437360401,53,"1","9","2",2,NA,NA,89725.4335691707,NA
437360501,68,"1","8","2",5,NA,NA,89725.4335691707,NA
437360701,61,"2","8","2",2,NA,NA,89725.4335691707,NA
437360801,62,"1","3","2",2,NA,NA,89725.4335691707,NA
437410101,88,"1","1",NA,1,NA,NA,89725.4335691707,NA
437410201,40,"1","5",NA,5,NA,NA,89725.4335691707,NA
437410501,55,"1","5",NA,8,NA,NA,89725.4335691707,NA
437410601,87,"2","1",NA,1,NA,NA,89725.4335691707,NA
437410901,60,"1",NA,NA,2,NA,NA,89725.4335691707,NA
437411001,63,"1",NA,NA,2,NA,NA,89725.4335691707,NA
437870201,32,"1","5",NA,4,NA,NA,89725.4335691707,NA
437870301,50,"1","5",NA,5,NA,NA,89725.4335691707,NA
437870501,74,"2","1",NA,4,NA,NA,89725.4335691707,NA
437870701,75,"2","5",NA,1,NA,NA,89725.4335691707,NA
438450201,45,"2","11","2",3,NA,NA,89725.4335691707,NA
438450301,32,"1","11","2",4,NA,NA,89725.4335691707,NA
438450401,75,"2","11","2",2,NA,NA,89725.4335691707,NA
438450601,81,"1","5","2",5,NA,NA,89725.4335691707,NA
438450701,73,"2","1","2",3,NA,NA,89725.4335691707,NA
438520101,54,"2","12","3",3,NA,NA,89725.4335691707,NA
438520201,32,"1","12","3",2,NA,NA,89725.4335691707,NA
438520301,75,"1","11","3",2,NA,NA,89725.4335691707,NA
438610101,58,"1","5",NA,3,NA,NA,89725.4335691707,NA
438610201,62,"1","1",NA,2,NA,NA,89725.4335691707,NA
438610301,60,"2","3",NA,1,NA,NA,89725.4335691707,NA
438610401,27,"1",NA,NA,3,NA,NA,89725.4335691707,NA
438610601,32,"2","3",NA,1,NA,NA,89725.4335691707,NA
438680201,55,"1","11","2",5,NA,NA,89725.4335691707,NA
438680401,37,"2","8","2",7,NA,NA,89725.4335691707,NA
438680601,60,"1","5","2",5,NA,NA,89725.4335691707,NA
438680701,77,"1",NA,"2",6,NA,NA,89725.4335691707,NA
438720101,65,"1","3","1",3,NA,NA,89725.4335691707,NA
438720201,82,"2",NA,"1",5,NA,NA,89725.4335691707,NA
438720401,41,"2","11","1",5,NA,NA,89725.4335691707,NA
438720501,24,"2","6","1",5,NA,NA,89725.4335691707,NA
438720601,83,"2",NA,"1",2,NA,NA,89725.4335691707,NA
438720602,48,"1","5","1",1,NA,NA,89725.4335691707,NA
438720801,25,"1","9","1",3,NA,NA,89725.4335691707,NA
438760201,32,"1","9",NA,3,NA,NA,89725.4335691707,NA
438780101,35,"1","11",NA,2,NA,NA,89725.4335691707,NA
438780501,40,"2","11",NA,1,NA,NA,89725.4335691707,NA
438780801,44,"2","11",NA,1,NA,NA,89725.4335691707,NA
438810101,84,"1","1","1",4,NA,NA,89725.4335691707,NA
438810201,65,"2",NA,"1",1,NA,NA,89725.4335691707,NA
438810401,84,"2","1","1",1,NA,NA,89725.4335691707,NA
438810501,40,"2","8","1",3,NA,NA,89725.4335691707,NA
438810601,72,"2","5","1",2,NA,NA,89725.4335691707,NA
438810701,72,"1",NA,"1",1,NA,NA,89725.4335691707,NA
438970101,79,"2",NA,"1",1,NA,NA,89725.4335691707,NA
438970201,38,"2",NA,"1",7,NA,NA,89725.4335691707,NA
438970301,43,"1",NA,"1",4,NA,NA,89725.4335691707,NA
438970501,35,"2","5","1",7,NA,NA,89725.4335691707,NA
438970601,61,"1","3","1",2,NA,NA,89725.4335691707,NA
438970701,32,"2","3","1",4,NA,NA,89725.4335691707,NA
438970702,74,"1","1","1",3,NA,NA,89725.4335691707,NA
438970801,53,"2",NA,"1",3,NA,NA,89725.4335691707,NA
439060201,65,"1","9","2",4,NA,NA,89725.4335691707,NA
439060301,31,"2","11","2",2,NA,NA,89725.4335691707,NA
439060401,54,"1","1","2",2,NA,NA,89725.4335691707,NA
439060501,57,"1","1","2",5,NA,NA,89725.4335691707,NA
439060701,48,"2","7","2",6,NA,NA,89725.4335691707,NA
439060801,63,"2","5","2",2,NA,NA,89725.4335691707,NA
439100401,34,"2","9",NA,4,NA,NA,89725.4335691707,NA
439100501,65,"1","7",NA,1,NA,NA,89725.4335691707,NA
439170101,34,"1","12",NA,1,NA,NA,89725.4335691707,NA
439170601,39,"1","11",NA,3,NA,NA,89725.4335691707,NA
439170801,45,"1","12",NA,2,NA,NA,89725.4335691707,NA
439290101,58,"1","8","3",2,NA,NA,89725.4335691707,NA
439290201,55,"2","8","3",3,NA,NA,89725.4335691707,NA
439290301,52,"1","8","3",4,NA,NA,89725.4335691707,NA
439290401,68,"2","11","3",2,NA,NA,89725.4335691707,NA
439290501,69,"1","12","3",4,NA,NA,89725.4335691707,NA
439290601,81,"1","10","3",3,NA,NA,89725.4335691707,NA
439290701,63,"1","12","3",2,NA,NA,89725.4335691707,NA
439590101,64,"1","4","3",4,NA,NA,89725.4335691707,NA
439590201,58,"1","8","3",4,NA,NA,89725.4335691707,NA
439590301,48,"2","6","3",4,NA,NA,89725.4335691707,NA
439590401,60,"1","8","3",4,NA,NA,89725.4335691707,NA
439590501,68,"2","9","3",1,NA,NA,89725.4335691707,NA
439590601,49,"2","8","3",2,NA,NA,89725.4335691707,NA
439590701,50,"2","11","3",2,NA,NA,89725.4335691707,NA
439680201,40,"1","11",NA,1,NA,NA,89725.4335691707,NA
439680401,42,"2","9",NA,1,NA,NA,89725.4335691707,NA
439680501,82,"1",NA,NA,2,NA,NA,89725.4335691707,NA
439680601,33,"2","9",NA,2,NA,NA,89725.4335691707,NA
439680801,45,"2","11",NA,4,NA,NA,89725.4335691707,NA
439700101,53,"2","9",NA,4,NA,NA,89725.4335691707,NA
439700401,24,"2","5",NA,5,NA,NA,89725.4335691707,NA
439700701,39,"1","11",NA,4,NA,NA,89725.4335691707,NA
439770201,68,"1","5","1",4,NA,NA,89725.4335691707,NA
439770401,38,"2","6","1",3,NA,NA,89725.4335691707,NA
439770601,60,"2","6","1",2,NA,NA,89725.4335691707,NA
439770801,58,"2","1","1",2,NA,NA,89725.4335691707,NA
439870201,33,"1","1","3",6,NA,NA,89725.4335691707,NA
439870401,43,"1","11","3",2,NA,NA,89725.4335691707,NA
440060101,54,"1","3","2",3,NA,NA,89725.4335691707,NA
440060201,54,"2","1","2",4,NA,NA,89725.4335691707,NA
440060301,38,"2","11","2",2,NA,NA,89725.4335691707,NA
440060601,65,"2","1","2",2,NA,NA,89725.4335691707,NA
440060801,62,"2","1","2",3,NA,NA,89725.4335691707,NA
440250101,65,"1","11",NA,2,NA,NA,89725.4335691707,NA
440250301,52,"2","6",NA,2,NA,NA,89725.4335691707,NA
440250401,82,"2","11",NA,1,NA,NA,89725.4335691707,NA
440250501,39,"1","11",NA,2,NA,NA,89725.4335691707,NA
440250601,52,"1","11",NA,3,NA,NA,89725.4335691707,NA
440250701,58,"2","11",NA,2,NA,NA,89725.4335691707,NA
440250801,54,"2","8",NA,3,NA,NA,89725.4335691707,NA
440260101,34,"2","11",NA,1,NA,NA,89725.4335691707,NA
440260201,52,"2","12",NA,2,NA,NA,89725.4335691707,NA
440260801,35,"2","11",NA,1,NA,NA,89725.4335691707,NA
440440301,49,"2","11","3",2,NA,NA,89725.4335691707,NA
440520101,66,"2","8","2",3,NA,NA,89725.4335691707,NA
440520201,80,"1","3","2",2,NA,NA,89725.4335691707,NA
440520601,72,"1","4","2",4,NA,NA,89725.4335691707,NA
440620601,36,"1","12",NA,1,NA,NA,89725.4335691707,NA
440620701,43,"2","12",NA,4,NA,NA,89725.4335691707,NA
440680101,58,"2","8","2",3,NA,NA,89725.4335691707,NA
440680201,44,"2","5","2",4,NA,NA,89725.4335691707,NA
440680301,35,"1","11","2",2,NA,NA,89725.4335691707,NA
440680401,43,"1","8","2",2,NA,NA,89725.4335691707,NA
440680501,54,"1","3","2",3,NA,NA,89725.4335691707,NA
440680601,41,"2","3","2",2,NA,NA,89725.4335691707,NA
440680701,27,"1","8","2",3,NA,NA,89725.4335691707,NA
440680801,52,"2","3","2",4,NA,NA,89725.4335691707,NA
440700101,81,"2","1","2",1,NA,NA,89725.4335691707,NA
440700401,25,"2","11","2",2,NA,NA,89725.4335691707,NA
440700501,53,"2","1","2",3,NA,NA,89725.4335691707,NA
440700601,58,"1","6","2",5,NA,NA,89725.4335691707,NA
440700701,73,"1","5","2",1,NA,NA,89725.4335691707,NA
440700801,62,"1",NA,"2",2,NA,NA,89725.4335691707,NA
440750101,55,"2","6","1",4,NA,NA,89725.4335691707,NA
440750201,45,"2","1","1",4,NA,NA,89725.4335691707,NA
440750301,73,"2",NA,"1",2,NA,NA,89725.4335691707,NA
440750401,40,"1","5","1",6,NA,NA,89725.4335691707,NA
440750501,34,"2",NA,"1",4,NA,NA,89725.4335691707,NA
440750701,52,"2","5","1",3,NA,NA,89725.4335691707,NA
440750801,82,"2","5","1",6,NA,NA,89725.4335691707,NA
440870101,47,"2","3",NA,2,NA,NA,89725.4335691707,NA
440870201,65,"2","5",NA,1,NA,NA,89725.4335691707,NA
440870301,46,"2","5",NA,3,NA,NA,89725.4335691707,NA
440870401,28,"2","7",NA,3,NA,NA,89725.4335691707,NA
440870501,59,"1","5",NA,2,NA,NA,89725.4335691707,NA
440870701,31,"1","7",NA,3,NA,NA,89725.4335691707,NA
440870801,58,"2","5",NA,1,NA,NA,89725.4335691707,NA
440880501,34,"2","9",NA,4,NA,NA,89725.4335691707,NA
440880701,54,"2","7",NA,4,NA,NA,89725.4335691707,NA
440880801,40,"2","5",NA,3,NA,NA,89725.4335691707,NA
441010101,54,"1","11",NA,3,NA,NA,89725.4335691707,NA
441010301,25,"2","11",NA,2,NA,NA,89725.4335691707,NA
441030101,54,"2","5",NA,1,NA,NA,89725.4335691707,NA
441030201,51,"1",NA,NA,2,NA,NA,89725.4335691707,NA
441030301,45,"1",NA,NA,4,NA,NA,89725.4335691707,NA
441030401,79,"2","1",NA,1,NA,NA,89725.4335691707,NA
441030601,64,"2",NA,NA,3,NA,NA,89725.4335691707,NA
441030701,43,"2",NA,NA,3,NA,NA,89725.4335691707,NA
441030801,46,"2","6",NA,4,NA,NA,89725.4335691707,NA
441031001,62,"2","1",NA,4,NA,NA,89725.4335691707,NA
441080101,67,"2","1","1",3,NA,NA,89725.4335691707,NA
441080301,48,"1","6","1",7,NA,NA,89725.4335691707,NA
441080501,55,"1","5","1",1,NA,NA,89725.4335691707,NA
441080601,72,"2","1","1",4,NA,NA,89725.4335691707,NA
441080701,26,"1","6","1",3,NA,NA,89725.4335691707,NA
441280101,36,"1","6",NA,4,NA,NA,89725.4335691707,NA
441280401,84,"1","3",NA,2,NA,NA,89725.4335691707,NA
441280501,30,"2","8",NA,5,NA,NA,89725.4335691707,NA
441280601,59,"2","5",NA,5,NA,NA,89725.4335691707,NA
441280701,90,"2",NA,NA,1,NA,NA,89725.4335691707,NA
441280801,41,"2",NA,NA,7,NA,NA,89725.4335691707,NA
441790501,23,"2","6",NA,3,NA,NA,89725.4335691707,NA
441800101,80,"2","5",NA,4,NA,NA,89725.4335691707,NA
441800201,43,"2","5",NA,6,NA,NA,89725.4335691707,NA
441800301,65,"2","5",NA,1,NA,NA,89725.4335691707,NA
441800501,73,"2","1",NA,2,NA,NA,89725.4335691707,NA
441800601,78,"2",NA,NA,2,NA,NA,89725.4335691707,NA
441840301,62,"1","8","3",2,NA,NA,89725.4335691707,NA
441840501,46,"2","11","3",3,NA,NA,89725.4335691707,NA
441840801,59,"1","5","3",3,NA,NA,89725.4335691707,NA
442200201,64,"1","3","2",4,NA,NA,89725.4335691707,NA
442200301,23,"2","7","2",2,NA,NA,89725.4335691707,NA
442200302,56,"2","11","2",2,NA,NA,89725.4335691707,NA
442200401,32,"1","5","2",4,NA,NA,89725.4335691707,NA
442200501,69,"1","8","2",2,NA,NA,89725.4335691707,NA
442200601,77,"1","3","2",4,NA,NA,89725.4335691707,NA
442200801,58,"2","3","2",2,NA,NA,89725.4335691707,NA
442350701,66,"2","9",NA,2,NA,NA,89725.4335691707,NA
442370101,65,"2","8","2",1,NA,NA,89725.4335691707,NA
442370201,24,"2","9","2",3,NA,NA,89725.4335691707,NA
442370401,58,"2",NA,"2",1,NA,NA,89725.4335691707,NA
442370501,68,"1","5","2",2,NA,NA,89725.4335691707,NA
442370601,70,"2","5","2",1,NA,NA,89725.4335691707,NA
442370801,42,"2","8","2",4,NA,NA,89725.4335691707,NA
442510101,65,"2","8","3",4,NA,NA,89725.4335691707,NA
442510301,45,"2","8","3",3,NA,NA,89725.4335691707,NA
442510401,58,"2","1","3",3,NA,NA,89725.4335691707,NA
442510701,45,"2","11","3",2,NA,NA,89725.4335691707,NA
442540101,72,"2","5",NA,3,NA,NA,89725.4335691707,NA
442540201,66,"1","3",NA,3,NA,NA,89725.4335691707,NA
442540202,31,"2","11",NA,3,NA,NA,89725.4335691707,NA
442540301,38,"2",NA,NA,2,NA,NA,89725.4335691707,NA
442540401,62,"2",NA,NA,1,NA,NA,89725.4335691707,NA
442540501,63,"2","1",NA,4,NA,NA,89725.4335691707,NA
442540502,71,"1","7",NA,2,NA,NA,89725.4335691707,NA
442540701,57,"2","3",NA,2,NA,NA,89725.4335691707,NA
442540702,53,"2","6",NA,1,NA,NA,89725.4335691707,NA
442540801,31,"1","8",NA,4,NA,NA,89725.4335691707,NA
442640101,42,"1",NA,NA,5,NA,NA,89725.4335691707,NA
442640201,35,"1","1",NA,6,NA,NA,89725.4335691707,NA
442640301,84,"1","1",NA,1,NA,NA,89725.4335691707,NA
442640401,41,"1","5",NA,3,NA,NA,89725.4335691707,NA
442640501,68,"2","1",NA,1,NA,NA,89725.4335691707,NA
442640601,52,"2","3",NA,3,NA,NA,89725.4335691707,NA
442640701,30,"1","3",NA,5,NA,NA,89725.4335691707,NA
442640801,43,"2",NA,NA,3,NA,NA,89725.4335691707,NA
442960201,40,"1","11",NA,3,NA,NA,89725.4335691707,NA
442960401,52,"1","10",NA,2,NA,NA,89725.4335691707,NA
442960501,59,"2","5",NA,3,NA,NA,89725.4335691707,NA
443200301,45,"1","8","2",6,NA,NA,89725.4335691707,NA
443200401,80,"2","8","2",2,NA,NA,89725.4335691707,NA
443200501,40,"1","5","2",4,NA,NA,89725.4335691707,NA
443200601,36,"2","8","2",7,NA,NA,89725.4335691707,NA
443500101,30,"1","10",NA,2,NA,NA,89725.4335691707,NA
443500201,43,"2","11",NA,4,NA,NA,89725.4335691707,NA
443500301,73,"2","11",NA,1,NA,NA,89725.4335691707,NA
443500501,29,"2","11",NA,2,NA,NA,89725.4335691707,NA
443500601,74,"2","5",NA,1,NA,NA,89725.4335691707,NA
443500701,29,"2","11",NA,3,NA,NA,89725.4335691707,NA
443500801,33,"1","11",NA,2,NA,NA,89725.4335691707,NA
443530101,42,"2","7",NA,6,NA,NA,89725.4335691707,NA
443530301,27,"1","6",NA,3,NA,NA,89725.4335691707,NA
443890201,32,"1","11",NA,2,NA,NA,89725.4335691707,NA
443890301,33,"1","6",NA,4,NA,NA,89725.4335691707,NA
443890501,39,"2","5",NA,4,NA,NA,89725.4335691707,NA
443890601,60,"2","8",NA,4,NA,NA,89725.4335691707,NA
443910201,41,"2","8",NA,4,NA,NA,89725.4335691707,NA
443910301,40,"1","1",NA,7,NA,NA,89725.4335691707,NA
443910401,54,"1","11",NA,2,NA,NA,89725.4335691707,NA
443910601,66,"1","6",NA,1,NA,NA,89725.4335691707,NA
443910801,24,"2","8",NA,1,NA,NA,89725.4335691707,NA
443940201,60,"2","7","2",3,NA,NA,89725.4335691707,NA
443940301,56,"1",NA,"2",3,NA,NA,89725.4335691707,NA
443940401,23,"2","8","2",2,NA,NA,89725.4335691707,NA
443940501,49,"1","8","2",1,NA,NA,89725.4335691707,NA
443940701,63,"1","8","2",2,NA,NA,89725.4335691707,NA
443940801,35,"1","6","2",5,NA,NA,89725.4335691707,NA
443950101,78,"2","11",NA,2,NA,NA,89725.4335691707,NA
443950401,63,"1","9",NA,4,NA,NA,89725.4335691707,NA
443950601,72,"2","4",NA,2,NA,NA,89725.4335691707,NA
443950801,56,"1","12",NA,3,NA,NA,89725.4335691707,NA
443960101,52,"2","5",NA,4,NA,NA,89725.4335691707,NA
443960201,79,"1","1",NA,2,NA,NA,89725.4335691707,NA
443960301,83,"2","1",NA,3,NA,NA,89725.4335691707,NA
443960401,70,"1","1",NA,1,NA,NA,89725.4335691707,NA
443960501,66,"1","1",NA,3,NA,NA,89725.4335691707,NA
443960601,60,"2","6",NA,6,NA,NA,89725.4335691707,NA
443960701,83,"2","1",NA,3,NA,NA,89725.4335691707,NA
443960801,46,"2","5",NA,2,NA,NA,89725.4335691707,NA
444020201,25,"2","11",NA,3,NA,NA,89725.4335691707,NA
444020301,75,"1","9",NA,2,NA,NA,89725.4335691707,NA
444020501,45,"2","9",NA,4,NA,NA,89725.4335691707,NA
444020701,78,"2","5",NA,1,NA,NA,89725.4335691707,NA
444040201,33,"2","11","3",3,NA,NA,89725.4335691707,NA
444040401,44,"1","11","3",2,NA,NA,89725.4335691707,NA
444040701,43,"2","11","3",2,NA,NA,89725.4335691707,NA
444050501,40,"1","11","3",3,NA,NA,89725.4335691707,NA
444050801,39,"2","12","3",4,NA,NA,89725.4335691707,NA
444170501,34,"2","12",NA,4,NA,NA,89725.4335691707,NA
444170601,33,"2","9",NA,3,NA,NA,89725.4335691707,NA
444170701,27,"2","7",NA,2,NA,NA,89725.4335691707,NA
444280101,49,"1","5",NA,2,NA,NA,89725.4335691707,NA
444280401,51,"1","6",NA,3,NA,NA,89725.4335691707,NA
444280501,43,"2","5",NA,3,NA,NA,89725.4335691707,NA
444280601,40,"2","6",NA,5,NA,NA,89725.4335691707,NA
444280701,40,"2","7",NA,3,NA,NA,89725.4335691707,NA
444280801,44,"1","6",NA,4,NA,NA,89725.4335691707,NA
444320101,33,"1","11",NA,3,NA,NA,89725.4335691707,NA
444320301,44,"2","1",NA,2,NA,NA,89725.4335691707,NA
444320401,60,"2","11",NA,3,NA,NA,89725.4335691707,NA
444320501,69,"1","3",NA,3,NA,NA,89725.4335691707,NA
444320601,65,"2","3",NA,3,NA,NA,89725.4335691707,NA
444320701,53,"1","3",NA,4,NA,NA,89725.4335691707,NA
444320801,48,"2","1",NA,4,NA,NA,89725.4335691707,NA
444340101,72,"2","12",NA,1,NA,NA,89725.4335691707,NA
444340201,70,"2","1",NA,1,NA,NA,89725.4335691707,NA
444340601,72,"2","3",NA,3,NA,NA,89725.4335691707,NA
444340801,40,"2","5",NA,4,NA,NA,89725.4335691707,NA
444350301,55,"2","6","3",5,NA,NA,89725.4335691707,NA
444350401,66,"2","11","3",1,NA,NA,89725.4335691707,NA
444350501,51,"2","12","3",3,NA,NA,89725.4335691707,NA
444350601,58,"1","12","3",3,NA,NA,89725.4335691707,NA
444350801,36,"1","12","3",3,NA,NA,89725.4335691707,NA
444700201,56,"2","8","3",1,NA,NA,89725.4335691707,NA
444700301,31,"1","11","3",2,NA,NA,89725.4335691707,NA
444700501,41,"2","5","3",3,NA,NA,89725.4335691707,NA
444700601,26,"1","11","3",1,NA,NA,89725.4335691707,NA
444700701,55,"2","8","3",1,NA,NA,89725.4335691707,NA
444740301,34,"2","11","3",5,NA,NA,89725.4335691707,NA
444740401,47,"1","7","3",1,NA,NA,89725.4335691707,NA
444940201,49,"2","1","2",2,NA,NA,89725.4335691707,NA
444940301,37,"1","6","2",4,NA,NA,89725.4335691707,NA
444940401,70,"1",NA,"2",3,NA,NA,89725.4335691707,NA
444940501,38,"1","8","2",4,NA,NA,89725.4335691707,NA
444940601,75,"2",NA,"2",2,NA,NA,89725.4335691707,NA
444940701,65,"2","1","2",1,NA,NA,89725.4335691707,NA
444940801,48,"2","5","2",2,NA,NA,89725.4335691707,NA
445020101,75,"1","5",NA,3,NA,NA,89725.4335691707,NA
445020201,63,"1","4",NA,4,NA,NA,89725.4335691707,NA
445020301,44,"2","1",NA,5,NA,NA,89725.4335691707,NA
445020401,55,"1","5",NA,3,NA,NA,89725.4335691707,NA
445020701,62,"1","9",NA,3,NA,NA,89725.4335691707,NA
445040101,50,"1","12","3",4,NA,NA,89725.4335691707,NA
445040201,41,"2","11","3",2,NA,NA,89725.4335691707,NA
445040301,70,"2","8","3",4,NA,NA,89725.4335691707,NA
445040601,46,"2","8","3",4,NA,NA,89725.4335691707,NA
445040701,69,"2","9","3",2,NA,NA,89725.4335691707,NA
445040801,84,"2","3","3",5,NA,NA,89725.4335691707,NA
445140201,29,"2","9","3",2,NA,NA,89725.4335691707,NA
445140701,56,"1","11","3",1,NA,NA,89725.4335691707,NA
445140801,35,"1","10","3",1,NA,NA,89725.4335691707,NA
445260101,59,"2","3",NA,6,NA,NA,89725.4335691707,NA
445260201,66,"2","1",NA,4,NA,NA,89725.4335691707,NA
445260301,52,"1","6",NA,2,NA,NA,89725.4335691707,NA
445260401,40,"2","12",NA,4,NA,NA,89725.4335691707,NA
445260801,73,"2","1",NA,1,NA,NA,89725.4335691707,NA
445310101,36,"1","11",NA,2,NA,NA,89725.4335691707,NA
445310201,64,"2","12",NA,3,NA,NA,89725.4335691707,NA
445310401,73,"2","11",NA,2,NA,NA,89725.4335691707,NA
445310801,46,"1","11",NA,1,NA,NA,89725.4335691707,NA
445510101,69,"1","8","2",1,NA,NA,89725.4335691707,NA
445510201,68,"2","1","2",2,NA,NA,89725.4335691707,NA
445510501,60,"1","5","2",1,NA,NA,89725.4335691707,NA
445510601,43,"2","5","2",4,NA,NA,89725.4335691707,NA
445510602,23,"1","6","2",2,NA,NA,89725.4335691707,NA
445510701,34,"2","6","2",4,NA,NA,89725.4335691707,NA
445510702,60,"2","5","2",1,NA,NA,89725.4335691707,NA
445510801,59,"1","1","2",4,NA,NA,89725.4335691707,NA
445550101,49,"2",NA,NA,3,NA,NA,89725.4335691707,NA
445550301,59,"1","5",NA,2,NA,NA,89725.4335691707,NA
445550501,27,"1","8",NA,4,NA,NA,89725.4335691707,NA
445550601,32,"1","8",NA,5,NA,NA,89725.4335691707,NA
445690301,43,"1","8",NA,2,NA,NA,89725.4335691707,NA
445700301,67,"1","1","3",2,NA,NA,89725.4335691707,NA
445700601,38,"2","11","3",6,NA,NA,89725.4335691707,NA
445700701,31,"2","11","3",4,NA,NA,89725.4335691707,NA
445700801,51,"2","6","3",3,NA,NA,89725.4335691707,NA
445790101,32,"2","11","2",3,NA,NA,89725.4335691707,NA
445790301,58,"2","5","2",2,NA,NA,89725.4335691707,NA
445790401,81,"2",NA,"2",1,NA,NA,89725.4335691707,NA
445790501,34,"1","8","2",3,NA,NA,89725.4335691707,NA
445790601,68,"1","4","2",2,NA,NA,89725.4335691707,NA
445790701,66,"2","8","2",1,NA,NA,89725.4335691707,NA
445790801,72,"2","1","2",3,NA,NA,89725.4335691707,NA
445870101,54,"2","5","2",4,NA,NA,89725.4335691707,NA
445870501,61,"2","5","2",2,NA,NA,89725.4335691707,NA
445870701,30,"2","5","2",4,NA,NA,89725.4335691707,NA
445870801,51,"1","5","2",3,NA,NA,89725.4335691707,NA
446010101,59,"2","8",NA,2,NA,NA,89725.4335691707,NA
446010301,68,"2","5",NA,1,NA,NA,89725.4335691707,NA
446010401,71,"1","9",NA,2,NA,NA,89725.4335691707,NA
446010501,40,"1","6",NA,2,NA,NA,89725.4335691707,NA
446010601,54,"2","8",NA,3,NA,NA,89725.4335691707,NA
446010801,63,"2","11",NA,2,NA,NA,89725.4335691707,NA
446490201,74,"1","3","2",2,NA,NA,89725.4335691707,NA
446490301,61,"1","3","2",2,NA,NA,89725.4335691707,NA
446490401,55,"1",NA,"2",2,NA,NA,89725.4335691707,NA
446490501,87,"1",NA,"2",4,NA,NA,89725.4335691707,NA
446490801,60,"1","5","2",3,NA,NA,89725.4335691707,NA
446580201,51,"2","5","3",2,NA,NA,89725.4335691707,NA
446580501,39,"2",NA,"3",3,NA,NA,89725.4335691707,NA
446580601,40,"2","6","3",2,NA,NA,89725.4335691707,NA
446660601,66,"2","9",NA,2,NA,NA,89725.4335691707,NA
446930301,38,"1","8",NA,4,NA,NA,89725.4335691707,NA
446930401,38,"2","5",NA,2,NA,NA,89725.4335691707,NA
446930801,39,"2","6",NA,4,NA,NA,89725.4335691707,NA
447040101,60,"2","9",NA,3,NA,NA,89725.4335691707,NA
447040201,81,"1","3",NA,2,NA,NA,89725.4335691707,NA
447040301,82,"2",NA,NA,1,NA,NA,89725.4335691707,NA
447040401,58,"1",NA,NA,5,NA,NA,89725.4335691707,NA
447040501,41,"2","5",NA,3,NA,NA,89725.4335691707,NA
447040601,54,"1","5",NA,4,NA,NA,89725.4335691707,NA
447040801,42,"2","6",NA,3,NA,NA,89725.4335691707,NA
447040901,72,"2",NA,NA,2,NA,NA,89725.4335691707,NA
447041001,79,"1","5",NA,1,NA,NA,89725.4335691707,NA
447300101,32,"2","8","3",2,NA,NA,89725.4335691707,NA
447300201,82,"2","9","3",2,NA,NA,89725.4335691707,NA
447300301,46,"2","11","3",2,NA,NA,89725.4335691707,NA
447300401,48,"2","12","3",4,NA,NA,89725.4335691707,NA
447300501,61,"2","12","3",4,NA,NA,89725.4335691707,NA
447300601,55,"2","11","3",2,NA,NA,89725.4335691707,NA
447360101,60,"1","1",NA,4,NA,NA,89725.4335691707,NA
447360201,75,"2",NA,NA,3,NA,NA,89725.4335691707,NA
447360301,54,"2","1",NA,4,NA,NA,89725.4335691707,NA
447360401,56,"1","3",NA,3,NA,NA,89725.4335691707,NA
447360501,43,"2",NA,NA,5,NA,NA,89725.4335691707,NA
447360601,49,"2","8",NA,1,NA,NA,89725.4335691707,NA
447370201,72,"2","11","1",2,NA,NA,89725.4335691707,NA
447370301,64,"2",NA,"1",2,NA,NA,89725.4335691707,NA
447370401,47,"1","6","1",4,NA,NA,89725.4335691707,NA
447370601,45,"2","3","1",5,NA,NA,89725.4335691707,NA
447370801,58,"2","6","1",2,NA,NA,89725.4335691707,NA
447560201,64,"2","1",NA,2,NA,NA,89725.4335691707,NA
447560401,60,"2","5",NA,5,NA,NA,89725.4335691707,NA
447560501,65,"2","3",NA,3,NA,NA,89725.4335691707,NA
447560601,32,"1","5",NA,3,NA,NA,89725.4335691707,NA
447580101,54,"2","5","1",2,NA,NA,89725.4335691707,NA
447580201,61,"1","5","1",1,NA,NA,89725.4335691707,NA
447580301,68,"2","1","1",3,NA,NA,89725.4335691707,NA
447580501,39,"1","5","1",3,NA,NA,89725.4335691707,NA
447580601,65,"2","1","1",4,NA,NA,89725.4335691707,NA
447580801,28,"2","7","1",3,NA,NA,89725.4335691707,NA
447890401,32,"1","12","3",2,NA,NA,89725.4335691707,NA
447890501,39,"1","6","3",2,NA,NA,89725.4335691707,NA
447890601,55,"2","6","3",2,NA,NA,89725.4335691707,NA
447890701,37,"1","11","3",2,NA,NA,89725.4335691707,NA
447920401,64,"2","11","3",2,NA,NA,89725.4335691707,NA
448030101,39,"1","6","3",1,NA,NA,89725.4335691707,NA
448030102,33,"2","6","3",2,NA,NA,89725.4335691707,NA
448030103,65,"2","5","3",1,NA,NA,89725.4335691707,NA
448030401,33,"1","5","3",2,NA,NA,89725.4335691707,NA
448030601,72,"1","3","3",2,NA,NA,89725.4335691707,NA
448030801,52,"1","5","3",3,NA,NA,89725.4335691707,NA
448040101,31,"2","11","3",2,NA,NA,89725.4335691707,NA
448040201,34,"1","9","3",1,NA,NA,89725.4335691707,NA
448040501,32,"2","8","3",3,NA,NA,89725.4335691707,NA
448040701,19,"1","9","3",1,NA,NA,89725.4335691707,NA
448150201,36,"2","11","3",3,NA,NA,89725.4335691707,NA
448150301,42,"2","11","3",5,NA,NA,89725.4335691707,NA
448150501,47,"2","6","3",2,NA,NA,89725.4335691707,NA
448270101,70,"2","1",NA,1,NA,NA,89725.4335691707,NA
448270801,81,"1","5",NA,4,NA,NA,89725.4335691707,NA
448390201,67,"1","11",NA,2,NA,NA,89725.4335691707,NA
448390301,55,"2","11",NA,1,NA,NA,89725.4335691707,NA
448390401,51,"1","11",NA,2,NA,NA,89725.4335691707,NA
448550101,46,"1","5","2",5,NA,NA,89725.4335691707,NA
448550201,65,"2","1","2",4,NA,NA,89725.4335691707,NA
448550301,80,"2","5","2",1,NA,NA,89725.4335691707,NA
448550501,27,"1","9","2",2,NA,NA,89725.4335691707,NA
448550701,41,"2",NA,"2",2,NA,NA,89725.4335691707,NA
448550801,37,"2","5","2",5,NA,NA,89725.4335691707,NA
448580101,62,"2","5","2",1,NA,NA,89725.4335691707,NA
448580301,39,"2","11","2",2,NA,NA,89725.4335691707,NA
448580401,84,"2","1","2",3,NA,NA,89725.4335691707,NA
448580501,49,"1","7","2",3,NA,NA,89725.4335691707,NA
448620101,81,"2","1","2",2,NA,NA,89725.4335691707,NA
448620201,41,"2","5","2",4,NA,NA,89725.4335691707,NA
448620301,47,"1","1","2",5,NA,NA,89725.4335691707,NA
448620401,24,"1","5","2",1,NA,NA,89725.4335691707,NA
448620501,58,"1","5","2",1,NA,NA,89725.4335691707,NA
448620701,46,"2","5","2",5,NA,NA,89725.4335691707,NA
448620702,72,"2","11","2",1,NA,NA,89725.4335691707,NA
448680301,32,"1","11",NA,2,NA,NA,89725.4335691707,NA
448680701,39,"1","6",NA,4,NA,NA,89725.4335691707,NA
449100101,75,"2","5","3",3,NA,NA,89725.4335691707,NA
449100201,52,"1","11","3",3,NA,NA,89725.4335691707,NA
449100301,52,"1","5","3",4,NA,NA,89725.4335691707,NA
449100302,82,"2","11","3",1,NA,NA,89725.4335691707,NA
449100401,57,"2","6","3",2,NA,NA,89725.4335691707,NA
449100501,41,"1","11","3",4,NA,NA,89725.4335691707,NA
449100601,68,"2","11","3",1,NA,NA,89725.4335691707,NA
449100701,69,"2","8","3",3,NA,NA,89725.4335691707,NA
449100801,54,"1","6","3",3,NA,NA,89725.4335691707,NA
449280201,62,"1","6","3",3,NA,NA,89725.4335691707,NA
449280301,57,"1","7","3",4,NA,NA,89725.4335691707,NA
449280501,58,"1","5","3",6,NA,NA,89725.4335691707,NA
449540101,27,"2","6","2",3,NA,NA,89725.4335691707,NA
449540201,32,"2",NA,"2",1,NA,NA,89725.4335691707,NA
449540301,63,"1",NA,"2",3,NA,NA,89725.4335691707,NA
449540501,56,"2","5","2",3,NA,NA,89725.4335691707,NA
449540601,38,"2","9","2",4,NA,NA,89725.4335691707,NA
449540701,65,"2","3","2",5,NA,NA,89725.4335691707,NA
449540801,51,"2","3","2",2,NA,NA,89725.4335691707,NA
449770201,37,"2","3","2",5,NA,NA,89725.4335691707,NA
449770301,70,"1","3","2",2,NA,NA,89725.4335691707,NA
449770501,67,"1",NA,"2",6,NA,NA,89725.4335691707,NA
449770601,45,"1","6","2",4,NA,NA,89725.4335691707,NA
449770701,62,"2","5","2",3,NA,NA,89725.4335691707,NA
449770801,41,"2","5","2",6,NA,NA,89725.4335691707,NA
449820101,43,"1",NA,NA,4,NA,NA,89725.4335691707,NA
449820201,45,"1","5",NA,2,NA,NA,89725.4335691707,NA
449820401,39,"1","8",NA,2,NA,NA,89725.4335691707,NA
449820501,52,"2","5",NA,3,NA,NA,89725.4335691707,NA
449820601,41,"2","5",NA,3,NA,NA,89725.4335691707,NA
449820701,69,"2","1",NA,1,NA,NA,89725.4335691707,NA
449820801,65,"1","5",NA,1,NA,NA,89725.4335691707,NA
449860201,44,"1","11",NA,4,NA,NA,89725.4335691707,NA
449860301,61,"2","5",NA,5,NA,NA,89725.4335691707,NA
449860401,40,"2","10",NA,2,NA,NA,89725.4335691707,NA
449860601,76,"1",NA,NA,1,NA,NA,89725.4335691707,NA
449860701,65,"2","5",NA,1,NA,NA,89725.4335691707,NA
449860801,58,"2","5",NA,6,NA,NA,89725.4335691707,NA
449880101,74,"1","11",NA,3,NA,NA,89725.4335691707,NA
449880201,48,"2","5",NA,4,NA,NA,89725.4335691707,NA
449880301,52,"1","3",NA,3,NA,NA,89725.4335691707,NA
449880401,52,"1","1",NA,6,NA,NA,89725.4335691707,NA
449880501,69,"1","8",NA,1,NA,NA,89725.4335691707,NA
449880601,30,"1","6",NA,3,NA,NA,89725.4335691707,NA
449880701,42,"2","11",NA,4,NA,NA,89725.4335691707,NA
449880801,53,"1","8",NA,4,NA,NA,89725.4335691707,NA
449880901,49,"1",NA,NA,7,NA,NA,89725.4335691707,NA
449881001,81,"1","8",NA,1,NA,NA,89725.4335691707,NA
449940701,51,"2","11","3",2,NA,NA,89725.4335691707,NA
450240301,27,"1","10","3",2,NA,NA,89725.4335691707,NA
450380101,59,"1","8","2",4,NA,NA,89725.4335691707,NA
450380401,58,"1","6","2",2,NA,NA,89725.4335691707,NA
450380601,61,"2",NA,"2",2,NA,NA,89725.4335691707,NA
450380701,62,"2","1","2",2,NA,NA,89725.4335691707,NA
450380801,35,"1","7","2",4,NA,NA,89725.4335691707,NA
450410101,55,"1","7",NA,1,NA,NA,89725.4335691707,NA
450410301,25,"1","5",NA,1,NA,NA,89725.4335691707,NA
450410501,37,"2","11",NA,2,NA,NA,89725.4335691707,NA
450410701,38,"1","12",NA,3,NA,NA,89725.4335691707,NA
450410801,35,"1","8",NA,1,NA,NA,89725.4335691707,NA
450460301,39,"2","12",NA,1,NA,NA,89725.4335691707,NA
450460401,39,"2","9",NA,4,NA,NA,89725.4335691707,NA
450460601,48,"2","1",NA,3,NA,NA,89725.4335691707,NA
450560201,64,"2","11","3",2,NA,NA,89725.4335691707,NA
450560301,77,"1","8","3",1,NA,NA,89725.4335691707,NA
450560501,62,"1","12","3",2,NA,NA,89725.4335691707,NA
450560601,57,"1","8","3",3,NA,NA,89725.4335691707,NA
450560701,65,"2","11","3",2,NA,NA,89725.4335691707,NA
450690201,66,"1","5","3",4,NA,NA,89725.4335691707,NA
450690301,89,"2","1","3",2,NA,NA,89725.4335691707,NA
450690401,86,"2","1","3",1,NA,NA,89725.4335691707,NA
450690501,29,"1","9","3",2,NA,NA,89725.4335691707,NA
450690601,64,"2","3","3",2,NA,NA,89725.4335691707,NA
450690801,50,"1","11","3",4,NA,NA,89725.4335691707,NA
450720201,71,"2","3",NA,3,NA,NA,89725.4335691707,NA
450720301,34,"2","11",NA,3,NA,NA,89725.4335691707,NA
450720601,59,"1","8",NA,3,NA,NA,89725.4335691707,NA
450720801,36,"1","5",NA,3,NA,NA,89725.4335691707,NA
450840101,51,"2","11",NA,3,NA,NA,89725.4335691707,NA
450840201,66,"2","8",NA,1,NA,NA,89725.4335691707,NA
450840301,41,"1","6",NA,5,NA,NA,89725.4335691707,NA
450840501,66,"1","3",NA,1,NA,NA,89725.4335691707,NA
450840601,45,"2","11",NA,2,NA,NA,89725.4335691707,NA
450840602,81,"1","5",NA,2,NA,NA,89725.4335691707,NA
450840701,60,"2","1",NA,5,NA,NA,89725.4335691707,NA
450840801,74,"1","1",NA,2,NA,NA,89725.4335691707,NA
451020101,38,"2","9",NA,5,NA,NA,89725.4335691707,NA
451020201,59,"2","1",NA,4,NA,NA,89725.4335691707,NA
451020301,73,"1",NA,NA,2,NA,NA,89725.4335691707,NA
451020401,61,"2","1",NA,2,NA,NA,89725.4335691707,NA
451020501,36,"2","1",NA,5,NA,NA,89725.4335691707,NA
451020601,67,"2","3",NA,2,NA,NA,89725.4335691707,NA
451020801,63,"1","1",NA,3,NA,NA,89725.4335691707,NA
451060301,48,"2","6","3",4,NA,NA,89725.4335691707,NA
451060401,39,"1","11","3",3,NA,NA,89725.4335691707,NA
451060701,87,"1",NA,"3",2,NA,NA,89725.4335691707,NA
451180501,36,"2","11",NA,3,NA,NA,89725.4335691707,NA
451290101,58,"2",NA,NA,3,NA,NA,89725.4335691707,NA
451290201,71,"1","4",NA,2,NA,NA,89725.4335691707,NA
451290301,55,"2","5",NA,2,NA,NA,89725.4335691707,NA
451290501,62,"2","5",NA,2,NA,NA,89725.4335691707,NA
451290801,50,"2","5",NA,6,NA,NA,89725.4335691707,NA
451360101,30,"1","12",NA,2,NA,NA,89725.4335691707,NA
451360801,60,"2","9",NA,2,NA,NA,89725.4335691707,NA
451510101,55,"1","3",NA,3,NA,NA,89725.4335691707,NA
451510401,27,"1","1",NA,4,NA,NA,89725.4335691707,NA
451510701,75,"1","3",NA,2,NA,NA,89725.4335691707,NA
451580101,70,"1","11",NA,1,NA,NA,89725.4335691707,NA
451580201,32,"1","9",NA,1,NA,NA,89725.4335691707,NA
451580401,31,"1","11",NA,2,NA,NA,89725.4335691707,NA
451580501,57,"2","9",NA,2,NA,NA,89725.4335691707,NA
451580701,40,"1","1",NA,1,NA,NA,89725.4335691707,NA
451580801,37,"2","11",NA,3,NA,NA,89725.4335691707,NA
452150101,77,"1","3","2",2,NA,NA,89725.4335691707,NA
452150501,49,"2","11","2",4,NA,NA,89725.4335691707,NA
452150701,55,"1","5","2",5,NA,NA,89725.4335691707,NA
452240101,30,"2","9","3",2,NA,NA,89725.4335691707,NA
452240201,39,"2","9","3",3,NA,NA,89725.4335691707,NA
452240501,34,"1","11","3",5,NA,NA,89725.4335691707,NA
452250101,26,"1","5",NA,3,NA,NA,89725.4335691707,NA
452250201,34,"1","11",NA,2,NA,NA,89725.4335691707,NA
452250301,41,"1","5",NA,2,NA,NA,89725.4335691707,NA
452250501,28,"2","11",NA,1,NA,NA,89725.4335691707,NA
452430201,40,"1","8","3",5,NA,NA,89725.4335691707,NA
452430501,48,"2","6","3",2,NA,NA,89725.4335691707,NA
452670201,51,"2","5","1",3,NA,NA,89725.4335691707,NA
452670501,26,"1","6","1",4,NA,NA,89725.4335691707,NA
452930101,45,"1","8","3",4,NA,NA,89725.4335691707,NA
452930201,36,"1","11","3",4,NA,NA,89725.4335691707,NA
452930401,39,"1","11","3",4,NA,NA,89725.4335691707,NA
452930601,41,"2","11","3",3,NA,NA,89725.4335691707,NA
452990201,38,"1","11","2",4,NA,NA,89725.4335691707,NA
452990301,44,"1",NA,"2",2,NA,NA,89725.4335691707,NA
452990401,62,"2","9","2",3,NA,NA,89725.4335691707,NA
452990501,83,"2","3","2",5,NA,NA,89725.4335691707,NA
452990601,42,"1","6","2",4,NA,NA,89725.4335691707,NA
452990701,65,"2","6","2",2,NA,NA,89725.4335691707,NA
453620101,41,"2","11","3",6,NA,NA,89725.4335691707,NA
453620301,65,"1","11","3",2,NA,NA,89725.4335691707,NA
453690101,69,"1","3",NA,3,NA,NA,89725.4335691707,NA
453690201,60,"2","1",NA,2,NA,NA,89725.4335691707,NA
453690301,57,"2","1",NA,2,NA,NA,89725.4335691707,NA
453690701,50,"2","3",NA,5,NA,NA,89725.4335691707,NA
454070201,39,"2","11",NA,6,NA,NA,89725.4335691707,NA
454070301,27,"1","5",NA,2,NA,NA,89725.4335691707,NA
454070401,61,"2","3",NA,2,NA,NA,89725.4335691707,NA
454070601,35,"2","5",NA,4,NA,NA,89725.4335691707,NA
454070901,34,"2","3",NA,4,NA,NA,89725.4335691707,NA
454071001,35,"2","3",NA,4,NA,NA,89725.4335691707,NA
454140201,65,"2","1",NA,3,NA,NA,89725.4335691707,NA
454140301,70,"2","4",NA,3,NA,NA,89725.4335691707,NA
454140401,67,"1",NA,NA,3,NA,NA,89725.4335691707,NA
454140501,32,"1","3",NA,6,NA,NA,89725.4335691707,NA
454140601,57,"1","9",NA,8,NA,NA,89725.4335691707,NA
454140801,63,"1","5",NA,4,NA,NA,89725.4335691707,NA
454160301,94,"2","1","2",2,NA,NA,89725.4335691707,NA
454160302,68,"2",NA,"2",2,NA,NA,89725.4335691707,NA
454160501,63,"1","3","2",5,NA,NA,89725.4335691707,NA
454160601,55,"1","6","2",4,NA,NA,89725.4335691707,NA
454160602,20,"2","3","2",2,NA,NA,89725.4335691707,NA
454160603,31,"2","3","2",4,NA,NA,89725.4335691707,NA
454160604,20,"2",NA,"2",2,NA,NA,89725.4335691707,NA
454160701,58,"2","5","2",3,NA,NA,89725.4335691707,NA
454160801,25,"1","5","2",3,NA,NA,89725.4335691707,NA
454430201,29,"1","11","2",4,NA,NA,89725.4335691707,NA
454430301,35,"1","5","2",2,NA,NA,89725.4335691707,NA
454430501,27,"2","11","2",1,NA,NA,89725.4335691707,NA
454430601,42,"1","11","2",3,NA,NA,89725.4335691707,NA
454470101,56,"2","11","3",2,NA,NA,89725.4335691707,NA
454470201,78,"2","11","3",7,NA,NA,89725.4335691707,NA
454470601,28,"2","5","3",6,NA,NA,89725.4335691707,NA
454760401,41,"2","8",NA,3,NA,NA,89725.4335691707,NA
454760601,19,"1","6",NA,1,NA,NA,89725.4335691707,NA
454760801,46,"1","8",NA,4,NA,NA,89725.4335691707,NA
454850501,32,"2","7",NA,2,NA,NA,89725.4335691707,NA
454850701,29,"1","11",NA,2,NA,NA,89725.4335691707,NA
455040201,49,"1","6","1",4,NA,NA,89725.4335691707,NA
455040301,45,"2","3","1",3,NA,NA,89725.4335691707,NA
455040401,48,"2","5","1",4,NA,NA,89725.4335691707,NA
455040501,53,"2","5","1",5,NA,NA,89725.4335691707,NA
455040601,31,"2","1","1",3,NA,NA,89725.4335691707,NA
455040701,49,"1","3","1",4,NA,NA,89725.4335691707,NA
455040801,58,"2","3","1",6,NA,NA,89725.4335691707,NA
455290101,36,"2","6","3",3,NA,NA,89725.4335691707,NA
455290301,34,"1","11","3",4,NA,NA,89725.4335691707,NA
455290501,55,"2","8","3",2,NA,NA,89725.4335691707,NA
455290601,36,"1","11","3",4,NA,NA,89725.4335691707,NA
455290701,24,"2","11","3",2,NA,NA,89725.4335691707,NA
455290801,47,"1","5","3",4,NA,NA,89725.4335691707,NA
455490101,59,"2","5",NA,3,NA,NA,89725.4335691707,NA
455490301,63,"1","6",NA,2,NA,NA,89725.4335691707,NA
455490302,26,"2","9",NA,1,NA,NA,89725.4335691707,NA
455490401,58,"2","11",NA,3,NA,NA,89725.4335691707,NA
455490501,37,"2",NA,NA,7,NA,NA,89725.4335691707,NA
455490601,44,"1",NA,NA,6,NA,NA,89725.4335691707,NA
455490701,36,"2","7",NA,5,NA,NA,89725.4335691707,NA
455490801,40,"2","6",NA,4,NA,NA,89725.4335691707,NA
455720501,24,"1","5","3",1,NA,NA,89725.4335691707,NA
455720601,33,"2","11","3",1,NA,NA,89725.4335691707,NA
455720701,26,"2","6","3",2,NA,NA,89725.4335691707,NA
456080301,31,"1","9",NA,2,NA,NA,89725.4335691707,NA
456080501,30,"2","8",NA,2,NA,NA,89725.4335691707,NA
456080701,41,"2","11",NA,2,NA,NA,89725.4335691707,NA
456080801,52,"2","6",NA,2,NA,NA,89725.4335691707,NA
456460301,32,"1","11","3",2,NA,NA,89725.4335691707,NA
456460401,25,"1","8","3",2,NA,NA,89725.4335691707,NA
456460501,47,"2","5","3",4,NA,NA,89725.4335691707,NA
456460701,30,"2","11","3",2,NA,NA,89725.4335691707,NA
456460801,25,"2","9","3",2,NA,NA,89725.4335691707,NA
456960301,27,"1","9",NA,4,NA,NA,89725.4335691707,NA
456960401,43,"2","11",NA,4,NA,NA,89725.4335691707,NA
456960601,29,"1","5",NA,3,NA,NA,89725.4335691707,NA
456960701,35,"1","7",NA,3,NA,NA,89725.4335691707,NA
456960801,29,"2","6",NA,6,NA,NA,89725.4335691707,NA
457070401,66,"1","11","3",4,NA,NA,89725.4335691707,NA
457940101,39,"2","11","3",1,NA,NA,89725.4335691707,NA
457940301,35,"1","11","3",4,NA,NA,89725.4335691707,NA
457940501,37,"2","11","3",1,NA,NA,89725.4335691707,NA
457940601,38,"1","5","3",4,NA,NA,89725.4335691707,NA
458190101,40,"2","3",NA,3,NA,NA,89725.4335691707,NA
458190201,34,"1","3",NA,2,NA,NA,89725.4335691707,NA
458190301,33,"2","5",NA,4,NA,NA,89725.4335691707,NA
458190401,81,"2","5",NA,1,NA,NA,89725.4335691707,NA
458190601,35,"1","11",NA,1,NA,NA,89725.4335691707,NA
458480101,36,"2","11","3",4,NA,NA,89725.4335691707,NA
458480701,38,"2","9","3",5,NA,NA,89725.4335691707,NA
458480801,36,"2","11","3",6,NA,NA,89725.4335691707,NA
458490201,54,"1","11","3",7,NA,NA,89725.4335691707,NA
458490301,52,"1","12","3",9,NA,NA,89725.4335691707,NA
458490701,33,"1","6","3",4,NA,NA,89725.4335691707,NA
