"geocodigo","comuna_cod","pob_zona","pob_comuna","n_personas","prob_media","prob_suma","n_consumidores","prop_jovenes","prop_adultos","prop_universitarios","gasto_total","gasto_medio","peso_zona","demanda_prob_zona","demanda_gasto_zona"
"13101011001","13101",2174,404495,1503,0.444418532708825,667.961054661364,909,0.294078509647372,0.236859614105123,0.497671324018629,46571551.1915076,51233.8296936278,0.00537460289991224,3.5900254214114,250303.594087288
"13101011002","13101",2282,404495,1503,0.444418532708825,667.961054661364,909,0.294078509647372,0.236859614105123,0.497671324018629,46571551.1915076,51233.8296936278,0.00564160249199619,3.76837075053395,262738.179258138
"13101011003","13101",2209,404495,1503,0.444418532708825,667.961054661364,909,0.294078509647372,0.236859614105123,0.497671324018629,46571551.1915076,51233.8296936278,0.005461130545495,3.64782251881223,254333.320763026
"13101011004","13101",1821,404495,1503,0.444418532708825,667.961054661364,909,0.294078509647372,0.236859614105123,0.497671324018629,46571551.1915076,51233.8296936278,0.00450190978874893,3.00710041048305,209660.92218627
"13101011005","13101",1741,404495,1503,0.444418532708825,667.961054661364,909,0.294078509647372,0.236859614105123,0.497671324018629,46571551.1915076,51233.8296936278,0.00430413231313119,2.87499275928116,200450.118356011
"13101021001","13101",3448,404495,1503,0.444418532708825,667.961054661364,909,0.294078509647372,0.236859614105123,0.497671324018629,46571551.1915076,51233.8296936278,0.00852420919912483,5.69383976680152,396985.645084163
"13101021002","13101",2856,404495,1503,0.444418532708825,667.961054661364,909,0.294078509647372,0.236859614105123,0.497671324018629,46571551.1915076,51233.8296936278,0.00706065587955352,4.71624314790752,328825.696740246
"13101021003","13101",2768,404495,1503,0.444418532708825,667.961054661364,909,0.294078509647372,0.236859614105123,0.497671324018629,46571551.1915076,51233.8296936278,0.006843100656374,4.57092473158544,318693.812526961
"13101021004","13101",3279,404495,1503,0.444418532708825,667.961054661364,909,0.294078509647372,0.236859614105123,0.497671324018629,46571551.1915076,51233.8296936278,0.00810640428188235,5.41476235363753,377527.82199274
"13101021005","13101",2258,404495,1503,0.444418532708825,667.961054661364,909,0.294078509647372,0.236859614105123,0.497671324018629,46571551.1915076,51233.8296936278,0.00558226924931087,3.72873845517339,259974.93810906
"13101021006","13101",2478,404495,1503,0.444418532708825,667.961054661364,909,0.294078509647372,0.236859614105123,0.497671324018629,46571551.1915076,51233.8296936278,0.00612615730725967,4.09203449597859,285304.648642272
"13101021007","13101",2326,404495,1503,0.444418532708825,667.961054661364,909,0.294078509647372,0.236859614105123,0.497671324018629,46571551.1915076,51233.8296936278,0.00575038010358595,3.84102995869499,267804.12136478
"13101021008","13101",1541,404495,1503,0.444418532708825,667.961054661364,909,0.294078509647372,0.236859614105123,0.497671324018629,46571551.1915076,51233.8296936278,0.00380968862408682,2.54472363127643,177423.108780364
"13101031001","13101",2313,404495,1503,0.444418532708825,667.961054661364,909,0.294078509647372,0.236859614105123,0.497671324018629,46571551.1915076,51233.8296936278,0.00571824126379807,3.81956246537469,266307.365742363
"13101031002","13101",5950,404495,1503,0.444418532708825,667.961054661364,909,0.294078509647372,0.236859614105123,0.497671324018629,46571551.1915076,51233.8296936278,0.0147096997490698,9.82550655814068,685053.534875513
"13101031003","13101",4955,404495,1503,0.444418532708825,667.961054661364,909,0.294078509647372,0.236859614105123,0.497671324018629,46571551.1915076,51233.8296936278,0.0122498423960741,8.18241764631715,570494.162236666
"13101031004","13101",3903,404495,1503,0.444418532708825,667.961054661364,909,0.294078509647372,0.236859614105123,0.497671324018629,46571551.1915076,51233.8296936278,0.00964906859170076,6.44520203301228,449372.091868761
"13101031005","13101",1791,404495,1503,0.444418532708825,667.961054661364,909,0.294078509647372,0.236859614105123,0.497671324018629,46571551.1915076,51233.8296936278,0.00442774323539228,2.95756004128234,206206.870749923
"13101031006","13101",1697,404495,1503,0.444418532708825,667.961054661364,909,0.294078509647372,0.236859614105123,0.497671324018629,46571551.1915076,51233.8296936278,0.00419535470154143,2.80233355112012,195384.176249369
"13101031007","13101",2973,404495,1503,0.444418532708825,667.961054661364,909,0.294078509647372,0.236859614105123,0.497671324018629,46571551.1915076,51233.8296936278,0.00734990543764447,4.90945058779029,342296.497342
"13101041001","13101",2790,404495,1503,0.444418532708825,667.961054661364,909,0.294078509647372,0.236859614105123,0.497671324018629,46571551.1915076,51233.8296936278,0.00689748946216888,4.60725433566596,321226.783580282
"13101041002","13101",2668,404495,1503,0.444418532708825,667.961054661364,909,0.294078509647372,0.236859614105123,0.497671324018629,46571551.1915076,51233.8296936278,0.00659587881185182,4.40579016758308,307180.307739137
"13101041003","13101",2729,404495,1503,0.444418532708825,667.961054661364,909,0.294078509647372,0.236859614105123,0.497671324018629,46571551.1915076,51233.8296936278,0.00674668413701035,4.50652225162452,314203.54565971
"13101041004","13101",2828,404495,1503,0.444418532708825,667.961054661364,909,0.294078509647372,0.236859614105123,0.497671324018629,46571551.1915076,51233.8296936278,0.00699143376308731,4.67000546998686,325601.915399655
"13101041005","13101",2550,404495,1503,0.444418532708825,667.961054661364,909,0.294078509647372,0.236859614105123,0.497671324018629,46571551.1915076,51233.8296936278,0.00630415703531564,4.21093138206029,293594.372089505
"13101051001","13101",3135,404495,1503,0.444418532708825,667.961054661364,909,0.294078509647372,0.236859614105123,0.497671324018629,46571551.1915076,51233.8296936278,0.0077504048257704,5.17696858147412,360948.375098274
"13101051002","13101",4424,404495,1503,0.444418532708825,667.961054661364,909,0.294078509647372,0.236859614105123,0.497671324018629,46571551.1915076,51233.8296936278,0.0109370944016613,7.3055531114646,509357.451813322
"13101051003","13101",2355,404495,1503,0.444418532708825,667.961054661364,909,0.294078509647372,0.236859614105123,0.497671324018629,46571551.1915076,51233.8296936278,0.00582207443849739,3.88891898225568,271143.037753249
"13101061001","13101",3968,404495,1503,0.444418532708825,667.961054661364,909,0.294078509647372,0.236859614105123,0.497671324018629,46571551.1915076,51233.8296936278,0.00980976279064018,6.55253949961382,456855.869980846
"13101061002","13101",4747,404495,1503,0.444418532708825,667.961054661364,909,0.294078509647372,0.236859614105123,0.497671324018629,46571551.1915076,51233.8296936278,0.011735620959468,7.83893775319223,546546.072277993
"13101061003","13101",2864,404495,1503,0.444418532708825,667.961054661364,909,0.294078509647372,0.236859614105123,0.497671324018629,46571551.1915076,51233.8296936278,0.00708043362711529,4.72945391302771,329746.777123272
"13101071001","13101",5009,404495,1503,0.444418532708825,667.961054661364,909,0.294078509647372,0.236859614105123,0.497671324018629,46571551.1915076,51233.8296936278,0.0123833421921161,8.27159031087843,576711.454822091
"13101071002","13101",3511,404495,1503,0.444418532708825,667.961054661364,909,0.294078509647372,0.236859614105123,0.497671324018629,46571551.1915076,51233.8296936278,0.00867995896117381,5.79787454212301,404239.153100492
"13101071003","13101",3368,404495,1503,0.444418532708825,667.961054661364,909,0.294078509647372,0.236859614105123,0.497671324018629,46571551.1915076,51233.8296936278,0.00832643172350709,5.56173211559963,387774.841253904
"13101081001","13101",3716,404495,1503,0.444418532708825,667.961054661364,909,0.294078509647372,0.236859614105123,0.497671324018629,46571551.1915076,51233.8296936278,0.00918676374244428,6.13640039832786,427841.83791553
"13101081002","13101",5244,404495,1503,0.444418532708825,667.961054661364,909,0.294078509647372,0.236859614105123,0.497671324018629,46571551.1915076,51233.8296936278,0.0129643135267432,8.65965653628398,603768.191073477
"13101081003","13101",3326,404495,1503,0.444418532708825,667.961054661364,909,0.294078509647372,0.236859614105123,0.497671324018629,46571551.1915076,51233.8296936278,0.00822259854880777,5.49237559871864,382939.169243018
"13101081004","13101",2794,404495,1503,0.444418532708825,667.961054661364,909,0.294078509647372,0.236859614105123,0.497671324018629,46571551.1915076,51233.8296936278,0.00690737833594976,4.61385971822606,321687.323771795
"13101091001","13101",3393,404495,1503,0.444418532708825,667.961054661364,909,0.294078509647372,0.236859614105123,0.497671324018629,46571551.1915076,51233.8296936278,0.00838823718463763,5.60301575660022,390653.217450859
"13101091002","13101",3321,404495,1503,0.444418532708825,667.961054661364,909,0.294078509647372,0.236859614105123,0.497671324018629,46571551.1915076,51233.8296936278,0.00821023745658166,5.48411887051852,382363.494003626
"13101091003","13101",3210,404495,1503,0.444418532708825,667.961054661364,909,0.294078509647372,0.236859614105123,0.497671324018629,46571551.1915076,51233.8296936278,0.00793582120916204,5.30081950447589,369583.503689142
"13101091004","13101",2956,404495,1503,0.444418532708825,667.961054661364,909,0.294078509647372,0.236859614105123,0.497671324018629,46571551.1915076,51233.8296936278,0.0073078777240757,4.88137771190989,340339.20152807
"13101101001","13101",2491,404495,1503,0.444418532708825,667.961054661364,909,0.294078509647372,0.236859614105123,0.497671324018629,46571551.1915076,51233.8296936278,0.00615829614704755,4.11350198929889,286801.404264689
"13101101002","13101",1820,404495,1503,0.444418532708825,667.961054661364,909,0.294078509647372,0.236859614105123,0.497671324018629,46571551.1915076,51233.8296936278,0.00449943757030371,3.00544906484303,209545.787138392
"13101101003","13101",2768,404495,1503,0.444418532708825,667.961054661364,909,0.294078509647372,0.236859614105123,0.497671324018629,46571551.1915076,51233.8296936278,0.006843100656374,4.57092473158544,318693.812526961
"13101101004","13101",2423,404495,1503,0.444418532708825,667.961054661364,909,0.294078509647372,0.236859614105123,0.497671324018629,46571551.1915076,51233.8296936278,0.00599018529277247,4.00121048577729,278972.221008969
"13101101005","13101",1805,404495,1503,0.444418532708825,667.961054661364,909,0.294078509647372,0.236859614105123,0.497671324018629,46571551.1915076,51233.8296936278,0.00446235429362538,2.98067888024268,207818.761420219
"13101101006","13101",1296,404495,1503,0.444418532708825,667.961054661364,909,0.294078509647372,0.236859614105123,0.497671324018629,46571551.1915076,51233.8296936278,0.00320399510500748,2.14014394947064,149215.022050196
"13101101007","13101",2965,404495,1503,0.444418532708825,667.961054661364,909,0.294078509647372,0.236859614105123,0.497671324018629,46571551.1915076,51233.8296936278,0.0073301276900827,4.8962398226701,341375.416958974
"13101101008","13101",1624,404495,1503,0.444418532708825,667.961054661364,909,0.294078509647372,0.236859614105123,0.497671324018629,46571551.1915076,51233.8296936278,0.00401488275504024,2.6817853193984,186979.317754258
"13101101009","13101",1345,404495,1503,0.444418532708825,667.961054661364,909,0.294078509647372,0.236859614105123,0.497671324018629,46571551.1915076,51233.8296936278,0.00332513380882335,2.2210598858318,154856.639396229
"13101101010","13101",2930,404495,1503,0.444418532708825,667.961054661364,909,0.294078509647372,0.236859614105123,0.497671324018629,46571551.1915076,51233.8296936278,0.00724360004449993,4.83844272526927,337345.690283236
"13101111001","13101",2555,404495,1503,0.444418532708825,667.961054661364,909,0.294078509647372,0.236859614105123,0.497671324018629,46571551.1915076,51233.8296936278,0.00631651812754175,4.21918811026041,294170.047328897
"13101111002","13101",2594,404495,1503,0.444418532708825,667.961054661364,909,0.294078509647372,0.236859614105123,0.497671324018629,46571551.1915076,51233.8296936278,0.0064129346469054,4.28359059022133,298660.314196148
"13101111003","13101",2269,404495,1503,0.444418532708825,667.961054661364,909,0.294078509647372,0.236859614105123,0.497671324018629,46571551.1915076,51233.8296936278,0.00560946365220831,3.74690325721365,261241.423635721
"13101111004","13101",1996,404495,1503,0.444418532708825,667.961054661364,909,0.294078509647372,0.236859614105123,0.497671324018629,46571551.1915076,51233.8296936278,0.00493454801666275,3.29608589748719,229809.555564962
"13101111005","13101",1960,404495,1503,0.444418532708825,667.961054661364,909,0.294078509647372,0.236859614105123,0.497671324018629,46571551.1915076,51233.8296936278,0.00484554815263477,3.23663745444634,225664.693841345
"13101111006","13101",1677,404495,1503,0.444418532708825,667.961054661364,909,0.294078509647372,0.236859614105123,0.497671324018629,46571551.1915076,51233.8296936278,0.00414591033263699,2.76930663831965,193081.475291804
"13101111007","13101",1859,404495,1503,0.444418532708825,667.961054661364,909,0.294078509647372,0.236859614105123,0.497671324018629,46571551.1915076,51233.8296936278,0.00459585408966736,3.06985154480395,214036.054005643
"13101111008","13101",2552,404495,1503,0.444418532708825,667.961054661364,909,0.294078509647372,0.236859614105123,0.497671324018629,46571551.1915076,51233.8296936278,0.00630910147220608,4.21423407334034,293824.642185262
"13101111009","13101",3455,404495,1503,0.444418532708825,667.961054661364,909,0.294078509647372,0.236859614105123,0.497671324018629,46571551.1915076,51233.8296936278,0.00854151472824139,5.70539918628169,397791.59041931
"13101111010","13101",2560,404495,1503,0.444418532708825,667.961054661364,909,0.294078509647372,0.236859614105123,0.497671324018629,46571551.1915076,51233.8296936278,0.00632887921976786,4.22744483846053,294745.722568288
"13101111011","13101",1550,404495,1503,0.444418532708825,667.961054661364,909,0.294078509647372,0.236859614105123,0.497671324018629,46571551.1915076,51233.8296936278,0.00383193859009382,2.55958574203665,178459.324211268
"13101111012","13101",4104,404495,1503,0.444418532708825,667.961054661364,909,0.294078509647372,0.236859614105123,0.497671324018629,46571551.1915076,51233.8296936278,0.0101459844991903,6.77712250665703,472514.236492286
"13101111013","13101",3191,404495,1503,0.444418532708825,667.961054661364,909,0.294078509647372,0.236859614105123,0.497671324018629,46571551.1915076,51233.8296936278,0.00788884905870283,5.26944393731545,367395.937779456
"13101111014","13101",1894,404495,1503,0.444418532708825,667.961054661364,909,0.294078509647372,0.236859614105123,0.497671324018629,46571551.1915076,51233.8296936278,0.00468238173525013,3.12764864220478,218065.780681382
"13101111015","13101",2747,404495,1503,0.444418532708825,667.961054661364,909,0.294078509647372,0.236859614105123,0.497671324018629,46571551.1915076,51233.8296936278,0.00679118406902434,4.53624647314495,316275.976521518
"13101111016","13101",2452,404495,1503,0.444418532708825,667.961054661364,909,0.294078509647372,0.236859614105123,0.497671324018629,46571551.1915076,51233.8296936278,0.0060618796276839,4.04909950933797,282311.137397438
"13101111017","13101",1798,404495,1503,0.444418532708825,667.961054661364,909,0.294078509647372,0.236859614105123,0.497671324018629,46571551.1915076,51233.8296936278,0.00444504876450883,2.96911946076251,207012.816085071
"13101111018","13101",2724,404495,1503,0.444418532708825,667.961054661364,909,0.294078509647372,0.236859614105123,0.497671324018629,46571551.1915076,51233.8296936278,0.00673432304478424,4.4982655234244,313627.870420319
"13101111019","13101",2430,404495,1503,0.444418532708825,667.961054661364,909,0.294078509647372,0.236859614105123,0.497671324018629,46571551.1915076,51233.8296936278,0.00600749082188902,4.01276990525745,279778.166344117
"13101121001","13101",2320,404495,1503,0.444418532708825,667.961054661364,909,0.294078509647372,0.236859614105123,0.497671324018629,46571551.1915076,51233.8296936278,0.00573554679291462,3.83112188485485,267113.311077511
"13101121002","13101",1774,404495,1503,0.444418532708825,667.961054661364,909,0.294078509647372,0.236859614105123,0.497671324018629,46571551.1915076,51233.8296936278,0.00438571552182351,2.92948716540194,204249.574935993
"13101121003","13101",2011,404495,1503,0.444418532708825,667.961054661364,909,0.294078509647372,0.236859614105123,0.497671324018629,46571551.1915076,51233.8296936278,0.00497163129334108,3.32085608208755,231536.581283135
"13101121004","13101",4425,404495,1503,0.444418532708825,667.961054661364,909,0.294078509647372,0.236859614105123,0.497671324018629,46571551.1915076,51233.8296936278,0.0109395666201066,7.30720445710462,509472.586861201
"13101121005","13101",2095,404495,1503,0.444418532708825,667.961054661364,909,0.294078509647372,0.236859614105123,0.497671324018629,46571551.1915076,51233.8296936278,0.00517929764273971,3.45956911584953,241207.925304907
"13101121006","13101",3272,404495,1503,0.444418532708825,667.961054661364,909,0.294078509647372,0.236859614105123,0.497671324018629,46571551.1915076,51233.8296936278,0.00808909875276579,5.40320293415736,376721.876657593
"13101121007","13101",3067,404495,1503,0.444418532708825,667.961054661364,909,0.294078509647372,0.236859614105123,0.497671324018629,46571551.1915076,51233.8296936278,0.00758229397149532,5.06467707795251,353119.191842554
"13101121008","13101",4682,404495,1503,0.444418532708825,667.961054661364,909,0.294078509647372,0.236859614105123,0.497671324018629,46571551.1915076,51233.8296936278,0.0115749267605286,7.7316002865907,539062.294165907
"13101121009","13101",4441,404495,1503,0.444418532708825,667.961054661364,909,0.294078509647372,0.236859614105123,0.497671324018629,46571551.1915076,51233.8296936278,0.0109791221152301,7.333625987345,511314.747627252
"13101131001","13101",1811,404495,1503,0.444418532708825,667.961054661364,909,0.294078509647372,0.236859614105123,0.497671324018629,46571551.1915076,51233.8296936278,0.00447718760429672,2.99058695408282,208509.571707488
"13101131002","13101",1759,404495,1503,0.444418532708825,667.961054661364,909,0.294078509647372,0.236859614105123,0.497671324018629,46571551.1915076,51233.8296936278,0.00434863224514518,2.90471698080159,202522.54921782
"13101131003","13101",3953,404495,1503,0.444418532708825,667.961054661364,909,0.294078509647372,0.236859614105123,0.497671324018629,46571551.1915076,51233.8296936278,0.00977267951396185,6.52776931501346,455128.844262672
"13101131004","13101",2442,404495,1503,0.444418532708825,667.961054661364,909,0.294078509647372,0.236859614105123,0.497671324018629,46571551.1915076,51233.8296936278,0.00603715744323168,4.03258605293774,281159.786918656
"13101131005","13101",3683,404495,1503,0.444418532708825,667.961054661364,909,0.294078509647372,0.236859614105123,0.497671324018629,46571551.1915076,51233.8296936278,0.00910518053375196,6.08190599220708,424042.381335548
"13101131006","13101",2197,404495,1503,0.444418532708825,667.961054661364,909,0.294078509647372,0.236859614105123,0.497671324018629,46571551.1915076,51233.8296936278,0.00543146392415234,3.62800637113194,252951.700188488
"13101131007","13101",2952,404495,1503,0.444418532708825,667.961054661364,909,0.294078509647372,0.236859614105123,0.497671324018629,46571551.1915076,51233.8296936278,0.00729798885029481,4.87477232934979,339878.661336557
"13101131008","13101",3025,404495,1503,0.444418532708825,667.961054661364,909,0.294078509647372,0.236859614105123,0.497671324018629,46571551.1915076,51233.8296936278,0.00747846079679601,4.99532056107152,348283.519831668
"13101131009","13101",3631,404495,1503,0.444418532708825,667.961054661364,909,0.294078509647372,0.236859614105123,0.497671324018629,46571551.1915076,51233.8296936278,0.00897662517460043,5.99603601892585,418055.35884588
"13101141001","13101",4373,404495,1503,0.444418532708825,667.961054661364,909,0.294078509647372,0.236859614105123,0.497671324018629,46571551.1915076,51233.8296936278,0.010811011260955,7.22133448382339,503485.564371532
"13101141002","13101",3048,404495,1503,0.444418532708825,667.961054661364,909,0.294078509647372,0.236859614105123,0.497671324018629,46571551.1915076,51233.8296936278,0.00753532182103611,5.03330151079206,350931.625932868
"13101141003","13101",4067,404495,1503,0.444418532708825,667.961054661364,909,0.294078509647372,0.236859614105123,0.497671324018629,46571551.1915076,51233.8296936278,0.0100545124167171,6.71602271797616,468254.239720792
"13101151001","13101",4797,404495,1503,0.444418532708825,667.961054661364,909,0.294078509647372,0.236859614105123,0.497671324018629,46571551.1915076,51233.8296936278,0.0118592318817291,7.92150503519342,552302.824671905
"13101151002","13101",3915,404495,1503,0.444418532708825,667.961054661364,909,0.294078509647372,0.236859614105123,0.497671324018629,46571551.1915076,51233.8296936278,0.00967873521304342,6.46501818069256,450753.712443299
"13101151003","13101",3644,404495,1503,0.444418532708825,667.961054661364,909,0.294078509647372,0.236859614105123,0.497671324018629,46571551.1915076,51233.8296936278,0.00900876401438831,6.01750351224616,419552.114468297
"13101151004","13101",2038,404495,1503,0.444418532708825,667.961054661364,909,0.294078509647372,0.236859614105123,0.497671324018629,46571551.1915076,51233.8296936278,0.00503838119136207,3.36544241436818,234645.227575848
"13101161001","13101",2637,404495,1503,0.444418532708825,667.961054661364,909,0.294078509647372,0.236859614105123,0.497671324018629,46571551.1915076,51233.8296936278,0.00651924004004994,4.35459845274235,303611.121254912
"13101161002","13101",5341,404495,1503,0.444418532708825,667.961054661364,909,0.294078509647372,0.236859614105123,0.497671324018629,46571551.1915076,51233.8296936278,0.0132041187159297,8.81983706336628,614936.290717666
"13101161003","13101",5331,404495,1503,0.444418532708825,667.961054661364,909,0.294078509647372,0.236859614105123,0.497671324018629,46571551.1915076,51233.8296936278,0.0131793965314775,8.80332360696604,613784.940238884
"13101171001","13101",5638,404495,1503,0.444418532708825,667.961054661364,909,0.294078509647372,0.236859614105123,0.497671324018629,46571551.1915076,51233.8296936278,0.0139383675941606,9.3102867184533,649131.399937502
"13101171002","13101",3663,404495,1503,0.444418532708825,667.961054661364,909,0.294078509647372,0.236859614105123,0.497671324018629,46571551.1915076,51233.8296936278,0.00905573616484753,6.04887907940661,421739.680377984
"13101171003","13101",2555,404495,1503,0.444418532708825,667.961054661364,909,0.294078509647372,0.236859614105123,0.497671324018629,46571551.1915076,51233.8296936278,0.00631651812754175,4.21918811026041,294170.047328897
"13101181001","13101",4270,404495,1503,0.444418532708825,667.961054661364,909,0.294078509647372,0.236859614105123,0.497671324018629,46571551.1915076,51233.8296936278,0.0105563727610972,7.05124588290096,491626.654440074
"13101181002","13101",4060,404495,1503,0.444418532708825,667.961054661364,909,0.294078509647372,0.236859614105123,0.497671324018629,46571551.1915076,51233.8296936278,0.0100372068876006,6.70446329849599,467448.294385644
"13101191001","13101",4915,404495,1503,0.444418532708825,667.961054661364,909,0.294078509647372,0.236859614105123,0.497671324018629,46571551.1915076,51233.8296936278,0.0121509536582652,8.11636382071621,565888.760321537
"13101191002","13101",4779,404495,1503,0.444418532708825,667.961054661364,909,0.294078509647372,0.236859614105123,0.497671324018629,46571551.1915076,51233.8296936278,0.0118147319497151,7.89178081367299,550230.393810097
"13101191003","13101",5562,404495,1503,0.444418532708825,667.961054661364,909,0.294078509647372,0.236859614105123,0.497671324018629,46571551.1915076,51233.8296936278,0.0137504789923238,9.1847844498115,640381.136298756
"13101201001","13101",2913,404495,1503,0.444418532708825,667.961054661364,909,0.294078509647372,0.236859614105123,0.497671324018629,46571551.1915076,51233.8296936278,0.00720157233093116,4.81036984938887,335388.394469306
"13101201002","13101",1962,404495,1503,0.444418532708825,667.961054661364,909,0.294078509647372,0.236859614105123,0.497671324018629,46571551.1915076,51233.8296936278,0.00485049258952521,3.23994014572639,225894.963937102
"13101201003","13101",3074,404495,1503,0.444418532708825,667.961054661364,909,0.294078509647372,0.236859614105123,0.497671324018629,46571551.1915076,51233.8296936278,0.00759959950061187,5.07623649743268,353925.137177702
"13101211001","13101",4152,404495,1503,0.444418532708825,667.961054661364,909,0.294078509647372,0.236859614105123,0.497671324018629,46571551.1915076,51233.8296936278,0.010264650984561,6.85638709737817,478040.718790442
"13101211002","13101",3400,404495,1503,0.444418532708825,667.961054661364,909,0.294078509647372,0.236859614105123,0.497671324018629,46571551.1915076,51233.8296936278,0.00840554271375419,5.61457517608039,391459.162786007
"13101221001","13101",11031,404495,1503,0.444418532708825,667.961054661364,909,0.294078509647372,0.236859614105123,0.497671324018629,46571551.1915076,51233.8296936278,0.0272710416692419,18.2159937551008,1270054.71314484
"13101231001","13101",3535,404495,1503,0.444418532708825,667.961054661364,909,0.294078509647372,0.236859614105123,0.497671324018629,46571551.1915076,51233.8296936278,0.00873929220385913,5.83750683748358,407002.394249569
"13101241001","13101",3419,404495,1503,0.444418532708825,667.961054661364,909,0.294078509647372,0.236859614105123,0.497671324018629,46571551.1915076,51233.8296936278,0.0084525148642134,5.64595074324084,393646.728695694
"13101241002","13101",4827,404495,1503,0.444418532708825,667.961054661364,909,0.294078509647372,0.236859614105123,0.497671324018629,46571551.1915076,51233.8296936278,0.0119333984350857,7.97104540439412,555756.876108252
"13101251001","13101",5150,404495,1503,0.444418532708825,667.961054661364,909,0.294078509647372,0.236859614105123,0.497671324018629,46571551.1915076,51233.8296936278,0.0127319249928924,8.50443004612176,592945.496572923
"13101261001","13101",2915,404495,1503,0.444418532708825,667.961054661364,909,0.294078509647372,0.236859614105123,0.497671324018629,46571551.1915076,51233.8296936278,0.0072065167678216,4.81367254066892,335618.664565062
"13101271001","13101",3997,404495,1503,0.444418532708825,667.961054661364,909,0.294078509647372,0.236859614105123,0.497671324018629,46571551.1915076,51233.8296936278,0.00988145712555161,6.6004285231745,460194.786369315
"13101271002","13101",3472,404495,1503,0.444418532708825,667.961054661364,909,0.294078509647372,0.236859614105123,0.497671324018629,46571551.1915076,51233.8296936278,0.00858354244181016,5.73347206216209,399748.88623324
"13101271003","13101",3410,404495,1503,0.444418532708825,667.961054661364,909,0.294078509647372,0.236859614105123,0.497671324018629,46571551.1915076,51233.8296936278,0.0084302648982064,5.63108863248062,392610.51326479
"13101271004","13101",3814,404495,1503,0.444418532708825,667.961054661364,909,0.294078509647372,0.236859614105123,0.497671324018629,46571551.1915076,51233.8296936278,0.00942904115007602,6.29823227105017,439125.072607597
"13101281001","13101",1218,404495,1503,0.444418532708825,667.961054661364,909,0.294078509647372,0.236859614105123,0.497671324018629,46571551.1915076,51233.8296936278,0.00301116206628018,2.0113389895488,140234.488315693
"13101281002","13101",2849,404495,1503,0.444418532708825,667.961054661364,909,0.294078509647372,0.236859614105123,0.497671324018629,46571551.1915076,51233.8296936278,0.00704335035043696,4.70468372842736,328019.751405098
"13101281003","13101",3352,404495,1503,0.444418532708825,667.961054661364,909,0.294078509647372,0.236859614105123,0.497671324018629,46571551.1915076,51233.8296936278,0.00828687622838354,5.53531058535925,385932.680487852
"13101281004","13101",1767,404495,1503,0.444418532708825,667.961054661364,909,0.294078509647372,0.236859614105123,0.497671324018629,46571551.1915076,51233.8296936278,0.00436840999270696,2.91792774592178,203443.629600846
"13101281005","13101",3240,404495,1503,0.444418532708825,667.961054661364,909,0.294078509647372,0.236859614105123,0.497671324018629,46571551.1915076,51233.8296936278,0.0080099877625187,5.3503598736766,373037.555125489
"13101281006","13101",2710,404495,1503,0.444418532708825,667.961054661364,909,0.294078509647372,0.236859614105123,0.497671324018629,46571551.1915076,51233.8296936278,0.00669971198655113,4.47514668446407,312015.979750023
"13101291001","13101",964,404495,1503,0.444418532708825,667.961054661364,909,0.294078509647372,0.236859614105123,0.497671324018629,46571551.1915076,51233.8296936278,0.00238321858119383,1.59189719698279,110990.186154621
"13101991999","13101",1648,404495,1503,0.444418532708825,667.961054661364,909,0.294078509647372,0.236859614105123,0.497671324018629,46571551.1915076,51233.8296936278,0.00407421599772556,2.72141761475896,189742.558903335
"13102011001","13102",2520,80832,320,0.345496379014413,110.558841284612,105,0.278125,0.3125,0.21875,4321973.77360613,41161.654986725,0.0311757719714964,3.44675722532194,134740.868832733
"13102011002","13102",3353,80832,320,0.345496379014413,110.558841284612,105,0.278125,0.3125,0.21875,4321973.77360613,41161.654986725,0.0414810965954078,4.58610197480336,179280.211585775
"13102011003","13102",4648,80832,320,0.345496379014413,110.558841284612,105,0.278125,0.3125,0.21875,4321973.77360613,41161.654986725,0.0575019794140934,6.3573522155938,248522.046958151
"13102011004","13102",5609,80832,320,0.345496379014413,110.558841284612,105,0.278125,0.3125,0.21875,4321973.77360613,41161.654986725,0.0693908353127474,7.67177034794871,299905.370350316
"13102021001","13102",2850,80832,320,0.345496379014413,110.558841284612,105,0.278125,0.3125,0.21875,4321973.77360613,41161.654986725,0.0352583135391924,3.89811829054267,152385.506417971
"13102021002","13102",3877,80832,320,0.345496379014413,110.558841284612,105,0.278125,0.3125,0.21875,4321973.77360613,41161.654986725,0.0479636777513856,5.30280863594173,207297.757327184
"13102021003","13102",2377,80832,320,0.345496379014413,110.558841284612,105,0.278125,0.3125,0.21875,4321973.77360613,41161.654986725,0.0294066706254949,3.25116743039296,127094.859212462
"13102021004","13102",2660,80832,320,0.345496379014413,110.558841284612,105,0.278125,0.3125,0.21875,4321973.77360613,41161.654986725,0.0329077593032462,3.63824373783982,142226.472656773
"13102031001","13102",5765,80832,320,0.345496379014413,110.558841284612,105,0.278125,0.3125,0.21875,4321973.77360613,41161.654986725,0.0713207640538401,7.88514103332579,308246.471754247
"13102031002","13102",4343,80832,320,0.345496379014413,110.558841284612,105,0.278125,0.3125,0.21875,4321973.77360613,41161.654986725,0.0537287212984956,5.94018517046555,232214.124341491
"13102031003","13102",4034,80832,320,0.345496379014413,110.558841284612,105,0.278125,0.3125,0.21875,4321973.77360613,41161.654986725,0.0499059778305622,5.5175470821225,215692.327329858
"13102031004","13102",3156,80832,320,0.345496379014413,110.558841284612,105,0.278125,0.3125,0.21875,4321973.77360613,41161.654986725,0.0390439429928741,4.31665309647462,168746.897633375
"13102031005","13102",4297,80832,320,0.345496379014413,110.558841284612,105,0.278125,0.3125,0.21875,4321973.77360613,41161.654986725,0.053159639746635,5.87726817349539,229754.568799306
"13102031006","13102",3368,80832,320,0.345496379014413,110.558841284612,105,0.278125,0.3125,0.21875,4321973.77360613,41161.654986725,0.0416666666666667,4.60661838685885,180082.240566922
"13102031007","13102",4168,80832,320,0.345496379014413,110.558841284612,105,0.278125,0.3125,0.21875,4321973.77360613,41161.654986725,0.0515637371338084,5.70082702981819,222857.11956144
"13102041001","13102",4765,80832,320,0.345496379014413,110.558841284612,105,0.278125,0.3125,0.21875,4321973.77360613,41161.654986725,0.0589494259699129,6.5173802296266,254777.873011099
"13102041002","13102",4691,80832,320,0.345496379014413,110.558841284612,105,0.278125,0.3125,0.21875,4321973.77360613,41161.654986725,0.0580339469517023,6.41616593015286,250821.196704107
"13102041003","13102",3141,80832,320,0.345496379014413,110.558841284612,105,0.278125,0.3125,0.21875,4321973.77360613,41161.654986725,0.0388583729216152,4.29613668441913,167944.868652227
"13102041004","13102",3747,80832,320,0.345496379014413,110.558841284612,105,0.278125,0.3125,0.21875,4321973.77360613,41161.654986725,0.0463554038004751,5.12499973146084,200346.839490575
"13102041005","13102",2619,80832,320,0.345496379014413,110.558841284612,105,0.278125,0.3125,0.21875,4321973.77360613,41161.654986725,0.0324005344418052,3.58216554488816,140034.260108304
"13102041006","13102",4722,80832,320,0.345496379014413,110.558841284612,105,0.278125,0.3125,0.21875,4321973.77360613,41161.654986725,0.058417458432304,6.45856651506754,252478.723265144
"13102991999","13102",122,80832,320,0.345496379014413,110.558841284612,105,0.278125,0.3125,0.21875,4321973.77360613,41161.654986725,0.00150930324623911,0.1668668180513,6523.16904666404
"13103011001","13103",2293,132622,464,0.307584246275807,142.719090271975,92,0.247844827586207,0.286637931034483,0.133620689655172,3492788.4976752,37965.0923660347,0.0172897407669919,2.46757607330336,60389.4076787352
"13103011002","13103",2451,132622,464,0.307584246275807,142.719090271975,92,0.247844827586207,0.286637931034483,0.133620689655172,3492788.4976752,37965.0923660347,0.0184810966506311,2.63760530120651,64550.561805748
"13103011003","13103",3591,132622,464,0.307584246275807,142.719090271975,92,0.247844827586207,0.286637931034483,0.133620689655172,3492788.4976752,37965.0923660347,0.0270769555579014,3.86439846455837,94574.0789247005
"13103011004","13103",4038,132622,464,0.307584246275807,142.719090271975,92,0.247844827586207,0.286637931034483,0.133620689655172,3492788.4976752,37965.0923660347,0.0304474370768048,4.34543052071476,106346.458005553
"13103011005","13103",4812,132622,464,0.307584246275807,142.719090271975,92,0.247844827586207,0.286637931034483,0.133620689655172,3492788.4976752,37965.0923660347,0.0362835728612146,5.17835851056945,126730.84594421
"13103011006","13103",3415,132622,464,0.307584246275807,142.719090271975,92,0.247844827586207,0.286637931034483,0.133620689655172,3492788.4976752,37965.0923660347,0.0257498755862527,3.67499881828651,89938.8692642306
"13103021001","13103",5120,132622,464,0.307584246275807,142.719090271975,92,0.247844827586207,0.286637931034483,0.133620689655172,3492788.4976752,37965.0923660347,0.0386059628115999,5.50980789154522,134842.462850032
"13103021002","13103",2610,132622,464,0.307584246275807,142.719090271975,92,0.247844827586207,0.286637931034483,0.133620689655172,3492788.4976752,37965.0923660347,0.019679992761382,2.80871066346348,68738.0523512861
"13103021003","13103",1716,132622,464,0.307584246275807,142.719090271975,92,0.247844827586207,0.286637931034483,0.133620689655172,3492788.4976752,37965.0923660347,0.0129390297235753,1.8466465511507,45193.2941895812
"13103021004","13103",3227,132622,464,0.307584246275807,142.719090271975,92,0.247844827586207,0.286637931034483,0.133620689655172,3492788.4976752,37965.0923660347,0.0243323128892642,3.47268555976883,84987.622581456
"13103021005","13103",3899,132622,464,0.307584246275807,142.719090271975,92,0.247844827586207,0.286637931034483,0.133620689655172,3492788.4976752,37965.0923660347,0.0293993455082867,4.19584784553414,102685.695830523
"13103031001","13103",3609,132622,464,0.307584246275807,142.719090271975,92,0.247844827586207,0.286637931034483,0.133620689655172,3492788.4976752,37965.0923660347,0.0272126796459109,3.88376888292709,95048.1344581576
"13103031002","13103",3731,132622,464,0.307584246275807,142.719090271975,92,0.247844827586207,0.286637931034483,0.133620689655172,3492788.4976752,37965.0923660347,0.0281325873535311,4.01505727409281,98261.1775182561
"13103031003","13103",3417,132622,464,0.307584246275807,142.719090271975,92,0.247844827586207,0.286637931034483,0.133620689655172,3492788.4976752,37965.0923660347,0.0257649560404759,3.67715108699414,89991.5421012814
"13103041001","13103",2930,132622,464,0.307584246275807,142.719090271975,92,0.247844827586207,0.286637931034483,0.133620689655172,3492788.4976752,37965.0923660347,0.022092865437107,3.15307365668505,77165.7062794131
"13103041002","13103",3447,132622,464,0.307584246275807,142.719090271975,92,0.247844827586207,0.286637931034483,0.133620689655172,3492788.4976752,37965.0923660347,0.0259911628538252,3.70943511760866,90781.6346570433
"13103041003","13103",4905,132622,464,0.307584246275807,142.719090271975,92,0.247844827586207,0.286637931034483,0.133620689655172,3492788.4976752,37965.0923660347,0.0369848139825972,5.27843900547447,129180.132867072
"13103051001","13103",5092,132622,464,0.307584246275807,142.719090271975,92,0.247844827586207,0.286637931034483,0.133620689655172,3492788.4976752,37965.0923660347,0.0383948364524739,5.47967612963833,134105.043131321
"13103051002","13103",5047,132622,464,0.307584246275807,142.719090271975,92,0.247844827586207,0.286637931034483,0.133620689655172,3492788.4976752,37965.0923660347,0.0380555262324501,5.43125008371654,132919.904297678
"13103061001","13103",2611,132622,464,0.307584246275807,142.719090271975,92,0.247844827586207,0.286637931034483,0.133620689655172,3492788.4976752,37965.0923660347,0.0196875329884936,2.8097867978173,68764.3887698115
"13103061002","13103",2669,132622,464,0.307584246275807,142.719090271975,92,0.247844827586207,0.286637931034483,0.133620689655172,3492788.4976752,37965.0923660347,0.0201248661609688,2.87220259033871,70291.9010442845
"13103061003","13103",2446,132622,464,0.307584246275807,142.719090271975,92,0.247844827586207,0.286637931034483,0.133620689655172,3492788.4976752,37965.0923660347,0.0184433955150729,2.63222462943742,64418.879713121
"13103061004","13103",2954,132622,464,0.307584246275807,142.719090271975,92,0.247844827586207,0.286637931034483,0.133620689655172,3492788.4976752,37965.0923660347,0.0222738308877863,3.17890088117667,77797.7803240226
"13103071001","13103",2597,132622,464,0.307584246275807,142.719090271975,92,0.247844827586207,0.286637931034483,0.133620689655172,3492788.4976752,37965.0923660347,0.0195819698089306,2.79472091686385,68395.6789104559
"13103071002","13103",3727,132622,464,0.307584246275807,142.719090271975,92,0.247844827586207,0.286637931034483,0.133620689655172,3492788.4976752,37965.0923660347,0.0281024264450845,4.01075273667754,98155.8318441545
"13103071003","13103",4796,132622,464,0.307584246275807,142.719090271975,92,0.247844827586207,0.286637931034483,0.133620689655172,3492788.4976752,37965.0923660347,0.0361629292274283,5.16114036090837,126309.463247804
"13103071004","13103",4004,132622,464,0.307584246275807,142.719090271975,92,0.247844827586207,0.286637931034483,0.133620689655172,3492788.4976752,37965.0923660347,0.030191069355009,4.30884195268497,105451.019775689
"13103071005","13103",3337,132622,464,0.307584246275807,142.719090271975,92,0.247844827586207,0.286637931034483,0.133620689655172,3492788.4976752,37965.0923660347,0.0251617378715447,3.59106033868875,87884.6286192497
"13103081001","13103",3622,132622,464,0.307584246275807,142.719090271975,92,0.247844827586207,0.286637931034483,0.133620689655172,3492788.4976752,37965.0923660347,0.0273107025983623,3.89775862952671,95390.5078989878
"13103081002","13103",3918,132622,464,0.307584246275807,142.719090271975,92,0.247844827586207,0.286637931034483,0.133620689655172,3492788.4976752,37965.0923660347,0.0295426098234079,4.21629439825667,103186.087782505
"13103081003","13103",5545,132622,464,0.307584246275807,142.719090271975,92,0.247844827586207,0.286637931034483,0.133620689655172,3492788.4976752,37965.0923660347,0.0418105593340471,5.96716499191762,146035.440723326
"13103091001","13103",3214,132622,464,0.307584246275807,142.719090271975,92,0.247844827586207,0.286637931034483,0.133620689655172,3492788.4976752,37965.0923660347,0.0242342899368129,3.4586958131692,84645.2491406258
"13103091002","13103",2430,132622,464,0.307584246275807,142.719090271975,92,0.247844827586207,0.286637931034483,0.133620689655172,3492788.4976752,37965.0923660347,0.0183227518812867,2.61500647977634,63997.4970167146
"13103091003","13103",6253,132622,464,0.307584246275807,142.719090271975,92,0.247844827586207,0.286637931034483,0.133620689655172,3492788.4976752,37965.0923660347,0.0471490401290887,6.72906811442036,164681.625039307
"13103091004","13103",4157,132622,464,0.307584246275807,142.719090271975,92,0.247844827586207,0.286637931034483,0.133620689655172,3492788.4976752,37965.0923660347,0.03134472410309,4.47349050881903,109480.491810075
"13103091005","13103",4771,132622,464,0.307584246275807,142.719090271975,92,0.247844827586207,0.286637931034483,0.133620689655172,3492788.4976752,37965.0923660347,0.0359744235496373,5.13423700206293,125651.052784669
"13103991999","13103",221,132622,464,0.307584246275807,142.719090271975,92,0.247844827586207,0.286637931034483,0.133620689655172,3492788.4976752,37965.0923660347,0.00166639019167257,0.237825692193651,5820.34849411273
"13104011001","13104",3349,126955,462,0.339245703882818,156.731515193862,132,0.205627705627706,0.326839826839827,0.214285714285714,5205880.27398654,39438.4869241404,0.0263794257807885,4.134487372567,137328.132311299
"13104011002","13104",3661,126955,462,0.339245703882818,156.731515193862,132,0.205627705627706,0.326839826839827,0.214285714285714,5205880.27398654,39438.4869241404,0.028836989484463,4.51966505552935,150121.914718323
"13104011003","13104",2199,126955,462,0.339245703882818,156.731515193862,132,0.205627705627706,0.326839826839827,0.214285714285714,5205880.27398654,39438.4869241404,0.0173210980268599,2.71476193857116,90171.5625418171
"13104021001","13104",1831,126955,462,0.339245703882818,156.731515193862,132,0.205627705627706,0.326839826839827,0.214285714285714,5205880.27398654,39438.4869241404,0.0144224331456028,2.2604497996925,75081.4602155831
"13104021002","13104",3909,126955,462,0.339245703882818,156.731515193862,132,0.205627705627706,0.326839826839827,0.214285714285714,5205880.27398654,39438.4869241404,0.0307904375566145,4.82583193173019,160291.331503394
"13104021003","13104",4126,126955,462,0.339245703882818,156.731515193862,132,0.205627705627706,0.326839826839827,0.214285714285714,5205880.27398654,39438.4869241404,0.0324997046197472,5.09372794840592,169189.571190331
"13104021004","13104",3941,126955,462,0.339245703882818,156.731515193862,132,0.205627705627706,0.326839826839827,0.214285714285714,5205880.27398654,39438.4869241404,0.031042495372376,4.86533733511094,161603.514314371
"13104031001","13104",4469,126955,462,0.339245703882818,156.731515193862,132,0.205627705627706,0.326839826839827,0.214285714285714,5205880.27398654,39438.4869241404,0.0352014493324406,5.51717649089338,183254.530695489
"13104031002","13104",4251,126955,462,0.339245703882818,156.731515193862,132,0.205627705627706,0.326839826839827,0.214285714285714,5205880.27398654,39438.4869241404,0.0334843054625655,5.24804593036199,174315.285295709
"13104031003","13104",2826,126955,462,0.339245703882818,156.731515193862,132,0.205627705627706,0.326839826839827,0.214285714285714,5205880.27398654,39438.4869241404,0.0222598558544366,3.48882093606281,115882.144494395
"13104031004","13104",2439,126955,462,0.339245703882818,156.731515193862,132,0.205627705627706,0.326839826839827,0.214285714285714,5205880.27398654,39438.4869241404,0.0192115316450711,3.01105246392682,100012.933624144
"13104031005","13104",2957,126955,462,0.339245703882818,156.731515193862,132,0.205627705627706,0.326839826839827,0.214285714285714,5205880.27398654,39438.4869241404,0.0232917175377102,3.65054618115277,121253.892876832
"13104041001","13104",3036,126955,462,0.339245703882818,156.731515193862,132,0.205627705627706,0.326839826839827,0.214285714285714,5205880.27398654,39438.4869241404,0.0239139852703714,3.748075145749,124493.344191431
"13104041002","13104",3800,126955,462,0.339245703882818,156.731515193862,132,0.205627705627706,0.326839826839827,0.214285714285714,5205880.27398654,39438.4869241404,0.029931865621677,4.6912666514645,155821.708803504
"13104041003","13104",2819,126955,462,0.339245703882818,156.731515193862,132,0.205627705627706,0.326839826839827,0.214285714285714,5205880.27398654,39438.4869241404,0.0222047182072388,3.48017912907327,115595.104504494
"13104041004","13104",2817,126955,462,0.339245703882818,156.731515193862,132,0.205627705627706,0.326839826839827,0.214285714285714,5205880.27398654,39438.4869241404,0.0221889645937537,3.47771004136197,115513.093078808
"13104051001","13104",2928,126955,462,0.339245703882818,156.731515193862,132,0.205627705627706,0.326839826839827,0.214285714285714,5205880.27398654,39438.4869241404,0.0230632901421764,3.61474440933896,120064.727204384
"13104051002","13104",3911,126955,462,0.339245703882818,156.731515193862,132,0.205627705627706,0.326839826839827,0.214285714285714,5205880.27398654,39438.4869241404,0.0308061911700996,4.82830101944149,160373.34292908
"13104051003","13104",2926,126955,462,0.339245703882818,156.731515193862,132,0.205627705627706,0.326839826839827,0.214285714285714,5205880.27398654,39438.4869241404,0.0230475365286913,3.61227532162766,119982.715778698
"13104051004","13104",3367,126955,462,0.339245703882818,156.731515193862,132,0.205627705627706,0.326839826839827,0.214285714285714,5205880.27398654,39438.4869241404,0.0265212083021543,4.15670916196867,138066.235142473
"13104051005","13104",3274,126955,462,0.339245703882818,156.731515193862,132,0.205627705627706,0.326839826839827,0.214285714285714,5205880.27398654,39438.4869241404,0.0257886652750975,4.04189658339336,134252.703848072
"13104051006","13104",5053,126955,462,0.339245703882818,156.731515193862,132,0.205627705627706,0.326839826839827,0.214285714285714,5205880.27398654,39438.4869241404,0.0398015044700878,6.23815010259213,207201.866995817
"13104061001","13104",3266,126955,462,0.339245703882818,156.731515193862,132,0.205627705627706,0.326839826839827,0.214285714285714,5205880.27398654,39438.4869241404,0.0257256508211571,4.03202023254817,133924.658145327
"13104061002","13104",3413,126955,462,0.339245703882818,156.731515193862,132,0.205627705627706,0.326839826839827,0.214285714285714,5205880.27398654,39438.4869241404,0.0268835414123114,4.21349817932851,139952.497933252
"13104061003","13104",2977,126955,462,0.339245703882818,156.731515193862,132,0.205627705627706,0.326839826839827,0.214285714285714,5205880.27398654,39438.4869241404,0.0234492536725611,3.67523705826574,122074.007133692
"13104071001","13104",12,126955,462,0.339245703882818,156.731515193862,132,0.205627705627706,0.326839826839827,0.214285714285714,5205880.27398654,39438.4869241404,9.45216809105589e-05,0.0148145262677826,492.068554116328
"13104071002","13104",3717,126955,462,0.339245703882818,156.731515193862,132,0.205627705627706,0.326839826839827,0.214285714285714,5205880.27398654,39438.4869241404,0.0292780906620456,4.58879951144567,152418.234637533
"13104071003","13104",1331,126955,462,0.339245703882818,156.731515193862,132,0.205627705627706,0.326839826839827,0.214285714285714,5205880.27398654,39438.4869241404,0.0104840297743295,1.64317787186822,54578.6037940694
"13104071004","13104",1579,126955,462,0.339245703882818,156.731515193862,132,0.205627705627706,0.326839826839827,0.214285714285714,5205880.27398654,39438.4869241404,0.012437477846481,1.94934474806906,64748.0205791402
"13104081001","13104",2521,126955,462,0.339245703882818,156.731515193862,132,0.205627705627706,0.326839826839827,0.214285714285714,5205880.27398654,39438.4869241404,0.0198574297979599,3.11228506009,103375.402077272
"13104081002","13104",3681,126955,462,0.339245703882818,156.731515193862,132,0.205627705627706,0.326839826839827,0.214285714285714,5205880.27398654,39438.4869241404,0.0289945256193139,4.54435593264232,150942.028975184
"13104081003","13104",2849,126955,462,0.339245703882818,156.731515193862,132,0.205627705627706,0.326839826839827,0.214285714285714,5205880.27398654,39438.4869241404,0.0224410224095152,3.51721544474272,116825.275889785
"13104081004","13104",4251,126955,462,0.339245703882818,156.731515193862,132,0.205627705627706,0.326839826839827,0.214285714285714,5205880.27398654,39438.4869241404,0.0334843054625655,5.24804593036199,174315.285295709
"13104091001","13104",5009,126955,462,0.339245703882818,156.731515193862,132,0.205627705627706,0.326839826839827,0.214285714285714,5205880.27398654,39438.4869241404,0.0394549249734158,6.18383017294359,205397.615630724
"13104091002","13104",3387,126955,462,0.339245703882818,156.731515193862,132,0.205627705627706,0.326839826839827,0.214285714285714,5205880.27398654,39438.4869241404,0.0266787444370052,4.18140003908164,138886.349399334
"13104091003","13104",3952,126955,462,0.339245703882818,156.731515193862,132,0.205627705627706,0.326839826839827,0.214285714285714,5205880.27398654,39438.4869241404,0.0311291402465441,4.87891731752308,162054.577155644
"13104101001","13104",3161,126955,462,0.339245703882818,156.731515193862,132,0.205627705627706,0.326839826839827,0.214285714285714,5205880.27398654,39438.4869241404,0.0248985861131897,3.90239312770507,129619.058296809
"13104101002","13104",4178,126955,462,0.339245703882818,156.731515193862,132,0.205627705627706,0.326839826839827,0.214285714285714,5205880.27398654,39438.4869241404,0.0329092985703596,5.15792422889965,171321.868258168
"13104101003","13104",3627,126955,462,0.339245703882818,156.731515193862,132,0.205627705627706,0.326839826839827,0.214285714285714,5205880.27398654,39438.4869241404,0.0285691780552164,4.4776905644373,148727.72048166
"13104991999","13104",155,126955,462,0.339245703882818,156.731515193862,132,0.205627705627706,0.326839826839827,0.214285714285714,5205880.27398654,39438.4869241404,0.00122090504509472,0.191354297625525,6355.88549066924
"13105011001","13105",2852,162505,658,0.334405450692269,220.038786555513,194,0.281155015197568,0.297872340425532,0.199088145896657,7276054.02037109,37505.4330946964,0.0175502292237162,3.86173114215761,127696.415901654
"13105011002","13105",5693,162505,658,0.334405450692269,220.038786555513,194,0.281155015197568,0.297872340425532,0.199088145896657,7276054.02037109,37505.4330946964,0.0350327682225162,7.70856780936301,254900.314070168
"13105011003","13105",525,162505,658,0.334405450692269,220.038786555513,194,0.281155015197568,0.297872340425532,0.199088145896657,7276054.02037109,37505.4330946964,0.00323066982554383,0.710872668174175,23506.5281726398
"13105011004","13105",3495,162505,658,0.334405450692269,220.038786555513,194,0.281155015197568,0.297872340425532,0.199088145896657,7276054.02037109,37505.4330946964,0.0215070305529061,4.73238090527379,156486.316120716
"13105011005","13105",7053,162505,658,0.334405450692269,220.038786555513,194,0.281155015197568,0.297872340425532,0.199088145896657,7276054.02037109,37505.4330946964,0.0434017414848774,9.55006653072849,315793.415622149
"13105021001","13105",3650,162505,658,0.334405450692269,220.038786555513,194,0.281155015197568,0.297872340425532,0.199088145896657,7276054.02037109,37505.4330946964,0.0224608473585428,4.94225759778236,163426.338724067
"13105021002","13105",4702,162505,658,0.334405450692269,220.038786555513,194,0.281155015197568,0.297872340425532,0.199088145896657,7276054.02037109,37505.4330946964,0.0289344943232516,6.36671102048566,210528.943748099
"13105021003","13105",3333,162505,658,0.334405450692269,220.038786555513,194,0.281155015197568,0.297872340425532,0.199088145896657,7276054.02037109,37505.4330946964,0.0205101381495954,4.5130259105229,149232.87314173
"13105031001","13105",3682,162505,658,0.334405450692269,220.038786555513,194,0.281155015197568,0.297872340425532,0.199088145896657,7276054.02037109,37505.4330946964,0.0226577643764807,4.98558697946155,164859.117584113
"13105031002","13105",1768,162505,658,0.334405450692269,220.038786555513,194,0.281155015197568,0.297872340425532,0.199088145896657,7276054.02037109,37505.4330946964,0.0108796652410695,2.39394833777513,79161.0320175754
"13105041001","13105",3448,162505,658,0.334405450692269,220.038786555513,194,0.281155015197568,0.297872340425532,0.199088145896657,7276054.02037109,37505.4330946964,0.0212178086828098,4.66874087593249,154381.922170023
"13105041002","13105",5058,162505,658,0.334405450692269,220.038786555513,194,0.281155015197568,0.297872340425532,0.199088145896657,7276054.02037109,37505.4330946964,0.0311251961478108,6.84875039166662,226468.608566118
"13105051001","13105",2557,162505,658,0.334405450692269,220.038786555513,194,0.281155015197568,0.297872340425532,0.199088145896657,7276054.02037109,37505.4330946964,0.0157349004646011,3.4622884048026,114487.9857856
"13105051002","13105",2862,162505,658,0.334405450692269,220.038786555513,194,0.281155015197568,0.297872340425532,0.199088145896657,7276054.02037109,37505.4330946964,0.0176117657918218,3.87527157393236,128144.159295419
"13105051003","13105",4052,162505,658,0.334405450692269,220.038786555513,194,0.281155015197568,0.297872340425532,0.199088145896657,7276054.02037109,37505.4330946964,0.0249346173963878,5.48658295512716,181425.623153402
"13105051004","13105",4140,162505,658,0.334405450692269,220.038786555513,194,0.281155015197568,0.297872340425532,0.199088145896657,7276054.02037109,37505.4330946964,0.0254761391957171,5.60573875474492,185365.765018531
"13105051005","13105",3977,162505,658,0.334405450692269,220.038786555513,194,0.281155015197568,0.297872340425532,0.199088145896657,7276054.02037109,37505.4330946964,0.0244730931355958,5.38502971681656,178067.547700168
"13105061001","13105",4275,162505,658,0.334405450692269,220.038786555513,194,0.281155015197568,0.297872340425532,0.199088145896657,7276054.02037109,37505.4330946964,0.0263068828651426,5.788534583704,191410.300834352
"13105061002","13105",3975,162505,658,0.334405450692269,220.038786555513,194,0.281155015197568,0.297872340425532,0.199088145896657,7276054.02037109,37505.4330946964,0.0244607858219747,5.38232163046161,177977.999021415
"13105061003","13105",4648,162505,658,0.334405450692269,220.038786555513,194,0.281155015197568,0.297872340425532,0.199088145896657,7276054.02037109,37505.4330946964,0.0286021968554814,6.29359268890203,208111.129421771
"13105061004","13105",5277,162505,658,0.334405450692269,220.038786555513,194,0.281155015197568,0.297872340425532,0.199088145896657,7276054.02037109,37505.4330946964,0.0324728469893234,7.14528584753356,236274.188889562
"13105061005","13105",5166,162505,658,0.334405450692269,220.038786555513,194,0.281155015197568,0.297872340425532,0.199088145896657,7276054.02037109,37505.4330946964,0.0317897910833513,6.99498705483388,231304.237218775
"13105071001","13105",4551,162505,658,0.334405450692269,220.038786555513,194,0.281155015197568,0.297872340425532,0.199088145896657,7276054.02037109,37505.4330946964,0.0280052921448571,6.16225050068699,203768.018502254
"13105071002","13105",4283,162505,658,0.334405450692269,220.038786555513,194,0.281155015197568,0.297872340425532,0.199088145896657,7276054.02037109,37505.4330946964,0.0263561121196271,5.79936692912379,191768.495549364
"13105071003","13105",3901,162505,658,0.334405450692269,220.038786555513,194,0.281155015197568,0.297872340425532,0.199088145896657,7276054.02037109,37505.4330946964,0.0240054152179933,5.28212243532849,174664.697907558
"13105071004","13105",4616,162505,658,0.334405450692269,220.038786555513,194,0.281155015197568,0.297872340425532,0.199088145896657,7276054.02037109,37505.4330946964,0.0284052798375435,6.25026330722284,206678.350561724
"13105071005","13105",3630,162505,658,0.334405450692269,220.038786555513,194,0.281155015197568,0.297872340425532,0.199088145896657,7276054.02037109,37505.4330946964,0.0223377742223316,4.91517673423287,162530.851936538
"13105081001","13105",2762,162505,658,0.334405450692269,220.038786555513,194,0.281155015197568,0.297872340425532,0.199088145896657,7276054.02037109,37505.4330946964,0.0169964001107658,3.7398672561849,123666.725357773
"13105081002","13105",3636,162505,658,0.334405450692269,220.038786555513,194,0.281155015197568,0.297872340425532,0.199088145896657,7276054.02037109,37505.4330946964,0.022374696163195,4.92330099329771,162799.497972796
"13105081003","13105",4696,162505,658,0.334405450692269,220.038786555513,194,0.281155015197568,0.297872340425532,0.199088145896657,7276054.02037109,37505.4330946964,0.0288975723823882,6.35858676142081,210260.297711841
"13105081004","13105",5442,162505,658,0.334405450692269,220.038786555513,194,0.281155015197568,0.297872340425532,0.199088145896657,7276054.02037109,37505.4330946964,0.0334882003630658,7.36870297181688,243661.954886677
"13105081005","13105",4957,162505,658,0.334405450692269,220.038786555513,194,0.281155015197568,0.297872340425532,0.199088145896657,7276054.02037109,37505.4330946964,0.0305036768099443,6.71199203074169,221946.400289096
"13105091001","13105",3935,162505,658,0.334405450692269,220.038786555513,194,0.281155015197568,0.297872340425532,0.199088145896657,7276054.02037109,37505.4330946964,0.0242146395495523,5.32815990336263,176187.025446357
"13105091002","13105",5386,162505,658,0.334405450692269,220.038786555513,194,0.281155015197568,0.297872340425532,0.199088145896657,7276054.02037109,37505.4330946964,0.0331435955816744,7.2928765538783,241154.591881596
"13105091003","13105",4352,162505,658,0.334405450692269,220.038786555513,194,0.281155015197568,0.297872340425532,0.199088145896657,7276054.02037109,37505.4330946964,0.0267807144395557,5.89279590836954,194857.924966339
"13105091004","13105",3027,162505,658,0.334405450692269,220.038786555513,194,0.281155015197568,0.297872340425532,0.199088145896657,7276054.02037109,37505.4330946964,0.0186271191655641,4.09868869821567,135531.925292534
"13105101001","13105",5091,162505,658,0.334405450692269,220.038786555513,194,0.281155015197568,0.297872340425532,0.199088145896657,7276054.02037109,37505.4330946964,0.0313282668225593,6.89343381652328,227946.161765541
"13105101002","13105",6389,162505,658,0.334405450692269,220.038786555513,194,0.281155015197568,0.297872340425532,0.199088145896657,7276054.02037109,37505.4330946964,0.0393157133626658,8.65098186088534,286063.254276182
"13105101003","13105",5573,162505,658,0.334405450692269,220.038786555513,194,0.281155015197568,0.297872340425532,0.199088145896657,7276054.02037109,37505.4330946964,0.0342943294052491,7.54608262806605,249527.393344993
"13105991999","13105",90,162505,658,0.334405450692269,220.038786555513,194,0.281155015197568,0.297872340425532,0.199088145896657,7276054.02037109,37505.4330946964,0.000553829112950371,0.121863885972716,4029.6905438811
"13106011001","13106",1676,147041,724,0.360731453085618,261.169572033987,266,0.25,0.25,0.273480662983425,11772761.2489646,44258.5009359573,0.0113981814595929,2.97685817376761,134188.068996163
"13106021001","13106",1738,147041,724,0.360731453085618,261.169572033987,266,0.25,0.25,0.273480662983425,11772761.2489646,44258.5009359573,0.0118198325637067,3.08698061217667,139152.066775257
"13106021002","13106",1753,147041,724,0.360731453085618,261.169572033987,266,0.25,0.25,0.273480662983425,11772761.2489646,44258.5009359573,0.0119218449276052,3.11362313759822,140353.033979877
"13106031001","13106",2951,147041,724,0.360731453085618,261.169572033987,266,0.25,0.25,0.273480662983425,11772761.2489646,44258.5009359573,0.0200692323909658,5.24147283459917,236270.281388828
"13106031002","13106",2175,147041,724,0.360731453085618,261.169572033987,266,0.25,0.25,0.273480662983425,11772761.2489646,44258.5009359573,0.0147917927652832,3.86316618612443,174140.244669841
"13106031003","13106",2545,147041,724,0.360731453085618,261.169572033987,266,0.25,0.25,0.273480662983425,11772761.2489646,44258.5009359573,0.0173080977414463,4.52034847985594,203764.102383791
"13106041001","13106",5707,147041,724,0.360731453085618,261.169572033987,266,0.25,0.25,0.273480662983425,11772761.2489646,44258.5009359573,0.038812304051251,10.1365928387182,456927.989117601
"13106041002","13106",6001,147041,724,0.360731453085618,261.169572033987,266,0.25,0.25,0.273480662983425,11772761.2489646,44258.5009359573,0.0408117463836617,10.6587863369806,480466.946328145
"13106051001","13106",3138,147041,724,0.360731453085618,261.169572033987,266,0.25,0.25,0.273480662983425,11772761.2489646,44258.5009359573,0.0213409865275671,5.5736163181878,251242.339206419
"13106051002","13106",1868,147041,724,0.360731453085618,261.169572033987,266,0.25,0.25,0.273480662983425,11772761.2489646,44258.5009359573,0.0127039397174938,3.31788249916342,149560.449215293
"13106051003","13106",2703,147041,724,0.360731453085618,261.169572033987,266,0.25,0.25,0.273480662983425,11772761.2489646,44258.5009359573,0.0183826279745105,4.80098308096291,216414.290272451
"13106061001","13106",1772,147041,724,0.360731453085618,261.169572033987,266,0.25,0.25,0.273480662983425,11772761.2489646,44258.5009359573,0.0120510605885433,3.14737033646551,141874.259105728
"13106061002","13106",4868,147041,724,0.360731453085618,261.169572033987,266,0.25,0.25,0.273480662983425,11772761.2489646,44258.5009359573,0.0331064124971947,8.64638758347298,389753.890139212
"13106061003","13106",3531,147041,724,0.360731453085618,261.169572033987,266,0.25,0.25,0.273480662983425,11772761.2489646,44258.5009359573,0.024013710461708,6.27165048423235,282707.679967452
"13106061004","13106",1593,147041,724,0.360731453085618,261.169572033987,266,0.25,0.25,0.273480662983425,11772761.2489646,44258.5009359573,0.0108337130460212,2.82943619976838,127542.717130601
"13106071001","13106",2613,147041,724,0.360731453085618,261.169572033987,266,0.25,0.25,0.273480662983425,11772761.2489646,44258.5009359573,0.0177705537911195,4.64112792843362,209208.487044733
"13106071002","13106",4827,147041,724,0.360731453085618,261.169572033987,266,0.25,0.25,0.273480662983425,11772761.2489646,44258.5009359573,0.0328275787025387,8.57356468065408,386471.246446585
"13106071003","13106",5606,147041,724,0.360731453085618,261.169572033987,266,0.25,0.25,0.273480662983425,11772761.2489646,44258.5009359573,0.0381254208010011,9.95719983421312,448841.476606496
"13106081001","13106",3198,147041,724,0.360731453085618,261.169572033987,266,0.25,0.25,0.273480662983425,11772761.2489646,44258.5009359573,0.0217490359831612,5.68018641987399,256046.208024897
"13106081002","13106",2327,147041,724,0.360731453085618,261.169572033987,266,0.25,0.25,0.273480662983425,11772761.2489646,44258.5009359573,0.015825518052788,4.13314377706278,186310.045676653
"13106081003","13106",4132,147041,724,0.360731453085618,261.169572033987,266,0.25,0.25,0.273480662983425,11772761.2489646,44258.5009359573,0.028101005841908,7.3391276694557,330826.432632544
"13106081004","13106",2199,147041,724,0.360731453085618,261.169572033987,266,0.25,0.25,0.273480662983425,11772761.2489646,44258.5009359573,0.0149550125475208,3.90579422679891,176061.792197232
"13106081005","13106",4834,147041,724,0.360731453085618,261.169572033987,266,0.25,0.25,0.273480662983425,11772761.2489646,44258.5009359573,0.0328751844723581,8.58599785918413,387031.697808741
"13106081006","13106",2139,147041,724,0.360731453085618,261.169572033987,266,0.25,0.25,0.273480662983425,11772761.2489646,44258.5009359573,0.0145469630919267,3.79922412511271,171257.923378754
"13106091001","13106",2737,147041,724,0.360731453085618,261.169572033987,266,0.25,0.25,0.273480662983425,11772761.2489646,44258.5009359573,0.0186138559993471,4.86137280525175,219136.482602922
"13106091002","13106",2637,147041,724,0.360731453085618,261.169572033987,266,0.25,0.25,0.273480662983425,11772761.2489646,44258.5009359573,0.0179337735733571,4.6837559691081,211130.034572125
"13106101001","13106",3871,147041,724,0.360731453085618,261.169572033987,266,0.25,0.25,0.273480662983425,11772761.2489646,44258.5009359573,0.0263259907100741,6.87554772712077,309929.603272163
"13106101002","13106",3147,147041,724,0.360731453085618,261.169572033987,266,0.25,0.25,0.273480662983425,11772761.2489646,44258.5009359573,0.0214021939459062,5.58960183344073,251962.919529191
"13106101003","13106",5016,147041,724,0.360731453085618,261.169572033987,266,0.25,0.25,0.273480662983425,11772761.2489646,44258.5009359573,0.0341129344876599,8.90926050096558,401603.433224792
"13106101004","13106",4744,147041,724,0.360731453085618,261.169572033987,266,0.25,0.25,0.273480662983425,11772761.2489646,44258.5009359573,0.032263110288967,8.42614270665485,379825.894581023
"13106101005","13106",3377,147041,724,0.360731453085618,261.169572033987,266,0.25,0.25,0.273480662983425,11772761.2489646,44258.5009359573,0.0229663835256833,5.99812055657113,270377.750000025
"13106111001","13106",1473,147041,724,0.360731453085618,261.169572033987,266,0.25,0.25,0.273480662983425,11772761.2489646,44258.5009359573,0.0100176141348331,2.61629599639599,117934.979493644
"13106111002","13106",3293,147041,724,0.360731453085618,261.169572033987,266,0.25,0.25,0.273480662983425,11772761.2489646,44258.5009359573,0.0223951142878517,5.84892241421046,263652.333654155
"13106111003","13106",2745,147041,724,0.360731453085618,261.169572033987,266,0.25,0.25,0.273480662983425,11772761.2489646,44258.5009359573,0.0186682625934263,4.87558215214325,219776.998445386
"13106111004","13106",2920,147041,724,0.360731453085618,261.169572033987,266,0.25,0.25,0.273480662983425,11772761.2489646,44258.5009359573,0.0198584068389089,5.18641161539464,233788.282499281
"13106121001","13106",3444,147041,724,0.360731453085618,261.169572033987,266,0.25,0.25,0.273480662983425,11772761.2489646,44258.5009359573,0.0234220387510966,6.11712383678737,275742.070180659
"13106121002","13106",2846,147041,724,0.360731453085618,261.169572033987,266,0.25,0.25,0.273480662983425,11772761.2489646,44258.5009359573,0.0193551458436763,5.05497515664833,227863.510956491
"13106131001","13106",2153,147041,724,0.360731453085618,261.169572033987,266,0.25,0.25,0.273480662983425,11772761.2489646,44258.5009359573,0.0146421746315653,3.82409048217283,172378.826103066
"13106131002","13106",4662,147041,724,0.360731453085618,261.169572033987,266,0.25,0.25,0.273480662983425,11772761.2489646,44258.5009359573,0.0317054426996552,8.28049690101705,373260.60719577
"13106131003","13106",4573,147041,724,0.360731453085618,261.169572033987,266,0.25,0.25,0.273480662983425,11772761.2489646,44258.5009359573,0.0311001693405241,8.1224179168492,366134.86844836
"13106131004","13106",1430,147041,724,0.360731453085618,261.169572033987,266,0.25,0.25,0.273480662983425,11772761.2489646,44258.5009359573,0.00972517869165743,2.53992075685422,114492.206840401
"13106141001","13106",4740,147041,724,0.360731453085618,261.169572033987,266,0.25,0.25,0.273480662983425,11772761.2489646,44258.5009359573,0.0322359069919274,8.4190380332091,379505.636659792
"13106141002","13106",5107,147041,724,0.360731453085618,261.169572033987,266,0.25,0.25,0.273480662983425,11772761.2489646,44258.5009359573,0.0347318094953108,9.0708918218563,408889.300932818
"13106991999","13106",6232,147041,724,0.360731453085618,261.169572033987,266,0.25,0.25,0.273480662983425,11772761.2489646,44258.5009359573,0.0423827367876987,11.0690812284724,498961.841279287
"13107011001","13107",3312,98671,429,0.371211345657057,159.249667286878,160,0.286713286713287,0.305361305361305,0.261072261072261,8918296.36745464,55739.3522965915,0.0335660933810339,5.34538920304992,299352.368669718
"13107011002","13107",3372,98671,429,0.371211345657057,159.249667286878,160,0.286713286713287,0.305361305361305,0.261072261072261,8918296.36745464,55739.3522965915,0.0341741747828643,5.44222596397473,304775.418826779
"13107011003","13107",5516,98671,429,0.371211345657057,159.249667286878,160,0.286713286713287,0.305361305361305,0.261072261072261,8918296.36745464,55739.3522965915,0.0559029502082679,8.90252622102154,498559.077772393
"13107011004","13107",5032,98671,429,0.371211345657057,159.249667286878,160,0.286713286713287,0.305361305361305,0.261072261072261,8918296.36745464,55739.3522965915,0.0509977602335033,8.12137634956135,454813.139838775
"13107011005","13107",5572,98671,429,0.371211345657057,159.249667286878,160,0.286713286713287,0.305361305361305,0.261072261072261,8918296.36745464,55739.3522965915,0.0564704928499762,8.9929071978847,503620.591252316
"13107011006","13107",5087,98671,429,0.371211345657057,159.249667286878,160,0.286713286713287,0.305361305361305,0.261072261072261,8918296.36745464,55739.3522965915,0.0515551681851811,8.2101433804091,459784.269149413
"13107011007","13107",4464,98671,429,0.371211345657057,159.249667286878,160,0.286713286713287,0.305361305361305,0.261072261072261,8918296.36745464,55739.3522965915,0.0452412562961762,7.20465501280641,403474.931685273
"13107011008","13107",7039,98671,429,0.371211345657057,159.249667286878,160,0.286713286713287,0.305361305361305,0.261072261072261,8918296.36745464,55739.3522965915,0.0713380831247276,11.3605660024965,636214.167592436
"13107011009","13107",5164,98671,429,0.371211345657057,159.249667286878,160,0.286713286713287,0.305361305361305,0.261072261072261,8918296.36745464,55739.3522965915,0.05233553931753,8.33441722359595,466743.850184307
"13107011010","13107",6333,98671,429,0.371211345657057,159.249667286878,160,0.286713286713287,0.305361305361305,0.261072261072261,8918296.36745464,55739.3522965915,0.0641829919631908,10.2211201156145,572402.944077695
"13107021001","13107",3457,98671,429,0.371211345657057,159.249667286878,160,0.286713286713287,0.305361305361305,0.261072261072261,8918296.36745464,55739.3522965915,0.0350356234354572,5.57941137528489,312458.073215947
"13107021002","13107",5352,98671,429,0.371211345657057,159.249667286878,160,0.286713286713287,0.305361305361305,0.261072261072261,8918296.36745464,55739.3522965915,0.054240861043265,8.63783907449371,483736.074009762
"13107021003","13107",7074,98671,429,0.371211345657057,159.249667286878,160,0.286713286713287,0.305361305361305,0.261072261072261,8918296.36745464,55739.3522965915,0.0716927972757953,11.417054113036,639377.613517388
"13107022001","13107",53,98671,429,0.371211345657057,159.249667286878,160,0.286713286713287,0.305361305361305,0.261072261072261,8918296.36745464,55739.3522965915,0.000537138571616787,0.085539138816922,4790.36097206977
"13107031001","13107",3986,98671,429,0.371211345657057,159.249667286878,160,0.286713286713287,0.305361305361305,0.261072261072261,8918296.36745464,55739.3522965915,0.0403968744615946,6.4331888174387,360271.29876736
"13107031002","13107",5832,98671,429,0.371211345657057,159.249667286878,160,0.286713286713287,0.305361305361305,0.261072261072261,8918296.36745464,55739.3522965915,0.0591055122579076,9.41253316189225,527120.475266243
"13107031003","13107",214,98671,429,0.371211345657057,159.249667286878,160,0.286713286713287,0.305361305361305,0.261072261072261,8918296.36745464,55739.3522965915,0.00216882366652816,0.345384447298515,19342.2122268477
"13107032901","13107",46,98671,429,0.371211345657057,159.249667286878,160,0.286713286713287,0.305361305361305,0.261072261072261,8918296.36745464,55739.3522965915,0.000466195741403249,0.0742415167090266,4157.67178707942
"13107041001","13107",3864,98671,429,0.371211345657057,159.249667286878,160,0.286713286713287,0.305361305361305,0.261072261072261,8918296.36745464,55739.3522965915,0.0391604422778729,6.23628740355824,349244.430114671
"13107041002","13107",3210,98671,429,0.371211345657057,159.249667286878,160,0.286713286713287,0.305361305361305,0.261072261072261,8918296.36745464,55739.3522965915,0.0325323549979224,5.18076670947773,290133.183402716
"13107041003","13107",6381,98671,429,0.371211345657057,159.249667286878,160,0.286713286713287,0.305361305361305,0.261072261072261,8918296.36745464,55739.3522965915,0.0646694570846551,10.2985895243543,576741.384203343
"13107051001","13107",3532,98671,429,0.371211345657057,159.249667286878,160,0.286713286713287,0.305361305361305,0.261072261072261,8918296.36745464,55739.3522965915,0.0357957251877451,5.70045732644091,319236.885912272
"13107061001","13107",4707,98671,429,0.371211345657057,159.249667286878,160,0.286713286713287,0.305361305361305,0.261072261072261,8918296.36745464,55739.3522965915,0.047703985973589,7.59684389455192,425438.284821366
"13107991999","13107",72,98671,429,0.371211345657057,159.249667286878,160,0.286713286713287,0.305361305361305,0.261072261072261,8918296.36745464,55739.3522965915,0.00072969768219639,0.116204113109781,6507.66018847214
"13108011001","13108",3193,100281,428,0.380578394255289,162.887552741264,198,0.329439252336449,0.205607476635514,0.33411214953271,8073730.33690945,40776.415842977,0.0318405281159941,5.18642570280367,257071.83779332
"13108011002","13108",2604,100281,428,0.380578394255289,162.887552741264,198,0.329439252336449,0.205607476635514,0.33411214953271,8073730.33690945,40776.415842977,0.0259670326382864,4.229706398403,209650.819171251
"13108011003","13108",5789,100281,428,0.380578394255289,162.887552741264,198,0.329439252336449,0.205607476635514,0.33411214953271,8073730.33690945,40776.415842977,0.0577277849243625,9.40313761150343,466078.56842641
"13108011004","13108",5169,100281,428,0.380578394255289,162.887552741264,198,0.329439252336449,0.205607476635514,0.33411214953271,8073730.33690945,40776.415842977,0.0515451581057229,8.39606465950272,416161.706718969
"13108011005","13108",6231,100281,428,0.380578394255289,162.887552741264,198,0.329439252336449,0.205607476635514,0.33411214953271,8073730.33690945,40776.415842977,0.0621353995273282,10.1210831676072,501664.460159779
"13108021001","13108",2658,100281,428,0.380578394255289,162.887552741264,198,0.329439252336449,0.205607476635514,0.33411214953271,8073730.33690945,40776.415842977,0.0265055194902324,4.31741920389983,213998.416803834
"13108021002","13108",2721,100281,428,0.380578394255289,162.887552741264,198,0.329439252336449,0.205607476635514,0.33411214953271,8073730.33690945,40776.415842977,0.0271337541508362,4.41975081031281,219070.614041849
"13108021003","13108",3723,100281,428,0.380578394255289,162.887552741264,198,0.329439252336449,0.205607476635514,0.33411214953271,8073730.33690945,40776.415842977,0.037125676848057,6.04731064564299,299742.703446454
"13108021004","13108",4866,100281,428,0.380578394255289,162.887552741264,198,0.329439252336449,0.205607476635514,0.33411214953271,8073730.33690945,40776.415842977,0.0485236485475813,7.90389836199269,391766.853336139
"13108021005","13108",3263,100281,428,0.380578394255289,162.887552741264,198,0.329439252336449,0.205607476635514,0.33411214953271,8073730.33690945,40776.415842977,0.0325385666277759,5.30012748770698,262707.612502224
"13108031001","13108",2375,100281,428,0.380578394255289,162.887552741264,198,0.329439252336449,0.205607476635514,0.33411214953271,8073730.33690945,40776.415842977,0.0236834495068857,3.85773913064789,191213.784766406
"13108031002","13108",3092,100281,428,0.380578394255289,162.887552741264,198,0.329439252336449,0.205607476635514,0.33411214953271,8073730.33690945,40776.415842977,0.0308333582632802,5.02237027030033,248940.219999043
"13108031003","13108",3494,100281,428,0.380578394255289,162.887552741264,198,0.329439252336449,0.205607476635514,0.33411214953271,8073730.33690945,40776.415842977,0.0348420937166562,5.67534337788789,281305.669041609
"13108031004","13108",2835,100281,428,0.380578394255289,162.887552741264,198,0.329439252336449,0.205607476635514,0.33411214953271,8073730.33690945,40776.415842977,0.0282705597271667,4.60492228858391,228248.875710636
"13108031005","13108",4721,100281,428,0.380578394255289,162.887552741264,198,0.329439252336449,0.205607476635514,0.33411214953271,8073730.33690945,40776.415842977,0.0470777116303188,7.66837323612156,380092.74858198
"13108041001","13108",1919,100281,428,0.380578394255289,162.887552741264,198,0.329439252336449,0.205607476635514,0.33411214953271,8073730.33690945,40776.415842977,0.0191362272015636,3.1170532175635,154500.738091256
"13108041002","13108",5689,100281,428,0.380578394255289,162.887552741264,198,0.329439252336449,0.205607476635514,0.33411214953271,8073730.33690945,40776.415842977,0.0567305870503884,9.24070649021299,458027.461699403
"13108051001","13108",1739,100281,428,0.380578394255289,162.887552741264,198,0.329439252336449,0.205607476635514,0.33411214953271,8073730.33690945,40776.415842977,0.0173412710284102,2.82467719924071,140008.745982644
"13108051002","13108",2018,100281,428,0.380578394255289,162.887552741264,198,0.329439252336449,0.205607476635514,0.33411214953271,8073730.33690945,40776.415842977,0.020123453096798,3.27786002764103,162471.333750992
"13108051003","13108",5617,100281,428,0.380578394255289,162.887552741264,198,0.329439252336449,0.205607476635514,0.33411214953271,8073730.33690945,40776.415842977,0.056012604581127,9.12375608288388,452230.664855959
"13108051004","13108",1515,100281,428,0.380578394255289,162.887552741264,198,0.329439252336449,0.205607476635514,0.33411214953271,8073730.33690945,40776.415842977,0.0151075477907081,2.46083148755013,121974.266914149
"13108051005","13108",6769,100281,428,0.380578394255289,162.887552741264,198,0.329439252336449,0.205607476635514,0.33411214953271,8073730.33690945,40776.415842977,0.067500324089309,10.9949626001497,544979.414351074
"13108061001","13108",5167,100281,428,0.380578394255289,162.887552741264,198,0.329439252336449,0.205607476635514,0.33411214953271,8073730.33690945,40776.415842977,0.0515252141482434,8.39281603707691,416000.684584429
"13108061002","13108",7802,100281,428,0.380578394255289,162.887552741264,198,0.329439252336449,0.205607476635514,0.33411214953271,8073730.33690945,40776.415842977,0.0778013781274618,12.6728760830799,628147.346841052
"13108071001","13108",3478,100281,428,0.380578394255289,162.887552741264,198,0.329439252336449,0.205607476635514,0.33411214953271,8073730.33690945,40776.415842977,0.0346825420568203,5.64935439848142,280017.491965288
"13108071002","13108",1612,100281,428,0.380578394255289,162.887552741264,198,0.329439252336449,0.205607476635514,0.33411214953271,8073730.33690945,40776.415842977,0.016074829728463,2.61838967520185,129783.840439346
"13108991999","13108",222,100281,428,0.380578394255289,162.887552741264,198,0.329439252336449,0.205607476635514,0.33411214953271,8073730.33690945,40776.415842977,0.00221377928022257,0.360597089264772,17873.4569339546
"13109011001","13109",3616,90119,372,0.391203180750278,145.527583239103,171,0.241935483870968,0.290322580645161,0.314516129032258,7419483.94857365,43388.7950208985,0.0401247239760761,5.83925410837446,297704.745481445
"13109011002","13109",5167,90119,372,0.391203180750278,145.527583239103,171,0.241935483870968,0.290322580645161,0.314516129032258,7419483.94857365,43388.7950208985,0.0573353011018764,8.34386780364238,425398.346212009
"13109011003","13109",4003,90119,372,0.391203180750278,145.527583239103,171,0.241935483870968,0.290322580645161,0.314516129032258,7419483.94857365,43388.7950208985,0.0444190459281617,6.46419640371211,329566.398274951
"13109011004","13109",3776,90119,372,0.391203180750278,145.527583239103,171,0.241935483870968,0.290322580645161,0.314516129032258,7419483.94857365,43388.7950208985,0.0419001542405042,6.09762818396625,310877.521830181
"13109021001","13109",3473,90119,372,0.391203180750278,145.527583239103,171,0.241935483870968,0.290322580645161,0.314516129032258,7419483.94857365,43388.7950208985,0.0385379331772434,5.6083322783143,285931.576619761
"13109021002","13109",3609,90119,372,0.391203180750278,145.527583239103,171,0.241935483870968,0.290322580645161,0.314516129032258,7419483.94857365,43388.7950208985,0.0400470489020073,5.82795024256732,297128.436516187
"13109021003","13109",3104,90119,372,0.391203180750278,145.527583239103,171,0.241935483870968,0.290322580645161,0.314516129032258,7419483.94857365,43388.7950208985,0.034443347129906,5.01245706648073,255551.861165488
"13109021004","13109",3785,90119,372,0.391203180750278,145.527583239103,171,0.241935483870968,0.290322580645161,0.314516129032258,7419483.94857365,43388.7950208985,0.0420000221928783,6.11216172571829,311618.490499798
"13109021005","13109",2226,90119,372,0.391203180750278,145.527583239103,171,0.241935483870968,0.290322580645161,0.314516129032258,7419483.94857365,43388.7950208985,0.0247006735538566,3.59462932667078,183266.250951796
"13109031001","13109",4993,90119,372,0.391203180750278,145.527583239103,171,0.241935483870968,0.290322580645161,0.314516129032258,7419483.94857365,43388.7950208985,0.0554045206893108,8.06288599643631,411072.951932758
"13109031002","13109",5428,90119,372,0.391203180750278,145.527583239103,171,0.241935483870968,0.290322580645161,0.314516129032258,7419483.94857365,43388.7950208985,0.0602314717207248,8.76534051445149,446886.437630885
"13109031003","13109",5430,90119,372,0.391203180750278,145.527583239103,171,0.241935483870968,0.290322580645161,0.314516129032258,7419483.94857365,43388.7950208985,0.0602536645990302,8.76857019039639,447051.097335245
"13109041001","13109",3500,90119,372,0.391203180750278,145.527583239103,171,0.241935483870968,0.290322580645161,0.314516129032258,7419483.94857365,43388.7950208985,0.0388375370343657,5.65193290357041,288154.482628611
"13109041002","13109",4374,90119,372,0.391203180750278,145.527583239103,171,0.241935483870968,0.290322580645161,0.314516129032258,7419483.94857365,43388.7950208985,0.0485358248538044,7.06330129149057,360110.773433584
"13109041003","13109",2768,90119,372,0.391203180750278,145.527583239103,171,0.241935483870968,0.290322580645161,0.314516129032258,7419483.94857365,43388.7950208985,0.0307149435746069,4.46987150773797,227889.030833141
"13109041004","13109",3015,90119,372,0.391203180750278,145.527583239103,171,0.241935483870968,0.290322580645161,0.314516129032258,7419483.94857365,43388.7950208985,0.0334557640453179,4.8687364869328,248224.504321503
"13109051001","13109",5036,90119,372,0.391203180750278,145.527583239103,171,0.241935483870968,0.290322580645161,0.314516129032258,7419483.94857365,43388.7950208985,0.0558816675728759,8.1323240292516,414613.135576481
"13109051002","13109",3698,90119,372,0.391203180750278,145.527583239103,171,0.241935483870968,0.290322580645161,0.314516129032258,7419483.94857365,43388.7950208985,0.0410346319865955,5.97167082211525,304455.793360172
"13109051003","13109",3814,90119,372,0.391203180750278,145.527583239103,171,0.241935483870968,0.290322580645161,0.314516129032258,7419483.94857365,43388.7950208985,0.0423218189283059,6.1589920269193,314006.056213006
"13109061001","13109",4047,90119,372,0.391203180750278,145.527583239103,171,0.241935483870968,0.290322580645161,0.314516129032258,7419483.94857365,43388.7950208985,0.0449072892508794,6.53524927449985,333188.911770854
"13109061002","13109",5848,90119,372,0.391203180750278,145.527583239103,171,0.241935483870968,0.290322580645161,0.314516129032258,7419483.94857365,43388.7950208985,0.0648919761648487,9.44357246287994,481464.975546319
"13109061003","13109",3134,90119,372,0.391203180750278,145.527583239103,171,0.241935483870968,0.290322580645161,0.314516129032258,7419483.94857365,43388.7950208985,0.0347762403044863,5.06090220565419,258021.756730876
"13109061004","13109",2045,90119,372,0.391203180750278,145.527583239103,171,0.241935483870968,0.290322580645161,0.314516129032258,7419483.94857365,43388.7950208985,0.0226922180672222,3.30234365365757,168364.547707288
"13109991999","13109",230,90119,372,0.391203180750278,145.527583239103,171,0.241935483870968,0.290322580645161,0.314516129032258,7419483.94857365,43388.7950208985,0.00255218100511546,0.371412733663199,18935.8660013087
"13110011001","13110",4616,366916,1614,0.391462582871543,631.82060875467,709,0.233581164807931,0.289343246592317,0.325898389095415,33694783.5542884,47524.3773685309,0.0125805361445126,7.9486420052861,423898.442386255
"13110011002","13110",2340,366916,1614,0.391462582871543,631.82060875467,709,0.233581164807931,0.289343246592317,0.325898389095415,33694783.5542884,47524.3773685309,0.00637748149440199,4.0294242401147,214887.858575355
"13110011003","13110",4000,366916,1614,0.391462582871543,631.82060875467,709,0.233581164807931,0.289343246592317,0.325898389095415,33694783.5542884,47524.3773685309,0.0109016777682085,6.88790468395676,367329.672778384
"13110011004","13110",1119,366916,1614,0.391462582871543,631.82060875467,709,0.233581164807931,0.289343246592317,0.325898389095415,33694783.5542884,47524.3773685309,0.00304974435565634,1.9268913353369,102760.475959753
"13110011005","13110",3081,366916,1614,0.391462582871543,631.82060875467,709,0.233581164807931,0.289343246592317,0.325898389095415,33694783.5542884,47524.3773685309,0.00839701730096262,5.30540858281769,282935.68045755
"13110021001","13110",2928,366916,1614,0.391462582871543,631.82060875467,709,0.233581164807931,0.289343246592317,0.325898389095415,33694783.5542884,47524.3773685309,0.00798002812632864,5.04194622865635,268885.320473777
"13110021002","13110",2554,366916,1614,0.391462582871543,631.82060875467,709,0.233581164807931,0.289343246592317,0.325898389095415,33694783.5542884,47524.3773685309,0.00696072125500114,4.39792714070639,234539.996068998
"13110021003","13110",799,366916,1614,0.391462582871543,631.82060875467,709,0.233581164807931,0.289343246592317,0.325898389095415,33694783.5542884,47524.3773685309,0.00217761013419965,1.37585896062036,73374.1021374822
"13110021004","13110",1833,366916,1614,0.391462582871543,631.82060875467,709,0.233581164807931,0.289343246592317,0.325898389095415,33694783.5542884,47524.3773685309,0.00499569383728156,3.15638232142319,168328.822550694
"13110021005","13110",2436,366916,1614,0.391462582871543,631.82060875467,709,0.233581164807931,0.289343246592317,0.325898389095415,33694783.5542884,47524.3773685309,0.00663912176083899,4.19473395252967,223703.770722036
"13110021006","13110",5829,366916,1614,0.391462582871543,631.82060875467,709,0.233581164807931,0.289343246592317,0.325898389095415,33694783.5542884,47524.3773685309,0.0158864699277219,10.037399100696,535291.1656563
"13110031001","13110",3228,366916,1614,0.391462582871543,631.82060875467,709,0.233581164807931,0.289343246592317,0.325898389095415,33694783.5542884,47524.3773685309,0.00879765395894428,5.55853907995311,296435.045932156
"13110031002","13110",2897,366916,1614,0.391462582871543,631.82060875467,709,0.233581164807931,0.289343246592317,0.325898389095415,33694783.5542884,47524.3773685309,0.00789554012362503,4.98856496735568,266038.515509745
"13110031003","13110",3332,366916,1614,0.391462582871543,631.82060875467,709,0.233581164807931,0.289343246592317,0.325898389095415,33694783.5542884,47524.3773685309,0.0090810975809177,5.73762460173598,305985.617424394
"13110031004","13110",3762,366916,1614,0.391462582871543,631.82060875467,709,0.233581164807931,0.289343246592317,0.325898389095415,33694783.5542884,47524.3773685309,0.0102530279410001,6.47807435526133,345473.55724807
"13110031005","13110",3453,366916,1614,0.391462582871543,631.82060875467,709,0.233581164807931,0.289343246592317,0.325898389095415,33694783.5542884,47524.3773685309,0.00941087333340601,5.94598371842567,317097.34002594
"13110031006","13110",2840,366916,1614,0.391462582871543,631.82060875467,709,0.233581164807931,0.289343246592317,0.325898389095415,33694783.5542884,47524.3773685309,0.00774019121542805,4.8904123256093,260804.067672653
"13110031007","13110",2062,366916,1614,0.391462582871543,631.82060875467,709,0.233581164807931,0.289343246592317,0.325898389095415,33694783.5542884,47524.3773685309,0.0056198148895115,3.55071486457971,189358.446317257
"13110041001","13110",4220,366916,1614,0.391462582871543,631.82060875467,709,0.233581164807931,0.289343246592317,0.325898389095415,33694783.5542884,47524.3773685309,0.01150127004546,7.26673944157438,387532.804781195
"13110041002","13110",3826,366916,1614,0.391462582871543,631.82060875467,709,0.233581164807931,0.289343246592317,0.325898389095415,33694783.5542884,47524.3773685309,0.0104274547852915,6.58828083020464,351350.832012524
"13110051001","13110",5232,366916,1614,0.391462582871543,631.82060875467,709,0.233581164807931,0.289343246592317,0.325898389095415,33694783.5542884,47524.3773685309,0.0142593945208168,9.00937932661544,480467.211994126
"13110051002","13110",3793,366916,1614,0.391462582871543,631.82060875467,709,0.233581164807931,0.289343246592317,0.325898389095415,33694783.5542884,47524.3773685309,0.0103375159437037,6.531455616562,348320.362212103
"13110051003","13110",2112,366916,1614,0.391462582871543,631.82060875467,709,0.233581164807931,0.289343246592317,0.325898389095415,33694783.5542884,47524.3773685309,0.0057560858616141,3.63681367312917,193950.067226987
"13110051004","13110",4489,366916,1614,0.391462582871543,631.82060875467,709,0.233581164807931,0.289343246592317,0.325898389095415,33694783.5542884,47524.3773685309,0.012234407875372,7.72995103157047,412235.725275541
"13110051005","13110",2436,366916,1614,0.391462582871543,631.82060875467,709,0.233581164807931,0.289343246592317,0.325898389095415,33694783.5542884,47524.3773685309,0.00663912176083899,4.19473395252967,223703.770722036
"13110061001","13110",1837,366916,1614,0.391462582871543,631.82060875467,709,0.233581164807931,0.289343246592317,0.325898389095415,33694783.5542884,47524.3773685309,0.00500659551504977,3.16327022610714,168696.152223473
"13110061002","13110",5315,366916,1614,0.391462582871543,631.82060875467,709,0.233581164807931,0.289343246592317,0.325898389095415,33694783.5542884,47524.3773685309,0.0144856043345071,9.15230334880755,488089.302704278
"13110061003","13110",2532,366916,1614,0.391462582871543,631.82060875467,709,0.233581164807931,0.289343246592317,0.325898389095415,33694783.5542884,47524.3773685309,0.006900762027276,4.36004366494463,232519.682868717
"13110061004","13110",4341,366916,1614,0.391462582871543,631.82060875467,709,0.233581164807931,0.289343246592317,0.325898389095415,33694783.5542884,47524.3773685309,0.0118310457979483,7.47509855826407,398644.527382741
"13110061005","13110",2646,366916,1614,0.391462582871543,631.82060875467,709,0.233581164807931,0.289343246592317,0.325898389095415,33694783.5542884,47524.3773685309,0.00721145984366994,4.5563489484374,242988.578542901
"13110061006","13110",4230,366916,1614,0.391462582871543,631.82060875467,709,0.233581164807931,0.289343246592317,0.325898389095415,33694783.5542884,47524.3773685309,0.0115285242398805,7.28395920328428,388451.128963141
"13110061007","13110",2751,366916,1614,0.391462582871543,631.82060875467,709,0.233581164807931,0.289343246592317,0.325898389095415,33694783.5542884,47524.3773685309,0.00749762888508541,4.73715644639126,252630.982453334
"13110061008","13110",2766,366916,1614,0.391462582871543,631.82060875467,709,0.233581164807931,0.289343246592317,0.325898389095415,33694783.5542884,47524.3773685309,0.0075385101767162,4.7629860889561,254008.468726252
"13110071001","13110",3500,366916,1614,0.391462582871543,631.82060875467,709,0.233581164807931,0.289343246592317,0.325898389095415,33694783.5542884,47524.3773685309,0.00953896804718246,6.02691659846217,321413.463681086
"13110071002","13110",7443,366916,1614,0.391462582871543,631.82060875467,709,0.233581164807931,0.289343246592317,0.325898389095415,33694783.5542884,47524.3773685309,0.020285296907194,12.8166686406725,683508.688622378
"13110071003","13110",2600,366916,1614,0.391462582871543,631.82060875467,709,0.233581164807931,0.289343246592317,0.325898389095415,33694783.5542884,47524.3773685309,0.00708609054933554,4.47713804457189,238764.28730595
"13110071004","13110",5439,366916,1614,0.391462582871543,631.82060875467,709,0.233581164807931,0.289343246592317,0.325898389095415,33694783.5542884,47524.3773685309,0.0148235563453215,9.36582839401021,499476.522560408
"13110071005","13110",5421,366916,1614,0.391462582871543,631.82060875467,709,0.233581164807931,0.289343246592317,0.325898389095415,33694783.5542884,47524.3773685309,0.0147744987953646,9.3348328229324,497823.539032905
"13110072002","13110",117,366916,1614,0.391462582871543,631.82060875467,709,0.233581164807931,0.289343246592317,0.325898389095415,33694783.5542884,47524.3773685309,0.000318874074720099,0.201471212005735,10744.3929287677
"13110081001","13110",4172,366916,1614,0.391462582871543,631.82060875467,709,0.233581164807931,0.289343246592317,0.325898389095415,33694783.5542884,47524.3773685309,0.0113704499122415,7.1840845853669,383124.848707854
"13110081002","13110",4300,366916,1614,0.391462582871543,631.82060875467,709,0.233581164807931,0.289343246592317,0.325898389095415,33694783.5542884,47524.3773685309,0.0117193036008242,7.40449753525352,394879.398236763
"13110081003","13110",4074,366916,1614,0.391462582871543,631.82060875467,709,0.233581164807931,0.289343246592317,0.325898389095415,33694783.5542884,47524.3773685309,0.0111033588069204,7.01533092060996,374125.271724784
"13110081004","13110",3824,366916,1614,0.391462582871543,631.82060875467,709,0.233581164807931,0.289343246592317,0.325898389095415,33694783.5542884,47524.3773685309,0.0104220039464074,6.58483687786266,351167.167176135
"13110091001","13110",2990,366916,1614,0.391462582871543,631.82060875467,709,0.233581164807931,0.289343246592317,0.325898389095415,33694783.5542884,47524.3773685309,0.00814900413173587,5.14870875125768,274578.930401842
"13110091002","13110",3682,366916,1614,0.391462582871543,631.82060875467,709,0.233581164807931,0.289343246592317,0.325898389095415,33694783.5542884,47524.3773685309,0.0100349943856359,6.3403162615822,338126.963792502
"13110091003","13110",2465,366916,1614,0.391462582871543,631.82060875467,709,0.233581164807931,0.289343246592317,0.325898389095415,33694783.5542884,47524.3773685309,0.00671815892465851,4.24467126148835,226366.910849679
"13110091004","13110",3920,366916,1614,0.391462582871543,631.82060875467,709,0.233581164807931,0.289343246592317,0.325898389095415,33694783.5542884,47524.3773685309,0.0106836442128444,6.75014659027763,359983.079322816
"13110091005","13110",3925,366916,1614,0.391462582871543,631.82060875467,709,0.233581164807931,0.289343246592317,0.325898389095415,33694783.5542884,47524.3773685309,0.0106972713100546,6.75875647113257,360442.241413789
"13110101001","13110",3193,366916,1614,0.391462582871543,631.82060875467,709,0.233581164807931,0.289343246592317,0.325898389095415,33694783.5542884,47524.3773685309,0.00870226427847246,5.49826991396848,293220.911295345
"13110101002","13110",4456,366916,1614,0.391462582871543,631.82060875467,709,0.233581164807931,0.289343246592317,0.325898389095415,33694783.5542884,47524.3773685309,0.0121444690337843,7.67312581792783,409205.25547512
"13110101003","13110",3709,366916,1614,0.391462582871543,631.82060875467,709,0.233581164807931,0.289343246592317,0.325898389095415,33694783.5542884,47524.3773685309,0.0101085807105714,6.38680961819891,340606.439083757
"13110101004","13110",2590,366916,1614,0.391462582871543,631.82060875467,709,0.233581164807931,0.289343246592317,0.325898389095415,33694783.5542884,47524.3773685309,0.00705883635491502,4.459918282862,237845.963124004
"13110101005","13110",4111,366916,1614,0.391462582871543,631.82060875467,709,0.233581164807931,0.289343246592317,0.325898389095415,33694783.5542884,47524.3773685309,0.0112041993262763,7.07904403893656,377523.071197984
"13110111001","13110",4651,366916,1614,0.391462582871543,631.82060875467,709,0.233581164807931,0.289343246592317,0.325898389095415,33694783.5542884,47524.3773685309,0.0126759258249845,8.00891117127072,427112.577023066
"13110111002","13110",2631,366916,1614,0.391462582871543,631.82060875467,709,0.233581164807931,0.289343246592317,0.325898389095415,33694783.5542884,47524.3773685309,0.00717057855203916,4.53051930587256,241611.092269982
"13110111003","13110",5265,366916,1614,0.391462582871543,631.82060875467,709,0.233581164807931,0.289343246592317,0.325898389095415,33694783.5542884,47524.3773685309,0.0143493333624045,9.06620454025809,483497.681794548
"13110111004","13110",4530,366916,1614,0.391462582871543,631.82060875467,709,0.233581164807931,0.289343246592317,0.325898389095415,33694783.5542884,47524.3773685309,0.0123461500724962,7.80055205458103,416000.85442152
"13110111005","13110",4684,366916,1614,0.391462582871543,631.82060875467,709,0.233581164807931,0.289343246592317,0.325898389095415,33694783.5542884,47524.3773685309,0.0127658646665722,8.06573638491337,430143.046823488
"13110111006","13110",2364,366916,1614,0.391462582871543,631.82060875467,709,0.233581164807931,0.289343246592317,0.325898389095415,33694783.5542884,47524.3773685309,0.00644289156101124,4.07075166821845,217091.836612025
"13110111007","13110",3897,366916,1614,0.391462582871543,631.82060875467,709,0.233581164807931,0.289343246592317,0.325898389095415,33694783.5542884,47524.3773685309,0.0106209595656772,6.71054113834487,357870.933704341
"13110121001","13110",3309,366916,1614,0.391462582871543,631.82060875467,709,0.233581164807931,0.289343246592317,0.325898389095415,33694783.5542884,47524.3773685309,0.0090184129337505,5.69801914980323,303873.471805918
"13110121002","13110",2473,366916,1614,0.391462582871543,631.82060875467,709,0.233581164807931,0.289343246592317,0.325898389095415,33694783.5542884,47524.3773685309,0.00673996228019492,4.25844707085627,227101.570195236
"13110121003","13110",3343,366916,1614,0.391462582871543,631.82060875467,709,0.233581164807931,0.289343246592317,0.325898389095415,33694783.5542884,47524.3773685309,0.00911107719478028,5.75656633961686,306995.774024534
"13110121004","13110",3673,366916,1614,0.391462582871543,631.82060875467,709,0.233581164807931,0.289343246592317,0.325898389095415,33694783.5542884,47524.3773685309,0.0100104656106575,6.3248184760433,337300.472028751
"13110131001","13110",3968,366916,1614,0.391462582871543,631.82060875467,709,0.233581164807931,0.289343246592317,0.325898389095415,33694783.5542884,47524.3773685309,0.0108144643460629,6.83280144648511,364391.035396157
"13110131002","13110",4143,366916,1614,0.391462582871543,631.82060875467,709,0.233581164807931,0.289343246592317,0.325898389095415,33694783.5542884,47524.3773685309,0.011291412748422,7.13414727640821,380461.708580211
"13110131003","13110",3900,366916,1614,0.391462582871543,631.82060875467,709,0.233581164807931,0.289343246592317,0.325898389095415,33694783.5542884,47524.3773685309,0.0106291358240033,6.71570706685784,358146.430958924
"13110141001","13110",2455,366916,1614,0.391462582871543,631.82060875467,709,0.233581164807931,0.289343246592317,0.325898389095415,33694783.5542884,47524.3773685309,0.00669090473023798,4.22745149977846,225448.586667733
"13110141002","13110",3156,366916,1614,0.391462582871543,631.82060875467,709,0.233581164807931,0.289343246592317,0.325898389095415,33694783.5542884,47524.3773685309,0.00860142375911653,5.43455679564188,289823.111822145
"13110141003","13110",3766,366916,1614,0.391462582871543,631.82060875467,709,0.233581164807931,0.289343246592317,0.325898389095415,33694783.5542884,47524.3773685309,0.0102639296187683,6.48496225994529,345840.886920848
"13110141004","13110",2761,366916,1614,0.391462582871543,631.82060875467,709,0.233581164807931,0.289343246592317,0.325898389095415,33694783.5542884,47524.3773685309,0.00752488307950594,4.75437620810115,253549.30663528
"13110141005","13110",2868,366916,1614,0.391462582871543,631.82060875467,709,0.233581164807931,0.289343246592317,0.325898389095415,33694783.5542884,47524.3773685309,0.00781650295980551,4.938627658397,263375.375382101
"13110141006","13110",2774,366916,1614,0.391462582871543,631.82060875467,709,0.233581164807931,0.289343246592317,0.325898389095415,33694783.5542884,47524.3773685309,0.00756031353225261,4.77676189832401,254743.128071809
"13110141007","13110",3504,366916,1614,0.391462582871543,631.82060875467,709,0.233581164807931,0.289343246592317,0.325898389095415,33694783.5542884,47524.3773685309,0.00954986972495067,6.03380450314612,321780.793353864
"13110151001","13110",4731,366916,1614,0.391462582871543,631.82060875467,709,0.233581164807931,0.289343246592317,0.325898389095415,33694783.5542884,47524.3773685309,0.0128939593803486,8.14666926494986,434459.170478634
"13110151002","13110",3199,366916,1614,0.391462582871543,631.82060875467,709,0.233581164807931,0.289343246592317,0.325898389095415,33694783.5542884,47524.3773685309,0.00871861679512477,5.50860177099442,293771.905804513
"13110151003","13110",4320,366916,1614,0.391462582871543,631.82060875467,709,0.233581164807931,0.289343246592317,0.325898389095415,33694783.5542884,47524.3773685309,0.0117738119896652,7.4389370586733,396716.046600655
"13110151004","13110",2787,366916,1614,0.391462582871543,631.82060875467,709,0.233581164807931,0.289343246592317,0.325898389095415,33694783.5542884,47524.3773685309,0.00759574398499929,4.79914758854687,255936.949508339
"13110151005","13110",2114,366916,1614,0.391462582871543,631.82060875467,709,0.233581164807931,0.289343246592317,0.325898389095415,33694783.5542884,47524.3773685309,0.00576153670049821,3.64025762547115,194133.732063376
"13110161001","13110",2219,366916,1614,0.391462582871543,631.82060875467,709,0.233581164807931,0.289343246592317,0.325898389095415,33694783.5542884,47524.3773685309,0.00604770574191368,3.82106512342501,203776.135973808
"13110161002","13110",3911,366916,1614,0.391462582871543,631.82060875467,709,0.233581164807931,0.289343246592317,0.325898389095415,33694783.5542884,47524.3773685309,0.0106591154378659,6.73464880473872,359156.587559065
"13110161003","13110",3905,366916,1614,0.391462582871543,631.82060875467,709,0.233581164807931,0.289343246592317,0.325898389095415,33694783.5542884,47524.3773685309,0.0106427629212136,6.72431694771279,358605.593049897
"13110161004","13110",3444,366916,1614,0.391462582871543,631.82060875467,709,0.233581164807931,0.289343246592317,0.325898389095415,33694783.5542884,47524.3773685309,0.00938634455842754,5.93048593288677,316270.848262189
"13110161005","13110",1855,366916,1614,0.391462582871543,631.82060875467,709,0.233581164807931,0.289343246592317,0.325898389095415,33694783.5542884,47524.3773685309,0.0050556530650067,3.19426579718495,170349.135750976
"13110161006","13110",2947,366916,1614,0.391462582871543,631.82060875467,709,0.233581164807931,0.289343246592317,0.325898389095415,33694783.5542884,47524.3773685309,0.00803181109572763,5.07466377590514,270630.136419474
"13110171001","13110",4566,366916,1614,0.391462582871543,631.82060875467,709,0.233581164807931,0.289343246592317,0.325898389095415,33694783.5542884,47524.3773685309,0.01244426517241,7.86254319673664,419306.821476525
"13110171002","13110",3973,366916,1614,0.391462582871543,631.82060875467,709,0.233581164807931,0.289343246592317,0.325898389095415,33694783.5542884,47524.3773685309,0.0108280914432731,6.84141132734005,364850.19748713
"13110171003","13110",3316,366916,1614,0.391462582871543,631.82060875467,709,0.233581164807931,0.289343246592317,0.325898389095415,33694783.5542884,47524.3773685309,0.00903749086984487,5.71007298300015,304516.29873328
"13110171004","13110",2659,366916,1614,0.391462582871543,631.82060875467,709,0.233581164807931,0.289343246592317,0.325898389095415,33694783.5542884,47524.3773685309,0.00724689029641662,4.57873463866026,244182.399979431
"13110171005","13110",2679,366916,1614,0.391462582871543,631.82060875467,709,0.233581164807931,0.289343246592317,0.325898389095415,33694783.5542884,47524.3773685309,0.00730139868525766,4.61317416208004,246019.048343323
"13110171006","13110",3797,366916,1614,0.391462582871543,631.82060875467,709,0.233581164807931,0.289343246592317,0.325898389095415,33694783.5542884,47524.3773685309,0.0103484176214719,6.53834352124595,348687.691884881
"13110181001","13110",4197,366916,1614,0.391462582871543,631.82060875467,709,0.233581164807931,0.289343246592317,0.325898389095415,33694783.5542884,47524.3773685309,0.0114385853982928,7.22713398964163,385420.659162719
"13110181002","13110",2559,366916,1614,0.391462582871543,631.82060875467,709,0.233581164807931,0.289343246592317,0.325898389095415,33694783.5542884,47524.3773685309,0.00697434835221141,4.40653702156134,234999.158159971
"13110181003","13110",2790,366916,1614,0.391462582871543,631.82060875467,709,0.233581164807931,0.289343246592317,0.325898389095415,33694783.5542884,47524.3773685309,0.00760392024332545,4.80431351705984,256212.446762923
"13110181004","13110",2427,366916,1614,0.391462582871543,631.82060875467,709,0.233581164807931,0.289343246592317,0.325898389095415,33694783.5542884,47524.3773685309,0.00661459298586052,4.17923616699076,222877.278958284
"13110191001","13110",3466,366916,1614,0.391462582871543,631.82060875467,709,0.233581164807931,0.289343246592317,0.325898389095415,33694783.5542884,47524.3773685309,0.00944630378615269,5.96836940864853,318291.16146247
"13110191002","13110",2408,366916,1614,0.391462582871543,631.82060875467,709,0.233581164807931,0.289343246592317,0.325898389095415,33694783.5542884,47524.3773685309,0.00656281001646153,4.14651861974197,221132.463012587
"13110191003","13110",3516,366916,1614,0.391462582871543,631.82060875467,709,0.233581164807931,0.289343246592317,0.325898389095415,33694783.5542884,47524.3773685309,0.0095825747582553,6.05446821719799,322882.782372199
"13110191004","13110",4769,366916,1614,0.391462582871543,631.82060875467,709,0.233581164807931,0.289343246592317,0.325898389095415,33694783.5542884,47524.3773685309,0.0129975253191466,8.21210435944745,437948.802370028
"13110201001","13110",1911,366916,1614,0.391462582871543,631.82060875467,709,0.233581164807931,0.289343246592317,0.325898389095415,33694783.5542884,47524.3773685309,0.00520827655376162,3.29069646276034,175491.751169873
"13110201002","13110",3303,366916,1614,0.391462582871543,631.82060875467,709,0.233581164807931,0.289343246592317,0.325898389095415,33694783.5542884,47524.3773685309,0.00900206041709819,5.6876872927773,303322.477296751
"13110201003","13110",4161,366916,1614,0.391462582871543,631.82060875467,709,0.233581164807931,0.289343246592317,0.325898389095415,33694783.5542884,47524.3773685309,0.0113404702983789,7.16514284748602,382114.692107714
"13110201004","13110",2437,366916,1614,0.391462582871543,631.82060875467,709,0.233581164807931,0.289343246592317,0.325898389095415,33694783.5542884,47524.3773685309,0.00664184718028105,4.19645592870066,223795.60314023
"13110201005","13110",2021,366916,1614,0.391462582871543,631.82060875467,709,0.233581164807931,0.289343246592317,0.325898389095415,33694783.5542884,47524.3773685309,0.00550807269238736,3.48011384156915,185593.317171278
"13110211001","13110",3535,366916,1614,0.391462582871543,631.82060875467,709,0.233581164807931,0.289343246592317,0.325898389095415,33694783.5542884,47524.3773685309,0.00963435772765429,6.08718576444679,324627.598317897
"13110211002","13110",2777,366916,1614,0.391462582871543,631.82060875467,709,0.233581164807931,0.289343246592317,0.325898389095415,33694783.5542884,47524.3773685309,0.00756848979057877,4.78192782683698,255018.625326393
"13110211003","13110",4528,366916,1614,0.391462582871543,631.82060875467,709,0.233581164807931,0.289343246592317,0.325898389095415,33694783.5542884,47524.3773685309,0.0123406992336121,7.79710810223905,415817.189585131
"13110211004","13110",3585,366916,1614,0.391462582871543,631.82060875467,709,0.233581164807931,0.289343246592317,0.325898389095415,33694783.5542884,47524.3773685309,0.00977062869975689,6.17328457299625,329219.219227627
"13110991999","13110",423,366916,1614,0.391462582871543,631.82060875467,709,0.233581164807931,0.289343246592317,0.325898389095415,33694783.5542884,47524.3773685309,0.00115285242398805,0.728395920328427,38845.1128963141
"13111011001","13111",5094,116571,430,0.319483969607446,137.378106931202,109,0.283720930232558,0.3,0.158139534883721,3838031.37971038,35211.2970615631,0.0436986900687135,6.00324331701317,167716.943735961
"13111011002","13111",4488,116571,430,0.319483969607446,137.378106931202,109,0.283720930232558,0.3,0.158139534883721,3838031.37971038,35211.2970615631,0.038500141544638,5.28907656198569,147764.751371612
"13111011003","13111",4091,116571,430,0.319483969607446,137.378106931202,109,0.283720930232558,0.3,0.158139534883721,3838031.37971038,35211.2970615631,0.0350944917689648,4.82121484293303,134693.760664275
"13111021001","13111",4747,116571,430,0.319483969607446,137.378106931202,109,0.283720930232558,0.3,0.158139534883721,3838031.37971038,35211.2970615631,0.0407219634385911,5.59430624771525,156292.173520731
"13111021002","13111",3741,116571,430,0.319483969607446,137.378106931202,109,0.283720930232558,0.3,0.158139534883721,3838031.37971038,35211.2970615631,0.0320920297501094,4.40874229464984,123170.217219519
"13111021003","13111",4212,116571,430,0.319483969607446,137.378106931202,109,0.283720930232558,0.3,0.158139534883721,3838031.37971038,35211.2970615631,0.0361324857811977,4.96381249533951,138677.614255176
"13111021004","13111",2838,116571,430,0.319483969607446,137.378106931202,109,0.283720930232558,0.3,0.158139534883721,3838031.37971038,35211.2970615631,0.0243456777414623,3.34456312007918,93439.4751320488
"13111031001","13111",3621,116571,430,0.319483969607446,137.378106931202,109,0.283720930232558,0.3,0.158139534883721,3838031.37971038,35211.2970615631,0.0310626142007875,4.26732313523845,119219.28803846
"13111031002","13111",3366,116571,430,0.319483969607446,137.378106931202,109,0.283720930232558,0.3,0.158139534883721,3838031.37971038,35211.2970615631,0.0288751061584785,3.96680742148927,110823.563528709
"13111031003","13111",4942,116571,430,0.319483969607446,137.378106931202,109,0.283720930232558,0.3,0.158139534883721,3838031.37971038,35211.2970615631,0.0423947637062391,5.82411238175875,162712.433439953
"13111041001","13111",3272,116571,430,0.319483969607446,137.378106931202,109,0.283720930232558,0.3,0.158139534883721,3838031.37971038,35211.2970615631,0.0280687306448431,3.85602907995035,107728.669003546
"13111041002","13111",4295,116571,430,0.319483969607446,137.378106931202,109,0.283720930232558,0.3,0.158139534883721,3838031.37971038,35211.2970615631,0.036844498202812,5.06162741393238,141410.340272075
"13111041003","13111",2218,116571,430,0.319483969607446,137.378106931202,109,0.283720930232558,0.3,0.158139534883721,3838031.37971038,35211.2970615631,0.0190270307366326,2.61389746312038,73026.3410299099
"13111051001","13111",2928,116571,430,0.319483969607446,137.378106931202,109,0.283720930232558,0.3,0.158139534883721,3838031.37971038,35211.2970615631,0.0251177394034537,3.45062748963772,96402.6720178432
"13111051002","13111",1613,116571,430,0.319483969607446,137.378106931202,109,0.283720930232558,0.3,0.158139534883721,3838031.37971038,35211.2970615631,0.0138370606754682,1.90090920108799,53107.0730754034
"13111051003","13111",3392,116571,430,0.319483969607446,137.378106931202,109,0.283720930232558,0.3,0.158139534883721,3838031.37971038,35211.2970615631,0.0290981461941649,3.99744823936173,111679.598184605
"13111051004","13111",4526,116571,430,0.319483969607446,137.378106931202,109,0.283720930232558,0.3,0.158139534883721,3838031.37971038,35211.2970615631,0.0388261231352566,5.33385929579929,149015.878945614
"13111051005","13111",3238,116571,430,0.319483969607446,137.378106931202,109,0.283720930232558,0.3,0.158139534883721,3838031.37971038,35211.2970615631,0.0277770629058685,3.81596031811713,106609.239068913
"13111061001","13111",5904,116571,430,0.319483969607446,137.378106931202,109,0.283720930232558,0.3,0.158139534883721,3838031.37971038,35211.2970615631,0.0506472450266361,6.95782264304,194385.71570811
"13111061002","13111",3914,116571,430,0.319483969607446,137.378106931202,109,0.283720930232558,0.3,0.158139534883721,3838031.37971038,35211.2970615631,0.0335761038337151,4.61262158280124,128866.140122212
"13111061003","13111",3015,116571,430,0.319483969607446,137.378106931202,109,0.283720930232558,0.3,0.158139534883721,3838031.37971038,35211.2970615631,0.025864065676712,3.55315638021097,99267.0956741111
"13111071001","13111",4353,116571,430,0.319483969607446,137.378106931202,109,0.283720930232558,0.3,0.158139534883721,3838031.37971038,35211.2970615631,0.0373420490516509,5.12998000764788,143319.956042921
"13111071002","13111",2970,116571,430,0.319483969607446,137.378106931202,109,0.283720930232558,0.3,0.158139534883721,3838031.37971038,35211.2970615631,0.0254780348457163,3.50012419543171,97785.4972312139
"13111071003","13111",5730,116571,430,0.319483969607446,137.378106931202,109,0.283720930232558,0.3,0.158139534883721,3838031.37971038,35211.2970615631,0.0491545924801194,6.75276486189349,188656.868395574
"13111071004","13111",5414,116571,430,0.319483969607446,137.378106931202,109,0.283720930232558,0.3,0.158139534883721,3838031.37971038,35211.2970615631,0.0464437982002385,6.38036107544352,178252.754885452
"13111071005","13111",3820,116571,430,0.319483969607446,137.378106931202,109,0.283720930232558,0.3,0.158139534883721,3838031.37971038,35211.2970615631,0.0327697283200796,4.50184324126233,125771.245597049
"13111081001","13111",3567,116571,430,0.319483969607446,137.378106931202,109,0.283720930232558,0.3,0.158139534883721,3838031.37971038,35211.2970615631,0.0305993772035927,4.20368451350333,117441.369906983
"13111081002","13111",4051,116571,430,0.319483969607446,137.378106931202,109,0.283720930232558,0.3,0.158139534883721,3838031.37971038,35211.2970615631,0.0347513532525242,4.77407512312924,133376.784270588
"13111081003","13111",4207,116571,430,0.319483969607446,137.378106931202,109,0.283720930232558,0.3,0.158139534883721,3838031.37971038,35211.2970615631,0.0360895934666426,4.95792003036403,138512.992205965
"13111081004","13111",2745,116571,430,0.319483969607446,137.378106931202,109,0.283720930232558,0.3,0.158139534883721,3838031.37971038,35211.2970615631,0.0235478806907378,3.23496327153536,90377.505016728
"13111991999","13111",259,116571,430,0.319483969607446,137.378106931202,109,0.283720930232558,0.3,0.158139534883721,3838031.37971038,35211.2970615631,0.00222182189395304,0.305229685729566,8527.42214911932
"13112011001","13112",2127,177335,797,0.293583790364556,233.986280920551,137,0.288582183186951,0.299874529485571,0.120451693851945,4726898.76907184,34502.9107231521,0.0119942481743593,2.80648952275643,56695.596931321
"13112011002","13112",2424,177335,797,0.293583790364556,233.986280920551,137,0.288582183186951,0.299874529485571,0.120451693851945,4726898.76907184,34502.9107231521,0.0136690444638678,3.19836887783808,64612.1894506451
"13112011003","13112",185,177335,797,0.293583790364556,233.986280920551,137,0.288582183186951,0.299874529485571,0.120451693851945,4726898.76907184,34502.9107231521,0.00104322327797671,0.244099934983517,4931.2108285352
"13112021001","13112",5297,177335,797,0.293583790364556,233.986280920551,137,0.288582183186951,0.299874529485571,0.120451693851945,4726898.76907184,34502.9107231521,0.0298700200186088,6.9891748951767,141192.560858113
"13112021002","13112",3212,177335,797,0.293583790364556,233.986280920551,137,0.288582183186951,0.299874529485571,0.120451693851945,4726898.76907184,34502.9107231521,0.018112611723574,4.23810265495706,85616.4820608383
"13112021003","13112",3915,177335,797,0.293583790364556,233.986280920551,137,0.288582183186951,0.299874529485571,0.120451693851945,4726898.76907184,34502.9107231521,0.0220768601798855,5.16568240789442,104355.083209272
"13112021004","13112",4582,177335,797,0.293583790364556,233.986280920551,137,0.288582183186951,0.299874529485571,0.120451693851945,4726898.76907184,34502.9107231521,0.0258381030253475,6.0457616329431,122134.097385667
"13112031001","13112",3870,177335,797,0.293583790364556,233.986280920551,137,0.288582183186951,0.299874529485571,0.120451693851945,4726898.76907184,34502.9107231521,0.0218231031663236,5.10630674803357,103155.599494223
"13112031002","13112",5923,177335,797,0.293583790364556,233.986280920551,137,0.288582183186951,0.299874529485571,0.120451693851945,4726898.76907184,34502.9107231521,0.0334000620294922,7.8151562967966,157878.71209413
"13112031003","13112",4964,177335,797,0.293583790364556,233.986280920551,137,0.288582183186951,0.299874529485571,0.120451693851945,4726898.76907184,34502.9107231521,0.0279922181182508,6.54979501220637,132316.38136675
"13112031004","13112",4970,177335,797,0.293583790364556,233.986280920551,137,0.288582183186951,0.299874529485571,0.120451693851945,4726898.76907184,34502.9107231521,0.0280260523867257,6.55771176685448,132476.312528757
"13112031005","13112",2851,177335,797,0.293583790364556,233.986280920551,137,0.288582183186951,0.299874529485571,0.120451693851945,4726898.76907184,34502.9107231521,0.016076916570333,3.7617779169622,75993.9571467777
"13112041001","13112",4565,177335,797,0.293583790364556,233.986280920551,137,0.288582183186951,0.299874529485571,0.120451693851945,4726898.76907184,34502.9107231521,0.0257422392646686,6.02333082810678,121680.959093315
"13112041002","13112",5780,177335,797,0.293583790364556,233.986280920551,137,0.288582183186951,0.299874529485571,0.120451693851945,4726898.76907184,34502.9107231521,0.0325936786308399,7.62647364434988,154067.01939964
"13112041003","13112",3963,177335,797,0.293583790364556,233.986280920551,137,0.288582183186951,0.299874529485571,0.120451693851945,4726898.76907184,34502.9107231521,0.0223475343276849,5.22901644507934,105634.532505324
"13112041004","13112",310,177335,797,0.293583790364556,233.986280920551,137,0.288582183186951,0.299874529485571,0.120451693851945,4726898.76907184,34502.9107231521,0.00174810387120422,0.409032323485893,8263.11003700494
"13112041005","13112",3207,177335,797,0.293583790364556,233.986280920551,137,0.288582183186951,0.299874529485571,0.120451693851945,4726898.76907184,34502.9107231521,0.0180844164998449,4.23150535941696,85483.2060924995
"13112041006","13112",3419,177335,797,0.293583790364556,233.986280920551,137,0.288582183186951,0.299874529485571,0.120451693851945,4726898.76907184,34502.9107231521,0.0192798939859588,4.511230690317,91134.1071500641
"13112041007","13112",5189,177335,797,0.293583790364556,233.986280920551,137,0.288582183186951,0.299874529485571,0.120451693851945,4726898.76907184,34502.9107231521,0.0292610031860603,6.84667331151064,138313.799941996
"13112051001","13112",3502,177335,797,0.293583790364556,233.986280920551,137,0.288582183186951,0.299874529485571,0.120451693851945,4726898.76907184,34502.9107231521,0.0197479346998618,4.62074579628257,93346.488224488
"13112051002","13112",3516,177335,797,0.293583790364556,233.986280920551,137,0.288582183186951,0.299874529485571,0.120451693851945,4726898.76907184,34502.9107231521,0.0198268813263033,4.63921822379484,93719.6609358367
"13112051003","13112",5088,177335,797,0.293583790364556,233.986280920551,137,0.288582183186951,0.299874529485571,0.120451693851945,4726898.76907184,34502.9107231521,0.0286914596667325,6.71340794160072,135621.625381552
"13112051004","13112",10,177335,797,0.293583790364556,233.986280920551,137,0.288582183186951,0.299874529485571,0.120451693851945,4726898.76907184,34502.9107231521,5.63904474582006e-05,0.0131945910801901,266.551936677579
"13112051005","13112",2249,177335,797,0.293583790364556,233.986280920551,137,0.288582183186951,0.299874529485571,0.120451693851945,4726898.76907184,34502.9107231521,0.0126822116333493,2.96746353393475,59947.5305587874
"13112051006","13112",3458,177335,797,0.293583790364556,233.986280920551,137,0.288582183186951,0.299874529485571,0.120451693851945,4726898.76907184,34502.9107231521,0.0194998167310458,4.56268959552974,92173.6597031067
"13112051007","13112",4273,177335,797,0.293583790364556,233.986280920551,137,0.288582183186951,0.299874529485571,0.120451693851945,4726898.76907184,34502.9107231521,0.0240956381988891,5.63804876856523,113897.642542329
"13112051008","13112",3781,177335,797,0.293583790364556,233.986280920551,137,0.288582183186951,0.299874529485571,0.120451693851945,4726898.76907184,34502.9107231521,0.0213212281839456,4.98887488741988,100783.287257792
"13112051009","13112",4508,177335,797,0.293583790364556,233.986280920551,137,0.288582183186951,0.299874529485571,0.120451693851945,4726898.76907184,34502.9107231521,0.0254208137141568,5.9481216589497,120161.613054252
"13112051010","13112",4743,177335,797,0.293583790364556,233.986280920551,137,0.288582183186951,0.299874529485571,0.120451693851945,4726898.76907184,34502.9107231521,0.0267459892294245,6.25819454933417,126425.583566176
"13112051011","13112",4829,177335,797,0.293583790364556,233.986280920551,137,0.288582183186951,0.299874529485571,0.120451693851945,4726898.76907184,34502.9107231521,0.0272309470775651,6.3716680326238,128717.930221603
"13112061001","13112",4753,177335,797,0.293583790364556,233.986280920551,137,0.288582183186951,0.299874529485571,0.120451693851945,4726898.76907184,34502.9107231521,0.0268023796768827,6.27138914041435,126692.135502853
"13112061002","13112",4888,177335,797,0.293583790364556,233.986280920551,137,0.288582183186951,0.299874529485571,0.120451693851945,4726898.76907184,34502.9107231521,0.0275636507175684,6.44951611999692,130290.586648
"13112061003","13112",3180,177335,797,0.293583790364556,233.986280920551,137,0.288582183186951,0.299874529485571,0.120451693851945,4726898.76907184,34502.9107231521,0.0179321622917078,4.19587996350045,84763.51586347
"13112071001","13112",3478,177335,797,0.293583790364556,233.986280920551,137,0.288582183186951,0.299874529485571,0.120451693851945,4726898.76907184,34502.9107231521,0.0196125976259622,4.58907877769012,92706.7635764618
"13112071002","13112",2983,177335,797,0.293583790364556,233.986280920551,137,0.288582183186951,0.299874529485571,0.120451693851945,4726898.76907184,34502.9107231521,0.0168212704767812,3.93594651922071,79512.4427109217
"13112071003","13112",3741,177335,797,0.293583790364556,233.986280920551,137,0.288582183186951,0.299874529485571,0.120451693851945,4726898.76907184,34502.9107231521,0.0210956663941128,4.93609652309912,99717.0795110822
"13112071004","13112",3364,177335,797,0.293583790364556,233.986280920551,137,0.288582183186951,0.299874529485571,0.120451693851945,4726898.76907184,34502.9107231521,0.0189697465249387,4.43866043937595,89668.0714983374
"13112071005","13112",3135,177335,797,0.293583790364556,233.986280920551,137,0.288582183186951,0.299874529485571,0.120451693851945,4726898.76907184,34502.9107231521,0.0176784052781459,4.1365043036396,83564.0321484209
"13112071006","13112",2274,177335,797,0.293583790364556,233.986280920551,137,0.288582183186951,0.299874529485571,0.120451693851945,4726898.76907184,34502.9107231521,0.0128231877519948,3.00045001163523,60613.9104004814
"13112081001","13112",4513,177335,797,0.293583790364556,233.986280920551,137,0.288582183186951,0.299874529485571,0.120451693851945,4726898.76907184,34502.9107231521,0.0254490089378859,5.95471895448979,120294.889022591
"13112081002","13112",4548,177335,797,0.293583790364556,233.986280920551,137,0.288582183186951,0.299874529485571,0.120451693851945,4726898.76907184,34502.9107231521,0.0256463755039896,6.00090002327046,121227.820800963
"13112081003","13112",555,177335,797,0.293583790364556,233.986280920551,137,0.288582183186951,0.299874529485571,0.120451693851945,4726898.76907184,34502.9107231521,0.00312966983393013,0.732299804950551,14793.6324856056
"13112081004","13112",5021,177335,797,0.293583790364556,233.986280920551,137,0.288582183186951,0.299874529485571,0.120451693851945,4726898.76907184,34502.9107231521,0.0283136436687625,6.62500418136345,133835.727405812
"13112081005","13112",3933,177335,797,0.293583790364556,233.986280920551,137,0.288582183186951,0.299874529485571,0.120451693851945,4726898.76907184,34502.9107231521,0.0221783629853103,5.18943267183877,104834.876695292
"13112081006","13112",3947,177335,797,0.293583790364556,233.986280920551,137,0.288582183186951,0.299874529485571,0.120451693851945,4726898.76907184,34502.9107231521,0.0222573096117518,5.20790509935103,105208.04940664
"13112081007","13112",3188,177335,797,0.293583790364556,233.986280920551,137,0.288582183186951,0.299874529485571,0.120451693851945,4726898.76907184,34502.9107231521,0.0179772746496743,4.2064356363646,84976.7574128121
"13112081008","13112",3346,177335,797,0.293583790364556,233.986280920551,137,0.288582183186951,0.299874529485571,0.120451693851945,4726898.76907184,34502.9107231521,0.0188682437195139,4.41491017543161,89188.2780123178
"13112081009","13112",4548,177335,797,0.293583790364556,233.986280920551,137,0.288582183186951,0.299874529485571,0.120451693851945,4726898.76907184,34502.9107231521,0.0256463755039896,6.00090002327046,121227.820800963
"13112991999","13112",1230,177335,797,0.293583790364556,233.986280920551,137,0.288582183186951,0.299874529485571,0.120451693851945,4726898.76907184,34502.9107231521,0.00693602503735867,1.62293470286338,32785.8882113422
"13113011001","13113",2242,92787,448,0.502507385592121,225.12330874527,298,0.232142857142857,0.292410714285714,0.580357142857143,19674234.8559277,66020.922335328,0.0241628676430966,5.43962471258792,475385.932802979
"13113011002","13113",2061,92787,448,0.502507385592121,225.12330874527,298,0.232142857142857,0.292410714285714,0.580357142857143,19674234.8559277,66020.922335328,0.0222121633418475,5.0004757059071,437007.318245735
"13113011003","13113",3349,92787,448,0.502507385592121,225.12330874527,298,0.232142857142857,0.292410714285714,0.580357142857143,19674234.8559277,66020.922335328,0.0360934182590234,8.12546974239828,710110.387581256
"13113011004","13113",3667,92787,448,0.502507385592121,225.12330874527,298,0.232142857142857,0.292410714285714,0.580357142857143,19674234.8559277,66020.922335328,0.0395206225009969,8.8970133010972,777538.008737075
"13113021001","13113",2057,92787,448,0.502507385592121,225.12330874527,298,0.232142857142857,0.292410714285714,0.580357142857143,19674234.8559277,66020.922335328,0.022169053854527,4.99077075548321,436159.172067675
"13113021002","13113",2253,92787,448,0.502507385592121,225.12330874527,298,0.232142857142857,0.292410714285714,0.580357142857143,19674234.8559277,66020.922335328,0.0242814187332277,5.46631332625361,477718.334792645
"13113021003","13113",2061,92787,448,0.502507385592121,225.12330874527,298,0.232142857142857,0.292410714285714,0.580357142857143,19674234.8559277,66020.922335328,0.0222121633418475,5.0004757059071,437007.318245735
"13113031001","13113",3871,92787,448,0.502507385592121,225.12330874527,298,0.232142857142857,0.292410714285714,0.580357142857143,19674234.8559277,66020.922335328,0.0417192063543384,9.39196577271536,820793.463818167
"13113031002","13113",2396,92787,448,0.502507385592121,225.12330874527,298,0.232142857142857,0.292410714285714,0.580357142857143,19674234.8559277,66020.922335328,0.0258225829049328,5.81326530390752,508039.560658313
"13113031003","13113",4243,92787,448,0.502507385592121,225.12330874527,298,0.232142857142857,0.292410714285714,0.580357142857143,19674234.8559277,66020.922335328,0.0457283886751377,10.2945261621367,899671.058377805
"13113031004","13113",2382,92787,448,0.502507385592121,225.12330874527,298,0.232142857142857,0.292410714285714,0.580357142857143,19674234.8559277,66020.922335328,0.0256716996993113,5.77929797742392,505071.0490351
"13113041001","13113",2300,92787,448,0.502507385592121,225.12330874527,298,0.232142857142857,0.292410714285714,0.580357142857143,19674234.8559277,66020.922335328,0.0247879552092427,5.58034649373427,487684.052384858
"13113041002","13113",2624,92787,448,0.502507385592121,225.12330874527,298,0.232142857142857,0.292410714285714,0.580357142857143,19674234.8559277,66020.922335328,0.0282798236821969,6.36644747806901,556383.892807768
"13113041003","13113",3037,92787,448,0.502507385592121,225.12330874527,298,0.232142857142857,0.292410714285714,0.580357142857143,19674234.8559277,66020.922335328,0.0327308782480304,7.3684836093352,643954.985692527
"13113041004","13113",2897,92787,448,0.502507385592121,225.12330874527,298,0.232142857142857,0.292410714285714,0.580357142857143,19674234.8559277,66020.922335328,0.0312220461918157,7.0288103444992,614269.869460405
"13113051001","13113",3216,92787,448,0.502507385592121,225.12330874527,298,0.232142857142857,0.292410714285714,0.580357142857143,19674234.8559277,66020.922335328,0.0346600278056193,7.80278014080409,681909.52716074
"13113051002","13113",4084,92787,448,0.502507385592121,225.12330874527,298,0.232142857142857,0.292410714285714,0.580357142857143,19674234.8559277,66020.922335328,0.0440147865541509,9.90875438278728,865957.247799895
"13113051003","13113",3589,92787,448,0.502507385592121,225.12330874527,298,0.232142857142857,0.292410714285714,0.580357142857143,19674234.8559277,66020.922335328,0.0386799874982487,8.70776676783143,760999.158264893
"13113051004","13113",3444,92787,448,0.502507385592121,225.12330874527,298,0.232142857142857,0.292410714285714,0.580357142857143,19674234.8559277,66020.922335328,0.0371172685828834,8.35596231496557,730253.859310195
"13113061001","13113",5715,92787,448,0.502507385592121,225.12330874527,298,0.232142857142857,0.292410714285714,0.580357142857143,19674234.8559277,66020.922335328,0.061592680009053,13.8659479181267,1211788.85190411
"13113061002","13113",4854,92787,448,0.502507385592121,225.12330874527,298,0.232142857142857,0.292410714285714,0.580357142857143,19674234.8559277,66020.922335328,0.0523133628633322,11.7769573393853,1029225.38707656
"13113061003","13113",907,92787,448,0.502507385592121,225.12330874527,298,0.232142857142857,0.292410714285714,0.580357142857143,19674234.8559277,66020.922335328,0.0097750762499057,2.20059750861608,192317.145875246
"13113071001","13113",4184,92787,448,0.502507385592121,225.12330874527,298,0.232142857142857,0.292410714285714,0.580357142857143,19674234.8559277,66020.922335328,0.0450925237371615,10.1513781433844,887160.902251411
"13113071002","13113",5322,92787,448,0.502507385592121,225.12330874527,298,0.232142857142857,0.292410714285714,0.580357142857143,19674234.8559277,66020.922335328,0.0573571728798215,12.9124365389799,1128458.48990966
"13113071003","13113",4722,92787,448,0.502507385592121,225.12330874527,298,0.232142857142857,0.292410714285714,0.580357142857143,19674234.8559277,66020.922335328,0.0508907497817582,11.456693975397,1001236.56320056
"13113071004","13113",2128,92787,448,0.502507385592121,225.12330874527,298,0.232142857142857,0.292410714285714,0.580357142857143,19674234.8559277,66020.922335328,0.0229342472544645,5.16303362550718,451213.766728251
"13113071005","13113",4987,92787,448,0.502507385592121,225.12330874527,298,0.232142857142857,0.292410714285714,0.580357142857143,19674234.8559277,66020.922335328,0.0537467533167362,12.0996469409795,1057426.24749708
"13113071006","13113",4086,92787,448,0.502507385592121,225.12330874527,298,0.232142857142857,0.292410714285714,0.580357142857143,19674234.8559277,66020.922335328,0.0440363412978111,9.91360685799922,866381.320888925
"13113991999","13113",109,92787,448,0.502507385592121,225.12330874527,298,0.232142857142857,0.292410714285714,0.580357142857143,19674234.8559277,66020.922335328,0.0011747335294815,0.264459899050885,23111.9833521519
"13114011001","13114",3999,294838,1387,0.570161949135889,790.814623451478,1109,0.249459264599856,0.282624369142033,0.686373467916366,87392175.8250911,78802.6833409297,0.0135633805683121,10.7261196968588,1185333.33940855
"13114011002","13114",4031,294838,1387,0.570161949135889,790.814623451478,1109,0.249459264599856,0.282624369142033,0.686373467916366,87392175.8250911,78802.6833409297,0.0136719147464031,10.8119501120375,1194818.37738332
"13114011003","13114",3176,294838,1387,0.570161949135889,790.814623451478,1109,0.249459264599856,0.282624369142033,0.686373467916366,87392175.8250911,78802.6833409297,0.0107720171755337,8.51866870648252,941390.018995141
"13114011004","13114",1386,294838,1387,0.570161949135889,790.814623451478,1109,0.249459264599856,0.282624369142033,0.686373467916366,87392175.8250911,78802.6833409297,0.00470088658856728,3.71752985742594,410820.707281884
"13114011005","13114",2220,294838,1387,0.570161949135889,790.814623451478,1109,0.249459264599856,0.282624369142033,0.686373467916366,87392175.8250911,78802.6833409297,0.00752955860506448,5.9544850530199,658024.509499122
"13114011006","13114",1775,294838,1387,0.570161949135889,790.814623451478,1109,0.249459264599856,0.282624369142033,0.686373467916366,87392175.8250911,78802.6833409297,0.00602025519098624,4.76090584194159,526123.200162587
"13114011007","13114",2731,294838,1387,0.570161949135889,790.814623451478,1109,0.249459264599856,0.282624369142033,0.686373467916366,87392175.8250911,78802.6833409297,0.00926271376145544,7.32508949540421,809488.709658605
"13114011008","13114",3909,294838,1387,0.570161949135889,790.814623451478,1109,0.249459264599856,0.282624369142033,0.686373467916366,87392175.8250911,78802.6833409297,0.0132581281924311,10.4847216541688,1158656.67010454
"13114011009","13114",3665,294838,1387,0.570161949135889,790.814623451478,1109,0.249459264599856,0.282624369142033,0.686373467916366,87392175.8250911,78802.6833409297,0.0124305550844871,9.8302647384315,1086333.25554697
"13114021001","13114",3851,294838,1387,0.570161949135889,790.814623451478,1109,0.249459264599856,0.282624369142033,0.686373467916366,87392175.8250911,78802.6833409297,0.0130614099946411,10.3291540266575,1141465.03877528
"13114021002","13114",3987,294838,1387,0.570161949135889,790.814623451478,1109,0.249459264599856,0.282624369142033,0.686373467916366,87392175.8250911,78802.6833409297,0.013522680251528,10.6939332911668,1181776.45016802
"13114021003","13114",2600,294838,1387,0.570161949135889,790.814623451478,1109,0.249459264599856,0.282624369142033,0.686373467916366,87392175.8250911,78802.6833409297,0.00881840196989533,6.97372123326655,770659.335449422
"13114021004","13114",3885,294838,1387,0.570161949135889,790.814623451478,1109,0.249459264599856,0.282624369142033,0.686373467916366,87392175.8250911,78802.6833409297,0.0131767275588628,10.4203488427848,1151542.89162346
"13114031001","13114",2984,294838,1387,0.570161949135889,790.814623451478,1109,0.249459264599856,0.282624369142033,0.686373467916366,87392175.8250911,78802.6833409297,0.0101208121069876,8.00368621541053,884479.791146568
"13114031002","13114",2884,294838,1387,0.570161949135889,790.814623451478,1109,0.249459264599856,0.282624369142033,0.686373467916366,87392175.8250911,78802.6833409297,0.00978164280045313,7.7354661679772,854839.047475436
"13114031003","13114",3432,294838,1387,0.570161949135889,790.814623451478,1109,0.249459264599856,0.282624369142033,0.686373467916366,87392175.8250911,78802.6833409297,0.0116402906002618,9.20531202791185,1017270.32279324
"13114031004","13114",2963,294838,1387,0.570161949135889,790.814623451478,1109,0.249459264599856,0.282624369142033,0.686373467916366,87392175.8250911,78802.6833409297,0.0100495865526153,7.94736000544953,878255.23497563
"13114031005","13114",2984,294838,1387,0.570161949135889,790.814623451478,1109,0.249459264599856,0.282624369142033,0.686373467916366,87392175.8250911,78802.6833409297,0.0101208121069876,8.00368621541053,884479.791146568
"13114031006","13114",2483,294838,1387,0.570161949135889,790.814623451478,1109,0.249459264599856,0.282624369142033,0.686373467916366,87392175.8250911,78802.6833409297,0.00842157388125004,6.65990377776955,735979.665354198
"13114031007","13114",1867,294838,1387,0.570161949135889,790.814623451478,1109,0.249459264599856,0.282624369142033,0.686373467916366,87392175.8250911,78802.6833409297,0.00633229095299792,5.00766828558025,553392.684340028
"13114041001","13114",4788,294838,1387,0.570161949135889,790.814623451478,1109,0.249459264599856,0.282624369142033,0.686373467916366,87392175.8250911,78802.6833409297,0.0162394263968688,12.8423758711078,1419198.80697378
"13114041002","13114",5015,294838,1387,0.570161949135889,790.814623451478,1109,0.249459264599856,0.282624369142033,0.686373467916366,87392175.8250911,78802.6833409297,0.017009340722702,13.4512353787814,1486483.29510725
"13114041003","13114",6315,294838,1387,0.570161949135889,790.814623451478,1109,0.249459264599856,0.282624369142033,0.686373467916366,87392175.8250911,78802.6833409297,0.0214185417076496,16.9380959954147,1871812.96283196
"13114051001","13114",4173,294838,1387,0.570161949135889,790.814623451478,1109,0.249459264599856,0.282624369142033,0.686373467916366,87392175.8250911,78802.6833409297,0.014153535161682,11.1928225793928,1236908.23339632
"13114051002","13114",4211,294838,1387,0.570161949135889,790.814623451478,1109,0.249459264599856,0.282624369142033,0.686373467916366,87392175.8250911,78802.6833409297,0.0142824194981651,11.2947461974175,1248171.71599135
"13114051003","13114",2838,294838,1387,0.570161949135889,790.814623451478,1109,0.249459264599856,0.282624369142033,0.686373467916366,87392175.8250911,78802.6833409297,0.00962562491944729,7.61208494615787,841204.305386716
"13114051004","13114",3036,294838,1387,0.570161949135889,790.814623451478,1109,0.249459264599856,0.282624369142033,0.686373467916366,87392175.8250911,78802.6833409297,0.0102971801463855,8.14316064007586,899892.977855556
"13114061001","13114",3652,294838,1387,0.570161949135889,790.814623451478,1109,0.249459264599856,0.282624369142033,0.686373467916366,87392175.8250911,78802.6833409297,0.0123864630746376,9.79539613226517,1082479.95886973
"13114061002","13114",3141,294838,1387,0.570161949135889,790.814623451478,1109,0.249459264599856,0.282624369142033,0.686373467916366,87392175.8250911,78802.6833409297,0.0106533079182466,8.42479168988086,931015.758710245
"13114071001","13114",5419,294838,1387,0.570161949135889,790.814623451478,1109,0.249459264599856,0.282624369142033,0.686373467916366,87392175.8250911,78802.6833409297,0.0183795847211011,14.5348443704121,1606231.89953862
"13114071002","13114",4397,294838,1387,0.570161949135889,790.814623451478,1109,0.249459264599856,0.282624369142033,0.686373467916366,87392175.8250911,78802.6833409297,0.0149132744083191,11.7936354856435,1303303.49921966
"13114071003","13114",4105,294838,1387,0.570161949135889,790.814623451478,1109,0.249459264599856,0.282624369142033,0.686373467916366,87392175.8250911,78802.6833409297,0.0139229000332386,11.0104329471381,1216752.52769995
"13114071004","13114",6609,294838,1387,0.570161949135889,790.814623451478,1109,0.249459264599856,0.282624369142033,0.686373467916366,87392175.8250911,78802.6833409297,0.0224156994688609,17.7266629348687,1958956.74922509
"13114081001","13114",3379,294838,1387,0.570161949135889,790.814623451478,1109,0.249459264599856,0.282624369142033,0.686373467916366,87392175.8250911,78802.6833409297,0.0114605308677986,9.06315540277218,1001560.72864754
"13114081002","13114",3870,294838,1387,0.570161949135889,790.814623451478,1109,0.249459264599856,0.282624369142033,0.686373467916366,87392175.8250911,78802.6833409297,0.0131258521628827,10.3801158356698,1147096.78007279
"13114081003","13114",3899,294838,1387,0.570161949135889,790.814623451478,1109,0.249459264599856,0.282624369142033,0.686373467916366,87392175.8250911,78802.6833409297,0.0132242112617777,10.4578996494255,1155692.59573742
"13114081004","13114",4108,294838,1387,0.570161949135889,790.814623451478,1109,0.249459264599856,0.282624369142033,0.686373467916366,87392175.8250911,78802.6833409297,0.0139330751124346,11.0184795485611,1217641.75001009
"13114081005","13114",3140,294838,1387,0.570161949135889,790.814623451478,1109,0.249459264599856,0.282624369142033,0.686373467916366,87392175.8250911,78802.6833409297,0.0106499162251813,8.42210948940652,930719.351273533
"13114091001","13114",3551,294838,1387,0.570161949135889,790.814623451478,1109,0.249459264599856,0.282624369142033,0.686373467916366,87392175.8250911,78802.6833409297,0.0120439020750378,9.52449388435751,1052542.80776188
"13114091002","13114",3977,294838,1387,0.570161949135889,790.814623451478,1109,0.249459264599856,0.282624369142033,0.686373467916366,87392175.8250911,78802.6833409297,0.0134887633208745,10.6671112864235,1178812.3758009
"13114091003","13114",4011,294838,1387,0.570161949135889,790.814623451478,1109,0.249459264599856,0.282624369142033,0.686373467916366,87392175.8250911,78802.6833409297,0.0136040808850962,10.7583061025508,1188890.22864909
"13114091004","13114",4121,294838,1387,0.570161949135889,790.814623451478,1109,0.249459264599856,0.282624369142033,0.686373467916366,87392175.8250911,78802.6833409297,0.0139771671222841,11.0533481547275,1221495.04668733
"13114101001","13114",3895,294838,1387,0.570161949135889,790.814623451478,1109,0.249459264599856,0.282624369142033,0.686373467916366,87392175.8250911,78802.6833409297,0.0132106444895163,10.4471708475282,1154506.96599058
"13114101002","13114",3481,294838,1387,0.570161949135889,790.814623451478,1109,0.249459264599856,0.282624369142033,0.686373467916366,87392175.8250911,78802.6833409297,0.0118064835604637,9.33673985115418,1031794.28719209
"13114101003","13114",3748,294838,1387,0.570161949135889,790.814623451478,1109,0.249459264599856,0.282624369142033,0.686373467916366,87392175.8250911,78802.6833409297,0.0127120656089107,10.0528873778012,1110935.07279401
"13114101004","13114",4361,294838,1387,0.570161949135889,790.814623451478,1109,0.249459264599856,0.282624369142033,0.686373467916366,87392175.8250911,78802.6833409297,0.0147911734579667,11.6970762685675,1292632.83149805
"13114101005","13114",4812,294838,1387,0.570161949135889,790.814623451478,1109,0.249459264599856,0.282624369142033,0.686373467916366,87392175.8250911,78802.6833409297,0.0163208270304371,12.9067486824918,1426312.58545485
"13114111001","13114",3428,294838,1387,0.570161949135889,790.814623451478,1109,0.249459264599856,0.282624369142033,0.686373467916366,87392175.8250911,78802.6833409297,0.0116267238280005,9.19458322601451,1016084.69304639
"13114111002","13114",3739,294838,1387,0.570161949135889,790.814623451478,1109,0.249459264599856,0.282624369142033,0.686373467916366,87392175.8250911,78802.6833409297,0.0126815403713226,10.0287475735322,1108267.40586361
"13114111003","13114",3878,294838,1387,0.570161949135889,790.814623451478,1109,0.249459264599856,0.282624369142033,0.686373467916366,87392175.8250911,78802.6833409297,0.0131529857074054,10.4015734394645,1149468.03956648
"13114111004","13114",2945,294838,1387,0.570161949135889,790.814623451478,1109,0.249459264599856,0.282624369142033,0.686373467916366,87392175.8250911,78802.6833409297,0.00998853607743914,7.89908039691153,872919.901114827
"13114111005","13114",2721,294838,1387,0.570161949135889,790.814623451478,1109,0.249459264599856,0.282624369142033,0.686373467916366,87392175.8250911,78802.6833409297,0.009228796830802,7.29826749066088,806524.635291492
"13114111006","13114",3072,294838,1387,0.570161949135889,790.814623451478,1109,0.249459264599856,0.282624369142033,0.686373467916366,87392175.8250911,78802.6833409297,0.0104192810967379,8.23971985715186,910563.645577164
"13114111007","13114",2915,294838,1387,0.570161949135889,790.814623451478,1109,0.249459264599856,0.282624369142033,0.686373467916366,87392175.8250911,78802.6833409297,0.00988678528547881,7.81861438268154,864027.678013487
"13114121001","13114",3193,294838,1387,0.570161949135889,790.814623451478,1109,0.249459264599856,0.282624369142033,0.686373467916366,87392175.8250911,78802.6833409297,0.0108296759576445,8.56426611454619,946428.945419233
"13114121002","13114",3708,294838,1387,0.570161949135889,790.814623451478,1109,0.249459264599856,0.282624369142033,0.686373467916366,87392175.8250911,78802.6833409297,0.0125763978862969,9.94559935882783,1099078.77532556
"13114121003","13114",3321,294838,1387,0.570161949135889,790.814623451478,1109,0.249459264599856,0.282624369142033,0.686373467916366,87392175.8250911,78802.6833409297,0.0112638126700086,8.90758777526085,984369.097318281
"13114121004","13114",2215,294838,1387,0.570161949135889,790.814623451478,1109,0.249459264599856,0.282624369142033,0.686373467916366,87392175.8250911,78802.6833409297,0.00751260013973775,5.94107405064823,656542.472315566
"13114121005","13114",3392,294838,1387,0.570161949135889,790.814623451478,1109,0.249459264599856,0.282624369142033,0.686373467916366,87392175.8250911,78802.6833409297,0.0115046228776481,9.09802400893851,1005414.02532478
"13114121006","13114",2714,294838,1387,0.570161949135889,790.814623451478,1109,0.249459264599856,0.282624369142033,0.686373467916366,87392175.8250911,78802.6833409297,0.00920505497934459,7.27949208734054,804449.783234512
"13114121007","13114",3376,294838,1387,0.570161949135889,790.814623451478,1109,0.249459264599856,0.282624369142033,0.686373467916366,87392175.8250911,78802.6833409297,0.0114503557886026,9.05510880134918,1000671.5063374
"13114131001","13114",2297,294838,1387,0.570161949135889,790.814623451478,1109,0.249459264599856,0.282624369142033,0.686373467916366,87392175.8250911,78802.6833409297,0.00779071897109599,6.16101448954356,680847.882125894
"13114131002","13114",1890,294838,1387,0.570161949135889,790.814623451478,1109,0.249459264599856,0.282624369142033,0.686373467916366,87392175.8250911,78802.6833409297,0.00641029989350084,5.06935889648991,560210.055384388
"13114131003","13114",2101,294838,1387,0.570161949135889,790.814623451478,1109,0.249459264599856,0.282624369142033,0.686373467916366,87392175.8250911,78802.6833409297,0.0071259471302885,5.63530319657424,622752.024530476
"13114131004","13114",2684,294838,1387,0.570161949135889,790.814623451478,1109,0.249459264599856,0.282624369142033,0.686373467916366,87392175.8250911,78802.6833409297,0.00910330418738426,7.19902607311055,795557.560133173
"13114131005","13114",3310,294838,1387,0.570161949135889,790.814623451478,1109,0.249459264599856,0.282624369142033,0.686373467916366,87392175.8250911,78802.6833409297,0.0112265040462898,8.87808357004318,981108.615514457
"13114131006","13114",3333,294838,1387,0.570161949135889,790.814623451478,1109,0.249459264599856,0.282624369142033,0.686373467916366,87392175.8250911,78802.6833409297,0.0113045129867927,8.93977418095285,987925.986558817
"13114131007","13114",2764,294838,1387,0.570161949135889,790.814623451478,1109,0.249459264599856,0.282624369142033,0.686373467916366,87392175.8250911,78802.6833409297,0.00937463963261181,7.41360211105721,819270.155070078
"13114131008","13114",2919,294838,1387,0.570161949135889,790.814623451478,1109,0.249459264599856,0.282624369142033,0.686373467916366,87392175.8250911,78802.6833409297,0.00990035205774018,7.82934318457887,865213.307760332
"13114131009","13114",2501,294838,1387,0.570161949135889,790.814623451478,1109,0.249459264599856,0.282624369142033,0.686373467916366,87392175.8250911,78802.6833409297,0.00848262435642624,6.70818338630755,741314.999215002
"13114131010","13114",2364,294838,1387,0.570161949135889,790.814623451478,1109,0.249459264599856,0.282624369142033,0.686373467916366,87392175.8250911,78802.6833409297,0.00801796240647406,6.34072192132389,700707.180385552
"13114141001","13114",5711,294838,1387,0.570161949135889,790.814623451478,1109,0.249459264599856,0.282624369142033,0.686373467916366,87392175.8250911,78802.6833409297,0.0193699590961816,15.3180469089174,1692782.87105833
"13114141002","13114",3924,294838,1387,0.570161949135889,790.814623451478,1109,0.249459264599856,0.282624369142033,0.686373467916366,87392175.8250911,78802.6833409297,0.0133090035884113,10.5249546612838,1163102.78165521
"13114141003","13114",6260,294838,1387,0.570161949135889,790.814623451478,1109,0.249459264599856,0.282624369142033,0.686373467916366,87392175.8250911,78802.6833409297,0.0212319985890557,16.7905749693264,1855510.55381284
"13114141004","13114",3190,294838,1387,0.570161949135889,790.814623451478,1109,0.249459264599856,0.282624369142033,0.686373467916366,87392175.8250911,78802.6833409297,0.0108195008784485,8.55621951312319,945539.723109099
"13114151001","13114",7115,294838,1387,0.570161949135889,790.814623451478,1109,0.249459264599856,0.282624369142033,0.686373467916366,87392175.8250911,78802.6833409297,0.0241318961599251,19.0838563748813,2108938.91220102
"13114151002","13114",5370,294838,1387,0.570161949135889,790.814623451478,1109,0.249459264599856,0.282624369142033,0.686373467916366,87392175.8250911,78802.6833409297,0.0182133917608992,14.4034165471698,1591707.93513977
"13114151003","13114",4675,294838,1387,0.570161949135889,790.814623451478,1109,0.249459264599856,0.282624369142033,0.686373467916366,87392175.8250911,78802.6833409297,0.0158561650804849,12.5392872175081,1385704.7666254
"13114161001","13114",3820,294838,1387,0.570161949135889,790.814623451478,1109,0.249459264599856,0.282624369142033,0.686373467916366,87392175.8250911,78802.6833409297,0.0129562675096154,10.2460058119532,1132276.40823723
"13114161002","13114",2250,294838,1387,0.570161949135889,790.814623451478,1109,0.249459264599856,0.282624369142033,0.686373467916366,87392175.8250911,78802.6833409297,0.00763130939702481,6.0349510672499,666916.732600462
"13114161003","13114",4475,294838,1387,0.570161949135889,790.814623451478,1109,0.249459264599856,0.282624369142033,0.686373467916366,87392175.8250911,78802.6833409297,0.015177826467416,12.0028471226415,1326423.27928314
"13114161004","13114",4046,294838,1387,0.570161949135889,790.814623451478,1109,0.249459264599856,0.282624369142033,0.686373467916366,87392175.8250911,78802.6833409297,0.0137227901423833,10.8521831191525,1199264.48893399
"13114991999","13114",358,294838,1387,0.570161949135889,790.814623451478,1109,0.249459264599856,0.282624369142033,0.686373467916366,87392175.8250911,78802.6833409297,0.00121422611739328,0.960227769811317,106113.862342651
"13115011001","13115",5242,105833,542,0.463522288992068,251.229080633701,309,0.354243542435424,0.311808118081181,0.452029520295203,22928828.3175734,74203.3278885872,0.0495308646641407,12.4435935925643,1135684.69230505
"13115011002","13115",3910,105833,542,0.463522288992068,251.229080633701,309,0.354243542435424,0.311808118081181,0.452029520295203,22928828.3175734,74203.3278885872,0.036944998251963,9.28165794485435,847105.52211231
"13115011003","13115",2801,105833,542,0.463522288992068,251.229080633701,309,0.354243542435424,0.311808118081181,0.452029520295203,22928828.3175734,74203.3278885872,0.0264662250904727,6.64908539732405,606839.531313704
"13115011004","13115",5076,105833,542,0.463522288992068,251.229080633701,309,0.354243542435424,0.311808118081181,0.452029520295203,22928828.3175734,74203.3278885872,0.0479623557869474,12.0495385493812,1099720.62154529
"13115011005","13115",2451,105833,542,0.463522288992068,251.229080633701,309,0.354243542435424,0.311808118081181,0.452029520295203,22928828.3175734,74203.3278885872,0.0231591280602459,5.81824645085371,531011.671278075
"13115011006","13115",4823,105833,542,0.463522288992068,251.229080633701,309,0.354243542435424,0.311808118081181,0.452029520295203,22928828.3175734,74203.3278885872,0.0455717970765262,11.4489606823613,1044907.91129097
"13115011007","13115",4870,105833,542,0.463522288992068,251.229080633701,309,0.354243542435424,0.311808118081181,0.452029520295203,22928828.3175734,74203.3278885872,0.0460158929634424,11.5605304837444,1055090.50963861
"13115011008","13115",6432,105833,542,0.463522288992068,251.229080633701,309,0.354243542435424,0.311808118081181,0.452029520295203,22928828.3175734,74203.3278885872,0.060774994566912,15.2684460105635,1393499.41642618
"13115011009","13115",4404,105833,542,0.463522288992068,251.229080633701,309,0.354243542435424,0.311808118081181,0.452029520295203,22928828.3175734,74203.3278885872,0.0416127294889118,10.4543277721582,954131.130276884
"13115011010","13115",8155,105833,542,0.463522288992068,251.229080633701,309,0.354243542435424,0.311808118081181,0.452029520295203,22928828.3175734,74203.3278885872,0.077055360804286,19.3585474527589,1766789.13883015
"13115011011","13115",4261,105833,542,0.463522288992068,251.229080633701,309,0.354243542435424,0.311808118081181,0.452029520295203,22928828.3175734,74203.3278885872,0.0402615441308477,10.114870716886,923150.033176612
"13115011012","13115",5638,105833,542,0.463522288992068,251.229080633701,309,0.354243542435424,0.311808118081181,0.452029520295203,22928828.3175734,74203.3278885872,0.0532726087326259,13.3836285148565,1221478.49965964
"13115012005","13115",29,105833,542,0.463522288992068,251.229080633701,309,0.354243542435424,0.311808118081181,0.452029520295203,22928828.3175734,74203.3278885872,0.00027401661107594,0.0688409412789709,6282.87983152353
"13115021001","13115",3554,105833,542,0.463522288992068,251.229080633701,309,0.354243542435424,0.311808118081181,0.452029520295203,22928828.3175734,74203.3278885872,0.0335812081297894,8.43657604501595,769977.755904642
"13115021002","13115",5058,105833,542,0.463522288992068,251.229080633701,309,0.354243542435424,0.311808118081181,0.452029520295203,22928828.3175734,74203.3278885872,0.0477922765111071,12.0068096892771,1095820.90302917
"13115021003","13115",4030,105833,542,0.463522288992068,251.229080633701,309,0.354243542435424,0.311808118081181,0.452029520295203,22928828.3175734,74203.3278885872,0.0380788600908979,9.56651701221561,873103.645553097
"13115021004","13115",1240,105833,542,0.463522288992068,251.229080633701,309,0.354243542435424,0.311808118081181,0.452029520295203,22928828.3175734,74203.3278885872,0.0117165723356609,2.94354369606634,268647.275554799
"13115021005","13115",5667,105833,542,0.463522288992068,251.229080633701,309,0.354243542435424,0.311808118081181,0.452029520295203,22928828.3175734,74203.3278885872,0.0535466253437019,13.4524694561354,1227761.37949117
"13115022001","13115",89,105833,542,0.463522288992068,251.229080633701,309,0.354243542435424,0.311808118081181,0.452029520295203,22928828.3175734,74203.3278885872,0.000840947530543403,0.2112704749596,19281.941551917
"13115022901","13115",95,105833,542,0.463522288992068,251.229080633701,309,0.354243542435424,0.311808118081181,0.452029520295203,22928828.3175734,74203.3278885872,0.00089764062249015,0.225513428327663,20581.8477239564
"13115032002","13115",153,105833,542,0.463522288992068,251.229080633701,309,0.354243542435424,0.311808118081181,0.452029520295203,22928828.3175734,74203.3278885872,0.00144567384464203,0.363195310885605,33147.6073870035
"13115032003","13115",85,105833,542,0.463522288992068,251.229080633701,309,0.354243542435424,0.311808118081181,0.452029520295203,22928828.3175734,74203.3278885872,0.000803152135912239,0.201775172714225,18415.3374372241
"13115032004","13115",22,105833,542,0.463522288992068,251.229080633701,309,0.354243542435424,0.311808118081181,0.452029520295203,22928828.3175734,74203.3278885872,0.000207874670471403,0.0522241623495641,4766.32263081095
"13115032006","13115",1586,105833,542,0.463522288992068,251.229080633701,309,0.354243542435424,0.311808118081181,0.452029520295203,22928828.3175734,74203.3278885872,0.0149858739712566,3.7648873402913,343608.531475735
"13115032007","13115",219,105833,542,0.463522288992068,251.229080633701,309,0.354243542435424,0.311808118081181,0.452029520295203,22928828.3175734,74203.3278885872,0.00206929785605624,0.519867797934297,47446.5752794363
"13115032008","13115",168,105833,542,0.463522288992068,251.229080633701,309,0.354243542435424,0.311808118081181,0.452029520295203,22928828.3175734,74203.3278885872,0.0015874065745089,0.398802694305762,36397.3728171018
"13115032901","13115",253,105833,542,0.463522288992068,251.229080633701,309,0.354243542435424,0.311808118081181,0.452029520295203,22928828.3175734,74203.3278885872,0.00239055871042114,0.600577867019987,54812.710254326
"13115041001","13115",5275,105833,542,0.463522288992068,251.229080633701,309,0.354243542435424,0.311808118081181,0.452029520295203,22928828.3175734,74203.3278885872,0.0498426766698478,12.5219298360887,1142834.17625126
"13115041002","13115",3665,105833,542,0.463522288992068,251.229080633701,309,0.354243542435424,0.311808118081181,0.452029520295203,22928828.3175734,74203.3278885872,0.0346300303308042,8.70007068232511,794026.02008737
"13115041003","13115",4505,105833,542,0.463522288992068,251.229080633701,309,0.354243542435424,0.311808118081181,0.452029520295203,22928828.3175734,74203.3278885872,0.0425670632033487,10.6940841538539,976012.884172879
"13115041004","13115",6675,105833,542,0.463522288992068,251.229080633701,309,0.354243542435424,0.311808118081181,0.452029520295203,22928828.3175734,74203.3278885872,0.0630710647907552,15.84528562197,1446145.61639378
"13115041005","13115",5360,105833,542,0.463522288992068,251.229080633701,309,0.354243542435424,0.311808118081181,0.452029520295203,22928828.3175734,74203.3278885872,0.05064582880576,12.7237050088029,1161249.51368849
"13115991999","13115",42,105833,542,0.463522288992068,251.229080633701,309,0.354243542435424,0.311808118081181,0.452029520295203,22928828.3175734,74203.3278885872,0.000396851643627224,0.0997006735764406,9099.34320427546
"13116011001","13116",4898,98804,361,0.316507917019257,114.259358043952,90,0.263157894736842,0.28808864265928,0.141274238227147,3270795.70495298,36342.1744994776,0.0495728917857577,5.66416679182297,162142.801534955
"13116011002","13116",3600,98804,361,0.316507917019257,114.259358043952,90,0.263157894736842,0.28808864265928,0.141274238227147,3270795.70495298,36342.1744994776,0.0364357718311,4.16312789925739,119173.966011809
"13116011003","13116",4529,98804,361,0.316507917019257,114.259358043952,90,0.263157894736842,0.28808864265928,0.141274238227147,3270795.70495298,36342.1744994776,0.0458382251730699,5.23744618214908,149927.470018745
"13116011004","13116",5173,98804,361,0.316507917019257,114.259358043952,90,0.263157894736842,0.28808864265928,0.141274238227147,3270795.70495298,36342.1744994776,0.0523561799117445,5.98218350634957,171246.368383079
"13116011005","13116",3080,98804,361,0.316507917019257,114.259358043952,90,0.263157894736842,0.28808864265928,0.141274238227147,3270795.70495298,36342.1744994776,0.0311728270110522,3.56178720269799,101959.948698992
"13116021001","13116",6216,98804,361,0.316507917019257,114.259358043952,90,0.263157894736842,0.28808864265928,0.141274238227147,3270795.70495298,36342.1744994776,0.0629124326950326,7.18833417271775,205773.714647056
"13116021002","13116",5533,98804,361,0.316507917019257,114.259358043952,90,0.263157894736842,0.28808864265928,0.141274238227147,3270795.70495298,36342.1744994776,0.0559997570948545,6.39849629627531,183163.76498426
"13116031001","13116",5012,98804,361,0.316507917019257,114.259358043952,90,0.263157894736842,0.28808864265928,0.141274238227147,3270795.70495298,36342.1744994776,0.0507266912270758,5.79599917529945,165916.643791996
"13116031002","13116",4329,98804,361,0.316507917019257,114.259358043952,90,0.263157894736842,0.28808864265928,0.141274238227147,3270795.70495298,36342.1744994776,0.0438140156268977,5.00616129885701,143306.6941292
"13116031003","13116",4228,98804,361,0.316507917019257,114.259358043952,90,0.263157894736842,0.28808864265928,0.141274238227147,3270795.70495298,36342.1744994776,0.0427917898060807,4.88936243279451,139963.20230498
"13116031004","13116",2829,98804,361,0.316507917019257,114.259358043952,90,0.263157894736842,0.28808864265928,0.141274238227147,3270795.70495298,36342.1744994776,0.028632444030606,3.27152467416643,93650.8749576129
"13116041001","13116",3888,98804,361,0.316507917019257,114.259358043952,90,0.263157894736842,0.28808864265928,0.141274238227147,3270795.70495298,36342.1744994776,0.039350633577588,4.49617813119798,128707.883292753
"13116041002","13116",3726,98804,361,0.316507917019257,114.259358043952,90,0.263157894736842,0.28808864265928,0.141274238227147,3270795.70495298,36342.1744994776,0.0377110238451885,4.30883737573139,123345.054822222
"13116041003","13116",3904,98804,361,0.316507917019257,114.259358043952,90,0.263157894736842,0.28808864265928,0.141274238227147,3270795.70495298,36342.1744994776,0.0395125703412817,4.51468092186134,129237.545363917
"13116041004","13116",4436,98804,361,0.316507917019257,114.259358043952,90,0.263157894736842,0.28808864265928,0.141274238227147,3270795.70495298,36342.1744994776,0.0448969677340998,5.12989871141827,146848.809230106
"13116051001","13116",2104,98804,361,0.316507917019257,114.259358043952,90,0.263157894736842,0.28808864265928,0.141274238227147,3270795.70495298,36342.1744994776,0.0212946844257318,2.43311697223265,69650.5623580126
"13116051002","13116",3505,98804,361,0.316507917019257,114.259358043952,90,0.263157894736842,0.28808864265928,0.141274238227147,3270795.70495298,36342.1744994776,0.0354742722966681,4.05326757969365,116029.097464275
"13116061001","13116",2805,98804,361,0.316507917019257,114.259358043952,90,0.263157894736842,0.28808864265928,0.141274238227147,3270795.70495298,36342.1744994776,0.0283895388850654,3.24377048817138,92856.3818508675
"13116061002","13116",4115,98804,361,0.316507917019257,114.259358043952,90,0.263157894736842,0.28808864265928,0.141274238227147,3270795.70495298,36342.1744994776,0.0416481114124934,4.75868647373448,136222.463927387
"13116061003","13116",3537,98804,361,0.316507917019257,114.259358043952,90,0.263157894736842,0.28808864265928,0.141274238227147,3270795.70495298,36342.1744994776,0.0357981458240557,4.09027316102038,117088.421606602
"13116071001","13116",3115,98804,361,0.316507917019257,114.259358043952,90,0.263157894736842,0.28808864265928,0.141274238227147,3270795.70495298,36342.1744994776,0.0315270636816323,3.6022620572741,103118.584479662
"13116071002","13116",3107,98804,361,0.316507917019257,114.259358043952,90,0.263157894736842,0.28808864265928,0.141274238227147,3270795.70495298,36342.1744994776,0.0314460952997854,3.59301066194242,102853.75344408
"13116071003","13116",5479,98804,361,0.316507917019257,114.259358043952,90,0.263157894736842,0.28808864265928,0.141274238227147,3270795.70495298,36342.1744994776,0.055453220517388,6.33604937778645,181376.155494083
"13116071004","13116",5471,98804,361,0.316507917019257,114.259358043952,90,0.263157894736842,0.28808864265928,0.141274238227147,3270795.70495298,36342.1744994776,0.0553722521355411,6.32679798245476,181111.324458501
"13116071005","13116",32,98804,361,0.316507917019257,114.259358043952,90,0.263157894736842,0.28808864265928,0.141274238227147,3270795.70495298,36342.1744994776,0.000323873527387555,0.0370055813267323,1059.32414232719
"13116991999","13116",153,98804,361,0.316507917019257,114.259358043952,90,0.263157894736842,0.28808864265928,0.141274238227147,3270795.70495298,36342.1744994776,0.00154852030282175,0.176932935718439,5064.89355550186
"13117011001","13117",3432,96249,353,0.344016392203279,121.437786447758,113,0.269121813031161,0.320113314447592,0.218130311614731,4205899.02375965,37220.3453430057,0.0356575133248138,4.33016948839681,149971.900482531
"13117011002","13117",3864,96249,353,0.344016392203279,121.437786447758,113,0.269121813031161,0.320113314447592,0.218130311614731,4205899.02375965,37220.3453430057,0.0401458716454197,4.87522578763556,168849.482361451
"13117011003","13117",3356,96249,353,0.344016392203279,121.437786447758,113,0.269121813031161,0.320113314447592,0.218130311614731,4205899.02375965,37220.3453430057,0.0348678947313738,4.23427995427147,146650.844411239
"13117011004","13117",2754,96249,353,0.344016392203279,121.437786447758,113,0.269121813031161,0.320113314447592,0.218130311614731,4205899.02375965,37220.3453430057,0.0286132842938628,3.47473390764709,120344.584478115
"13117021001","13117",3017,96249,353,0.344016392203279,121.437786447758,113,0.269121813031161,0.320113314447592,0.218130311614731,4205899.02375965,37220.3453430057,0.0313457802158983,3.80656216389661,131837.186409031
"13117021002","13117",2181,96249,353,0.344016392203279,121.437786447758,113,0.269121813031161,0.320113314447592,0.218130311614731,4205899.02375965,37220.3453430057,0.0226599756880591,2.7517772885179,95305.5696248251
"13117021003","13117",3091,96249,353,0.344016392203279,121.437786447758,113,0.269121813031161,0.320113314447592,0.218130311614731,4205899.02375965,37220.3453430057,0.0321146193726688,3.89992828922917,135070.84626792
"13117021004","13117",3461,96249,353,0.344016392203279,121.437786447758,113,0.269121813031161,0.320113314447592,0.218130311614731,4205899.02375965,37220.3453430057,0.0359588151565211,4.366758915892,151239.145562366
"13117021005","13117",3922,96249,353,0.344016392203279,121.437786447758,113,0.269121813031161,0.320113314447592,0.218130311614731,4205899.02375965,37220.3453430057,0.0407484753088344,4.94840464262595,171383.972521121
"13117031001","13117",4081,96249,353,0.344016392203279,121.437786447758,113,0.269121813031161,0.320113314447592,0.218130311614731,4205899.02375965,37220.3453430057,0.0424004405240574,5.14901564165133,178331.971407112
"13117031002","13117",2303,96249,353,0.344016392203279,121.437786447758,113,0.269121813031161,0.320113314447592,0.218130311614731,4205899.02375965,37220.3453430057,0.0239275213248969,2.90570522487699,100636.738581372
"13117031003","13117",2485,96249,353,0.344016392203279,121.437786447758,113,0.269121813031161,0.320113314447592,0.218130311614731,4205899.02375965,37220.3453430057,0.0258184500618188,3.13533542501925,108589.793909991
"13117031004","13117",2738,96249,353,0.344016392203279,121.437786447758,113,0.269121813031161,0.320113314447592,0.218130311614731,4205899.02375965,37220.3453430057,0.028447048800507,3.45454663730491,119645.414778896
"13117031005","13117",3205,96249,353,0.344016392203279,121.437786447758,113,0.269121813031161,0.320113314447592,0.218130311614731,4205899.02375965,37220.3453430057,0.0332990472628287,4.04376259041718,140052.430374858
"13117031006","13117",2450,96249,353,0.344016392203279,121.437786447758,113,0.269121813031161,0.320113314447592,0.218130311614731,4205899.02375965,37220.3453430057,0.0254548099201031,3.09117577114574,107060.360192949
"13117041001","13117",4241,96249,353,0.344016392203279,121.437786447758,113,0.269121813031161,0.320113314447592,0.218130311614731,4205899.02375965,37220.3453430057,0.0440627954576151,5.35088834507309,185323.668399305
"13117041002","13117",2703,96249,353,0.344016392203279,121.437786447758,113,0.269121813031161,0.320113314447592,0.218130311614731,4205899.02375965,37220.3453430057,0.0280834086587913,3.4103869834314,118115.981061853
"13117041003","13117",3909,96249,353,0.344016392203279,121.437786447758,113,0.269121813031161,0.320113314447592,0.218130311614731,4205899.02375965,37220.3453430057,0.0406134089704828,4.93200248547294,170815.897140505
"13117041004","13117",3104,96249,353,0.344016392203279,121.437786447758,113,0.269121813031161,0.320113314447592,0.218130311614731,4205899.02375965,37220.3453430057,0.0322496857110204,3.91633044638219,135638.921648536
"13117041005","13117",2811,96249,353,0.344016392203279,121.437786447758,113,0.269121813031161,0.320113314447592,0.218130311614731,4205899.02375965,37220.3453430057,0.0292054982389427,3.54665105824109,122835.376531583
"13117051001","13117",4222,96249,353,0.344016392203279,121.437786447758,113,0.269121813031161,0.320113314447592,0.218130311614731,4205899.02375965,37220.3453430057,0.0438653908092552,5.32691596154176,184493.404381482
"13117051002","13117",4026,96249,353,0.344016392203279,121.437786447758,113,0.269121813031161,0.320113314447592,0.218130311614731,4205899.02375965,37220.3453430057,0.0418290060156469,5.0796218998501,175928.575566046
"13117051003","13117",3431,96249,353,0.344016392203279,121.437786447758,113,0.269121813031161,0.320113314447592,0.218130311614731,4205899.02375965,37220.3453430057,0.035647123606479,4.32890778400042,149928.20237633
"13117051004","13117",4012,96249,353,0.344016392203279,121.437786447758,113,0.269121813031161,0.320113314447592,0.218130311614731,4205899.02375965,37220.3453430057,0.0416835499589606,5.06195803830069,175316.802079229
"13117061001","13117",2850,96249,353,0.344016392203279,121.437786447758,113,0.269121813031161,0.320113314447592,0.218130311614731,4205899.02375965,37220.3453430057,0.0296106972539974,3.59585752970014,124539.60267343
"13117061002","13117",3328,96249,353,0.344016392203279,121.437786447758,113,0.269121813031161,0.320113314447592,0.218130311614731,4205899.02375965,37220.3453430057,0.0345769826180012,4.19895223117266,145427.297437606
"13117061003","13117",1834,96249,353,0.344016392203279,121.437786447758,113,0.269121813031161,0.320113314447592,0.218130311614731,4205899.02375965,37220.3453430057,0.0190547434259057,2.31396586297195,80142.3267730074
"13117071001","13117",1148,96249,353,0.344016392203279,121.437786447758,113,0.269121813031161,0.320113314447592,0.218130311614731,4205899.02375965,37220.3453430057,0.0119273966482769,1.44843664705115,50165.4259189818
"13117071002","13117",2370,96249,353,0.344016392203279,121.437786447758,113,0.269121813031161,0.320113314447592,0.218130311614731,4205899.02375965,37220.3453430057,0.0246236324533242,2.99023941943486,103564.511696853
"13117071003","13117",2736,96249,353,0.344016392203279,121.437786447758,113,0.269121813031161,0.320113314447592,0.218130311614731,4205899.02375965,37220.3453430057,0.0284262693638375,3.45202322851214,119558.018566493
"13117071004","13117",2836,96249,353,0.344016392203279,121.437786447758,113,0.269121813031161,0.320113314447592,0.218130311614731,4205899.02375965,37220.3453430057,0.0294652411973111,3.57819366815074,123927.829186613
"13117991999","13117",348,96249,353,0.344016392203279,121.437786447758,113,0.269121813031161,0.320113314447592,0.218130311614731,4205899.02375965,37220.3453430057,0.00361562198048811,0.439073129942333,15206.9409580189
"13118011001","13118",4848,116534,503,0.406879168219753,204.660221614536,245,0.288270377733598,0.288270377733598,0.365805168986084,12146605.113038,49577.9800532162,0.0416015926682342,8.51419117499845,505318.118214496
"13118011002","13118",5344,116534,503,0.406879168219753,204.660221614536,245,0.288270377733598,0.288270377733598,0.365805168986084,12146605.113038,49577.9800532162,0.0458578612250502,9.3852800410874,557017.33162918
"13118011003","13118",4911,116534,503,0.406879168219753,204.660221614536,245,0.288270377733598,0.288270377733598,0.365805168986084,12146605.113038,49577.9800532162,0.0421422074244426,8.62483351081217,511884.752176442
"13118011004","13118",3070,116534,503,0.406879168219753,204.660221614536,245,0.288270377733598,0.288270377733598,0.365805168986084,12146605.113038,49577.9800532162,0.0263442428819057,5.39161858647798,319993.11528847
"13118021001","13118",4676,116534,503,0.406879168219753,204.660221614536,245,0.288270377733598,0.288270377733598,0.365805168986084,12146605.113038,49577.9800532162,0.0401256285719189,8.21212003595148,487390.165175533
"13118021002","13118",5322,116534,503,0.406879168219753,204.660221614536,245,0.288270377733598,0.288270377733598,0.365805168986084,12146605.113038,49577.9800532162,0.0456690751197076,9.34664303493023,554724.221356755
"13118021003","13118",2690,116534,503,0.406879168219753,204.660221614536,245,0.288270377733598,0.288270377733598,0.365805168986084,12146605.113038,49577.9800532162,0.0230833919714418,4.72425211649048,280384.846946575
"13118021004","13118",4209,116534,503,0.406879168219753,204.660221614536,245,0.288270377733598,0.288270377733598,0.365805168986084,12146605.113038,49577.9800532162,0.0361182144266909,7.39196176888789,438713.688029046
"13118021005","13118",2865,116534,503,0.406879168219753,204.660221614536,245,0.288270377733598,0.288270377733598,0.365805168986084,12146605.113038,49577.9800532162,0.0245850996275765,5.03159193819525,298625.496840869
"13118021006","13118",2525,116534,503,0.406879168219753,204.660221614536,245,0.288270377733598,0.288270377733598,0.365805168986084,12146605.113038,49577.9800532162,0.021667496181372,4.43447457031169,263186.519903383
"13118021007","13118",5045,116534,503,0.406879168219753,204.660221614536,245,0.288270377733598,0.288270377733598,0.365805168986084,12146605.113038,49577.9800532162,0.0432920864297115,8.8601680028604,525851.878381216
"13118031001","13118",4746,116534,503,0.406879168219753,204.660221614536,245,0.288270377733598,0.288270377733598,0.365805168986084,12146605.113038,49577.9800532162,0.0407263116343728,8.33505596463339,494686.42513325
"13118031002","13118",4531,116534,503,0.406879168219753,204.660221614536,245,0.288270377733598,0.288270377733598,0.365805168986084,12146605.113038,49577.9800532162,0.0388813565139788,7.95746704082467,472276.483834547
"13118031003","13118",3373,116534,503,0.406879168219753,204.660221614536,245,0.288270377733598,0.288270377733598,0.365805168986084,12146605.113038,49577.9800532162,0.0289443424236703,5.92375553491538,351575.497676876
"13118031004","13118",3104,116534,503,0.406879168219753,204.660221614536,245,0.288270377733598,0.288270377733598,0.365805168986084,12146605.113038,49577.9800532162,0.0266360032265262,5.45133032326634,323537.012982219
"13118031005","13118",3789,116534,503,0.406879168219753,204.660221614536,245,0.288270377733598,0.288270377733598,0.365805168986084,12146605.113038,49577.9800532162,0.0325141160519677,6.65434619679644,394936.12828274
"13118031006","13118",2779,116534,503,0.406879168219753,204.660221614536,245,0.288270377733598,0.288270377733598,0.365805168986084,12146605.113038,49577.9800532162,0.0238471175794189,4.88055636867176,289661.520321387
"13118041001","13118",3073,116534,503,0.406879168219753,204.660221614536,245,0.288270377733598,0.288270377733598,0.365805168986084,12146605.113038,49577.9800532162,0.0263699864417252,5.39688726913578,320305.812143801
"13118041002","13118",3530,116534,503,0.406879168219753,204.660221614536,245,0.288270377733598,0.288270377733598,0.365805168986084,12146605.113038,49577.9800532162,0.0302915887208883,6.19948326067338,367939.966439185
"13118041003","13118",3955,116534,503,0.406879168219753,204.660221614536,245,0.288270377733598,0.288270377733598,0.365805168986084,12146605.113038,49577.9800532162,0.033938593028644,6.94587997052782,412238.687611042
"13118041004","13118",3358,116534,503,0.406879168219753,204.660221614536,245,0.288270377733598,0.288270377733598,0.365805168986084,12146605.113038,49577.9800532162,0.0288156246245731,5.8974121216264,350012.013400222
"13118041005","13118",3429,116534,503,0.406879168219753,204.660221614536,245,0.288270377733598,0.288270377733598,0.365805168986084,12146605.113038,49577.9800532162,0.0294248888736334,6.02210427786091,357412.50564305
"13118051001","13118",43,116534,503,0.406879168219753,204.660221614536,245,0.288270377733598,0.288270377733598,0.365805168986084,12146605.113038,49577.9800532162,0.00036899102407881,0.0755177847617437,4481.98825974079
"13118051002","13118",2391,116534,503,0.406879168219753,204.660221614536,245,0.288270377733598,0.288270377733598,0.365805168986084,12146605.113038,49577.9800532162,0.0205176171761031,4.19914007826347,249219.39369861
"13118051003","13118",2330,116534,503,0.406879168219753,204.660221614536,245,0.288270377733598,0.288270377733598,0.365805168986084,12146605.113038,49577.9800532162,0.0199941647931076,4.09201019755495,242861.224306884
"13118051004","13118",3006,116534,503,0.406879168219753,204.660221614536,245,0.288270377733598,0.288270377733598,0.365805168986084,12146605.113038,49577.9800532162,0.0257950469390907,5.27922002311166,313322.249041414
"13118051005","13118",3792,116534,503,0.406879168219753,204.660221614536,245,0.288270377733598,0.288270377733598,0.365805168986084,12146605.113038,49577.9800532162,0.0325398596117871,6.65961487945424,395248.825138071
"13118061001","13118",4146,116534,503,0.406879168219753,204.660221614536,245,0.288270377733598,0.288270377733598,0.365805168986084,12146605.113038,49577.9800532162,0.0355775996704824,7.28131943307417,432147.0540671
"13118061002","13118",3632,116534,503,0.406879168219753,204.660221614536,245,0.288270377733598,0.288270377733598,0.365805168986084,12146605.113038,49577.9800532162,0.0311668697547497,6.37861847103845,378571.659520431
"13118061003","13118",3715,116534,503,0.406879168219753,204.660221614536,245,0.288270377733598,0.288270377733598,0.365805168986084,12146605.113038,49577.9800532162,0.0318791082430879,6.52438535790414,387222.939184582
"13118061004","13118",3312,116534,503,0.406879168219753,204.660221614536,245,0.288270377733598,0.288270377733598,0.365805168986084,12146605.113038,49577.9800532162,0.0284208900406748,5.81662565420686,345217.328285151
"13118061005","13118",2032,116534,503,0.406879168219753,204.660221614536,245,0.288270377733598,0.288270377733598,0.365805168986084,12146605.113038,49577.9800532162,0.0174369711843754,3.56865438688054,211800.00334403
"13118061006","13118",2678,116534,503,0.406879168219753,204.660221614536,245,0.288270377733598,0.288270377733598,0.365805168986084,12146605.113038,49577.9800532162,0.022980417732164,4.70317738585929,279134.059525252
"13118991999","13118",285,116534,503,0.406879168219753,204.660221614536,245,0.288270377733598,0.288270377733598,0.365805168986084,12146605.113038,49577.9800532162,0.00244563818284792,0.500524852490627,29706.2012564215
"13119011001","13119",2649,521627,2156,0.374540184138306,807.508637002187,879,0.26669758812616,0.343228200371058,0.285250463821892,37377991.1631458,42523.3119034651,0.00507834142021023,4.10080455846571,189818.200728055
"13119011002","13119",4740,521627,2156,0.374540184138306,807.508637002187,879,0.26669758812616,0.343228200371058,0.285250463821892,37377991.1631458,42523.3119034651,0.00908695293763551,7.33779298117308,339652.046602862
"13119011003","13119",2477,521627,2156,0.374540184138306,807.508637002187,879,0.26669758812616,0.343228200371058,0.285250463821892,37377991.1631458,42523.3119034651,0.00474860388745215,3.83453865281977,177493.274142466
"13119011004","13119",3391,521627,2156,0.374540184138306,807.508637002187,879,0.26669758812616,0.343228200371058,0.285250463821892,37377991.1631458,42523.3119034651,0.00650081379989916,5.24946329096158,242987.360765887
"13119011005","13119",2201,521627,2156,0.374540184138306,807.508637002187,879,0.26669758812616,0.343228200371058,0.285250463821892,37377991.1631458,42523.3119034651,0.00421949017209615,3.40727475771349,157716.06636559
"13119021001","13119",4203,521627,2156,0.374540184138306,807.508637002187,879,0.26669758812616,0.343228200371058,0.285250463821892,37377991.1631458,42523.3119034651,0.00805748168710592,6.50648605482499,301172.479297854
"13119021002","13119",3414,521627,2156,0.374540184138306,807.508637002187,879,0.26669758812616,0.343228200371058,0.285250463821892,37377991.1631458,42523.3119034651,0.00654490660951216,5.28506861555377,244635.46141396
"13119021003","13119",4740,521627,2156,0.374540184138306,807.508637002187,879,0.26669758812616,0.343228200371058,0.285250463821892,37377991.1631458,42523.3119034651,0.00908695293763551,7.33779298117308,339652.046602862
"13119021004","13119",5176,521627,2156,0.374540184138306,807.508637002187,879,0.26669758812616,0.343228200371058,0.285250463821892,37377991.1631458,42523.3119034651,0.00992279924160367,8.01274609083372,370894.302366332
"13119021005","13119",5306,521627,2156,0.374540184138306,807.508637002187,879,0.26669758812616,0.343228200371058,0.285250463821892,37377991.1631458,42523.3119034651,0.0101720194698511,8.21399357765914,380209.65385544
"13119021006","13119",5450,521627,2156,0.374540184138306,807.508637002187,879,0.26669758812616,0.343228200371058,0.285250463821892,37377991.1631458,42523.3119034651,0.010448078799602,8.43691387075807,390528.197043375
"13119021007","13119",3347,521627,2156,0.374540184138306,807.508637002187,879,0.26669758812616,0.343228200371058,0.285250463821892,37377991.1631458,42523.3119034651,0.00641646233803082,5.18134875695913,239834.472569574
"13119021008","13119",4305,521627,2156,0.374540184138306,807.508637002187,879,0.26669758812616,0.343228200371058,0.285250463821892,37377991.1631458,42523.3119034651,0.00825302371234618,6.66438792910339,308481.447389308
"13119021009","13119",5129,521627,2156,0.374540184138306,807.508637002187,879,0.26669758812616,0.343228200371058,0.285250463821892,37377991.1631458,42523.3119034651,0.00983269654369885,7.93998738405838,367526.44452027
"13119021010","13119",5100,521627,2156,0.374540184138306,807.508637002187,879,0.26669758812616,0.343228200371058,0.285250463821892,37377991.1631458,42523.3119034651,0.00977710126201289,7.8950937139204,365448.404572699
"13119031001","13119",2708,521627,2156,0.374540184138306,807.508637002187,879,0.26669758812616,0.343228200371058,0.285250463821892,37377991.1631458,42523.3119034651,0.00519144906226096,4.19213995633264,194045.937173112
"13119031002","13119",2885,521627,2156,0.374540184138306,807.508637002187,879,0.26669758812616,0.343228200371058,0.285250463821892,37377991.1631458,42523.3119034651,0.00553077198841318,4.4661461499334,206729.146508282
"13119031003","13119",2867,521627,2156,0.374540184138306,807.508637002187,879,0.26669758812616,0.343228200371058,0.285250463821892,37377991.1631458,42523.3119034651,0.00549626457219431,4.43828111329604,205439.32860979
"13119031004","13119",3017,521627,2156,0.374540184138306,807.508637002187,879,0.26669758812616,0.343228200371058,0.285250463821892,37377991.1631458,42523.3119034651,0.00578382637401822,4.67048975194075,216187.811097222
"13119031005","13119",2327,521627,2156,0.374540184138306,807.508637002187,879,0.26669758812616,0.343228200371058,0.285250463821892,37377991.1631458,42523.3119034651,0.00446104208562824,3.60233001417505,166744.791655034
"13119041001","13119",440,521627,2156,0.374540184138306,807.508637002187,879,0.26669758812616,0.343228200371058,0.285250463821892,37377991.1631458,42523.3119034651,0.000843514618683465,0.681145340024505,31528.8819631349
"13119051001","13119",88,521627,2156,0.374540184138306,807.508637002187,879,0.26669758812616,0.343228200371058,0.285250463821892,37377991.1631458,42523.3119034651,0.000168702923736693,0.136229068004901,6305.77639262697
"13119051002","13119",4119,521627,2156,0.374540184138306,807.508637002187,879,0.26669758812616,0.343228200371058,0.285250463821892,37377991.1631458,42523.3119034651,0.00789644707808453,6.37644921718394,295153.329104892
"13119051003","13119",2455,521627,2156,0.374540184138306,807.508637002187,879,0.26669758812616,0.343228200371058,0.285250463821892,37377991.1631458,42523.3119034651,0.00470642815651797,3.80048138581854,175916.830044309
"13119051004","13119",3231,521627,2156,0.374540184138306,807.508637002187,879,0.26669758812616,0.343228200371058,0.285250463821892,37377991.1631458,42523.3119034651,0.00619408121128699,5.00177407640722,231522.312779293
"13119051005","13119",5589,521627,2156,0.374540184138306,807.508637002187,879,0.26669758812616,0.343228200371058,0.285250463821892,37377991.1631458,42523.3119034651,0.0107145527359588,8.65209387590218,400488.457481729
"13119051006","13119",5053,521627,2156,0.374540184138306,807.508637002187,879,0.26669758812616,0.343228200371058,0.285250463821892,37377991.1631458,42523.3119034651,0.00968699856410807,7.82233500714505,362080.546726637
"13119051007","13119",4268,521627,2156,0.374540184138306,807.508637002187,879,0.26669758812616,0.343228200371058,0.285250463821892,37377991.1631458,42523.3119034651,0.00818209180122961,6.6071097982377,305830.155042408
"13119051008","13119",4975,521627,2156,0.374540184138306,807.508637002187,879,0.26669758812616,0.343228200371058,0.285250463821892,37377991.1631458,42523.3119034651,0.00953746642715964,7.7015865150498,356491.335833173
"13119051009","13119",4273,521627,2156,0.374540184138306,807.508637002187,879,0.26669758812616,0.343228200371058,0.285250463821892,37377991.1631458,42523.3119034651,0.00819167719462374,6.61485008619252,306188.437791989
"13119061001","13119",4723,521627,2156,0.374540184138306,807.508637002187,879,0.26669758812616,0.343228200371058,0.285250463821892,37377991.1631458,42523.3119034651,0.00905436260009547,7.31147600212667,338433.885254286
"13119061002","13119",4734,521627,2156,0.374540184138306,807.508637002187,879,0.26669758812616,0.343228200371058,0.285250463821892,37377991.1631458,42523.3119034651,0.00907545046556256,7.32850463562729,339222.107303365
"13119071001","13119",4200,521627,2156,0.374540184138306,807.508637002187,879,0.26669758812616,0.343228200371058,0.285250463821892,37377991.1631458,42523.3119034651,0.00805173045106944,6.50184188205209,300957.509648105
"13119071002","13119",5327,521627,2156,0.374540184138306,807.508637002187,879,0.26669758812616,0.343228200371058,0.285250463821892,37377991.1631458,42523.3119034651,0.0102122781221064,8.2465027870694,381714.44140368
"13119071003","13119",4808,521627,2156,0.374540184138306,807.508637002187,879,0.26669758812616,0.343228200371058,0.285250463821892,37377991.1631458,42523.3119034651,0.00921731428779569,7.44306089735868,344524.691997165
"13119071004","13119",5065,521627,2156,0.374540184138306,807.508637002187,879,0.26669758812616,0.343228200371058,0.285250463821892,37377991.1631458,42523.3119034651,0.00971000350825398,7.84091169823663,362940.425325632
"13119071005","13119",4564,521627,2156,0.374540184138306,807.508637002187,879,0.26669758812616,0.343228200371058,0.285250463821892,37377991.1631458,42523.3119034651,0.00874954709016213,7.06533484516327,327040.493817608
"13119071006","13119",5989,521627,2156,0.374540184138306,807.508637002187,879,0.26669758812616,0.343228200371058,0.285250463821892,37377991.1631458,42523.3119034651,0.0114813842074893,9.27131691228809,429151.077448215
"13119071007","13119",4293,521627,2156,0.374540184138306,807.508637002187,879,0.26669758812616,0.343228200371058,0.285250463821892,37377991.1631458,42523.3119034651,0.00823001876820027,6.64581123801182,307621.568790313
"13119071008","13119",4420,521627,2156,0.374540184138306,807.508637002187,879,0.26669758812616,0.343228200371058,0.285250463821892,37377991.1631458,42523.3119034651,0.00847348776041118,6.84241455206435,316721.950629673
"13119071009","13119",5508,521627,2156,0.374540184138306,807.508637002187,879,0.26669758812616,0.343228200371058,0.285250463821892,37377991.1631458,42523.3119034651,0.0105592693629739,8.52670121103403,394684.276938515
"13119071010","13119",5347,521627,2156,0.374540184138306,807.508637002187,879,0.26669758812616,0.343228200371058,0.285250463821892,37377991.1631458,42523.3119034651,0.0102506196956829,8.2774639388887,383147.572402005
"13119071011","13119",4393,521627,2156,0.374540184138306,807.508637002187,879,0.26669758812616,0.343228200371058,0.285250463821892,37377991.1631458,42523.3119034651,0.00842172663608287,6.8006169971083,314787.223781935
"13119071012","13119",4597,521627,2156,0.374540184138306,807.508637002187,879,0.26669758812616,0.343228200371058,0.285250463821892,37377991.1631458,42523.3119034651,0.00881281068656339,7.11642074566511,329405.159964843
"13119071013","13119",5464,521627,2156,0.374540184138306,807.508637002187,879,0.26669758812616,0.343228200371058,0.285250463821892,37377991.1631458,42523.3119034651,0.0104749179011056,8.45858667703158,391531.388742202
"13119071014","13119",4076,521627,2156,0.374540184138306,807.508637002187,879,0.26669758812616,0.343228200371058,0.285250463821892,37377991.1631458,42523.3119034651,0.00781401269489501,6.30988274077246,292072.097458495
"13119071015","13119",4087,521627,2156,0.374540184138306,807.508637002187,879,0.26669758812616,0.343228200371058,0.285250463821892,37377991.1631458,42523.3119034651,0.0078351005603621,6.32691137427307,292860.319507573
"13119072006","13119",1289,521627,2156,0.374540184138306,807.508637002187,879,0.26669758812616,0.343228200371058,0.285250463821892,37377991.1631458,42523.3119034651,0.00247111441700679,1.99544623475361,92365.2928420019
"13119081001","13119",3136,521627,2156,0.374540184138306,807.508637002187,879,0.26669758812616,0.343228200371058,0.285250463821892,37377991.1631458,42523.3119034651,0.00601195873679852,4.85470860526556,224714.940537252
"13119081002","13119",2225,521627,2156,0.374540184138306,807.508637002187,879,0.26669758812616,0.343228200371058,0.285250463821892,37377991.1631458,42523.3119034651,0.00426550006038798,3.44442813989664,159435.82356358
"13119081003","13119",4130,521627,2156,0.374540184138306,807.508637002187,879,0.26669758812616,0.343228200371058,0.285250463821892,37377991.1631458,42523.3119034651,0.00791753494355162,6.39347785068456,295941.55115397
"13119081004","13119",3263,521627,2156,0.374540184138306,807.508637002187,879,0.26669758812616,0.343228200371058,0.285250463821892,37377991.1631458,42523.3119034651,0.00625542772900943,5.05131191931809,233815.322376611
"13119091001","13119",3361,521627,2156,0.374540184138306,807.508637002187,879,0.26669758812616,0.343228200371058,0.285250463821892,37377991.1631458,42523.3119034651,0.00644330143953438,5.20302156323264,240837.664268401
"13119091002","13119",4267,521627,2156,0.374540184138306,807.508637002187,879,0.26669758812616,0.343228200371058,0.285250463821892,37377991.1631458,42523.3119034651,0.00818017472255079,6.60556174064673,305758.498492492
"13119101001","13119",5271,521627,2156,0.374540184138306,807.508637002187,879,0.26669758812616,0.343228200371058,0.285250463821892,37377991.1631458,42523.3119034651,0.0101049217160922,8.15981156197538,377701.674608372
"13119101002","13119",3265,521627,2156,0.374540184138306,807.508637002187,879,0.26669758812616,0.343228200371058,0.285250463821892,37377991.1631458,42523.3119034651,0.00625926188636708,5.05440803450002,233958.635476444
"13119111001","13119",2602,521627,2156,0.374540184138306,807.508637002187,879,0.26669758812616,0.343228200371058,0.285250463821892,37377991.1631458,42523.3119034651,0.0049882387223054,4.02804585169037,186450.342881993
"13119111002","13119",5025,521627,2156,0.374540184138306,807.508637002187,879,0.26669758812616,0.343228200371058,0.285250463821892,37377991.1631458,42523.3119034651,0.00963332036110094,7.77898939459804,360074.163328983
"13119111003","13119",2810,521627,2156,0.374540184138306,807.508637002187,879,0.26669758812616,0.343228200371058,0.285250463821892,37377991.1631458,42523.3119034651,0.00538699108750122,4.35004183061104,201354.905264566
"13119121001","13119",4652,521627,2156,0.374540184138306,807.508637002187,879,0.26669758812616,0.343228200371058,0.285250463821892,37377991.1631458,42523.3119034651,0.00891825001389882,7.20156391316818,333346.270210235
"13119121002","13119",2576,521627,2156,0.374540184138306,807.508637002187,879,0.26669758812616,0.343228200371058,0.285250463821892,37377991.1631458,42523.3119034651,0.00493839467665592,3.98779635432528,184587.272584171
"13119121003","13119",4945,521627,2156,0.374540184138306,807.508637002187,879,0.26669758812616,0.343228200371058,0.285250463821892,37377991.1631458,42523.3119034651,0.00947995406679485,7.65514478732086,354341.639335686
"13119131001","13119",2153,521627,2156,0.374540184138306,807.508637002187,879,0.26669758812616,0.343228200371058,0.285250463821892,37377991.1631458,42523.3119034651,0.0041274703955125,3.33296799334718,154276.551969612
"13119132006","13119",832,521627,2156,0.374540184138306,807.508637002187,879,0.26669758812616,0.343228200371058,0.285250463821892,37377991.1631458,42523.3119034651,0.00159500946078328,1.2879839156827,59618.2495302914
"13119132901","13119",120,521627,2156,0.374540184138306,807.508637002187,879,0.26669758812616,0.343228200371058,0.285250463821892,37377991.1631458,42523.3119034651,0.000230049441459127,0.185766910915774,8598.78598994587
"13119141001","13119",4494,521627,2156,0.374540184138306,807.508637002187,879,0.26669758812616,0.343228200371058,0.285250463821892,37377991.1631458,42523.3119034651,0.0086153515826443,6.95697081379574,322024.535323473
"13119141002","13119",4763,521627,2156,0.374540184138306,807.508637002187,879,0.26669758812616,0.343228200371058,0.285250463821892,37377991.1631458,42523.3119034651,0.00913104574724851,7.37339830576527,341300.147250935
"13119141003","13119",4752,521627,2156,0.374540184138306,807.508637002187,879,0.26669758812616,0.343228200371058,0.285250463821892,37377991.1631458,42523.3119034651,0.00910995788178143,7.35636967226465,340511.925201856
"13119141004","13119",5299,521627,2156,0.374540184138306,807.508637002187,879,0.26669758812616,0.343228200371058,0.285250463821892,37377991.1631458,42523.3119034651,0.0101585999190993,8.20315717452239,379708.058006026
"13119141005","13119",2198,521627,2156,0.374540184138306,807.508637002187,879,0.26669758812616,0.343228200371058,0.285250463821892,37377991.1631458,42523.3119034651,0.00421373893605967,3.4026305849406,157501.096715842
"13119141006","13119",3377,521627,2156,0.374540184138306,807.508637002187,879,0.26669758812616,0.343228200371058,0.285250463821892,37377991.1631458,42523.3119034651,0.0064739746983956,5.22779048468808,241984.16906706
"13119141007","13119",4592,521627,2156,0.374540184138306,807.508637002187,879,0.26669758812616,0.343228200371058,0.285250463821892,37377991.1631458,42523.3119034651,0.00880322529316926,7.10868045771029,329046.877215262
"13119141008","13119",3809,521627,2156,0.374540184138306,807.508637002187,879,0.26669758812616,0.343228200371058,0.285250463821892,37377991.1631458,42523.3119034651,0.00730215268764845,5.89655136398486,272939.798630865
"13119141009","13119",6274,521627,2156,0.374540184138306,807.508637002187,879,0.26669758812616,0.343228200371058,0.285250463821892,37377991.1631458,42523.3119034651,0.0120277516309547,9.71251332571305,449573.194174337
"13119141010","13119",4689,521627,2156,0.374540184138306,807.508637002187,879,0.26669758812616,0.343228200371058,0.285250463821892,37377991.1631458,42523.3119034651,0.00898918192501538,7.25884204403387,335997.562557135
"13119141011","13119",4821,521627,2156,0.374540184138306,807.508637002187,879,0.26669758812616,0.343228200371058,0.285250463821892,37377991.1631458,42523.3119034651,0.00924223631062042,7.46318564604122,345456.227146075
"13119141012","13119",2712,521627,2156,0.374540184138306,807.508637002187,879,0.26669758812616,0.343228200371058,0.285250463821892,37377991.1631458,42523.3119034651,0.00519911737697627,4.19833218669649,194332.563372777
"13119142001","13119",260,521627,2156,0.374540184138306,807.508637002187,879,0.26669758812616,0.343228200371058,0.285250463821892,37377991.1631458,42523.3119034651,0.000498440456494775,0.402494973650844,18630.7029782161
"13119142004","13119",897,521627,2156,0.374540184138306,807.508637002187,879,0.26669758812616,0.343228200371058,0.285250463821892,37377991.1631458,42523.3119034651,0.00171961957490697,1.38860765909541,64275.9252748454
"13119151001","13119",1321,521627,2156,0.374540184138306,807.508637002187,879,0.26669758812616,0.343228200371058,0.285250463821892,37377991.1631458,42523.3119034651,0.00253246093472922,2.04498407766448,94658.3024393208
"13119161001","13119",4468,521627,2156,0.374540184138306,807.508637002187,879,0.26669758812616,0.343228200371058,0.285250463821892,37377991.1631458,42523.3119034651,0.00856550753699483,6.91672131643065,320161.465025651
"13119161002","13119",5015,521627,2156,0.374540184138306,807.508637002187,879,0.26669758812616,0.343228200371058,0.285250463821892,37377991.1631458,42523.3119034651,0.00961414957431268,7.76350881868839,359357.597829821
"13119161003","13119",5240,521627,2156,0.374540184138306,807.508637002187,879,0.26669758812616,0.343228200371058,0.285250463821892,37377991.1631458,42523.3119034651,0.0100454922770485,8.11182177665547,375480.32156097
"13119171001","13119",5543,521627,2156,0.374540184138306,807.508637002187,879,0.26669758812616,0.343228200371058,0.285250463821892,37377991.1631458,42523.3119034651,0.0106263671167328,8.5808832267178,397192.256185583
"13119171002","13119",3626,521627,2156,0.374540184138306,807.508637002187,879,0.26669758812616,0.343228200371058,0.285250463821892,37377991.1631458,42523.3119034651,0.00695132728942329,5.61325682483831,259826.649996198
"13119171003","13119",3084,521627,2156,0.374540184138306,807.508637002187,879,0.26669758812616,0.343228200371058,0.285250463821892,37377991.1631458,42523.3119034651,0.00591227064549956,4.77420961053539,220988.799941609
"13119171004","13119",4401,521627,2156,0.374540184138306,807.508637002187,879,0.26669758812616,0.343228200371058,0.285250463821892,37377991.1631458,42523.3119034651,0.00843706326551348,6.81300145783601,315360.476181265
"13119171005","13119",4571,521627,2156,0.374540184138306,807.508637002187,879,0.26669758812616,0.343228200371058,0.285250463821892,37377991.1631458,42523.3119034651,0.00876296664091391,7.07617124830003,327542.089667021
"13119181001","13119",3454,521627,2156,0.374540184138306,807.508637002187,879,0.26669758812616,0.343228200371058,0.285250463821892,37377991.1631458,42523.3119034651,0.0066215897566652,5.34699091919236,247501.723410609
"13119181002","13119",5549,521627,2156,0.374540184138306,807.508637002187,879,0.26669758812616,0.343228200371058,0.285250463821892,37377991.1631458,42523.3119034651,0.0106378695888058,8.59017157226359,397622.19548508
"13119181003","13119",2995,521627,2156,0.374540184138306,807.508637002187,879,0.26669758812616,0.343228200371058,0.285250463821892,37377991.1631458,42523.3119034651,0.00574165064308404,4.63643248493953,214611.366999066
"13119181004","13119",5093,521627,2156,0.374540184138306,807.508637002187,879,0.26669758812616,0.343228200371058,0.285250463821892,37377991.1631458,42523.3119034651,0.00976368171126111,7.88425731078364,364946.808723286
"13119181005","13119",5149,521627,2156,0.374540184138306,807.508637002187,879,0.26669758812616,0.343228200371058,0.285250463821892,37377991.1631458,42523.3119034651,0.00987103811727537,7.97094853587767,368959.575518594
"13119181006","13119",4362,521627,2156,0.374540184138306,807.508637002187,879,0.26669758812616,0.343228200371058,0.285250463821892,37377991.1631458,42523.3119034651,0.00836229719703926,6.75262721178839,312565.870734532
"13119181007","13119",3155,521627,2156,0.374540184138306,807.508637002187,879,0.26669758812616,0.343228200371058,0.285250463821892,37377991.1631458,42523.3119034651,0.00604838323169621,4.88412169949389,226076.41498566
"13119181008","13119",4885,521627,2156,0.374540184138306,807.508637002187,879,0.26669758812616,0.343228200371058,0.285250463821892,37377991.1631458,42523.3119034651,0.00936492934606529,7.56226133186297,350042.246340713
"13119191001","13119",4165,521627,2156,0.374540184138306,807.508637002187,879,0.26669758812616,0.343228200371058,0.285250463821892,37377991.1631458,42523.3119034651,0.00798463269731053,6.44765986636833,298449.530401038
"13119191002","13119",4439,521627,2156,0.374540184138306,807.508637002187,879,0.26669758812616,0.343228200371058,0.285250463821892,37377991.1631458,42523.3119034651,0.00850991225530887,6.87182764629268,318083.425078081
"13119191003","13119",4229,521627,2156,0.374540184138306,807.508637002187,879,0.26669758812616,0.343228200371058,0.285250463821892,37377991.1631458,42523.3119034651,0.0081073257327554,6.54673555219007,303035.549595676
"13119191004","13119",5262,521627,2156,0.374540184138306,807.508637002187,879,0.26669758812616,0.343228200371058,0.285250463821892,37377991.1631458,42523.3119034651,0.0100876680079827,8.14587904365669,377056.765659126
"13119191005","13119",4437,521627,2156,0.374540184138306,807.508637002187,879,0.26669758812616,0.343228200371058,0.285250463821892,37377991.1631458,42523.3119034651,0.00850607809795122,6.86873153111075,317940.111978249
"13119191006","13119",5639,521627,2156,0.374540184138306,807.508637002187,879,0.26669758812616,0.343228200371058,0.285250463821892,37377991.1631458,42523.3119034651,0.0108104066699001,8.72949675545042,404071.28497754
"13119191007","13119",3930,521627,2156,0.374540184138306,807.508637002187,879,0.26669758812616,0.343228200371058,0.285250463821892,37377991.1631458,42523.3119034651,0.00753411920778641,6.0838663324916,281610.241170727
"13119191008","13119",4098,521627,2156,0.374540184138306,807.508637002187,879,0.26669758812616,0.343228200371058,0.285250463821892,37377991.1631458,42523.3119034651,0.00785618842582918,6.34394000777368,293648.541556651
"13119191009","13119",3357,521627,2156,0.374540184138306,807.508637002187,879,0.26669758812616,0.343228200371058,0.285250463821892,37377991.1631458,42523.3119034651,0.00643563312481908,5.19682933286878,240551.038068736
"13119191010","13119",4130,521627,2156,0.374540184138306,807.508637002187,879,0.26669758812616,0.343228200371058,0.285250463821892,37377991.1631458,42523.3119034651,0.00791753494355162,6.39347785068456,295941.55115397
"13119192002","13119",35,521627,2156,0.374540184138306,807.508637002187,879,0.26669758812616,0.343228200371058,0.285250463821892,37377991.1631458,42523.3119034651,6.7097753758912e-05,0.0541820156837674,2507.97924706755
"13119201001","13119",3774,521627,2156,0.374540184138306,807.508637002187,879,0.26669758812616,0.343228200371058,0.285250463821892,37377991.1631458,42523.3119034651,0.00723505493388954,5.84236934830109,270431.819383798
"13119201002","13119",4126,521627,2156,0.374540184138306,807.508637002187,879,0.26669758812616,0.343228200371058,0.285250463821892,37377991.1631458,42523.3119034651,0.00790986662883631,6.3872856203207,295654.924954306
"13119201003","13119",3958,521627,2156,0.374540184138306,807.508637002187,879,0.26669758812616,0.343228200371058,0.285250463821892,37377991.1631458,42523.3119034651,0.00758779741079354,6.12721194503862,283616.624568381
"13119201004","13119",4568,521627,2156,0.374540184138306,807.508637002187,879,0.26669758812616,0.343228200371058,0.285250463821892,37377991.1631458,42523.3119034651,0.00875721540487743,7.07152707552713,327327.120017273
"13119201005","13119",2638,521627,2156,0.374540184138306,807.508637002187,879,0.26669758812616,0.343228200371058,0.285250463821892,37377991.1631458,42523.3119034651,0.00505725355474314,4.0837759249651,189029.978678977
"13119201006","13119",4449,521627,2156,0.374540184138306,807.508637002187,879,0.26669758812616,0.343228200371058,0.285250463821892,37377991.1631458,42523.3119034651,0.00852908304209713,6.88730822220232,318799.990577243
"13119201007","13119",4461,521627,2156,0.374540184138306,807.508637002187,879,0.26669758812616,0.343228200371058,0.285250463821892,37377991.1631458,42523.3119034651,0.00855208798624304,6.9058849132939,319659.869176238
"13119201008","13119",5118,521627,2156,0.374540184138306,807.508637002187,879,0.26669758812616,0.343228200371058,0.285250463821892,37377991.1631458,42523.3119034651,0.00981160867823176,7.92295875055776,366738.222471191
"13119201009","13119",5253,521627,2156,0.374540184138306,807.508637002187,879,0.26669758812616,0.343228200371058,0.285250463821892,37377991.1631458,42523.3119034651,0.0100704142998733,8.13194652533801,376411.85670988
"13119201010","13119",3872,521627,2156,0.374540184138306,807.508637002187,879,0.26669758812616,0.343228200371058,0.285250463821892,37377991.1631458,42523.3119034651,0.0074229286444145,5.99407899221564,277454.161275587
"13119201011","13119",4308,521627,2156,0.374540184138306,807.508637002187,879,0.26669758812616,0.343228200371058,0.285250463821892,37377991.1631458,42523.3119034651,0.00825877494838266,6.66903210187629,308696.417039057
"13119211001","13119",3548,521627,2156,0.374540184138306,807.508637002187,879,0.26669758812616,0.343228200371058,0.285250463821892,37377991.1631458,42523.3119034651,0.00680179515247485,5.49250833274305,254237.439102733
"13119211002","13119",2294,521627,2156,0.374540184138306,807.508637002187,879,0.26669758812616,0.343228200371058,0.285250463821892,37377991.1631458,42523.3119034651,0.00439777848922698,3.55124411367321,164380.125507799
"13119211003","13119",4464,521627,2156,0.374540184138306,807.508637002187,879,0.26669758812616,0.343228200371058,0.285250463821892,37377991.1631458,42523.3119034651,0.00855783922227952,6.9105290860668,319874.838825986
"13119211004","13119",3112,521627,2156,0.374540184138306,807.508637002187,879,0.26669758812616,0.343228200371058,0.285250463821892,37377991.1631458,42523.3119034651,0.00596594884850669,4.81755522308241,222995.183339263
"13119211005","13119",4059,521627,2156,0.374540184138306,807.508637002187,879,0.26669758812616,0.343228200371058,0.285250463821892,37377991.1631458,42523.3119034651,0.00778142235735497,6.28356576172606,290853.936109919
"13119221001","13119",2850,521627,2156,0.374540184138306,807.508637002187,879,0.26669758812616,0.343228200371058,0.285250463821892,37377991.1631458,42523.3119034651,0.00546367423465426,4.41196413424963,204221.167261214
"13119221002","13119",3571,521627,2156,0.374540184138306,807.508637002187,879,0.26669758812616,0.343228200371058,0.285250463821892,37377991.1631458,42523.3119034651,0.00684588796208785,5.52811365733524,255885.539750806
"13119221003","13119",4028,521627,2156,0.374540184138306,807.508637002187,879,0.26669758812616,0.343228200371058,0.285250463821892,37377991.1631458,42523.3119034651,0.00772199291831136,6.23557597640615,288632.583062516
"13119221004","13119",3282,521627,2156,0.374540184138306,807.508637002187,879,0.26669758812616,0.343228200371058,0.285250463821892,37377991.1631458,42523.3119034651,0.00629185222390712,5.08072501354642,235176.79682502
"13119231001","13119",3720,521627,2156,0.374540184138306,807.508637002187,879,0.26669758812616,0.343228200371058,0.285250463821892,37377991.1631458,42523.3119034651,0.00713153268523293,5.758774238389,266562.365688322
"13119231002","13119",4950,521627,2156,0.374540184138306,807.508637002187,879,0.26669758812616,0.343228200371058,0.285250463821892,37377991.1631458,42523.3119034651,0.00948953946018899,7.66288507527568,354699.922085267
"13119231003","13119",814,521627,2156,0.374540184138306,807.508637002187,879,0.26669758812616,0.343228200371058,0.285250463821892,37377991.1631458,42523.3119034651,0.00156050204456441,1.26011887904533,58328.4316317995
"13119231004","13119",3339,521627,2156,0.374540184138306,807.508637002187,879,0.26669758812616,0.343228200371058,0.285250463821892,37377991.1631458,42523.3119034651,0.00640112570860021,5.16896429623141,239261.220170244
"13119231005","13119",2725,521627,2156,0.374540184138306,807.508637002187,879,0.26669758812616,0.343228200371058,0.285250463821892,37377991.1631458,42523.3119034651,0.00522403939980101,4.21845693537904,195264.098521687
"13119231006","13119",2830,521627,2156,0.374540184138306,807.508637002187,879,0.26669758812616,0.343228200371058,0.285250463821892,37377991.1631458,42523.3119034651,0.00542533266107774,4.38100298243034,202788.03626289
"13119231007","13119",3500,521627,2156,0.374540184138306,807.508637002187,879,0.26669758812616,0.343228200371058,0.285250463821892,37377991.1631458,42523.3119034651,0.0067097753758912,5.41820156837674,250797.924706755
"13119231008","13119",5206,521627,2156,0.374540184138306,807.508637002187,879,0.26669758812616,0.343228200371058,0.285250463821892,37377991.1631458,42523.3119034651,0.00998031160196846,8.05918781856266,373043.998863818
"13119991999","13119",801,521627,2156,0.374540184138306,807.508637002187,879,0.26669758812616,0.343228200371058,0.285250463821892,37377991.1631458,42523.3119034651,0.00153558002173967,1.23999413036279,57396.8964828887
"13120011001","13120",2289,208237,1019,0.538759543303381,548.995974626145,776,0.212953876349362,0.267909715407262,0.680078508341511,51172398.0854831,65943.8119658287,0.0109922828315813,6.03471902649023,562501.472925901
"13120011002","13120",3865,208237,1019,0.538759543303381,548.995974626145,776,0.212953876349362,0.267909715407262,0.680078508341511,51172398.0854831,65943.8119658287,0.0185605824133079,10.1896850316229,949789.511952209
"13120011003","13120",4074,208237,1019,0.538759543303381,548.995974626145,776,0.212953876349362,0.267909715407262,0.680078508341511,51172398.0854831,65943.8119658287,0.0195642465075851,10.7406925792578,1001149.41052867
"13120011004","13120",3110,208237,1019,0.538759543303381,548.995974626145,776,0.212953876349362,0.267909715407262,0.680078508341511,51172398.0854831,65943.8119658287,0.0149349059004884,8.19920322078839,764254.950109022
"13120011005","13120",3766,208237,1019,0.538759543303381,548.995974626145,776,0.212953876349362,0.267909715407262,0.680078508341511,51172398.0854831,65943.8119658287,0.0180851625791766,9.92868145642735,925461.138942308
"13120011006","13120",4378,208237,1019,0.538759543303381,548.995974626145,776,0.212953876349362,0.267909715407262,0.680078508341511,51172398.0854831,65943.8119658287,0.0210241215538065,11.5421581030905,1075854.71754897
"13120011007","13120",3302,208237,1019,0.538759543303381,548.995974626145,776,0.212953876349362,0.267909715407262,0.680078508341511,51172398.0854831,65943.8119658287,0.0158569322454703,8.70539197268272,811437.24927974
"13120011008","13120",3338,208237,1019,0.538759543303381,548.995974626145,776,0.212953876349362,0.267909715407262,0.680078508341511,51172398.0854831,65943.8119658287,0.0160298121851544,8.80030236366291,820283.930374249
"13120011009","13120",3507,208237,1019,0.538759543303381,548.995974626145,776,0.212953876349362,0.267909715407262,0.680078508341511,51172398.0854831,65943.8119658287,0.0168413874575604,9.24585392131989,861814.183290142
"13120021001","13120",4004,208237,1019,0.538759543303381,548.995974626145,776,0.212953876349362,0.267909715407262,0.680078508341511,51172398.0854831,65943.8119658287,0.0192280910693104,10.5561445967964,983947.530622677
"13120021002","13120",4334,208237,1019,0.538759543303381,548.995974626145,776,0.212953876349362,0.267909715407262,0.680078508341511,51172398.0854831,65943.8119658287,0.0208128238497481,11.4261565141147,1065042.10732235
"13120021003","13120",4492,208237,1019,0.538759543303381,548.995974626145,776,0.212953876349362,0.267909715407262,0.680078508341511,51172398.0854831,65943.8119658287,0.0215715746961395,11.8427076745278,1103869.20768158
"13120021004","13120",3107,208237,1019,0.538759543303381,548.995974626145,776,0.212953876349362,0.267909715407262,0.680078508341511,51172398.0854831,65943.8119658287,0.014920499238848,8.19129402154004,763517.72668448
"13120021005","13120",2837,208237,1019,0.538759543303381,548.995974626145,776,0.212953876349362,0.267909715407262,0.680078508341511,51172398.0854831,65943.8119658287,0.0136238996912172,7.47946608918863,697167.618475658
"13120021006","13120",3619,208237,1019,0.538759543303381,548.995974626145,776,0.212953876349362,0.267909715407262,0.680078508341511,51172398.0854831,65943.8119658287,0.0173792361587998,9.54113069325826,889337.191139727
"13120031001","13120",3162,208237,1019,0.538759543303381,548.995974626145,776,0.212953876349362,0.267909715407262,0.680078508341511,51172398.0854831,65943.8119658287,0.015184621368921,8.33629600775977,777033.489467758
"13120031002","13120",3612,208237,1019,0.538759543303381,548.995974626145,776,0.212953876349362,0.267909715407262,0.680078508341511,51172398.0854831,65943.8119658287,0.0173456206149724,9.52267589501211,887617.003149128
"13120031003","13120",2757,208237,1019,0.538759543303381,548.995974626145,776,0.212953876349362,0.267909715407262,0.680078508341511,51172398.0854831,65943.8119658287,0.0132397220474748,7.26855410923266,677508.327154525
"13120041001","13120",5705,208237,1019,0.538759543303381,548.995974626145,776,0.212953876349362,0.267909715407262,0.680078508341511,51172398.0854831,65943.8119658287,0.0273966682193846,15.0406605706102,1401953.21233825
"13120041002","13120",3816,208237,1019,0.538759543303381,548.995974626145,776,0.212953876349362,0.267909715407262,0.680078508341511,51172398.0854831,65943.8119658287,0.0183252736065157,10.0605014438998,937748.196018016
"13120041003","13120",3045,208237,1019,0.538759543303381,548.995974626145,776,0.212953876349362,0.267909715407262,0.680078508341511,51172398.0854831,65943.8119658287,0.0146227615649476,8.02783723707416,748281.775910602
"13120041004","13120",2950,208237,1019,0.538759543303381,548.995974626145,776,0.212953876349362,0.267909715407262,0.680078508341511,51172398.0854831,65943.8119658287,0.0141665506130035,7.77737926087644,724936.367466757
"13120041005","13120",4336,208237,1019,0.538759543303381,548.995974626145,776,0.212953876349362,0.267909715407262,0.680078508341511,51172398.0854831,65943.8119658287,0.0208224282908417,11.4314293136136,1065533.58960538
"13120051001","13120",2466,208237,1019,0.538759543303381,548.995974626145,776,0.212953876349362,0.267909715407262,0.680078508341511,51172398.0854831,65943.8119658287,0.0118422758683615,6.50136178214282,605997.654973906
"13120051002","13120",4876,208237,1019,0.538759543303381,548.995974626145,776,0.212953876349362,0.267909715407262,0.680078508341511,51172398.0854831,65943.8119658287,0.0234156273861033,12.8550851783165,1198233.80602302
"13120051003","13120",3642,208237,1019,0.538759543303381,548.995974626145,776,0.212953876349362,0.267909715407262,0.680078508341511,51172398.0854831,65943.8119658287,0.0174896872313758,9.6017678874956,894989.237394552
"13120051004","13120",2497,208237,1019,0.538759543303381,548.995974626145,776,0.212953876349362,0.267909715407262,0.680078508341511,51172398.0854831,65943.8119658287,0.0119911447053117,6.58309017437576,613615.630360845
"13120061001","13120",3850,208237,1019,0.538759543303381,548.995974626145,776,0.212953876349362,0.267909715407262,0.680078508341511,51172398.0854831,65943.8119658287,0.0184885491051062,10.1501390353811,946103.394829497
"13120061002","13120",3225,208237,1019,0.538759543303381,548.995974626145,776,0.212953876349362,0.267909715407262,0.680078508341511,51172398.0854831,65943.8119658287,0.0154871612633682,8.50238919197509,792515.18138315
"13120061003","13120",3104,208237,1019,0.538759543303381,548.995974626145,776,0.212953876349362,0.267909715407262,0.680078508341511,51172398.0854831,65943.8119658287,0.0149060925772077,8.18338482229169,762780.503259937
"13120061004","13120",3017,208237,1019,0.538759543303381,548.995974626145,776,0.212953876349362,0.267909715407262,0.680078508341511,51172398.0854831,65943.8119658287,0.0144882993896378,7.95401804408957,741401.023948206
"13120061005","13120",3888,208237,1019,0.538759543303381,548.995974626145,776,0.212953876349362,0.267909715407262,0.680078508341511,51172398.0854831,65943.8119658287,0.0186710334858839,10.2503222258602,955441.558207035
"13120071001","13120",2247,208237,1019,0.538759543303381,548.995974626145,776,0.212953876349362,0.267909715407262,0.680078508341511,51172398.0854831,65943.8119658287,0.0107905895686165,5.92399023701335,552180.344982306
"13120071002","13120",3955,208237,1019,0.538759543303381,548.995974626145,776,0.212953876349362,0.267909715407262,0.680078508341511,51172398.0854831,65943.8119658287,0.0189927822625182,10.4269610090733,971906.214688483
"13120071003","13120",4227,208237,1019,0.538759543303381,548.995974626145,776,0.212953876349362,0.267909715407262,0.680078508341511,51172398.0854831,65943.8119658287,0.0202989862512426,11.1440617409236,1038747.80518033
"13120071004","13120",3028,208237,1019,0.538759543303381,548.995974626145,776,0.212953876349362,0.267909715407262,0.680078508341511,51172398.0854831,65943.8119658287,0.0145411238156524,7.98301844133352,744104.176504861
"13120071005","13120",3216,208237,1019,0.538759543303381,548.995974626145,776,0.212953876349362,0.267909715407262,0.680078508341511,51172398.0854831,65943.8119658287,0.0154439412784472,8.47866159423005,790303.511109522
"13120071006","13120",3898,208237,1019,0.538759543303381,548.995974626145,776,0.212953876349362,0.267909715407262,0.680078508341511,51172398.0854831,65943.8119658287,0.0187190556913517,10.2766862233547,957898.969622176
"13120071007","13120",2289,208237,1019,0.538759543303381,548.995974626145,776,0.212953876349362,0.267909715407262,0.680078508341511,51172398.0854831,65943.8119658287,0.0109922828315813,6.03471902649023,562501.472925901
"13120081001","13120",2961,208237,1019,0.538759543303381,548.995974626145,776,0.212953876349362,0.267909715407262,0.680078508341511,51172398.0854831,65943.8119658287,0.014219375039018,7.80637965812039,727639.520023413
"13120081002","13120",2991,208237,1019,0.538759543303381,548.995974626145,776,0.212953876349362,0.267909715407262,0.680078508341511,51172398.0854831,65943.8119658287,0.0143634416554215,7.88547165060388,735011.754268838
"13120081003","13120",1792,208237,1019,0.538759543303381,548.995974626145,776,0.212953876349362,0.267909715407262,0.680078508341511,51172398.0854831,65943.8119658287,0.00860557921983125,4.72442835101376,440368.125593366
"13120081004","13120",2713,208237,1019,0.538759543303381,548.995974626145,776,0.212953876349362,0.267909715407262,0.680078508341511,51172398.0854831,65943.8119658287,0.0130284243434164,7.15255252025688,666695.716927903
"13120091001","13120",5061,208237,1019,0.538759543303381,548.995974626145,776,0.212953876349362,0.267909715407262,0.680078508341511,51172398.0854831,65943.8119658287,0.0243040381872578,13.3428191319646,1243695.91720314
"13120091002","13120",3959,208237,1019,0.538759543303381,548.995974626145,776,0.212953876349362,0.267909715407262,0.680078508341511,51172398.0854831,65943.8119658287,0.0190119911447053,10.4375066080711,972889.17925454
"13120091003","13120",3632,208237,1019,0.538759543303381,548.995974626145,776,0.212953876349362,0.267909715407262,0.680078508341511,51172398.0854831,65943.8119658287,0.017441665025908,9.5754038900011,892531.825979411
"13120101001","13120",2672,208237,1019,0.538759543303381,548.995974626145,776,0.212953876349362,0.267909715407262,0.680078508341511,51172398.0854831,65943.8119658287,0.0128315333009984,7.04446013052944,656620.330125822
"13120101002","13120",3444,208237,1019,0.538759543303381,548.995974626145,776,0.212953876349362,0.267909715407262,0.680078508341511,51172398.0854831,65943.8119658287,0.0165388475631132,9.07976073710457,846332.49137475
"13120101003","13120",3492,208237,1019,0.538759543303381,548.995974626145,776,0.212953876349362,0.267909715407262,0.680078508341511,51172398.0854831,65943.8119658287,0.0167693541493587,9.20630792507815,858128.066167429
"13120101004","13120",3389,208237,1019,0.538759543303381,548.995974626145,776,0.212953876349362,0.267909715407262,0.680078508341511,51172398.0854831,65943.8119658287,0.0162747254330402,8.93475875088484,832816.728591471
"13120101005","13120",3430,208237,1019,0.538759543303381,548.995974626145,776,0.212953876349362,0.267909715407262,0.680078508341511,51172398.0854831,65943.8119658287,0.0164716164754583,9.04285114061227,842892.115393552
"13120101006","13120",3623,208237,1019,0.538759543303381,548.995974626145,776,0.212953876349362,0.267909715407262,0.680078508341511,51172398.0854831,65943.8119658287,0.017398445040987,9.55167629225605,890320.155705784
"13120101007","13120",3264,208237,1019,0.538759543303381,548.995974626145,776,0.212953876349362,0.267909715407262,0.680078508341511,51172398.0854831,65943.8119658287,0.0156744478646926,8.60520878220363,802099.085902202
"13120101008","13120",3530,208237,1019,0.538759543303381,548.995974626145,776,0.212953876349362,0.267909715407262,0.680078508341511,51172398.0854831,65943.8119658287,0.0169518385301363,9.30649111555724,867466.229544967
"13120111001","13120",4210,208237,1019,0.538759543303381,548.995974626145,776,0.212953876349362,0.267909715407262,0.680078508341511,51172398.0854831,65943.8119658287,0.0202173485019473,11.099242945183,1034570.20577459
"13120111002","13120",3251,208237,1019,0.538759543303381,548.995974626145,776,0.212953876349362,0.267909715407262,0.680078508341511,51172398.0854831,65943.8119658287,0.0156120189975845,8.57093558546079,798904.451062518
"13120111003","13120",2490,208237,1019,0.538759543303381,548.995974626145,776,0.212953876349362,0.267909715407262,0.680078508341511,51172398.0854831,65943.8119658287,0.0119575291614843,6.56463537612961,611895.442370246
"13120111004","13120",3545,208237,1019,0.538759543303381,548.995974626145,776,0.212953876349362,0.267909715407262,0.680078508341511,51172398.0854831,65943.8119658287,0.017023871838338,9.34603711179898,871152.346667679
"13120111005","13120",2769,208237,1019,0.538759543303381,548.995974626145,776,0.212953876349362,0.267909715407262,0.680078508341511,51172398.0854831,65943.8119658287,0.0132973486940361,7.30019090622606,680457.220852695
"13120111006","13120",1999,208237,1019,0.538759543303381,548.995974626145,776,0.212953876349362,0.267909715407262,0.680078508341511,51172398.0854831,65943.8119658287,0.00959963887301488,5.27016309914983,491236.541886796
"13120111007","13120",3001,208237,1019,0.538759543303381,548.995974626145,776,0.212953876349362,0.267909715407262,0.680078508341511,51172398.0854831,65943.8119658287,0.0144114638608893,7.91183564809838,737469.165683979
"13120991999","13120",189,208237,1019,0.538759543303381,548.995974626145,776,0.212953876349362,0.267909715407262,0.680078508341511,51172398.0854831,65943.8119658287,0.000907619683341577,0.498279552645982,46445.0757461753
"13121011001","13121",3659,101174,451,0.32572516744925,146.902050519612,113,0.254988913525499,0.314855875831486,0.195121951219512,4343804.96060395,38440.7518637518,0.0361654179927649,5.31277406103603,157095.522079288
"13121011002","13121",4565,101174,451,0.32572516744925,146.902050519612,113,0.254988913525499,0.314855875831486,0.195121951219512,4343804.96060395,38440.7518637518,0.0451202878209817,6.62826280093727,195993.730060658
"13121011003","13121",5959,101174,451,0.32572516744925,146.902050519612,113,0.254988913525499,0.314855875831486,0.195121951219512,4343804.96060395,38440.7518637518,0.0588985312432048,8.65231501222019,255843.73218652
"13121021001","13121",1903,101174,451,0.32572516744925,146.902050519612,113,0.254988913525499,0.314855875831486,0.195121951219512,4343804.96060395,38440.7518637518,0.0188091802241683,2.76310714352325,81703.4103626358
"13121021002","13121",4473,101174,451,0.32572516744925,146.902050519612,113,0.254988913525499,0.314855875831486,0.195121951219512,4343804.96060395,38440.7518637518,0.0442109632909641,6.4946811628899,192043.801656369
"13121021003","13121",3965,101174,451,0.32572516744925,146.902050519612,113,0.254988913525499,0.314855875831486,0.195121951219512,4343804.96060395,38440.7518637518,0.0391899104513017,5.75707820497618,170233.327423989
"13121021004","13121",2993,101174,451,0.32572516744925,146.902050519612,113,0.254988913525499,0.314855875831486,0.195121951219512,4343804.96060395,38440.7518637518,0.0295826991124202,4.34575915951922,128501.475152585
"13121031001","13121",3452,101174,451,0.32572516744925,146.902050519612,113,0.254988913525499,0.314855875831486,0.195121951219512,4343804.96060395,38440.7518637518,0.0341194378002254,5.01221537542945,148208.183169637
"13121031002","13121",2113,101174,451,0.32572516744925,146.902050519612,113,0.254988913525499,0.314855875831486,0.195121951219512,4343804.96060395,38440.7518637518,0.0208848123035562,3.06802175210963,90719.55128547
"13121031003","13121",3557,101174,451,0.32572516744925,146.902050519612,113,0.254988913525499,0.314855875831486,0.195121951219512,4343804.96060395,38440.7518637518,0.0351572538399193,5.16467267972264,152716.253631054
"13121031004","13121",3809,101174,451,0.32572516744925,146.902050519612,113,0.254988913525499,0.314855875831486,0.195121951219512,4343804.96060395,38440.7518637518,0.0376480123351849,5.5305702100263,163535.622738455
"13121041001","13121",4072,101174,451,0.32572516744925,146.902050519612,113,0.254988913525499,0.314855875831486,0.195121951219512,4343804.96060395,38440.7518637518,0.0402474944155613,5.91243945792257,174827.265894195
"13121041002","13121",2810,101174,451,0.32572516744925,146.902050519612,113,0.254988913525499,0.314855875831486,0.195121951219512,4343804.96060395,38440.7518637518,0.0277739340146678,4.08004785775109,120644.552348401
"13121041003","13121",4215,101174,451,0.32572516744925,146.902050519612,113,0.254988913525499,0.314855875831486,0.195121951219512,4343804.96060395,38440.7518637518,0.0416609010220017,6.12007178662663,180966.828522601
"13121041004","13121",2836,101174,451,0.32572516744925,146.902050519612,113,0.254988913525499,0.314855875831486,0.195121951219512,4343804.96060395,38440.7518637518,0.0280309170340206,4.11779919024274,121760.836462656
"13121051001","13121",3370,101174,451,0.32572516744925,146.902050519612,113,0.254988913525499,0.314855875831486,0.195121951219512,4343804.96060395,38440.7518637518,0.0333089528930358,4.8931534806481,144687.594809292
"13121051002","13121",3973,101174,451,0.32572516744925,146.902050519612,113,0.254988913525499,0.314855875831486,0.195121951219512,4343804.96060395,38440.7518637518,0.0392689821495641,5.76869399958899,170576.799459145
"13121051003","13121",1706,101174,451,0.32572516744925,146.902050519612,113,0.254988913525499,0.314855875831486,0.195121951219512,4343804.96060395,38440.7518637518,0.0168620396544567,2.47706820118269,73245.4114969294
"13121051004","13121",4705,101174,451,0.32572516744925,146.902050519612,113,0.254988913525499,0.314855875831486,0.195121951219512,4343804.96060395,38440.7518637518,0.0465040425405737,6.83153920666152,202004.490675881
"13121061001","13121",5990,101174,451,0.32572516744925,146.902050519612,113,0.254988913525499,0.314855875831486,0.195121951219512,4343804.96060395,38440.7518637518,0.0592049340739716,8.69732621634485,257174.686322748
"13121061002","13121",4844,101174,451,0.32572516744925,146.902050519612,113,0.254988913525499,0.314855875831486,0.195121951219512,4343804.96060395,38440.7518637518,0.0478779132978829,7.03336363805917,207972.317286709
"13121061003","13121",3072,101174,451,0.32572516744925,146.902050519612,113,0.254988913525499,0.314855875831486,0.195121951219512,4343804.96060395,38440.7518637518,0.0303635321327614,4.46046513132076,131893.261499746
"13121071001","13121",3662,101174,451,0.32572516744925,146.902050519612,113,0.254988913525499,0.314855875831486,0.195121951219512,4343804.96060395,38440.7518637518,0.0361950698796133,5.31712998401583,157224.324092471
"13121071002","13121",2131,101174,451,0.32572516744925,146.902050519612,113,0.254988913525499,0.314855875831486,0.195121951219512,4343804.96060395,38440.7518637518,0.0210627236246466,3.09415728998846,91492.3633645701
"13121071003","13121",3324,101174,451,0.32572516744925,146.902050519612,113,0.254988913525499,0.314855875831486,0.195121951219512,4343804.96060395,38440.7518637518,0.032854290628027,4.82636266162442,142712.630607147
"13121071004","13121",3998,101174,451,0.32572516744925,146.902050519612,113,0.254988913525499,0.314855875831486,0.195121951219512,4343804.96060395,38440.7518637518,0.0395160812066341,5.80499335775404,171650.149569006
"13121081001","13121",3313,101174,451,0.32572516744925,146.902050519612,113,0.254988913525499,0.314855875831486,0.195121951219512,4343804.96060395,38440.7518637518,0.0327455670429162,4.8103909440318,142240.356558808
"13121081002","13121",2566,101174,451,0.32572516744925,146.902050519612,113,0.254988913525499,0.314855875831486,0.195121951219512,4343804.96060395,38440.7518637518,0.0253622472176646,3.72576612206025,110168.655276155
"13121991999","13121",139,101174,451,0.32572516744925,146.902050519612,113,0.254988913525499,0.314855875831486,0.195121951219512,4343804.96060395,38440.7518637518,0.00137387075730919,0.201824431397652,5967.82661082837
"13122011001","13122",1494,241599,987,0.373620862819229,368.763791602579,373,0.279635258358663,0.31306990881459,0.276595744680851,17957439.2876452,48143.2688676815,0.00618380042963754,2.2803616929468,111045.22078213
"13122011002","13122",3857,241599,987,0.373620862819229,368.763791602579,373,0.279635258358663,0.31306990881459,0.276595744680851,17957439.2876452,48143.2688676815,0.0159644700516145,5.88711850715917,286681.001711296
"13122011003","13122",5131,241599,987,0.373620862819229,368.763791602579,373,0.279635258358663,0.31306990881459,0.276595744680851,17957439.2876452,48143.2688676815,0.021237670685723,7.83168396687418,381374.181949873
"13122011004","13122",4136,241599,987,0.373620862819229,368.763791602579,373,0.279635258358663,0.31306990881459,0.276595744680851,17957439.2876452,48143.2688676815,0.0171192761559444,6.31296918475767,307418.362218803
"13122021001","13122",2347,241599,987,0.373620862819229,368.763791602579,373,0.279635258358663,0.31306990881459,0.276595744680851,17957439.2876452,48143.2688676815,0.00971444418230208,3.58233526997733,174446.541616908
"13122021002","13122",4494,241599,987,0.373620862819229,368.763791602579,373,0.279635258358663,0.31306990881459,0.276595744680851,17957439.2876452,48143.2688676815,0.0186010703686687,6.85940123701667,334027.591830585
"13122021003","13122",3250,241599,987,0.373620862819229,368.763791602579,373,0.279635258358663,0.31306990881459,0.276595744680851,17957439.2876452,48143.2688676815,0.0134520424339505,4.96062617274236,241564.235302492
"13122021004","13122",4087,241599,987,0.373620862819229,368.763791602579,373,0.279635258358663,0.31306990881459,0.276595744680851,17957439.2876452,48143.2688676815,0.0169164607469402,6.23817820553786,303776.316825011
"13122031001","13122",4426,241599,987,0.373620862819229,368.763791602579,373,0.279635258358663,0.31306990881459,0.276595744680851,17957439.2876452,48143.2688676815,0.0183196122500507,6.75560967401776,328973.324753487
"13122031002","13122",4709,241599,987,0.373620862819229,368.763791602579,373,0.279635258358663,0.31306990881459,0.276595744680851,17957439.2876452,48143.2688676815,0.0194909747142993,7.18756573767501,350007.995089058
"13122031003","13122",6435,241599,987,0.373620862819229,368.763791602579,373,0.279635258358663,0.31306990881459,0.276595744680851,17957439.2876452,48143.2688676815,0.0266350440192219,9.82203982202988,478297.185898935
"13122031004","13122",4809,241599,987,0.373620862819229,368.763791602579,373,0.279635258358663,0.31306990881459,0.276595744680851,17957439.2876452,48143.2688676815,0.019904883712267,7.34020038914401,357440.740790673
"13122031005","13122",6507,241599,987,0.373620862819229,368.763791602579,373,0.279635258358663,0.31306990881459,0.276595744680851,17957439.2876452,48143.2688676815,0.0269330584977587,9.93193677108756,483648.762804098
"13122031006","13122",4720,241599,987,0.373620862819229,368.763791602579,373,0.279635258358663,0.31306990881459,0.276595744680851,17957439.2876452,48143.2688676815,0.0195365047040758,7.2043555493366,350825.597116235
"13122031007","13122",6057,241599,987,0.373620862819229,368.763791602579,373,0.279635258358663,0.31306990881459,0.276595744680851,17957439.2876452,48143.2688676815,0.025070468006904,9.24508083947708,450201.40714683
"13122031008","13122",4735,241599,987,0.373620862819229,368.763791602579,373,0.279635258358663,0.31306990881459,0.276595744680851,17957439.2876452,48143.2688676815,0.0195985910537709,7.22725074705695,351940.508971477
"13122031009","13122",5987,241599,987,0.373620862819229,368.763791602579,373,0.279635258358663,0.31306990881459,0.276595744680851,17957439.2876452,48143.2688676815,0.0247807317083266,9.13823658344878,444998.485155699
"13122031010","13122",6387,241599,987,0.373620862819229,368.763791602579,373,0.279635258358663,0.31306990881459,0.276595744680851,17957439.2876452,48143.2688676815,0.0264363677001974,9.74877518932476,474729.46796216
"13122031011","13122",4984,241599,987,0.373620862819229,368.763791602579,373,0.279635258358663,0.31306990881459,0.276595744680851,17957439.2876452,48143.2688676815,0.0206292244587105,7.60731102921475,370448.045768499
"13122041001","13122",3769,241599,987,0.373620862819229,368.763791602579,373,0.279635258358663,0.31306990881459,0.276595744680851,17957439.2876452,48143.2688676815,0.0156002301334029,5.75280001386645,280140.185493875
"13122041002","13122",4290,241599,987,0.373620862819229,368.763791602579,373,0.279635258358663,0.31306990881459,0.276595744680851,17957439.2876452,48143.2688676815,0.0177566960128146,6.54802654801992,318864.79059929
"13122041003","13122",3884,241599,987,0.373620862819229,368.763791602579,373,0.279635258358663,0.31306990881459,0.276595744680851,17957439.2876452,48143.2688676815,0.0160762254810657,5.9283298630558,288687.843050733
"13122041004","13122",2705,241599,987,0.373620862819229,368.763791602579,373,0.279635258358663,0.31306990881459,0.276595744680851,17957439.2876452,48143.2688676815,0.0111962383950265,4.12876732223634,201055.77122869
"13122041005","13122",2690,241599,987,0.373620862819229,368.763791602579,373,0.279635258358663,0.31306990881459,0.276595744680851,17957439.2876452,48143.2688676815,0.0111341520453313,4.10587212451599,199940.859373448
"13122051001","13122",4279,241599,987,0.373620862819229,368.763791602579,373,0.279635258358663,0.31306990881459,0.276595744680851,17957439.2876452,48143.2688676815,0.0177111660230382,6.53123673635833,318047.188572112
"13122051002","13122",6138,241599,987,0.373620862819229,368.763791602579,373,0.279635258358663,0.31306990881459,0.276595744680851,17957439.2876452,48143.2688676815,0.0254057342952578,9.36871490716696,456221.931165138
"13122051003","13122",3752,241599,987,0.373620862819229,368.763791602579,373,0.279635258358663,0.31306990881459,0.276595744680851,17957439.2876452,48143.2688676815,0.0155298656037484,5.72685212311672,278876.618724601
"13122051004","13122",3890,241599,987,0.373620862819229,368.763791602579,373,0.279635258358663,0.31306990881459,0.276595744680851,17957439.2876452,48143.2688676815,0.0161010600209438,5.93748794214394,289133.807792829
"13122051005","13122",4625,241599,987,0.373620862819229,368.763791602579,373,0.279635258358663,0.31306990881459,0.276595744680851,17957439.2876452,48143.2688676815,0.0191432911560064,7.05935263044106,343764.488699701
"13122061001","13122",6252,241599,987,0.373620862819229,368.763791602579,373,0.279635258358663,0.31306990881459,0.276595744680851,17957439.2876452,48143.2688676815,0.025877590552941,9.54271840984162,464695.261264979
"13122061002","13122",4426,241599,987,0.373620862819229,368.763791602579,373,0.279635258358663,0.31306990881459,0.276595744680851,17957439.2876452,48143.2688676815,0.0183196122500507,6.75560967401776,328973.324753487
"13122061003","13122",4400,241599,987,0.373620862819229,368.763791602579,373,0.279635258358663,0.31306990881459,0.276595744680851,17957439.2876452,48143.2688676815,0.0182119959105791,6.71592466463582,327040.810871067
"13122061004","13122",4998,241599,987,0.373620862819229,368.763791602579,373,0.279635258358663,0.31306990881459,0.276595744680851,17957439.2876452,48143.2688676815,0.020687171718426,7.62867988042041,371488.630166725
"13122071001","13122",2478,241599,987,0.373620862819229,368.763791602579,373,0.279635258358663,0.31306990881459,0.276595744680851,17957439.2876452,48143.2688676815,0.0102566649696398,3.78228666340172,184183.438486023
"13122071002","13122",2852,241599,987,0.373620862819229,368.763791602579,373,0.279635258358663,0.31306990881459,0.276595744680851,17957439.2876452,48143.2688676815,0.011804684622039,4.35314025989576,211981.907410064
"13122071003","13122",4627,241599,987,0.373620862819229,368.763791602579,373,0.279635258358663,0.31306990881459,0.276595744680851,17957439.2876452,48143.2688676815,0.0191515693359658,7.06240532347044,343913.143613733
"13122071004","13122",4054,241599,987,0.373620862819229,368.763791602579,373,0.279635258358663,0.31306990881459,0.276595744680851,17957439.2876452,48143.2688676815,0.0167798707776108,6.18780877055309,301323.510743478
"13122071005","13122",2982,241599,987,0.373620862819229,368.763791602579,373,0.279635258358663,0.31306990881459,0.276595744680851,17957439.2876452,48143.2688676815,0.012342766319397,4.55156530680545,221644.476822164
"13122081001","13122",3381,241599,987,0.373620862819229,368.763791602579,373,0.279635258358663,0.31306990881459,0.276595744680851,17957439.2876452,48143.2688676815,0.0139942632212882,5.16057756616675,251301.132171608
"13122081002","13122",4860,241599,987,0.373620862819229,368.763791602579,373,0.279635258358663,0.31306990881459,0.276595744680851,17957439.2876452,48143.2688676815,0.0201159773012306,7.4180440613932,361231.441098496
"13122081003","13122",4566,241599,987,0.373620862819229,368.763791602579,373,0.279635258358663,0.31306990881459,0.276595744680851,17957439.2876452,48143.2688676815,0.0188990848472055,6.96929818607435,339379.168735748
"13122081004","13122",3882,241599,987,0.373620862819229,368.763791602579,373,0.279635258358663,0.31306990881459,0.276595744680851,17957439.2876452,48143.2688676815,0.0160679473011064,5.92527717002642,288539.1881367
"13122091001","13122",5587,241599,987,0.373620862819229,368.763791602579,373,0.279635258358663,0.31306990881459,0.276595744680851,17957439.2876452,48143.2688676815,0.0231250957164558,8.5276979775728,415267.502349238
"13122091002","13122",4432,241599,987,0.373620862819229,368.763791602579,373,0.279635258358663,0.31306990881459,0.276595744680851,17957439.2876452,48143.2688676815,0.0183444467899288,6.76476775310589,329419.289495584
"13122091003","13122",3094,241599,987,0.373620862819229,368.763791602579,373,0.279635258358663,0.31306990881459,0.276595744680851,17957439.2876452,48143.2688676815,0.0128063443971208,4.72251611645073,229969.152007973
"13122091004","13122",2925,241599,987,0.373620862819229,368.763791602579,373,0.279635258358663,0.31306990881459,0.276595744680851,17957439.2876452,48143.2688676815,0.0121068381905554,4.46456355546813,217407.811772243
"13122101001","13122",2812,241599,987,0.373620862819229,368.763791602579,373,0.279635258358663,0.31306990881459,0.276595744680851,17957439.2876452,48143.2688676815,0.0116391210228519,4.29208639930816,209008.809129418
"13122101002","13122",3122,241599,987,0.373620862819229,368.763791602579,373,0.279635258358663,0.31306990881459,0.276595744680851,17957439.2876452,48143.2688676815,0.0129222389165518,4.76525381886205,232050.320804425
"13122101003","13122",2126,241599,987,0.373620862819229,368.763791602579,373,0.279635258358663,0.31306990881459,0.276595744680851,17957439.2876452,48143.2688676815,0.00879970529679345,3.24501269023085,158020.173616338
"13122101004","13122",3320,241599,987,0.373620862819229,368.763791602579,373,0.279635258358663,0.31306990881459,0.276595744680851,17957439.2876452,48143.2688676815,0.0137417787325279,5.06747042877066,246767.157293623
"13122101005","13122",3204,241599,987,0.373620862819229,368.763791602579,373,0.279635258358663,0.31306990881459,0.276595744680851,17957439.2876452,48143.2688676815,0.0132616442948853,4.89041423306663,238145.172279749
"13122111001","13122",5741,241599,987,0.373620862819229,368.763791602579,373,0.279635258358663,0.31306990881459,0.276595744680851,17957439.2876452,48143.2688676815,0.023762515573326,8.76275534083505,426713.930729726
"13122111002","13122",5796,241599,987,0.373620862819229,368.763791602579,373,0.279635258358663,0.31306990881459,0.276595744680851,17957439.2876452,48143.2688676815,0.0239901655222083,8.846704399143,430801.940865614
"13122111003","13122",4842,241599,987,0.373620862819229,368.763791602579,373,0.279635258358663,0.31306990881459,0.276595744680851,17957439.2876452,48143.2688676815,0.0200414736815964,7.39056982412878,359893.546872206
"13122111004","13122",6258,241599,987,0.373620862819229,368.763791602579,373,0.279635258358663,0.31306990881459,0.276595744680851,17957439.2876452,48143.2688676815,0.0259024250928191,9.55187648892976,465141.226007076
"13122111005","13122",5803,241599,987,0.373620862819229,368.763791602579,373,0.279635258358663,0.31306990881459,0.276595744680851,17957439.2876452,48143.2688676815,0.024019139152066,8.85738882474583,431322.233064727
"13122991999","13122",205,241599,987,0.373620862819229,368.763791602579,373,0.279635258358663,0.31306990881459,0.276595744680851,17957439.2876452,48143.2688676815,0.000848513445833799,0.312901035511441,15237.1286883111
"13123011001","13123",2142,142079,890,0.600100532423786,534.08947385717,777,0.247191011235955,0.238202247191011,0.780898876404494,65151071.0164854,83849.5122477289,0.0150761196235897,8.05199679757077,982225.340249521
"13123011002","13123",2654,142079,890,0.600100532423786,534.08947385717,777,0.247191011235955,0.238202247191011,0.780898876404494,65151071.0164854,83849.5122477289,0.0186797485905729,9.97665709652326,1217005.6269945
"13123011003","13123",2439,142079,890,0.600100532423786,534.08947385717,777,0.247191011235955,0.238202247191011,0.780898876404494,65151071.0164854,83849.5122477289,0.017166505957953,9.16845013504907,1118416.24877151
"13123011004","13123",3184,142079,890,0.600100532423786,534.08947385717,777,0.247191011235955,0.238202247191011,0.780898876404494,65151071.0164854,83849.5122477289,0.0224100676384265,11.9689812341108,1460039.90819537
"13123011005","13123",2217,142079,890,0.600100532423786,534.08947385717,777,0.247191011235955,0.238202247191011,0.780898876404494,65151071.0164854,83849.5122477289,0.0156039949605501,8.33392945855014,1016616.98381568
"13123011006","13123",2687,142079,890,0.600100532423786,534.08947385717,777,0.247191011235955,0.238202247191011,0.780898876404494,65151071.0164854,83849.5122477289,0.0189120137388354,10.1007074673542,1232137.95016361
"13123011007","13123",1655,142079,890,0.600100532423786,534.08947385717,777,0.247191011235955,0.238202247191011,0.780898876404494,65151071.0164854,83849.5122477289,0.01164844910226,6.22131405227807,758908.934693257
"13123011008","13123",1660,142079,890,0.600100532423786,534.08947385717,777,0.247191011235955,0.238202247191011,0.780898876404494,65151071.0164854,83849.5122477289,0.0116836407913907,6.24010956301003,761201.710931001
"13123021001","13123",3589,142079,890,0.600100532423786,534.08947385717,777,0.247191011235955,0.238202247191011,0.780898876404494,65151071.0164854,83849.5122477289,0.0252605944580128,13.4914176033994,1645754.78345263
"13123021002","13123",2328,142079,890,0.600100532423786,534.08947385717,777,0.247191011235955,0.238202247191011,0.780898876404494,65151071.0164854,83849.5122477289,0.0163852504592515,8.75118979679961,1067516.6162936
"13123021003","13123",3524,142079,890,0.600100532423786,534.08947385717,777,0.247191011235955,0.238202247191011,0.780898876404494,65151071.0164854,83849.5122477289,0.0248031024993138,13.2470759638839,1615948.69236196
"13123021004","13123",3730,142079,890,0.600100532423786,534.08947385717,777,0.247191011235955,0.238202247191011,0.780898876404494,65151071.0164854,83849.5122477289,0.0262530000914984,14.0214510060406,1710411.07335701
"13123021005","13123",2421,142079,890,0.600100532423786,534.08947385717,777,0.247191011235955,0.238202247191011,0.780898876404494,65151071.0164854,83849.5122477289,0.0170398158770825,9.10078629641403,1110162.25431563
"13123021006","13123",2842,142079,890,0.600100532423786,534.08947385717,777,0.247191011235955,0.238202247191011,0.780898876404494,65151071.0164854,83849.5122477289,0.020002956101887,10.6833683000449,1303214.01353368
"13123021007","13123",4579,142079,890,0.600100532423786,534.08947385717,777,0.247191011235955,0.238202247191011,0.780898876404494,65151071.0164854,83849.5122477289,0.0322285489058904,17.2129287283271,2099724.47852594
"13123031001","13123",1831,142079,890,0.600100532423786,534.08947385717,777,0.247191011235955,0.238202247191011,0.780898876404494,65151071.0164854,83849.5122477289,0.0128871965596605,6.88291603004299,839614.658261845
"13123031002","13123",1858,142079,890,0.600100532423786,534.08947385717,777,0.247191011235955,0.238202247191011,0.780898876404494,65151071.0164854,83849.5122477289,0.0130772316809662,6.98441178799556,851995.649945663
"13123031003","13123",2947,142079,890,0.600100532423786,534.08947385717,777,0.247191011235955,0.238202247191011,0.780898876404494,65151071.0164854,83849.5122477289,0.0207419815736316,11.078074025416,1351362.3145263
"13123031004","13123",3399,142079,890,0.600100532423786,534.08947385717,777,0.247191011235955,0.238202247191011,0.780898876404494,65151071.0164854,83849.5122477289,0.0239233102710464,12.777188195585,1558629.28641836
"13123031005","13123",2640,142079,890,0.600100532423786,534.08947385717,777,0.247191011235955,0.238202247191011,0.780898876404494,65151071.0164854,83849.5122477289,0.0185812118610069,9.92402966647378,1210585.85352882
"13123031006","13123",1612,142079,890,0.600100532423786,534.08947385717,777,0.247191011235955,0.238202247191011,0.780898876404494,65151071.0164854,83849.5122477289,0.011345800575736,6.05967265998323,739191.059048659
"13123031007","13123",2733,142079,890,0.600100532423786,534.08947385717,777,0.247191011235955,0.238202247191011,0.780898876404494,65151071.0164854,83849.5122477289,0.0192357772788378,10.2736261660882,1253231.49155086
"13123031008","13123",2085,142079,890,0.600100532423786,534.08947385717,777,0.247191011235955,0.238202247191011,0.780898876404494,65151071.0164854,83849.5122477289,0.0146749343674998,7.83772797522645,956087.691139239
"13123031009","13123",3142,142079,890,0.600100532423786,534.08947385717,777,0.247191011235955,0.238202247191011,0.780898876404494,65151071.0164854,83849.5122477289,0.0221144574497287,11.8110989439624,1440780.58779832
"13123031010","13123",3082,142079,890,0.600100532423786,534.08947385717,777,0.247191011235955,0.238202247191011,0.780898876404494,65151071.0164854,83849.5122477289,0.0216921571801603,11.5855528151789,1413267.27294539
"13123031011","13123",2863,142079,890,0.600100532423786,534.08947385717,777,0.247191011235955,0.238202247191011,0.780898876404494,65151071.0164854,83849.5122477289,0.0201507611962359,10.7623094451191,1312843.6737322
"13123041001","13123",3557,142079,890,0.600100532423786,534.08947385717,777,0.247191011235955,0.238202247191011,0.780898876404494,65151071.0164854,83849.5122477289,0.0250353676475763,13.3711263347149,1631081.01553107
"13123041002","13123",3357,142079,890,0.600100532423786,534.08947385717,777,0.247191011235955,0.238202247191011,0.780898876404494,65151071.0164854,83849.5122477289,0.0236277000823486,12.6193059054365,1539369.96602131
"13123041003","13123",4365,142079,890,0.600100532423786,534.08947385717,777,0.247191011235955,0.238202247191011,0.780898876404494,65151071.0164854,83849.5122477289,0.0307223446110966,16.4084808689993,2001593.65555049
"13123041004","13123",3659,142079,890,0.600100532423786,534.08947385717,777,0.247191011235955,0.238202247191011,0.780898876404494,65151071.0164854,83849.5122477289,0.0257532781058425,13.7545547536468,1677853.65078104
"13123041005","13123",3556,142079,890,0.600100532423786,534.08947385717,777,0.247191011235955,0.238202247191011,0.780898876404494,65151071.0164854,83849.5122477289,0.0250283293097502,13.3673672325685,1630622.46028352
"13123041006","13123",2704,142079,890,0.600100532423786,534.08947385717,777,0.247191011235955,0.238202247191011,0.780898876404494,65151071.0164854,83849.5122477289,0.0190316654818798,10.1646122038428,1239933.38937194
"13123041007","13123",3015,142079,890,0.600100532423786,534.08947385717,777,0.247191011235955,0.238202247191011,0.780898876404494,65151071.0164854,83849.5122477289,0.021220588545809,11.3336929713706,1382544.07135962
"13123041008","13123",3512,142079,890,0.600100532423786,534.08947385717,777,0.247191011235955,0.238202247191011,0.780898876404494,65151071.0164854,83849.5122477289,0.0247186424454001,13.2019667381272,1610446.02939137
"13123041009","13123",3338,142079,890,0.600100532423786,534.08947385717,777,0.247191011235955,0.238202247191011,0.780898876404494,65151071.0164854,83849.5122477289,0.0234939716636519,12.5478829646551,1530657.41631788
"13123041010","13123",2398,142079,890,0.600100532423786,534.08947385717,777,0.247191011235955,0.238202247191011,0.780898876404494,65151071.0164854,83849.5122477289,0.0168779341070813,9.01432694704702,1099615.48362201
"13123041011","13123",2076,142079,890,0.600100532423786,534.08947385717,777,0.247191011235955,0.238202247191011,0.780898876404494,65151071.0164854,83849.5122477289,0.0146115893270645,7.80389605590893,951960.6939113
"13123041012","13123",2953,142079,890,0.600100532423786,534.08947385717,777,0.247191011235955,0.238202247191011,0.780898876404494,65151071.0164854,83849.5122477289,0.0207842116005884,11.1006286382943,1354113.64601159
"13123051001","13123",4502,142079,890,0.600100532423786,534.08947385717,777,0.247191011235955,0.238202247191011,0.780898876404494,65151071.0164854,83849.5122477289,0.0316865968932777,16.9234778630549,2064415.72446468
"13123051002","13123",4045,142079,890,0.600100532423786,534.08947385717,777,0.247191011235955,0.238202247191011,0.780898876404494,65151071.0164854,83849.5122477289,0.0284700765067322,15.205568182154,1854855.97633488
"13123061001","13123",2715,142079,890,0.600100532423786,534.08947385717,777,0.247191011235955,0.238202247191011,0.780898876404494,65151071.0164854,83849.5122477289,0.0191090871979673,10.2059623274532,1244977.49709498
"13123061002","13123",3318,142079,890,0.600100532423786,534.08947385717,777,0.247191011235955,0.238202247191011,0.780898876404494,65151071.0164854,83849.5122477289,0.0233532049071291,12.4727009217273,1521486.3113669
"13123061003","13123",2184,142079,890,0.600100532423786,534.08947385717,777,0.247191011235955,0.238202247191011,0.780898876404494,65151071.0164854,83849.5122477289,0.0153717298122875,8.20987908771922,1001484.66064657
"13123061004","13123",2537,142079,890,0.600100532423786,534.08947385717,777,0.247191011235955,0.238202247191011,0.780898876404494,65151071.0164854,83849.5122477289,0.0178562630649146,9.53684214539545,1163354.66303129
"13123071001","13123",3000,142079,890,0.600100532423786,534.08947385717,777,0.247191011235955,0.238202247191011,0.780898876404494,65151071.0164854,83849.5122477289,0.0211150134784169,11.2773064391748,1375665.74264639
"13123071002","13123",3211,142079,890,0.600100532423786,534.08947385717,777,0.247191011235955,0.238202247191011,0.780898876404494,65151071.0164854,83849.5122477289,0.0226001027597323,12.0704769920634,1472420.89987918
"13123071003","13123",932,142079,890,0.600100532423786,534.08947385717,777,0.247191011235955,0.238202247191011,0.780898876404494,65151071.0164854,83849.5122477289,0.00655973085396153,3.50348320043696,427373.490715478
"13123081001","13123",1481,142079,890,0.600100532423786,534.08947385717,777,0.247191011235955,0.238202247191011,0.780898876404494,65151071.0164854,83849.5122477289,0.0104237783205118,5.56723027880594,679120.321619767
"13123081002","13123",2178,142079,890,0.600100532423786,534.08947385717,777,0.247191011235955,0.238202247191011,0.780898876404494,65151071.0164854,83849.5122477289,0.0153294997853307,8.18732447484087,998733.329161277
"13123081003","13123",1628,142079,890,0.600100532423786,534.08947385717,777,0.247191011235955,0.238202247191011,0.780898876404494,65151071.0164854,83849.5122477289,0.0114584139809543,6.1198182943255,746527.94300944
"13123081004","13123",1922,142079,890,0.600100532423786,534.08947385717,777,0.247191011235955,0.238202247191011,0.780898876404494,65151071.0164854,83849.5122477289,0.0135276853018391,7.22499432536462,881343.185788786
"13123991999","13123",93,142079,890,0.600100532423786,534.08947385717,777,0.247191011235955,0.238202247191011,0.780898876404494,65151071.0164854,83849.5122477289,0.000654565417830925,0.349596499614417,42645.638022038
"13124011001","13124",2029,230293,1036,0.352639539826063,365.334563259802,362,0.283783783783784,0.318532818532819,0.253861003861004,15081859.6848739,41662.5958145688,0.00881051530007425,3.21878575924643,132878.955507155
"13124011002","13124",3456,230293,1036,0.352639539826063,365.334563259802,362,0.283783783783784,0.318532818532819,0.253861003861004,15081859.6848739,41662.5958145688,0.0150069693824823,5.48256460520239,226333.006521797
"13124011003","13124",3176,230293,1036,0.352639539826063,365.334563259802,362,0.283783783783784,0.318532818532819,0.253861003861004,15081859.6848739,41662.5958145688,0.0137911269556608,5.03837534320683,207995.841641559
"13124011004","13124",2754,230293,1036,0.352639539826063,365.334563259802,362,0.283783783783784,0.318532818532819,0.253861003861004,15081859.6848739,41662.5958145688,0.0119586787266656,4.36891866977066,180359.114572057
"13124021001","13124",7042,230293,1036,0.352639539826063,365.334563259802,362,0.283783783783784,0.318532818532819,0.253861003861004,15081859.6848739,41662.5958145688,0.0305784370345603,11.1713599391884,461179.696737991
"13124021002","13124",4179,230293,1036,0.352639539826063,365.334563259802,362,0.283783783783784,0.318532818532819,0.253861003861004,15081859.6848739,41662.5958145688,0.0181464482203106,6.6295247352838,273682.185837555
"13124021003","13124",4495,230293,1036,0.352639539826063,365.334563259802,362,0.283783783783784,0.318532818532819,0.253861003861004,15081859.6848739,41662.5958145688,0.0195186132448663,7.13082404525022,294376.986202395
"13124021004","13124",5089,230293,1036,0.352639539826063,365.334563259802,362,0.283783783783784,0.318532818532819,0.253861003861004,15081859.6848739,41662.5958145688,0.0220979361074805,8.07313983676938,333277.971698329
"13124021005","13124",3641,230293,1036,0.352639539826063,365.334563259802,362,0.283783783783784,0.318532818532819,0.253861003861004,15081859.6848739,41662.5958145688,0.0158102938430608,5.77604679616375,238448.633317669
"13124021006","13124",5452,230293,1036,0.352639539826063,365.334563259802,362,0.283783783783784,0.318532818532819,0.253861003861004,15081859.6848739,41662.5958145688,0.0236741889679669,8.6489994871422,357050.796168067
"13124031001","13124",2310,230293,1036,0.352639539826063,365.334563259802,362,0.283783783783784,0.318532818532819,0.253861003861004,15081859.6848739,41662.5958145688,0.0100307000212772,3.66456141146341,151281.610261965
"13124031002","13124",3860,230293,1036,0.352639539826063,365.334563259802,362,0.283783783783784,0.318532818532819,0.253861003861004,15081859.6848739,41662.5958145688,0.0167612563126105,6.12346625465314,252790.915848998
"13124031003","13124",2260,230293,1036,0.352639539826063,365.334563259802,362,0.283783783783784,0.318532818532819,0.253861003861004,15081859.6848739,41662.5958145688,0.00981358530220198,3.58524190039277,148007.116533351
"13124031004","13124",1820,230293,1036,0.352639539826063,365.334563259802,362,0.283783783783784,0.318532818532819,0.253861003861004,15081859.6848739,41662.5958145688,0.00790297577433965,2.88723020297117,119191.571721548
"13124041001","13124",3821,230293,1036,0.352639539826063,365.334563259802,362,0.283783783783784,0.318532818532819,0.253861003861004,15081859.6848739,41662.5958145688,0.0165919068317317,6.06159703601804,250236.810740679
"13124041002","13124",3719,230293,1036,0.352639539826063,365.334563259802,362,0.283783783783784,0.318532818532819,0.253861003861004,15081859.6848739,41662.5958145688,0.0161489928048182,5.89978523343394,243556.843534307
"13124041003","13124",2676,230293,1036,0.352639539826063,365.334563259802,362,0.283783783783784,0.318532818532819,0.253861003861004,15081859.6848739,41662.5958145688,0.0116199797649082,4.24518023250046,175250.904355419
"13124041004","13124",4159,230293,1036,0.352639539826063,365.334563259802,362,0.283783783783784,0.318532818532819,0.253861003861004,15081859.6848739,41662.5958145688,0.0180596023326805,6.59779693085554,272372.38834611
"13124041005","13124",2122,230293,1036,0.352639539826063,365.334563259802,362,0.283783783783784,0.318532818532819,0.253861003861004,15081859.6848739,41662.5958145688,0.00921434867755425,3.36632004983781,138969.513842377
"13124051001","13124",3973,230293,1036,0.352639539826063,365.334563259802,362,0.283783783783784,0.318532818532819,0.253861003861004,15081859.6848739,41662.5958145688,0.0172519355777206,6.30272834967277,260191.271675666
"13124051002","13124",1306,230293,1036,0.352639539826063,365.334563259802,362,0.283783783783784,0.318532818532819,0.253861003861004,15081859.6848739,41662.5958145688,0.00567103646224592,2.07182562916502,85529.7761913968
"13124051003","13124",4469,230293,1036,0.352639539826063,365.334563259802,362,0.283783783783784,0.318532818532819,0.253861003861004,15081859.6848739,41662.5958145688,0.0194057135909472,7.08957789949349,292674.249463516
"13124051004","13124",1846,230293,1036,0.352639539826063,365.334563259802,362,0.283783783783784,0.318532818532819,0.253861003861004,15081859.6848739,41662.5958145688,0.00801587542825878,2.9284763487279,120894.308460428
"13124061001","13124",4416,230293,1036,0.352639539826063,365.334563259802,362,0.283783783783784,0.318532818532819,0.253861003861004,15081859.6848739,41662.5958145688,0.0191755719887274,7.00549921775862,289203.286111185
"13124061002","13124",5571,230293,1036,0.352639539826063,365.334563259802,362,0.283783783783784,0.318532818532819,0.253861003861004,15081859.6848739,41662.5958145688,0.024190921999366,8.83777992349032,364844.091242168
"13124061003","13124",2460,230293,1036,0.352639539826063,365.334563259802,362,0.283783783783784,0.318532818532819,0.253861003861004,15081859.6848739,41662.5958145688,0.010682044178503,3.90251994467532,161105.091447807
"13124061004","13124",4441,230293,1036,0.352639539826063,365.334563259802,362,0.283783783783784,0.318532818532819,0.253861003861004,15081859.6848739,41662.5958145688,0.019284129348265,7.04515897329393,290840.532975492
"13124061005","13124",2554,230293,1036,0.352639539826063,365.334563259802,362,0.283783783783784,0.318532818532819,0.253861003861004,15081859.6848739,41662.5958145688,0.0110902198503645,4.05164062548811,167261.139657601
"13124061006","13124",3246,230293,1036,0.352639539826063,365.334563259802,362,0.283783783783784,0.318532818532819,0.253861003861004,15081859.6848739,41662.5958145688,0.0140950875623662,5.14942265870572,212580.132861619
"13124061007","13124",3297,230293,1036,0.352639539826063,365.334563259802,362,0.283783783783784,0.318532818532819,0.253861003861004,15081859.6848739,41662.5958145688,0.014316544575823,5.23032855999777,215920.116464805
"13124061008","13124",3295,230293,1036,0.352639539826063,365.334563259802,362,0.283783783783784,0.318532818532819,0.253861003861004,15081859.6848739,41662.5958145688,0.01430785998706,5.22715577955494,215789.13671566
"13124061009","13124",4538,230293,1036,0.352639539826063,365.334563259802,362,0.283783783783784,0.318532818532819,0.253861003861004,15081859.6848739,41662.5958145688,0.0197053319032711,7.19903882477097,297193.050809003
"13124061010","13124",4270,230293,1036,0.352639539826063,365.334563259802,362,0.283783783783784,0.318532818532819,0.253861003861004,15081859.6848739,41662.5958145688,0.0185415970090276,6.77388624543236,279641.764423633
"13124061011","13124",3480,230293,1036,0.352639539826063,365.334563259802,362,0.283783783783784,0.318532818532819,0.253861003861004,15081859.6848739,41662.5958145688,0.0151111844476384,5.5206379705163,227904.763511532
"13124061012","13124",4669,230293,1036,0.352639539826063,365.334563259802,362,0.283783783783784,0.318532818532819,0.253861003861004,15081859.6848739,41662.5958145688,0.0202741724672482,7.40685594377603,305772.224377972
"13124061013","13124",5103,230293,1036,0.352639539826063,365.334563259802,362,0.283783783783784,0.318532818532819,0.253861003861004,15081859.6848739,41662.5958145688,0.0221587282288215,8.09534929986916,334194.829942341
"13124061014","13124",3789,230293,1036,0.352639539826063,365.334563259802,362,0.283783783783784,0.318532818532819,0.253861003861004,15081859.6848739,41662.5958145688,0.0164529534115236,6.01083254893283,248141.134754366
"13124061015","13124",3568,230293,1036,0.352639539826063,365.334563259802,362,0.283783783783784,0.318532818532819,0.253861003861004,15081859.6848739,41662.5958145688,0.0154933063532109,5.66024031000062,233667.872473893
"13124061016","13124",2866,230293,1036,0.352639539826063,365.334563259802,362,0.283783783783784,0.318532818532819,0.253861003861004,15081859.6848739,41662.5958145688,0.0124450156973942,4.54659437456888,187693.980524152
"13124061017","13124",4214,230293,1036,0.352639539826063,365.334563259802,362,0.283783783783784,0.318532818532819,0.253861003861004,15081859.6848739,41662.5958145688,0.0182984285236633,6.68504839303324,275974.331447585
"13124061018","13124",4940,230293,1036,0.352639539826063,365.334563259802,362,0.283783783783784,0.318532818532819,0.253861003861004,15081859.6848739,41662.5958145688,0.0214509342446362,7.83676769377889,323519.98038706
"13124061019","13124",2901,230293,1036,0.352639539826063,365.334563259802,362,0.283783783783784,0.318532818532819,0.253861003861004,15081859.6848739,41662.5958145688,0.0125969960007469,4.60211803231833,189986.126134182
"13124061020","13124",4386,230293,1036,0.352639539826063,365.334563259802,362,0.283783783783784,0.318532818532819,0.253861003861004,15081859.6848739,41662.5958145688,0.0190453031572822,6.95790751111623,287238.589874017
"13124061021","13124",3557,230293,1036,0.352639539826063,365.334563259802,362,0.283783783783784,0.318532818532819,0.253861003861004,15081859.6848739,41662.5958145688,0.0154455411150144,5.64279001756508,232947.483853597
"13124061022","13124",5067,230293,1036,0.352639539826063,365.334563259802,362,0.283783783783784,0.318532818532819,0.253861003861004,15081859.6848739,41662.5958145688,0.0220024056310874,8.0382392518983,331837.194457739
"13124061023","13124",3480,230293,1036,0.352639539826063,365.334563259802,362,0.283783783783784,0.318532818532819,0.253861003861004,15081859.6848739,41662.5958145688,0.0151111844476384,5.5206379705163,227904.763511532
"13124061024","13124",4680,230293,1036,0.352639539826063,365.334563259802,362,0.283783783783784,0.318532818532819,0.253861003861004,15081859.6848739,41662.5958145688,0.0203219377054448,7.42430623621157,306492.612998267
"13124062013","13124",23,230293,1036,0.352639539826063,365.334563259802,362,0.283783783783784,0.318532818532819,0.253861003861004,15081859.6848739,41662.5958145688,9.98727707746219e-05,0.0364869750924928,1506.26711516242
"13124062901","13124",22,230293,1036,0.352639539826063,365.334563259802,362,0.283783783783784,0.318532818532819,0.253861003861004,15081859.6848739,41662.5958145688,9.55304763931166e-05,0.0349005848710801,1440.77724059014
"13124071001","13124",5903,230293,1036,0.352639539826063,365.334563259802,362,0.283783783783784,0.318532818532819,0.253861003861004,15081859.6848739,41662.5958145688,0.0256325637340258,9.36446147699934,386586.729600165
"13124071002","13124",5609,230293,1036,0.352639539826063,365.334563259802,362,0.283783783783784,0.318532818532819,0.253861003861004,15081859.6848739,41662.5958145688,0.0243559291858632,8.898062751904,367332.706475915
"13124071003","13124",1955,230293,1036,0.352639539826063,365.334563259802,362,0.283783783783784,0.318532818532819,0.253861003861004,15081859.6848739,41662.5958145688,0.00848918551584286,3.10139288286189,128032.704788806
"13124071004","13124",1467,230293,1036,0.352639539826063,365.334563259802,362,0.283783783783784,0.318532818532819,0.253861003861004,15081859.6848739,41662.5958145688,0.00637014585766827,2.32723445481247,96073.6459975337
"13124071005","13124",1245,230293,1036,0.352639539826063,365.334563259802,362,0.283783783783784,0.318532818532819,0.253861003861004,15081859.6848739,41662.5958145688,0.0054061565049741,1.97505582565885,81534.8938424877
"13124072012","13124",112,230293,1036,0.352639539826063,365.334563259802,362,0.283783783783784,0.318532818532819,0.253861003861004,15081859.6848739,41662.5958145688,0.000486336970728594,0.177675704798226,7334.86595209528
"13124072016","13124",284,230293,1036,0.352639539826063,365.334563259802,362,0.283783783783784,0.318532818532819,0.253861003861004,15081859.6848739,41662.5958145688,0.00123321160434751,0.450534822881215,18599.1243785273
"13124072019","13124",1796,230293,1036,0.352639539826063,365.334563259802,362,0.283783783783784,0.318532818532819,0.253861003861004,15081859.6848739,41662.5958145688,0.00779876070918352,2.84915683765726,117619.814731814
"13124081001","13124",1017,230293,1036,0.352639539826063,365.334563259802,362,0.283783783783784,0.318532818532819,0.253861003861004,15081859.6848739,41662.5958145688,0.00441611338599089,1.61335885517675,66603.202440008
"13124082008","13124",31,230293,1036,0.352639539826063,365.334563259802,362,0.283783783783784,0.318532818532819,0.253861003861004,15081859.6848739,41662.5958145688,0.000134611125826664,0.0491780968637946,2030.18611174066
"13124082009","13124",40,230293,1036,0.352639539826063,365.334563259802,362,0.283783783783784,0.318532818532819,0.253861003861004,15081859.6848739,41662.5958145688,0.000173691775260212,0.0634556088565092,2619.59498289117
"13124082010","13124",416,230293,1036,0.352639539826063,365.334563259802,362,0.283783783783784,0.318532818532819,0.253861003861004,15081859.6848739,41662.5958145688,0.0018063944627062,0.659938332107696,27243.7878220682
"13124082011","13124",470,230293,1036,0.352639539826063,365.334563259802,362,0.283783783783784,0.318532818532819,0.253861003861004,15081859.6848739,41662.5958145688,0.00204087835930749,0.745603404063983,30780.2410489713
"13124082017","13124",103,230293,1036,0.352639539826063,365.334563259802,362,0.283783783783784,0.318532818532819,0.253861003861004,15081859.6848739,41662.5958145688,0.000447256321295046,0.163398192805511,6745.45708094477
"13124082018","13124",14,230293,1036,0.352639539826063,365.334563259802,362,0.283783783783784,0.318532818532819,0.253861003861004,15081859.6848739,41662.5958145688,6.07921213410742e-05,0.0222094630997782,916.85824401191
"13124082020","13124",844,230293,1036,0.352639539826063,365.334563259802,362,0.283783783783784,0.318532818532819,0.253861003861004,15081859.6848739,41662.5958145688,0.00366489645799047,1.33891334687234,55273.4541390037
"13124091001","13124",6717,230293,1036,0.352639539826063,365.334563259802,362,0.283783783783784,0.318532818532819,0.253861003861004,15081859.6848739,41662.5958145688,0.0291671913605711,10.6557831172293,439895.487502
"13124091002","13124",2801,230293,1036,0.352639539826063,365.334563259802,362,0.283783783783784,0.318532818532819,0.253861003861004,15081859.6848739,41662.5958145688,0.0121627665625963,4.44347901017706,183437.138676954
"13124091003","13124",3332,230293,1036,0.352639539826063,365.334563259802,362,0.283783783783784,0.318532818532819,0.253861003861004,15081859.6848739,41662.5958145688,0.0144685248791757,5.28585221774722,218212.262074835
"13124091004","13124",3255,230293,1036,0.352639539826063,365.334563259802,362,0.283783783783784,0.318532818532819,0.253861003861004,15081859.6848739,41662.5958145688,0.0141341682117998,5.16370017069844,213169.541732769
"13124091005","13124",2461,230293,1036,0.352639539826063,365.334563259802,362,0.283783783783784,0.318532818532819,0.253861003861004,15081859.6848739,41662.5958145688,0.0106863864728845,3.90410633489673,161170.581322379
"13124101001","13124",4475,230293,1036,0.352639539826063,365.334563259802,362,0.283783783783784,0.318532818532819,0.253861003861004,15081859.6848739,41662.5958145688,0.0194317673572362,7.09909624082197,293067.18871095
"13124101002","13124",2400,230293,1036,0.352639539826063,365.334563259802,362,0.283783783783784,0.318532818532819,0.253861003861004,15081859.6848739,41662.5958145688,0.0104215065156127,3.80733653139055,157175.69897347
"13124101003","13124",3508,230293,1036,0.352639539826063,365.334563259802,362,0.283783783783784,0.318532818532819,0.253861003861004,15081859.6848739,41662.5958145688,0.0152327686903206,5.56505689671586,229738.479999556
"13124101004","13124",2167,230293,1036,0.352639539826063,365.334563259802,362,0.283783783783784,0.318532818532819,0.253861003861004,15081859.6848739,41662.5958145688,0.00940975192472198,3.43770760980139,141916.558198129
"13124991999","13124",3384,230293,1036,0.352639539826063,365.334563259802,362,0.283783783783784,0.318532818532819,0.253861003861004,15081859.6848739,41662.5958145688,0.0146943241870139,5.36834450926068,221617.735552593
"13125011001","13125",4083,210410,818,0.34338151239067,280.886077135568,274,0.332518337408313,0.311735941320293,0.226161369193154,11336456.4376851,41373.9286046903,0.0194049712466138,5.45058625038983,219983.61121177
"13125011002","13125",5434,210410,818,0.34338151239067,280.886077135568,274,0.332518337408313,0.311735941320293,0.226161369193154,11336456.4376851,41373.9286046903,0.0258257687372273,7.25409886961018,292772.702259308
"13125011003","13125",3237,210410,818,0.34338151239067,280.886077135568,274,0.332518337408313,0.311735941320293,0.226161369193154,11336456.4376851,41373.9286046903,0.0153842497980134,4.32122157543764,174402.877661645
"13125011004","13125",4377,210410,818,0.34338151239067,280.886077135568,274,0.332518337408313,0.311735941320293,0.226161369193154,11336456.4376851,41373.9286046903,0.0208022432393898,5.84306049913209,235823.724289472
"13125011005","13125",4985,210410,818,0.34338151239067,280.886077135568,274,0.332518337408313,0.311735941320293,0.226161369193154,11336456.4376851,41373.9286046903,0.0236918397414572,6.65470792510245,268581.509157647
"13125011006","13125",2927,210410,818,0.34338151239067,280.886077135568,274,0.332518337408313,0.311735941320293,0.226161369193154,11336456.4376851,41373.9286046903,0.0139109357920251,3.9073881839067,157700.717613728
"13125011007","13125",9046,210410,818,0.34338151239067,280.886077135568,274,0.332518337408313,0.311735941320293,0.226161369193154,11336456.4376851,41373.9286046903,0.042992253219904,12.0759253541578,487379.805785371
"13125011008","13125",4381,210410,818,0.34338151239067,280.886077135568,274,0.332518337408313,0.311735941320293,0.226161369193154,11336456.4376851,41373.9286046903,0.0208212537426928,5.84840028482926,236039.236032026
"13125021001","13125",5170,210410,818,0.34338151239067,280.886077135568,274,0.332518337408313,0.311735941320293,0.226161369193154,11336456.4376851,41373.9286046903,0.0245710755192244,6.90167301359673,278548.927250759
"13125021002","13125",4230,210410,818,0.34338151239067,280.886077135568,274,0.332518337408313,0.311735941320293,0.226161369193154,11336456.4376851,41373.9286046903,0.0201036072430018,5.64682337476096,227903.667750621
"13125021003","13125",4703,210410,818,0.34338151239067,280.886077135568,274,0.332518337408313,0.311735941320293,0.226161369193154,11336456.4376851,41373.9286046903,0.0223515992585904,6.27825303345172,253387.931307605
"13125021004","13125",6455,210410,818,0.34338151239067,280.886077135568,274,0.332518337408313,0.311735941320293,0.226161369193154,11336456.4376851,41373.9286046903,0.0306781997053372,8.61707916881371,347782.07454616
"13125021005","13125",4041,210410,818,0.34338151239067,280.886077135568,274,0.332518337408313,0.311735941320293,0.226161369193154,11336456.4376851,41373.9286046903,0.0192053609619315,5.39451850056951,217720.737914955
"13125021006","13125",3675,210410,818,0.34338151239067,280.886077135568,274,0.332518337408313,0.311735941320293,0.226161369193154,11336456.4376851,41373.9286046903,0.0174658999097001,4.90592810927814,198001.413471284
"13125021007","13125",5361,210410,818,0.34338151239067,280.886077135568,274,0.332518337408313,0.311735941320293,0.226161369193154,11336456.4376851,41373.9286046903,0.0254788270519462,7.15664778063676,288839.612957702
"13125021008","13125",4719,210410,818,0.34338151239067,280.886077135568,274,0.332518337408313,0.311735941320293,0.226161369193154,11336456.4376851,41373.9286046903,0.0224276412718027,6.29961217624042,254249.978277821
"13125021009","13125",6326,210410,818,0.34338151239067,280.886077135568,274,0.332518337408313,0.311735941320293,0.226161369193154,11336456.4376851,41373.9286046903,0.030065110973813,8.44487108007987,340831.820848801
"13125021010","13125",5311,210410,818,0.34338151239067,280.886077135568,274,0.332518337408313,0.311735941320293,0.226161369193154,11336456.4376851,41373.9286046903,0.0252411957606578,7.08990045942209,286145.71617578
"13125021011","13125",3412,210410,818,0.34338151239067,280.886077135568,274,0.332518337408313,0.311735941320293,0.226161369193154,11336456.4376851,41373.9286046903,0.0162159593175229,4.55483719968898,183831.516398373
"13125021012","13125",5306,210410,818,0.34338151239067,280.886077135568,274,0.332518337408313,0.311735941320293,0.226161369193154,11336456.4376851,41373.9286046903,0.0252174326315289,7.08322572730063,285876.326497588
"13125021013","13125",3877,210410,818,0.34338151239067,280.886077135568,274,0.332518337408313,0.311735941320293,0.226161369193154,11336456.4376851,41373.9286046903,0.0184259303265054,5.1755872869854,208884.75647025
"13125021014","13125",5771,210410,818,0.34338151239067,280.886077135568,274,0.332518337408313,0.311735941320293,0.226161369193154,11336456.4376851,41373.9286046903,0.0274274036405114,7.70397581459704,310929.566569464
"13125021015","13125",3834,210410,818,0.34338151239067,280.886077135568,274,0.332518337408313,0.311735941320293,0.226161369193154,11336456.4376851,41373.9286046903,0.0182215674159973,5.11818459074078,206568.005237797
"13125021016","13125",3848,210410,818,0.34338151239067,280.886077135568,274,0.332518337408313,0.311735941320293,0.226161369193154,11336456.4376851,41373.9286046903,0.0182881041775581,5.13687384068089,207322.296336735
"13125021017","13125",4269,210410,818,0.34338151239067,280.886077135568,274,0.332518337408313,0.311735941320293,0.226161369193154,11336456.4376851,41373.9286046903,0.0202889596502067,5.6988862853084,230004.90724052
"13125021018","13125",4659,210410,818,0.34338151239067,280.886077135568,274,0.332518337408313,0.311735941320293,0.226161369193154,11336456.4376851,41373.9286046903,0.0221424837222565,6.21951539078282,251017.302139514
"13125021019","13125",4332,210410,818,0.34338151239067,280.886077135568,274,0.332518337408313,0.311735941320293,0.226161369193154,11336456.4376851,41373.9286046903,0.0205883750772302,5.78298791003888,233399.217185742
"13125021020","13125",4660,210410,818,0.34338151239067,280.886077135568,274,0.332518337408313,0.311735941320293,0.226161369193154,11336456.4376851,41373.9286046903,0.0221472363480823,6.22085033720711,251071.180075152
"13125021021","13125",4148,210410,818,0.34338151239067,280.886077135568,274,0.332518337408313,0.311735941320293,0.226161369193154,11336456.4376851,41373.9286046903,0.0197138919252887,5.5373577679689,223485.677028269
"13125022001","13125",66,210410,818,0.34338151239067,280.886077135568,274,0.332518337408313,0.311735941320293,0.226161369193154,11336456.4376851,41373.9286046903,0.000313673304500737,0.0881064640033625,3555.94375213735
"13125022002","13125",213,210410,818,0.34338151239067,280.886077135568,274,0.332518337408313,0.311735941320293,0.226161369193154,11336456.4376851,41373.9286046903,0.00101230930088874,0.284343588374488,11476.0002909887
"13125022004","13125",118,210410,818,0.34338151239067,280.886077135568,274,0.332518337408313,0.311735941320293,0.226161369193154,11336456.4376851,41373.9286046903,0.000560809847440711,0.157523678066618,6357.59640533647
"13125022005","13125",92,210410,818,0.34338151239067,280.886077135568,274,0.332518337408313,0.311735941320293,0.226161369193154,11336456.4376851,41373.9286046903,0.000437241575970724,0.12281507103499,4956.77007873691
"13125031001","13125",662,210410,818,0.34338151239067,280.886077135568,274,0.332518337408313,0.311735941320293,0.226161369193154,11336456.4376851,41373.9286046903,0.0031462382966589,0.883734532882212,35667.1933926504
"13125041001","13125",3878,210410,818,0.34338151239067,280.886077135568,274,0.332518337408313,0.311735941320293,0.226161369193154,11336456.4376851,41373.9286046903,0.0184306829523312,5.17692223340969,208938.634405889
"13125041002","13125",4194,210410,818,0.34338151239067,280.886077135568,274,0.332518337408313,0.311735941320293,0.226161369193154,11336456.4376851,41373.9286046903,0.0199325127132741,5.5987653034864,225964.062067637
"13125041003","13125",6819,210410,818,0.34338151239067,280.886077135568,274,0.332518337408313,0.311735941320293,0.226161369193154,11336456.4376851,41373.9286046903,0.032408155505917,9.1029996672565,367393.643118554
"13125041004","13125",4863,210410,818,0.34338151239067,280.886077135568,274,0.332518337408313,0.311735941320293,0.226161369193154,11336456.4376851,41373.9286046903,0.0231120193907134,6.49184446133866,262008.401009757
"13125041005","13125",6191,210410,818,0.34338151239067,280.886077135568,274,0.332518337408313,0.311735941320293,0.226161369193154,11336456.4376851,41373.9286046903,0.0294235064873343,8.26465331280026,333558.299537611
"13125041006","13125",4746,210410,818,0.34338151239067,280.886077135568,274,0.332518337408313,0.311735941320293,0.226161369193154,11336456.4376851,41373.9286046903,0.0225559621690984,6.33565572969634,255704.682540059
"13125041007","13125",5299,210410,818,0.34338151239067,280.886077135568,274,0.332518337408313,0.311735941320293,0.226161369193154,11336456.4376851,41373.9286046903,0.0251841642507485,7.07388110233057,285499.180948118
"13125041008","13125",2936,210410,818,0.34338151239067,280.886077135568,274,0.332518337408313,0.311735941320293,0.226161369193154,11336456.4376851,41373.9286046903,0.013953709424457,3.91940270172534,158185.619034474
"13125041009","13125",4971,210410,818,0.34338151239067,280.886077135568,274,0.332518337408313,0.311735941320293,0.226161369193154,11336456.4376851,41373.9286046903,0.0236253029798964,6.63601867516235,267827.218058709
"13125041010","13125",5741,210410,818,0.34338151239067,280.886077135568,274,0.332518337408313,0.311735941320293,0.226161369193154,11336456.4376851,41373.9286046903,0.0272848248657383,7.66392742186824,309313.228500311
"13125041011","13125",4957,210410,818,0.34338151239067,280.886077135568,274,0.332518337408313,0.311735941320293,0.226161369193154,11336456.4376851,41373.9286046903,0.0235587662183356,6.61732942522224,267072.92695977
"13125041012","13125",4275,210410,818,0.34338151239067,280.886077135568,274,0.332518337408313,0.311735941320293,0.226161369193154,11336456.4376851,41373.9286046903,0.0203174754051614,5.70689596385416,230328.174854351
"13125041013","13125",5197,210410,818,0.34338151239067,280.886077135568,274,0.332518337408313,0.311735941320293,0.226161369193154,11336456.4376851,41373.9286046903,0.0246993964165201,6.93771656705265,280003.631512997
"13125041014","13125",4217,210410,818,0.34338151239067,280.886077135568,274,0.332518337408313,0.311735941320293,0.226161369193154,11336456.4376851,41373.9286046903,0.0200418231072668,5.62946907124515,227203.254587321
"13125041015","13125",4153,210410,818,0.34338151239067,280.886077135568,274,0.332518337408313,0.311735941320293,0.226161369193154,11336456.4376851,41373.9286046903,0.0197376550544176,5.54403250009037,223755.066706461
"13125042005","13125",63,210410,818,0.34338151239067,280.886077135568,274,0.332518337408313,0.311735941320293,0.226161369193154,11336456.4376851,41373.9286046903,0.00029941542702343,0.0841016247304824,3394.30994522202
"13125991999","13125",182,210410,818,0.34338151239067,280.886077135568,274,0.332518337408313,0.311735941320293,0.226161369193154,11336456.4376851,41373.9286046903,0.00086497790028991,0.242960249221394,9805.78428619693
"13126011001","13126",3474,110026,461,0.367452699939771,169.395694672234,180,0.27114967462039,0.284164859002169,0.288503253796095,7613417.90972688,42296.7661651493,0.0315743551524185,5.34855982487178,240388.7610055
"13126011002","13126",3404,110026,461,0.367452699939771,169.395694672234,180,0.27114967462039,0.284164859002169,0.288503253796095,7613417.90972688,42296.7661651493,0.0309381418937342,5.24078803795727,235545.003587428
"13126011003","13126",2084,110026,461,0.367452699939771,169.395694672234,180,0.27114967462039,0.284164859002169,0.288503253796095,7613417.90972688,42296.7661651493,0.0189409775871158,3.2085200561407,144205.577989483
"13126021001","13126",4199,110026,461,0.367452699939771,169.395694672234,180,0.27114967462039,0.284164859002169,0.288503253796095,7613417.90972688,42296.7661651493,0.0381637067602203,6.46476761791497,290556.248549826
"13126021002","13126",3154,110026,461,0.367452699939771,169.395694672234,180,0.27114967462039,0.284164859002169,0.288503253796095,7613417.90972688,42296.7661651493,0.0286659516841474,4.85588879897685,218245.869951453
"13126021003","13126",2915,110026,461,0.367452699939771,169.395694672234,180,0.27114967462039,0.284164859002169,0.288503253796095,7613417.90972688,42296.7661651493,0.0264937378437824,4.48792512651158,201707.898195462
"13126021004","13126",2809,110026,461,0.367452699939771,169.395694672234,180,0.27114967462039,0.284164859002169,0.288503253796095,7613417.90972688,42296.7661651493,0.0255303291949176,4.32472784918389,194373.065533808
"13126021005","13126",2553,110026,461,0.367452699939771,169.395694672234,180,0.27114967462039,0.284164859002169,0.288503253796095,7613417.90972688,42296.7661651493,0.0232036064203007,3.93059102846795,176658.752690571
"13126021006","13126",127,110026,461,0.367452699939771,169.395694672234,180,0.27114967462039,0.284164859002169,0.288503253796095,7613417.90972688,42296.7661651493,0.00115427262647011,0.195528813402048,8787.959887075
"13126031001","13126",5396,110026,461,0.367452699939771,169.395694672234,180,0.27114967462039,0.284164859002169,0.288503253796095,7613417.90972688,42296.7661651493,0.049042953483722,8.30766517415317,373384.500398872
"13126031002","13126",4647,110026,461,0.367452699939771,169.395694672234,180,0.27114967462039,0.284164859002169,0.288503253796095,7613417.90972688,42296.7661651493,0.0422354716157999,7.15450705416786,321556.296025492
"13126031003","13126",4508,110026,461,0.367452699939771,169.395694672234,180,0.27114967462039,0.284164859002169,0.288503253796095,7613417.90972688,42296.7661651493,0.0409721338592696,6.94050307729476,311937.977723891
"13126041001","13126",4146,110026,461,0.367452699939771,169.395694672234,180,0.27114967462039,0.284164859002169,0.288503253796095,7613417.90972688,42296.7661651493,0.0376820024357879,6.38316897925112,286888.832219
"13126041002","13126",2166,110026,461,0.367452699939771,169.395694672234,180,0.27114967462039,0.284164859002169,0.288503253796095,7613417.90972688,42296.7661651493,0.0196862559758602,3.33476700652627,149879.693822082
"13126051001","13126",5742,110026,461,0.367452699939771,169.395694672234,180,0.27114967462039,0.284164859002169,0.288503253796095,7613417.90972688,42296.7661651493,0.0521876647337902,8.84036572090206,397326.50135106
"13126051002","13126",5460,110026,461,0.367452699939771,169.395694672234,180,0.27114967462039,0.284164859002169,0.288503253796095,7613417.90972688,42296.7661651493,0.0496246341773763,8.40619937933216,377813.078609681
"13126061001","13126",4535,110026,461,0.367452699939771,169.395694672234,180,0.27114967462039,0.284164859002169,0.288503253796095,7613417.90972688,42296.7661651493,0.041217530401905,6.98207219510464,313806.284156576
"13126061002","13126",4638,110026,461,0.367452699939771,169.395694672234,180,0.27114967462039,0.284164859002169,0.288503253796095,7613417.90972688,42296.7661651493,0.0421536727682548,7.14065068156457,320933.527214597
"13126061003","13126",2457,110026,461,0.367452699939771,169.395694672234,180,0.27114967462039,0.284164859002169,0.288503253796095,7613417.90972688,42296.7661651493,0.0223310853798193,3.78278972069947,170015.885374357
"13126061004","13126",3575,110026,461,0.367452699939771,169.395694672234,180,0.27114967462039,0.284164859002169,0.288503253796095,7613417.90972688,42296.7661651493,0.0324923199970916,5.50405911741987,247377.610994434
"13126071001","13126",4914,110026,461,0.367452699939771,169.395694672234,180,0.27114967462039,0.284164859002169,0.288503253796095,7613417.90972688,42296.7661651493,0.0446621707596386,7.56557944139894,340031.770748713
"13126071002","13126",3743,110026,461,0.367452699939771,169.395694672234,180,0.27114967462039,0.284164859002169,0.288503253796095,7613417.90972688,42296.7661651493,0.0340192318179339,5.7627114060147,259002.628797809
"13126081001","13126",5822,110026,461,0.367452699939771,169.395694672234,180,0.27114967462039,0.284164859002169,0.288503253796095,7613417.90972688,42296.7661651493,0.052914765600858,8.96353347737579,402862.224114572
"13126081002","13126",4997,110026,461,0.367452699939771,169.395694672234,180,0.27114967462039,0.284164859002169,0.288503253796095,7613417.90972688,42296.7661651493,0.0454165379092215,7.69336598874044,345775.083115857
"13126081003","13126",5206,110026,461,0.367452699939771,169.395694672234,180,0.27114967462039,0.284164859002169,0.288503253796095,7613417.90972688,42296.7661651493,0.047316088924436,8.01514175252806,360237.158835531
"13126091001","13126",2725,110026,461,0.367452699939771,169.395694672234,180,0.27114967462039,0.284164859002169,0.288503253796095,7613417.90972688,42296.7661651493,0.0247668732844964,4.19540170488647,188560.556632121
"13126091002","13126",4283,110026,461,0.367452699939771,169.395694672234,180,0.27114967462039,0.284164859002169,0.288503253796095,7613417.90972688,42296.7661651493,0.0389271626706415,6.59409376221239,296368.757451514
"13126091003","13126",2143,110026,461,0.367452699939771,169.395694672234,180,0.27114967462039,0.284164859002169,0.288503253796095,7613417.90972688,42296.7661651493,0.0194772144765783,3.29935627654008,148288.173527573
"13126091004","13126",3962,110026,461,0.367452699939771,169.395694672234,180,0.27114967462039,0.284164859002169,0.288503253796095,7613417.90972688,42296.7661651493,0.036009670441532,6.09988313936154,274156.669862922
"13126991999","13126",242,110026,461,0.367452699939771,169.395694672234,180,0.27114967462039,0.284164859002169,0.288503253796095,7613417.90972688,42296.7661651493,0.00219948012288005,0.372582463333037,16745.5613596232
"13127011001","13127",3238,157851,717,0.343175755552565,246.057016731189,223,0.251046025104602,0.302649930264993,0.213389121338912,9920421.59541371,44486.1954951288,0.0205130154386098,5.04737138298516,203497.76134424
"13127011002","13127",4011,157851,717,0.343175755552565,246.057016731189,223,0.251046025104602,0.302649930264993,0.213389121338912,9920421.59541371,44486.1954951288,0.0254100385806868,6.25231828818823,252078.295476141
"13127021001","13127",5169,157851,717,0.343175755552565,246.057016731189,223,0.251046025104602,0.302649930264993,0.213389121338912,9920421.59541371,44486.1954951288,0.0327460706615733,8.05740045665544,324854.826556015
"13127021002","13127",5758,157851,717,0.343175755552565,246.057016731189,223,0.251046025104602,0.302649930264993,0.213389121338912,9920421.59541371,44486.1954951288,0.036477437583544,8.97552946980499,361871.559549146
"13127021003","13127",3756,157851,717,0.343175755552565,246.057016731189,223,0.251046025104602,0.302649930264993,0.213389121338912,9920421.59541371,44486.1954951288,0.0237945911017352,5.85482610083146,236052.375419693
"13127021004","13127",3193,157851,717,0.343175755552565,246.057016731189,223,0.251046025104602,0.302649930264993,0.213389121338912,9920421.59541371,44486.1954951288,0.020227936471736,4.97722570286338,200669.657804867
"13127031001","13127",2875,157851,717,0.343175755552565,246.057016731189,223,0.251046025104602,0.302649930264993,0.213389121338912,9920421.59541371,44486.1954951288,0.018213378439161,4.48152956333612,180684.392793295
"13127031002","13127",1163,157851,717,0.343175755552565,246.057016731189,223,0.251046025104602,0.302649930264993,0.213389121338912,9920421.59541371,44486.1954951288,0.00736770752165016,1.81287613292518,73090.7648064703
"13127041001","13127",4520,157851,717,0.343175755552565,246.057016731189,223,0.251046025104602,0.302649930264993,0.213389121338912,9920421.59541371,44486.1954951288,0.0286345984504374,7.04574387001017,284067.28884372
"13127041002","13127",5003,157851,717,0.343175755552565,246.057016731189,223,0.251046025104602,0.302649930264993,0.213389121338912,9920421.59541371,44486.1954951288,0.0316944460282165,7.79864083665064,314422.266832993
"13127041003","13127",3915,157851,717,0.343175755552565,246.057016731189,223,0.251046025104602,0.302649930264993,0.213389121338912,9920421.59541371,44486.1954951288,0.0248018701180227,6.10267417059509,246045.007925478
"13127041004","13127",2659,157851,717,0.343175755552565,246.057016731189,223,0.251046025104602,0.302649930264993,0.213389121338912,9920421.59541371,44486.1954951288,0.0168449993981666,4.14483029875156,167109.495804303
"13127051001","13127",3862,157851,717,0.343175755552565,246.057016731189,223,0.251046025104602,0.302649930264993,0.213389121338912,9920421.59541371,44486.1954951288,0.0244661104459269,6.02005814734055,242714.13042355
"13127051002","13127",4277,157851,717,0.343175755552565,246.057016731189,223,0.251046025104602,0.302649930264993,0.213389121338912,9920421.59541371,44486.1954951288,0.0270951720293188,6.66695719735254,268795.529731104
"13127051003","13127",3648,157851,717,0.343175755552565,246.057016731189,223,0.251046025104602,0.302649930264993,0.213389121338912,9920421.59541371,44486.1954951288,0.023110401581238,5.68647646853918,229264.926925197
"13127061001","13127",4946,157851,717,0.343175755552565,246.057016731189,223,0.251046025104602,0.302649930264993,0.213389121338912,9920421.59541371,44486.1954951288,0.0313333460035096,7.70978964182971,310840.002349787
"13127061002","13127",2839,157851,717,0.343175755552565,246.057016731189,223,0.251046025104602,0.302649930264993,0.213389121338912,9920421.59541371,44486.1954951288,0.0179853152656619,4.42541301923869,178421.909961796
"13127061003","13127",2453,157851,717,0.343175755552565,246.057016731189,223,0.251046025104602,0.302649930264993,0.213389121338912,9920421.59541371,44486.1954951288,0.0155399712386998,3.82371896308295,154163.066268505
"13127061004","13127",4421,157851,717,0.343175755552565,246.057016731189,223,0.251046025104602,0.302649930264993,0.213389121338912,9920421.59541371,44486.1954951288,0.028007424723315,6.89142337374225,277845.461057098
"13127061005","13127",2850,157851,717,0.343175755552565,246.057016731189,223,0.251046025104602,0.302649930264993,0.213389121338912,9920421.59541371,44486.1954951288,0.0180550012353422,4.44255974104624,179113.22416031
"13127061006","13127",4599,157851,717,0.343175755552565,246.057016731189,223,0.251046025104602,0.302649930264993,0.213389121338912,9920421.59541371,44486.1954951288,0.0291350704145048,7.16888850844619,289032.181723953
"13127061007","13127",2000,157851,717,0.343175755552565,246.057016731189,223,0.251046025104602,0.302649930264993,0.213389121338912,9920421.59541371,44486.1954951288,0.0126701763055033,3.11758578319034,125693.490638814
"13127071001","13127",2595,157851,717,0.343175755552565,246.057016731189,223,0.251046025104602,0.302649930264993,0.213389121338912,9920421.59541371,44486.1954951288,0.0164395537563905,4.04506755368947,163087.304103861
"13127071002","13127",3092,157851,717,0.343175755552565,246.057016731189,223,0.251046025104602,0.302649930264993,0.213389121338912,9920421.59541371,44486.1954951288,0.0195880925683081,4.81978762081227,194322.136527606
"13127071003","13127",3260,157851,717,0.343175755552565,246.057016731189,223,0.251046025104602,0.302649930264993,0.213389121338912,9920421.59541371,44486.1954951288,0.0206523873779704,5.08166482660026,204880.389741267
"13127071004","13127",2024,157851,717,0.343175755552565,246.057016731189,223,0.251046025104602,0.302649930264993,0.213389121338912,9920421.59541371,44486.1954951288,0.0128222184211693,3.15499681258862,127201.81252648
"13127081001","13127",2817,157851,717,0.343175755552565,246.057016731189,223,0.251046025104602,0.302649930264993,0.213389121338912,9920421.59541371,44486.1954951288,0.0178459433263014,4.39111957562359,177039.28156477
"13127081002","13127",2241,157851,717,0.343175755552565,246.057016731189,223,0.251046025104602,0.302649930264993,0.213389121338912,9920421.59541371,44486.1954951288,0.0141969325503164,3.49325487006478,140839.556260791
"13127081003","13127",2692,157851,717,0.343175755552565,246.057016731189,223,0.251046025104602,0.302649930264993,0.213389121338912,9920421.59541371,44486.1954951288,0.0170540573072074,4.1962704641742,169183.438399844
"13127091001","13127",4352,157851,717,0.343175755552565,246.057016731189,223,0.251046025104602,0.302649930264993,0.213389121338912,9920421.59541371,44486.1954951288,0.0275703036407752,6.78386666422218,273509.035630059
"13127091002","13127",4878,157851,717,0.343175755552565,246.057016731189,223,0.251046025104602,0.302649930264993,0.213389121338912,9920421.59541371,44486.1954951288,0.0309025600091225,7.60379172520124,306566.423668067
"13127091003","13127",2475,157851,717,0.343175755552565,246.057016731189,223,0.251046025104602,0.302649930264993,0.213389121338912,9920421.59541371,44486.1954951288,0.0156793431780603,3.85801240669805,155545.694665532
"13127101001","13127",2319,157851,717,0.343175755552565,246.057016731189,223,0.251046025104602,0.302649930264993,0.213389121338912,9920421.59541371,44486.1954951288,0.0146910694262311,3.6148407156092,145741.602395705
"13127101002","13127",2083,157851,717,0.343175755552565,246.057016731189,223,0.251046025104602,0.302649930264993,0.213389121338912,9920421.59541371,44486.1954951288,0.0131959886221817,3.24696559319274,130909.770500325
"13127111001","13127",4774,157851,717,0.343175755552565,246.057016731189,223,0.251046025104602,0.302649930264993,0.213389121338912,9920421.59541371,44486.1954951288,0.0302437108412364,7.44167726447534,300030.362154849
"13127111002","13127",4290,157851,717,0.343175755552565,246.057016731189,223,0.251046025104602,0.302649930264993,0.213389121338912,9920421.59541371,44486.1954951288,0.0271775281753046,6.68722150494328,269612.537420256
"13127111003","13127",2598,157851,717,0.343175755552565,246.057016731189,223,0.251046025104602,0.302649930264993,0.213389121338912,9920421.59541371,44486.1954951288,0.0164585590208488,4.04974393236425,163275.844339819
"13127111004","13127",4248,157851,717,0.343175755552565,246.057016731189,223,0.251046025104602,0.302649930264993,0.213389121338912,9920421.59541371,44486.1954951288,0.026911454472889,6.62175220349628,266972.974116841
"13127111005","13127",4993,157851,717,0.343175755552565,246.057016731189,223,0.251046025104602,0.302649930264993,0.213389121338912,9920421.59541371,44486.1954951288,0.031631095146689,7.78305290773469,313793.799379799
"13127121001","13127",2701,157851,717,0.343175755552565,246.057016731189,223,0.251046025104602,0.302649930264993,0.213389121338912,9920421.59541371,44486.1954951288,0.0171110731005822,4.21029960019856,169749.059107718
"13127121002","13127",3402,157851,717,0.343175755552565,246.057016731189,223,0.251046025104602,0.302649930264993,0.213389121338912,9920421.59541371,44486.1954951288,0.0215519698956611,5.30301341720677,213804.627576623
"13127121003","13127",4217,157851,717,0.343175755552565,246.057016731189,223,0.251046025104602,0.302649930264993,0.213389121338912,9920421.59541371,44486.1954951288,0.0267150667401537,6.57342962385683,265024.725011939
"13127131001","13127",3028,157851,717,0.343175755552565,246.057016731189,223,0.251046025104602,0.302649930264993,0.213389121338912,9920421.59541371,44486.1954951288,0.019182646926532,4.72002487575018,190299.944827164
"13127131002","13127",2745,157851,717,0.343175755552565,246.057016731189,223,0.251046025104602,0.302649930264993,0.213389121338912,9920421.59541371,44486.1954951288,0.0173898169793033,4.27888648742874,172514.315901772
"13127131003","13127",4590,157851,717,0.343175755552565,246.057016731189,223,0.251046025104602,0.302649930264993,0.213389121338912,9920421.59541371,44486.1954951288,0.0290780546211301,7.15485937242183,288466.561016078
"13127991999","13127",282,157851,717,0.343175755552565,246.057016731189,223,0.251046025104602,0.302649930264993,0.213389121338912,9920421.59541371,44486.1954951288,0.00178649485907596,0.439579595429838,17722.7821800728
"13128011001","13128",3768,147151,491,0.306179861587608,150.334312039516,107,0.297352342158859,0.260692464358452,0.14867617107943,3901369.14067989,36461.3938381299,0.0256063499398577,3.8495130020516,99899.8234608113
"13128011002","13128",3280,147151,491,0.306179861587608,150.334312039516,107,0.297352342158859,0.260692464358452,0.14867617107943,3901369.14067989,36461.3938381299,0.0222900286100672,3.35095611643558,86961.6297641882
"13128011003","13128",3656,147151,491,0.306179861587608,150.334312039516,107,0.297352342158859,0.260692464358452,0.14867617107943,3901369.14067989,36461.3938381299,0.0248452270117091,3.73509011027087,96930.4019566683
"13128021001","13128",2838,147151,491,0.306179861587608,150.334312039516,107,0.297352342158859,0.260692464358452,0.14867617107943,3901369.14067989,36461.3938381299,0.0192863113400521,2.89939434708664,75243.0198996238
"13128021002","13128",2867,147151,491,0.306179861587608,150.334312039516,107,0.297352342158859,0.260692464358452,0.14867617107943,3901369.14067989,36461.3938381299,0.0194833878125191,2.92902170299415,76011.8879676608
"13128021003","13128",2865,147151,491,0.306179861587608,150.334312039516,107,0.297352342158859,0.260692464358452,0.14867617107943,3901369.14067989,36461.3938381299,0.0194697963316593,2.92697843706949,75958.8625836583
"13128021004","13128",4241,147151,491,0.306179861587608,150.334312039516,107,0.297352342158859,0.260692464358452,0.14867617107943,3901369.14067989,36461.3938381299,0.0288207351631997,4.33274539323271,112440.326777415
"13128021005","13128",163,147151,491,0.306179861587608,150.334312039516,107,0.297352342158859,0.260692464358452,0.14867617107943,3901369.14067989,36461.3938381299,0.00110770569007346,0.166526172859451,4321.56879620813
"13128021006","13128",4839,147151,491,0.306179861587608,150.334312039516,107,0.297352342158859,0.260692464358452,0.14867617107943,3901369.14067989,36461.3938381299,0.032884587940279,4.9436819047048,128294.916594179
"13128031001","13128",1486,147151,491,0.306179861587608,150.334312039516,107,0.297352342158859,0.260692464358452,0.14867617107943,3901369.14067989,36461.3938381299,0.0100984702788292,1.51814658201929,39397.8603138975
"13128031002","13128",3697,147151,491,0.306179861587608,150.334312039516,107,0.297352342158859,0.260692464358452,0.14867617107943,3901369.14067989,36461.3938381299,0.0251238523693349,3.77697706172632,98017.4223287206
"13128031003","13128",2498,147151,491,0.306179861587608,150.334312039516,107,0.297352342158859,0.260692464358452,0.14867617107943,3901369.14067989,36461.3938381299,0.0169757595938866,2.55203913989514,66228.7046191897
"13128041001","13128",1185,147151,491,0.306179861587608,150.334312039516,107,0.297352342158859,0.260692464358452,0.14867617107943,3901369.14067989,36461.3938381299,0.00805295240942977,1.21063506035858,31417.5400215131
"13128041002","13128",3345,147151,491,0.306179861587608,150.334312039516,107,0.297352342158859,0.260692464358452,0.14867617107943,3901369.14067989,36461.3938381299,0.0227317517380106,3.41736225898689,88684.9547442712
"13128041003","13128",1422,147151,491,0.306179861587608,150.334312039516,107,0.297352342158859,0.260692464358452,0.14867617107943,3901369.14067989,36461.3938381299,0.00966354289131572,1.4527620724303,37701.0480258157
"13128051001","13128",3820,147151,491,0.306179861587608,150.334312039516,107,0.297352342158859,0.260692464358452,0.14867617107943,3901369.14067989,36461.3938381299,0.0259597284422124,3.90263791609265,101278.483444878
"13128051002","13128",3761,147151,491,0.306179861587608,150.334312039516,107,0.297352342158859,0.260692464358452,0.14867617107943,3901369.14067989,36461.3938381299,0.0255587797568484,3.84236157131531,99714.2346168024
"13128061001","13128",2261,147151,491,0.306179861587608,150.334312039516,107,0.297352342158859,0.260692464358452,0.14867617107943,3901369.14067989,36461.3938381299,0.0153651691120006,2.30991212782343,59945.196614887
"13128061002","13128",5608,147151,491,0.306179861587608,150.334312039516,107,0.297352342158859,0.260692464358452,0.14867617107943,3901369.14067989,36461.3938381299,0.038110512330871,5.72931765273497,148683.176743161
"13128061003","13128",2882,147151,491,0.306179861587608,150.334312039516,107,0.297352342158859,0.260692464358452,0.14867617107943,3901369.14067989,36461.3938381299,0.0195853239189676,2.94434619742906,76409.57834768
"13128061004","13128",2524,147151,491,0.306179861587608,150.334312039516,107,0.297352342158859,0.260692464358452,0.14867617107943,3901369.14067989,36461.3938381299,0.0171524488450639,2.57860159691567,66918.0346112229
"13128061005","13128",2527,147151,491,0.306179861587608,150.334312039516,107,0.297352342158859,0.260692464358452,0.14867617107943,3901369.14067989,36461.3938381299,0.0171728360663536,2.58166649580265,66997.5726872267
"13128071001","13128",4894,147151,491,0.306179861587608,150.334312039516,107,0.297352342158859,0.260692464358452,0.14867617107943,3901369.14067989,36461.3938381299,0.0332583536639235,4.99987171763284,129753.114654249
"13128071002","13128",2759,147151,491,0.306179861587608,150.334312039516,107,0.297352342158859,0.260692464358452,0.14867617107943,3901369.14067989,36461.3938381299,0.0187494478460901,2.81868534306273,73148.5172315229
"13128071003","13128",3881,147151,491,0.306179861587608,150.334312039516,107,0.297352342158859,0.260692464358452,0.14867617107943,3901369.14067989,36461.3938381299,0.0263742686084362,3.96495752679466,102895.757656956
"13128071004","13128",6454,147151,491,0.306179861587608,150.334312039516,107,0.297352342158859,0.260692464358452,0.14867617107943,3901369.14067989,36461.3938381299,0.0438597087345652,6.59361913886439,171112.914176241
"13128071005","13128",4122,147151,491,0.306179861587608,150.334312039516,107,0.297352342158859,0.260692464358452,0.14867617107943,3901369.14067989,36461.3938381299,0.0280120420520418,4.21117107071568,109285.316429263
"13128071006","13128",5111,147151,491,0.306179861587608,150.334312039516,107,0.297352342158859,0.260692464358452,0.14867617107943,3901369.14067989,36461.3938381299,0.0347330293372114,5.221566070458,135506.368818526
"13128071007","13128",4930,147151,491,0.306179861587608,150.334312039516,107,0.297352342158859,0.260692464358452,0.14867617107943,3901369.14067989,36461.3938381299,0.0335030003193998,5.03665050427664,130707.571566295
"13128071008","13128",2802,147151,491,0.306179861587608,150.334312039516,107,0.297352342158859,0.260692464358452,0.14867617107943,3901369.14067989,36461.3938381299,0.0190416646845757,2.86261556044283,74288.5629875778
"13128071009","13128",1401,147151,491,0.306179861587608,150.334312039516,107,0.297352342158859,0.260692464358452,0.14867617107943,3901369.14067989,36461.3938381299,0.00952083234228785,1.43130778022142,37144.2814937889
"13128071010","13128",6861,147151,491,0.306179861587608,150.334312039516,107,0.297352342158859,0.260692464358452,0.14867617107943,3901369.14067989,36461.3938381299,0.0466255750895339,7.00942375453186,181903.579820761
"13128081001","13128",2882,147151,491,0.306179861587608,150.334312039516,107,0.297352342158859,0.260692464358452,0.14867617107943,3901369.14067989,36461.3938381299,0.0195853239189676,2.94434619742906,76409.57834768
"13128081002","13128",2895,147151,491,0.306179861587608,150.334312039516,107,0.297352342158859,0.260692464358452,0.14867617107943,3901369.14067989,36461.3938381299,0.0196736685445563,2.95762742593933,76754.2433436966
"13128081003","13128",2263,147151,491,0.306179861587608,150.334312039516,107,0.297352342158859,0.260692464358452,0.14867617107943,3901369.14067989,36461.3938381299,0.0153787605928604,2.31195539374808,59998.2219988896
"13128081004","13128",5633,147151,491,0.306179861587608,150.334312039516,107,0.297352342158859,0.260692464358452,0.14867617107943,3901369.14067989,36461.3938381299,0.0382804058416185,5.75485847679317,149345.994043193
"13128091001","13128",3578,147151,491,0.306179861587608,150.334312039516,107,0.297352342158859,0.260692464358452,0.14867617107943,3901369.14067989,36461.3938381299,0.024315159258177,3.6554027392093,94862.4119805687
"13128091002","13128",3107,147151,491,0.306179861587608,150.334312039516,107,0.297352342158859,0.260692464358452,0.14867617107943,3901369.14067989,36461.3938381299,0.0211143655156948,3.17421361395285,82374.9340479673
"13128091003","13128",3686,147151,491,0.306179861587608,150.334312039516,107,0.297352342158859,0.260692464358452,0.14867617107943,3901369.14067989,36461.3938381299,0.025049099224606,3.76573909914071,97725.7827167066
"13128091004","13128",3789,147151,491,0.306179861587608,150.334312039516,107,0.297352342158859,0.260692464358452,0.14867617107943,3901369.14067989,36461.3938381299,0.0257490604888856,3.87096729426049,100456.589992838
"13128101001","13128",2509,147151,491,0.306179861587608,150.334312039516,107,0.297352342158859,0.260692464358452,0.14867617107943,3901369.14067989,36461.3938381299,0.0170505127386154,2.56327710248075,66520.3442312037
"13128101002","13128",2333,147151,491,0.306179861587608,150.334312039516,107,0.297352342158859,0.260692464358452,0.14867617107943,3901369.14067989,36461.3938381299,0.0158544624229533,2.38346970111104,61854.110438979
"13128101003","13128",3930,147151,491,0.306179861587608,150.334312039516,107,0.297352342158859,0.260692464358452,0.14867617107943,3901369.14067989,36461.3938381299,0.0267072598895013,4.01501754194872,104194.879565018
"13128101004","13128",1634,147151,491,0.306179861587608,150.334312039516,107,0.297352342158859,0.260692464358452,0.14867617107943,3901369.14067989,36461.3938381299,0.0111042398624542,1.66934826044382,43321.7387300864
"13128991999","13128",164,147151,491,0.306179861587608,150.334312039516,107,0.297352342158859,0.260692464358452,0.14867617107943,3901369.14067989,36461.3938381299,0.00111450143050336,0.167547805821779,4348.08148820941
"13129011001","13129",2393,94492,533,0.359172454258464,191.438918119761,194,0.24765478424015,0.273921200750469,0.266416510318949,8068280.78411978,41589.076206803,0.0253248952292258,4.84817054417928,204328.365537809
"13129011002","13129",2969,94492,533,0.359172454258464,191.438918119761,194,0.24765478424015,0.273921200750469,0.266416510318949,8068280.78411978,41589.076206803,0.0314206493671422,6.01513512146606,253510.621513479
"13129011003","13129",4545,94492,533,0.359172454258464,191.438918119761,194,0.24765478424015,0.273921200750469,0.266416510318949,8068280.78411978,41589.076206803,0.0480993099944969,9.2080798676535,388078.73855802
"13129011004","13129",2952,94492,533,0.359172454258464,191.438918119761,194,0.24765478424015,0.273921200750469,0.266416510318949,8068280.78411978,41589.076206803,0.0312407399568217,5.98069345859475,252059.061875308
"13129011005","13129",2232,94492,533,0.359172454258464,191.438918119761,194,0.24765478424015,0.273921200750469,0.266416510318949,8068280.78411978,41589.076206803,0.0236210472844262,4.52198773698627,190581.241905721
"13129021001","13129",2327,94492,533,0.359172454258464,191.438918119761,194,0.24765478424015,0.273921200750469,0.266416510318949,8068280.78411978,41589.076206803,0.0246264234009228,4.71445585303183,198692.898707263
"13129021002","13129",4585,94492,533,0.359172454258464,191.438918119761,194,0.24765478424015,0.273921200750469,0.266416510318949,8068280.78411978,41589.076206803,0.0485226262540744,9.28911907440952,391494.173000775
"13129021003","13129",2220,94492,533,0.359172454258464,191.438918119761,194,0.24765478424015,0.273921200750469,0.266416510318949,8068280.78411978,41589.076206803,0.0234940524065529,4.49767597495946,189556.611572894
"13129021004","13129",4595,94492,533,0.359172454258464,191.438918119761,194,0.24765478424015,0.273921200750469,0.266416510318949,8068280.78411978,41589.076206803,0.0486284553189688,9.30937887609853,392348.031611463
"13129031001","13129",2180,94492,533,0.359172454258464,191.438918119761,194,0.24765478424015,0.273921200750469,0.266416510318949,8068280.78411978,41589.076206803,0.0230707361469754,4.41663676820344,186141.177130139
"13129031002","13129",4515,94492,533,0.359172454258464,191.438918119761,194,0.24765478424015,0.273921200750469,0.266416510318949,8068280.78411978,41589.076206803,0.0477818227998137,9.14730046258648,385517.162725954
"13129031003","13129",4116,94492,533,0.359172454258464,191.438918119761,194,0.24765478424015,0.273921200750469,0.266416510318949,8068280.78411978,41589.076206803,0.0435592431105279,8.33893437519511,351448.204159474
"13129031004","13129",3539,94492,533,0.359172454258464,191.438918119761,194,0.24765478424015,0.273921200750469,0.266416510318949,8068280.78411978,41589.076206803,0.037452906066122,7.16994381773943,302180.562322735
"13129041001","13129",897,94492,533,0.359172454258464,191.438918119761,194,0.24765478424015,0.273921200750469,0.266416510318949,8068280.78411978,41589.076206803,0.00949286712102612,1.81730421150389,76591.1173787775
"13129041002","13129",4488,94492,533,0.359172454258464,191.438918119761,194,0.24765478424015,0.273921200750469,0.266416510318949,8068280.78411978,41589.076206803,0.0474960843245989,9.09259899802616,383211.744477094
"13129041003","13129",2477,94492,533,0.359172454258464,191.438918119761,194,0.24765478424015,0.273921200750469,0.266416510318949,8068280.78411978,41589.076206803,0.0262138593743386,5.01835287836693,211500.777867594
"13129051001","13129",3692,94492,533,0.359172454258464,191.438918119761,194,0.24765478424015,0.273921200750469,0.266416510318949,8068280.78411978,41589.076206803,0.0390720907590061,7.47991878358124,315244.599066273
"13129051002","13129",3756,94492,533,0.359172454258464,191.438918119761,194,0.24765478424015,0.273921200750469,0.266416510318949,8068280.78411978,41589.076206803,0.0397493967743301,7.60958151439088,320709.29417468
"13129051003","13129",4483,94492,533,0.359172454258464,191.438918119761,194,0.24765478424015,0.273921200750469,0.266416510318949,8068280.78411978,41589.076206803,0.0474431697921517,9.08246909718166,382784.81517175
"13129051004","13129",2456,94492,533,0.359172454258464,191.438918119761,194,0.24765478424015,0.273921200750469,0.266416510318949,8068280.78411978,41589.076206803,0.0259916183380604,4.97580729482002,209707.674785148
"13129061001","13129",4938,94492,533,0.359172454258464,191.438918119761,194,0.24765478424015,0.273921200750469,0.266416510318949,8068280.78411978,41589.076206803,0.0522583922448461,10.0042900740315,421635.381958086
"13129061002","13129",4528,94492,533,0.359172454258464,191.438918119761,194,0.24765478424015,0.273921200750469,0.266416510318949,8068280.78411978,41589.076206803,0.0479194005841764,9.17363820478218,386627.178919849
"13129061003","13129",3683,94492,533,0.359172454258464,191.438918119761,194,0.24765478424015,0.273921200750469,0.266416510318949,8068280.78411978,41589.076206803,0.0389768446006011,7.46168496206113,314476.126316653
"13129071001","13129",5048,94492,533,0.359172454258464,191.438918119761,194,0.24765478424015,0.273921200750469,0.266416510318949,8068280.78411978,41589.076206803,0.0534225119586843,10.2271478926105,431027.826675662
"13129071002","13129",2005,94492,533,0.359172454258464,191.438918119761,194,0.24765478424015,0.273921200750469,0.266416510318949,8068280.78411978,41589.076206803,0.0212187275113237,4.06209023864582,171198.651443087
"13129071003","13129",5394,94492,533,0.359172454258464,191.438918119761,194,0.24765478424015,0.273921200750469,0.266416510318949,8068280.78411978,41589.076206803,0.05708419760403,10.9281370310502,460571.334605491
"13129071004","13129",1037,94492,533,0.359172454258464,191.438918119761,194,0.24765478424015,0.273921200750469,0.266416510318949,8068280.78411978,41589.076206803,0.0109744740295475,2.10094143514998,88545.1379284195
"13129071005","13129",2275,94492,533,0.359172454258464,191.438918119761,194,0.24765478424015,0.273921200750469,0.266416510318949,8068280.78411978,41589.076206803,0.024076112263472,4.609104884249,194252.833931682
"13129991999","13129",167,94492,533,0.359172454258464,191.438918119761,194,0.24765478424015,0.273921200750469,0.266416510318949,8068280.78411978,41589.076206803,0.00176734538373619,0.33833868820641,14259.4387985015
"13130011001","13130",4916,107954,475,0.442045650956007,209.971684204103,266,0.237894736842105,0.277894736842105,0.452631578947368,14335749.023454,53893.7933212558,0.0455379142968301,9.56167256004754,652820.110410916
"13130011002","13130",6605,107954,475,0.442045650956007,209.971684204103,266,0.237894736842105,0.277894736842105,0.452631578947368,14335749.023454,53893.7933212558,0.0611834670322545,12.8467956182087,877110.827759174
"13130021001","13130",3714,107954,475,0.442045650956007,209.971684204103,266,0.237894736842105,0.277894736842105,0.452631578947368,14335749.023454,53893.7933212558,0.0344035422494766,7.22376970870964,493200.547206294
"13130021002","13130",5586,107954,475,0.442045650956007,209.971684204103,266,0.237894736842105,0.277894736842105,0.452631578947368,14335749.023454,53893.7933212558,0.0517442614446894,10.8648297234389,741792.745475056
"13130021003","13130",5626,107954,475,0.442045650956007,209.971684204103,266,0.237894736842105,0.277894736842105,0.452631578947368,14335749.023454,53893.7933212558,0.0521147896326213,10.942630151104,747104.544583363
"13130031001","13130",3633,107954,475,0.442045650956007,209.971684204103,266,0.237894736842105,0.277894736842105,0.452631578947368,14335749.023454,53893.7933212558,0.0336532226689145,7.0662238426877,482444.154011973
"13130031002","13130",5408,107954,475,0.442045650956007,209.971684204103,266,0.237894736842105,0.277894736842105,0.452631578947368,14335749.023454,53893.7933212558,0.0500954110083925,10.5186178203289,718155.239443091
"13130031003","13130",3042,107954,475,0.442045650956007,209.971684204103,266,0.237894736842105,0.277894736842105,0.452631578947368,14335749.023454,53893.7933212558,0.0281786686922208,5.91672252393503,403962.322186738
"13130041001","13130",4754,107954,475,0.442045650956007,209.971684204103,266,0.237894736842105,0.277894736842105,0.452631578947368,14335749.023454,53893.7933212558,0.0440372751357059,9.24658082800366,631307.324022273
"13130041002","13130",4959,107954,475,0.442045650956007,209.971684204103,266,0.237894736842105,0.277894736842105,0.452631578947368,14335749.023454,53893.7933212558,0.0459362320988569,9.64530801978758,658530.294452346
"13130041003","13130",5696,107954,475,0.442045650956007,209.971684204103,266,0.237894736842105,0.277894736842105,0.452631578947368,14335749.023454,53893.7933212558,0.0527632139615021,11.0787808995181,756400.1930229
"13130041004","13130",4423,107954,475,0.442045650956007,209.971684204103,266,0.237894736842105,0.277894736842105,0.452631578947368,14335749.023454,53893.7933212558,0.0409711543805695,8.60278228907451,587352.186401034
"13130051001","13130",3692,107954,475,0.442045650956007,209.971684204103,266,0.237894736842105,0.277894736842105,0.452631578947368,14335749.023454,53893.7933212558,0.0341997517461141,7.1809794734938,490279.057696725
"13130051002","13130",4331,107954,475,0.442045650956007,209.971684204103,266,0.237894736842105,0.277894736842105,0.452631578947368,14335749.023454,53893.7933212558,0.0401189395483261,8.42384130544465,575135.048451928
"13130051003","13130",4502,107954,475,0.442045650956007,209.971684204103,266,0.237894736842105,0.277894736842105,0.452631578947368,14335749.023454,53893.7933212558,0.041702947551735,8.75643813371319,597842.98963994
"13130051004","13130",6097,107954,475,0.442045650956007,209.971684204103,266,0.237894736842105,0.277894736842105,0.452631578947368,14335749.023454,53893.7933212558,0.0564777590455194,11.8587301868612,809650.979083677
"13130061001","13130",4059,107954,475,0.442045650956007,209.971684204103,266,0.237894736842105,0.277894736842105,0.452631578947368,14335749.023454,53893.7933212558,0.0375993478703892,7.8947983973216,539014.814515441
"13130061002","13130",4431,107954,475,0.442045650956007,209.971684204103,266,0.237894736842105,0.277894736842105,0.452631578947368,14335749.023454,53893.7933212558,0.0410452600181559,8.61834237460754,588414.546222695
"13130061003","13130",4843,107954,475,0.442045650956007,209.971684204103,266,0.237894736842105,0.277894736842105,0.452631578947368,14335749.023454,53893.7933212558,0.0448617003538544,9.41968677955863,643126.077038256
"13130061004","13130",3050,107954,475,0.442045650956007,209.971684204103,266,0.237894736842105,0.277894736842105,0.452631578947368,14335749.023454,53893.7933212558,0.0282527743298071,5.93228260946806,405024.6820084
"13130071001","13130",3174,107954,475,0.442045650956007,209.971684204103,266,0.237894736842105,0.277894736842105,0.452631578947368,14335749.023454,53893.7933212558,0.029401411712396,6.17346393523004,421491.259244151
"13130071002","13130",5636,107954,475,0.442045650956007,209.971684204103,266,0.237894736842105,0.277894736842105,0.452631578947368,14335749.023454,53893.7933212558,0.0522074216796043,10.9620802580203,748432.49436044
"13130071003","13130",2757,107954,475,0.442045650956007,209.971684204103,266,0.237894736842105,0.277894736842105,0.452631578947368,14335749.023454,53893.7933212558,0.025538655353206,5.3623944768208,366115.753540052
"13130071004","13130",2894,107954,475,0.442045650956007,209.971684204103,266,0.237894736842105,0.277894736842105,0.452631578947368,14335749.023454,53893.7933212558,0.0268077143968727,5.62886094157396,384308.665486003
"13130991999","13130",126,107954,475,0.442045650956007,209.971684204103,266,0.237894736842105,0.277894736842105,0.452631578947368,14335749.023454,53893.7933212558,0.00116716379198548,0.245071347145238,16732.1671911667
"13131011001","13131",2268,82900,343,0.328385636103034,112.636273183341,93,0.247813411078717,0.349854227405248,0.154518950437318,3443696.09999912,37028.9903225712,0.0273582629674306,3.08153278142119,94213.5434836913
"13131011002","13131",3986,82900,343,0.328385636103034,112.636273183341,93,0.247813411078717,0.349854227405248,0.154518950437318,3443696.09999912,37028.9903225712,0.0480820265379976,5.41578027634254,165579.887268957
"13131011003","13131",3661,82900,343,0.328385636103034,112.636273183341,93,0.247813411078717,0.349854227405248,0.154518950437318,3443696.09999912,37028.9903225712,0.04416164053076,4.97420260704717,152079.269265341
"13131011004","13131",3727,82900,343,0.328385636103034,112.636273183341,93,0.247813411078717,0.349854227405248,0.154518950437318,3443696.09999912,37028.9903225712,0.0449577804583836,5.06387684142716,154820.933229152
"13131021001","13131",938,82900,343,0.328385636103034,112.636273183341,93,0.247813411078717,0.349854227405248,0.154518950437318,3443696.09999912,37028.9903225712,0.0113148371531966,1.27446108861247,38964.8605765884
"13131021002","13131",3622,82900,343,0.328385636103034,112.636273183341,93,0.247813411078717,0.349854227405248,0.154518950437318,3443696.09999912,37028.9903225712,0.0436911942098914,4.92121328673173,150459.195104907
"13131031001","13131",2322,82900,343,0.328385636103034,112.636273183341,93,0.247813411078717,0.349854227405248,0.154518950437318,3443696.09999912,37028.9903225712,0.0280096501809409,3.15490260955027,96456.7230904459
"13131031002","13131",4624,82900,343,0.328385636103034,112.636273183341,93,0.247813411078717,0.349854227405248,0.154518950437318,3443696.09999912,37028.9903225712,0.0557780458383595,6.28263120868236,192082.638919131
"13131031003","13131",3366,82900,343,0.328385636103034,112.636273183341,93,0.247813411078717,0.349854227405248,0.154518950437318,3443696.09999912,37028.9903225712,0.0406031363088058,4.57338595337907,139824.862154367
"13131041001","13131",4949,82900,343,0.328385636103034,112.636273183341,93,0.247813411078717,0.349854227405248,0.154518950437318,3443696.09999912,37028.9903225712,0.0596984318455971,6.72420887797773,205583.256922746
"13131041002","13131",5051,82900,343,0.328385636103034,112.636273183341,93,0.247813411078717,0.349854227405248,0.154518950437318,3443696.09999912,37028.9903225712,0.0609288299155609,6.86279633111043,209820.373957727
"13131041003","13131",4205,82900,343,0.328385636103034,112.636273183341,93,0.247813411078717,0.349854227405248,0.154518950437318,3443696.09999912,37028.9903225712,0.0507237635705669,5.71333569042157,174677.226785239
"13131051001","13131",4090,82900,343,0.328385636103034,112.636273183341,93,0.247813411078717,0.349854227405248,0.154518950437318,3443696.09999912,37028.9903225712,0.0493365500603136,5.55708513051705,169900.085030114
"13131051002","13131",4883,82900,343,0.328385636103034,112.636273183341,93,0.247813411078717,0.349854227405248,0.154518950437318,3443696.09999912,37028.9903225712,0.0589022919179735,6.63453464359775,202841.592958935
"13131051003","13131",4753,82900,343,0.328385636103034,112.636273183341,93,0.247813411078717,0.349854227405248,0.154518950437318,3443696.09999912,37028.9903225712,0.0573341375150784,6.4579035758796,197441.345757489
"13131051004","13131",4721,82900,343,0.328385636103034,112.636273183341,93,0.247813411078717,0.349854227405248,0.154518950437318,3443696.09999912,37028.9903225712,0.0569481302774427,6.41442515921052,196112.054138671
"13131061001","13131",3827,82900,343,0.328385636103034,112.636273183341,93,0.247813411078717,0.349854227405248,0.154518950437318,3443696.09999912,37028.9903225712,0.0461640530759952,5.19974689351804,158974.969537957
"13131061002","13131",3408,82900,343,0.328385636103034,112.636273183341,93,0.247813411078717,0.349854227405248,0.154518950437318,3443696.09999912,37028.9903225712,0.0411097708082027,4.63045137525724,141569.557404065
"13131071001","13131",4083,82900,343,0.328385636103034,112.636273183341,93,0.247813411078717,0.349854227405248,0.154518950437318,3443696.09999912,37028.9903225712,0.0492521109770808,5.54757422687069,169609.302488497
"13131071002","13131",3173,82900,343,0.328385636103034,112.636273183341,93,0.247813411078717,0.349854227405248,0.154518950437318,3443696.09999912,37028.9903225712,0.0382750301568154,4.31115675284367,131807.572078374
"13131071003","13131",4033,82900,343,0.328385636103034,112.636273183341,93,0.247813411078717,0.349854227405248,0.154518950437318,3443696.09999912,37028.9903225712,0.048648974668275,5.47963920082525,167532.284334095
"13131071004","13131",2912,82900,343,0.328385636103034,112.636273183341,93,0.247813411078717,0.349854227405248,0.154518950437318,3443696.09999912,37028.9903225712,0.0351266586248492,3.95653591688647,120965.537312394
"13131991999","13131",298,82900,343,0.328385636103034,112.636273183341,93,0.247813411078717,0.349854227405248,0.154518950437318,3443696.09999912,37028.9903225712,0.00359469240048251,0.404892755230827,12379.0282002381
"13132011001","13132",2673,85384,540,0.621885108499663,335.817958589818,475,0.205555555555556,0.264814814814815,0.772222222222222,44445488.1761086,93569.4487918075,0.031305631031575,10.5129931053896,1391394.05385948
"13132011002","13132",2441,85384,540,0.621885108499663,335.817958589818,475,0.205555555555556,0.264814814814815,0.772222222222222,44445488.1761086,93569.4487918075,0.0285884943314907,9.60052980555778,1270629.58678302
"13132011003","13132",3373,85384,540,0.621885108499663,335.817958589818,475,0.205555555555556,0.264814814814815,0.772222222222222,44445488.1761086,93569.4487918075,0.0395038883163122,13.2661151307441,1755769.60107297
"13132011004","13132",1871,85384,540,0.621885108499663,335.817958589818,475,0.205555555555556,0.264814814814815,0.772222222222222,44445488.1761086,93569.4487918075,0.0219127705424904,7.35870187062622,973923.784052037
"13132011005","13132",2708,85384,540,0.621885108499663,335.817958589818,475,0.205555555555556,0.264814814814815,0.772222222222222,44445488.1761086,93569.4487918075,0.0317155438958119,10.6506492066573,1409612.83122016
"13132011006","13132",2090,85384,540,0.621885108499663,335.817958589818,475,0.205555555555556,0.264814814814815,0.772222222222222,44445488.1761086,93569.4487918075,0.024477653893001,8.22003576141572,1087921.27668026
"13132021001","13132",2281,85384,540,0.621885108499663,335.817958589818,475,0.205555555555556,0.264814814814815,0.772222222222222,44445488.1761086,93569.4487918075,0.0267146069521222,8.97124477119103,1187343.74741993
"13132021002","13132",3344,85384,540,0.621885108499663,335.817958589818,475,0.205555555555556,0.264814814814815,0.772222222222222,44445488.1761086,93569.4487918075,0.0391642462288017,13.1520572182651,1740674.04268841
"13132021003","13132",4013,85384,540,0.621885108499663,335.817958589818,475,0.205555555555556,0.264814814814815,0.772222222222222,44445488.1761086,93569.4487918075,0.0469994378337862,15.7832552682111,2088912.95852529
"13132021004","13132",3068,85384,540,0.621885108499663,335.817958589818,475,0.205555555555556,0.264814814814815,0.772222222222222,44445488.1761086,93569.4487918075,0.035931790499391,12.0665405339825,1597005.96978709
"13132021005","13132",4191,85384,540,0.621885108499663,335.817958589818,475,0.205555555555556,0.264814814814815,0.772222222222222,44445488.1761086,93569.4487918075,0.0490841375433336,16.4833348689441,2181568.45481672
"13132021006","13132",4388,85384,540,0.621885108499663,335.817958589818,475,0.205555555555556,0.264814814814815,0.772222222222222,44445488.1761086,93569.4487918075,0.0513913613791811,17.2581420675082,2284114.14453252
"13132021007","13132",3156,85384,540,0.621885108499663,335.817958589818,475,0.205555555555556,0.264814814814815,0.772222222222222,44445488.1761086,93569.4487918075,0.0369624285580437,12.4126473028842,1642813.18143679
"13132031001","13132",5187,85384,540,0.621885108499663,335.817958589818,475,0.205555555555556,0.264814814814815,0.772222222222222,44445488.1761086,93569.4487918075,0.0607490864799026,20.4006342078772,2700022.80485191
"13132031002","13132",5650,85384,540,0.621885108499663,335.817958589818,475,0.205555555555556,0.264814814814815,0.772222222222222,44445488.1761086,93569.4487918075,0.0661716480839502,22.221627776076,2941031.20250882
"13132041001","13132",3520,85384,540,0.621885108499663,335.817958589818,475,0.205555555555556,0.264814814814815,0.772222222222222,44445488.1761086,93569.4487918075,0.041225522346107,13.8442707560686,1832288.4659878
"13132041002","13132",3131,85384,540,0.621885108499663,335.817958589818,475,0.205555555555556,0.264814814814815,0.772222222222222,44445488.1761086,93569.4487918075,0.0366696336550173,12.3143215162644,1629799.76903631
"13132041003","13132",2052,85384,540,0.621885108499663,335.817958589818,475,0.205555555555556,0.264814814814815,0.772222222222222,44445488.1761086,93569.4487918075,0.024032605640401,8.07058056575361,1068140.88983152
"13132041004","13132",3924,85384,540,0.621885108499663,335.817958589818,475,0.205555555555556,0.264814814814815,0.772222222222222,44445488.1761086,93569.4487918075,0.0459570879790125,15.4332154678446,2042585.21037958
"13132041005","13132",3257,85384,540,0.621885108499663,335.817958589818,475,0.205555555555556,0.264814814814815,0.772222222222222,44445488.1761086,93569.4487918075,0.03814531996627,12.8098834808282,1695387.36753473
"13132041006","13132",2726,85384,540,0.621885108499663,335.817958589818,475,0.205555555555556,0.264814814814815,0.772222222222222,44445488.1761086,93569.4487918075,0.0319263562259908,10.7214437730236,1418982.48814851
"13132041007","13132",4000,85384,540,0.621885108499663,335.817958589818,475,0.205555555555556,0.264814814814815,0.772222222222222,44445488.1761086,93569.4487918075,0.0468471844842125,15.7321258591688,2082145.98407704
"13132041008","13132",3448,85384,540,0.621885108499663,335.817958589818,475,0.205555555555556,0.264814814814815,0.772222222222222,44445488.1761086,93569.4487918075,0.0403822730253912,13.5610924906035,1794809.83827441
"13132051001","13132",3030,85384,540,0.621885108499663,335.817958589818,475,0.205555555555556,0.264814814814815,0.772222222222222,44445488.1761086,93569.4487918075,0.035486742246791,11.9170853383204,1577225.58293836
"13132051002","13132",3011,85384,540,0.621885108499663,335.817958589818,475,0.205555555555556,0.264814814814815,0.772222222222222,44445488.1761086,93569.4487918075,0.035264218120491,11.8423577404893,1567335.38951399
"13132051003","13132",2767,85384,540,0.621885108499663,335.817958589818,475,0.205555555555556,0.264814814814815,0.772222222222222,44445488.1761086,93569.4487918075,0.032406539866954,10.88269806308,1440324.4844853
"13132991999","13132",84,85384,540,0.621885108499663,335.817958589818,475,0.205555555555556,0.264814814814815,0.772222222222222,44445488.1761086,93569.4487918075,0.000983790874168462,0.330374643042545,43725.0656656179
"13201011001","13201",3225,568106,2283,0.355083752462818,810.656206872613,834,0.283837056504599,0.305738063950942,0.249233464739378,34331370.4793831,41164.7128050157,0.00567675750652167,4.60189870757249,194890.865078014
"13201011002","13201",5019,568106,2283,0.355083752462818,810.656206872613,834,0.283837056504599,0.305738063950942,0.249233464739378,34331370.4793831,41164.7128050157,0.00883461889154489,7.16183863978491,303304.574209784
"13201011003","13201",2355,568106,2283,0.355083752462818,810.656206872613,834,0.283837056504599,0.305738063950942,0.249233464739378,34331370.4793831,41164.7128050157,0.00414535315592513,3.36045626552968,142315.654963945
"13201011004","13201",2010,568106,2283,0.355083752462818,810.656206872613,834,0.283837056504599,0.305738063950942,0.249233464739378,34331370.4793831,41164.7128050157,0.00353807212034374,2.8681601247196,121466.864746297
"13201011005","13201",1801,568106,2283,0.355083752462818,810.656206872613,834,0.283837056504599,0.305738063950942,0.249233464739378,34331370.4793831,41164.7128050157,0.00317018302922342,2.56992854956219,108836.728063722
"13201011006","13201",3377,568106,2283,0.355083752462818,810.656206872613,834,0.283837056504599,0.305738063950942,0.249233464739378,34331370.4793831,41164.7128050157,0.00594431320915463,4.81879439859606,204076.419028978
"13201021001","13201",4474,568106,2283,0.355083752462818,810.656206872613,834,0.283837056504599,0.305738063950942,0.249233464739378,34331370.4793831,41164.7128050157,0.00787529087881487,6.38415343183855,270369.5287935
"13201021002","13201",2910,568106,2283,0.355083752462818,810.656206872613,834,0.283837056504599,0.305738063950942,0.249233464739378,34331370.4793831,41164.7128050157,0.00512228351751258,4.15241092683285,175855.013140162
"13201021003","13201",1967,568106,2283,0.355083752462818,810.656206872613,834,0.283837056504599,0.305738063950942,0.249233464739378,34331370.4793831,41164.7128050157,0.00346238202025678,2.8068014752853,118868.319878591
"13201021004","13201",4661,568106,2283,0.355083752462818,810.656206872613,834,0.283837056504599,0.305738063950942,0.249233464739378,34331370.4793831,41164.7128050157,0.00820445480244884,6.65099220961097,281670.177404225
"13201021005","13201",3005,568106,2283,0.355083752462818,810.656206872613,834,0.283837056504599,0.305738063950942,0.249233464739378,34331370.4793831,41164.7128050157,0.00528950583165818,4.28797073372258,181595.984359514
"13201021006","13201",3156,568106,2283,0.355083752462818,810.656206872613,834,0.283837056504599,0.305738063950942,0.249233464739378,34331370.4793831,41164.7128050157,0.00555530129940539,4.50343947941047,190721.107034485
"13201021007","13201",2484,568106,2283,0.355083752462818,810.656206872613,834,0.283837056504599,0.305738063950942,0.249233464739378,34331370.4793831,41164.7128050157,0.00437242345618599,3.54453221383258,150111.289567066
"13201021008","13201",5482,568106,2283,0.355083752462818,810.656206872613,834,0.283837056504599,0.305738063950942,0.249233464739378,34331370.4793831,41164.7128050157,0.00964960764364397,7.82251433020539,331284.254994628
"13201021009","13201",3073,568106,2283,0.355083752462818,810.656206872613,834,0.283837056504599,0.305738063950942,0.249233464739378,34331370.4793831,41164.7128050157,0.00540920180388871,4.38500301654892,185705.311127051
"13201022901","13201",12,568106,2283,0.355083752462818,810.656206872613,834,0.283837056504599,0.305738063950942,0.249233464739378,34331370.4793831,41164.7128050157,2.11228186289178e-05,0.0171233440281767,725.175311918193
"13201031001","13201",5180,568106,2283,0.355083752462818,810.656206872613,834,0.283837056504599,0.305738063950942,0.249233464739378,34331370.4793831,41164.7128050157,0.00911801670814954,7.39157683882961,313034.009644687
"13201031002","13201",5067,568106,2283,0.355083752462818,810.656206872613,834,0.283837056504599,0.305738063950942,0.249233464739378,34331370.4793831,41164.7128050157,0.00891911016606056,7.23033201589761,306205.275457457
"13201031003","13201",7545,568106,2283,0.355083752462818,810.656206872613,834,0.283837056504599,0.305738063950942,0.249233464739378,34331370.4793831,41164.7128050157,0.0132809722129321,10.7663025577161,455953.977368564
"13201031004","13201",5034,568106,2283,0.355083752462818,810.656206872613,834,0.283837056504599,0.305738063950942,0.249233464739378,34331370.4793831,41164.7128050157,0.00886102241483104,7.18324281982013,304211.043349682
"13201031005","13201",5750,568106,2283,0.355083752462818,810.656206872613,834,0.283837056504599,0.305738063950942,0.249233464739378,34331370.4793831,41164.7128050157,0.0101213505930231,8.20493568016801,347479.836960801
"13201031006","13201",5350,568106,2283,0.355083752462818,810.656206872613,834,0.283837056504599,0.305738063950942,0.249233464739378,34331370.4793831,41164.7128050157,0.00941725663872587,7.63415754589545,323307.326563528
"13201031007","13201",4741,568106,2283,0.355083752462818,810.656206872613,834,0.283837056504599,0.305738063950942,0.249233464739378,34331370.4793831,41164.7128050157,0.00834527359330829,6.76514783646548,286504.67948368
"13201031008","13201",2677,568106,2283,0.355083752462818,810.656206872613,834,0.283837056504599,0.305738063950942,0.249233464739378,34331370.4793831,41164.7128050157,0.00471214878913442,3.81993266361909,161774.52583375
"13201031009","13201",6350,568106,2283,0.355083752462818,810.656206872613,834,0.283837056504599,0.305738063950942,0.249233464739378,34331370.4793831,41164.7128050157,0.011177491524469,9.06110288157684,383738.602556711
"13201031010","13201",1311,568106,2283,0.355083752462818,810.656206872613,834,0.283837056504599,0.305738063950942,0.249233464739378,34331370.4793831,41164.7128050157,0.00230766793520927,1.87072533507831,79225.4028270626
"13201041001","13201",2806,568106,2283,0.355083752462818,810.656206872613,834,0.283837056504599,0.305738063950942,0.249233464739378,34331370.4793831,41164.7128050157,0.00493921908939529,4.00400861192199,169570.160436871
"13201041002","13201",2536,568106,2283,0.355083752462818,810.656206872613,834,0.283837056504599,0.305738063950942,0.249233464739378,34331370.4793831,41164.7128050157,0.00446395567024464,3.61873337128801,153253.715918711
"13201041003","13201",4870,568106,2283,0.355083752462818,810.656206872613,834,0.283837056504599,0.305738063950942,0.249233464739378,34331370.4793831,41164.7128050157,0.00857234389356916,6.94922378476838,294300.3140868
"13201041004","13201",3331,568106,2283,0.355083752462818,810.656206872613,834,0.283837056504599,0.305738063950942,0.249233464739378,34331370.4793831,41164.7128050157,0.00586334240441044,4.75315491315472,201296.580333292
"13201041005","13201",5085,568106,2283,0.355083752462818,810.656206872613,834,0.283837056504599,0.305738063950942,0.249233464739378,34331370.4793831,41164.7128050157,0.00895079439400394,7.25601703193988,307293.038425334
"13201041006","13201",3584,568106,2283,0.355083752462818,810.656206872613,834,0.283837056504599,0.305738063950942,0.249233464739378,34331370.4793831,41164.7128050157,0.00630868183050346,5.11417208308211,216585.693159567
"13201041007","13201",3372,568106,2283,0.355083752462818,810.656206872613,834,0.283837056504599,0.305738063950942,0.249233464739378,34331370.4793831,41164.7128050157,0.00593551203472591,4.81165967191765,203774.262649012
"13201051001","13201",3170,568106,2283,0.355083752462818,810.656206872613,834,0.283837056504599,0.305738063950942,0.249233464739378,34331370.4793831,41164.7128050157,0.0055799445878058,4.52341671411001,191567.144898389
"13201051002","13201",4369,568106,2283,0.355083752462818,810.656206872613,834,0.283837056504599,0.305738063950942,0.249233464739378,34331370.4793831,41164.7128050157,0.00769046621581184,6.234324171592,264024.244814216
"13201051003","13201",5408,568106,2283,0.355083752462818,810.656206872613,834,0.283837056504599,0.305738063950942,0.249233464739378,34331370.4793831,41164.7128050157,0.00951935026209897,7.71692037536497,326812.340571132
"13201051004","13201",542,568106,2283,0.355083752462818,810.656206872613,834,0.283837056504599,0.305738063950942,0.249233464739378,34331370.4793831,41164.7128050157,0.000954047308072789,0.773404371939315,32753.7515883051
"13201051005","13201",5999,568106,2283,0.355083752462818,810.656206872613,834,0.283837056504599,0.305738063950942,0.249233464739378,34331370.4793831,41164.7128050157,0.0105596490795732,8.56024506875267,362527.224683103
"13201051006","13201",5146,568106,2283,0.355083752462818,810.656206872613,834,0.283837056504599,0.305738063950942,0.249233464739378,34331370.4793831,41164.7128050157,0.00905816872203427,7.34306069741644,310979.346260918
"13201051007","13201",4511,568106,2283,0.355083752462818,810.656206872613,834,0.283837056504599,0.305738063950942,0.249233464739378,34331370.4793831,41164.7128050157,0.00794041956958737,6.43695040925876,272605.486005247
"13201051008","13201",3903,568106,2283,0.355083752462818,810.656206872613,834,0.283837056504599,0.305738063950942,0.249233464739378,34331370.4793831,41164.7128050157,0.00687019675905553,5.56936764516447,235863.270201392
"13201051009","13201",3280,568106,2283,0.355083752462818,810.656206872613,834,0.283837056504599,0.305738063950942,0.249233464739378,34331370.4793831,41164.7128050157,0.00577357042523754,4.68038070103497,198214.585257639
"13201051010","13201",4279,568106,2283,0.355083752462818,810.656206872613,834,0.283837056504599,0.305738063950942,0.249233464739378,34331370.4793831,41164.7128050157,0.00753204507609495,6.10589909138068,258585.429974829
"13201051011","13201",3821,568106,2283,0.355083752462818,810.656206872613,834,0.283837056504599,0.305738063950942,0.249233464739378,34331370.4793831,41164.7128050157,0.00672585749842459,5.4523581276386,230907.905569951
"13201061001","13201",4965,568106,2283,0.355083752462818,810.656206872613,834,0.283837056504599,0.305738063950942,0.249233464739378,34331370.4793831,41164.7128050157,0.00873956620771476,7.08478359165811,300041.285306152
"13201061002","13201",4998,568106,2283,0.355083752462818,810.656206872613,834,0.283837056504599,0.305738063950942,0.249233464739378,34331370.4793831,41164.7128050157,0.00879765395894428,7.1318727877356,302035.517413927
"13201061003","13201",3402,568106,2283,0.355083752462818,810.656206872613,834,0.283837056504599,0.305738063950942,0.249233464739378,34331370.4793831,41164.7128050157,0.00598831908129821,4.8544680319881,205587.200928808
"13201061004","13201",4488,568106,2283,0.355083752462818,810.656206872613,834,0.283837056504599,0.305738063950942,0.249233464739378,34331370.4793831,41164.7128050157,0.00789993416721527,6.40413066653809,271215.566657404
"13201061005","13201",4572,568106,2283,0.355083752462818,810.656206872613,834,0.283837056504599,0.305738063950942,0.249233464739378,34331370.4793831,41164.7128050157,0.0080477938976177,6.52399407473532,276291.793840832
"13201061006","13201",5294,568106,2283,0.355083752462818,810.656206872613,834,0.283837056504599,0.305738063950942,0.249233464739378,34331370.4793831,41164.7128050157,0.00931868348512425,7.55424860709729,319923.17510791
"13201061007","13201",4238,568106,2283,0.355083752462818,810.656206872613,834,0.283837056504599,0.305738063950942,0.249233464739378,34331370.4793831,41164.7128050157,0.00745987544577948,6.04739433261774,256107.747659109
"13201071001","13201",2250,568106,2283,0.355083752462818,810.656206872613,834,0.283837056504599,0.305738063950942,0.249233464739378,34331370.4793831,41164.7128050157,0.0039605284929221,3.21062700528313,135970.370984661
"13201071002","13201",2447,568106,2283,0.355083752462818,810.656206872613,834,0.283837056504599,0.305738063950942,0.249233464739378,34331370.4793831,41164.7128050157,0.0043072947654135,3.49173523641237,147875.332355318
"13201071003","13201",3551,568106,2283,0.355083752462818,810.656206872613,834,0.283837056504599,0.305738063950942,0.249233464739378,34331370.4793831,41164.7128050157,0.00625059407927394,5.06708288700462,214591.461051792
"13201071004","13201",3785,568106,2283,0.355083752462818,810.656206872613,834,0.283837056504599,0.305738063950942,0.249233464739378,34331370.4793831,41164.7128050157,0.00666248904253784,5.40098809555407,228732.379634197
"13201071005","13201",4208,568106,2283,0.355083752462818,810.656206872613,834,0.283837056504599,0.305738063950942,0.249233464739378,34331370.4793831,41164.7128050157,0.00740706839920719,6.0045859725473,254294.809379313
"13201071006","13201",5505,568106,2283,0.355083752462818,810.656206872613,834,0.283837056504599,0.305738063950942,0.249233464739378,34331370.4793831,41164.7128050157,0.00969009304601606,7.85533407292606,332674.174342471
"13201071007","13201",4770,568106,2283,0.355083752462818,810.656206872613,834,0.283837056504599,0.305738063950942,0.249233464739378,34331370.4793831,41164.7128050157,0.00839632040499484,6.80652925120024,288257.186487482
"13201071008","13201",3659,568106,2283,0.355083752462818,810.656206872613,834,0.283837056504599,0.305738063950942,0.249233464739378,34331370.4793831,41164.7128050157,0.0064406994469342,5.22119298325821,221118.038859056
"13201081001","13201",5074,568106,2283,0.355083752462818,810.656206872613,834,0.283837056504599,0.305738063950942,0.249233464739378,34331370.4793831,41164.7128050157,0.00893143181026076,7.24032063324738,306628.294389409
"13201081002","13201",3211,568106,2283,0.355083752462818,810.656206872613,834,0.283837056504599,0.305738063950942,0.249233464739378,34331370.4793831,41164.7128050157,0.00565211421812127,4.58192147287295,194044.82721411
"13201081003","13201",5226,568106,2283,0.355083752462818,810.656206872613,834,0.283837056504599,0.305738063950942,0.249233464739378,34331370.4793831,41164.7128050157,0.00919898751289372,7.45721632427096,315813.848340373
"13201081004","13201",4393,568106,2283,0.355083752462818,810.656206872613,834,0.283837056504599,0.305738063950942,0.249233464739378,34331370.4793831,41164.7128050157,0.00773271185306967,6.26857085964836,265474.595438052
"13201081005","13201",4800,568106,2283,0.355083752462818,810.656206872613,834,0.283837056504599,0.305738063950942,0.249233464739378,34331370.4793831,41164.7128050157,0.00844912745156714,6.84933761127068,290070.124767277
"13201081006","13201",4377,568106,2283,0.355083752462818,810.656206872613,834,0.283837056504599,0.305738063950942,0.249233464739378,34331370.4793831,41164.7128050157,0.00770454809489778,6.24573973427745,264507.695022161
"13201081007","13201",4432,568106,2283,0.355083752462818,810.656206872613,834,0.283837056504599,0.305738063950942,0.249233464739378,34331370.4793831,41164.7128050157,0.00780136101361366,6.32422172773993,267831.415201786
"13201081008","13201",3634,568106,2283,0.355083752462818,810.656206872613,834,0.283837056504599,0.305738063950942,0.249233464739378,34331370.4793831,41164.7128050157,0.00639669357479062,5.18551934986618,219607.256959226
"13201091001","13201",4406,568106,2283,0.355083752462818,810.656206872613,834,0.283837056504599,0.305738063950942,0.249233464739378,34331370.4793831,41164.7128050157,0.00775559490658433,6.28712114901221,266260.202025963
"13201091002","13201",4703,568106,2283,0.355083752462818,810.656206872613,834,0.283837056504599,0.305738063950942,0.249233464739378,34331370.4793831,41164.7128050157,0.00827838466765005,6.71092391370959,284208.290995939
"13201091003","13201",3314,568106,2283,0.355083752462818,810.656206872613,834,0.283837056504599,0.305738063950942,0.249233464739378,34331370.4793831,41164.7128050157,0.00583341841135281,4.72889684244813,200269.248641408
"13201091004","13201",3809,568106,2283,0.355083752462818,810.656206872613,834,0.283837056504599,0.305738063950942,0.249233464739378,34331370.4793831,41164.7128050157,0.00670473467979567,5.43523478361042,230182.730258033
"13201101001","13201",2483,568106,2283,0.355083752462818,810.656206872613,834,0.283837056504599,0.305738063950942,0.249233464739378,34331370.4793831,41164.7128050157,0.00437066322130025,3.5431052684969,150050.858291073
"13201101002","13201",3905,568106,2283,0.355083752462818,810.656206872613,834,0.283837056504599,0.305738063950942,0.249233464739378,34331370.4793831,41164.7128050157,0.00687371722882701,5.57222153583584,235984.132753379
"13201101003","13201",4402,568106,2283,0.355083752462818,810.656206872613,834,0.283837056504599,0.305738063950942,0.249233464739378,34331370.4793831,41164.7128050157,0.00774855396704136,6.28141336766949,266018.476921991
"13201101004","13201",4002,568106,2283,0.355083752462818,810.656206872613,834,0.283837056504599,0.305738063950942,0.249233464739378,34331370.4793831,41164.7128050157,0.0070444600127441,5.71063523339693,241845.966524717
"13201101005","13201",3178,568106,2283,0.355083752462818,810.656206872613,834,0.283837056504599,0.305738063950942,0.249233464739378,34331370.4793831,41164.7128050157,0.00559402646689174,4.53483227679546,192050.595106335
"13201101006","13201",2361,568106,2283,0.355083752462818,810.656206872613,834,0.283837056504599,0.305738063950942,0.249233464739378,34331370.4793831,41164.7128050157,0.00415591456523959,3.36901793754377,142678.242619905
"13201111001","13201",3471,568106,2283,0.355083752462818,810.656206872613,834,0.283837056504599,0.305738063950942,0.249233464739378,34331370.4793831,41164.7128050157,0.00610977528841449,4.95292726015011,209756.958972337
"13201111002","13201",3293,568106,2283,0.355083752462818,810.656206872613,834,0.283837056504599,0.305738063950942,0.249233464739378,34331370.4793831,41164.7128050157,0.0057964534787522,4.69893099039882,199000.191845551
"13201111003","13201",4286,568106,2283,0.355083752462818,810.656206872613,834,0.283837056504599,0.305738063950942,0.249233464739378,34331370.4793831,41164.7128050157,0.00754436672029516,6.11588770873045,259008.448906781
"13201111004","13201",2504,568106,2283,0.355083752462818,810.656206872613,834,0.283837056504599,0.305738063950942,0.249233464739378,34331370.4793831,41164.7128050157,0.00440762815390086,3.57307112054621,151319.91508693
"13201121001","13201",3276,568106,2283,0.355083752462818,810.656206872613,834,0.283837056504599,0.305738063950942,0.249233464739378,34331370.4793831,41164.7128050157,0.00576652948569457,4.67467291969224,197972.860153667
"13201121002","13201",4809,568106,2283,0.355083752462818,810.656206872613,834,0.283837056504599,0.305738063950942,0.249233464739378,34331370.4793831,41164.7128050157,0.00846496956553883,6.86218011929182,290614.006251216
"13201121003","13201",4349,568106,2283,0.355083752462818,810.656206872613,834,0.283837056504599,0.305738063950942,0.249233464739378,34331370.4793831,41164.7128050157,0.00765526151809698,6.20578526487837,262815.619294352
"13201121004","13201",4178,568106,2283,0.355083752462818,810.656206872613,834,0.283837056504599,0.305738063950942,0.249233464739378,34331370.4793831,41164.7128050157,0.0073542613526349,5.96177761247686,252481.871099518
"13201121005","13201",4475,568106,2283,0.355083752462818,810.656206872613,834,0.283837056504599,0.305738063950942,0.249233464739378,34331370.4793831,41164.7128050157,0.00787705111370061,6.38558037717423,270429.960069493
"13201121006","13201",2199,568106,2283,0.355083752462818,810.656206872613,834,0.283837056504599,0.305738063950942,0.249233464739378,34331370.4793831,41164.7128050157,0.00387075651374919,3.13785279316338,132888.375909009
"13201131001","13201",1993,568106,2283,0.355083752462818,810.656206872613,834,0.283837056504599,0.305738063950942,0.249233464739378,34331370.4793831,41164.7128050157,0.00350814812728611,2.84390205401301,120439.533054413
"13201131002","13201",3924,568106,2283,0.355083752462818,810.656206872613,834,0.283837056504599,0.305738063950942,0.249233464739378,34331370.4793831,41164.7128050157,0.00690716169165613,5.59933349721378,237132.326997249
"13201131003","13201",5029,568106,2283,0.355083752462818,810.656206872613,834,0.283837056504599,0.305738063950942,0.249233464739378,34331370.4793831,41164.7128050157,0.00885222124040232,7.17610809314172,303908.886969716
"13201131004","13201",3576,568106,2283,0.355083752462818,810.656206872613,834,0.283837056504599,0.305738063950942,0.249233464739378,34331370.4793831,41164.7128050157,0.00629459995141752,5.10275652039666,216102.242951622
"13201131005","13201",3431,568106,2283,0.355083752462818,810.656206872613,834,0.283837056504599,0.305738063950942,0.249233464739378,34331370.4793831,41164.7128050157,0.00603936589298476,4.89584944672286,207339.70793261
"13201141001","13201",3753,568106,2283,0.355083752462818,810.656206872613,834,0.283837056504599,0.305738063950942,0.249233464739378,34331370.4793831,41164.7128050157,0.00660616152619406,5.35532584481227,226798.578802415
"13201141002","13201",4285,568106,2283,0.355083752462818,810.656206872613,834,0.283837056504599,0.305738063950942,0.249233464739378,34331370.4793831,41164.7128050157,0.00754260648540941,6.11446076339477,258948.017630788
"13201141003","13201",4031,568106,2283,0.355083752462818,810.656206872613,834,0.283837056504599,0.305738063950942,0.249233464739378,34331370.4793831,41164.7128050157,0.00709550682443065,5.75201664813169,243598.47352852
"13201141004","13201",4955,568106,2283,0.355083752462818,810.656206872613,834,0.283837056504599,0.305738063950942,0.249233464739378,34331370.4793831,41164.7128050157,0.00872196385885733,7.0705141383013,299436.972546221
"13201141005","13201",5237,568106,2283,0.355083752462818,810.656206872613,834,0.283837056504599,0.305738063950942,0.249233464739378,34331370.4793831,41164.7128050157,0.00921835009663689,7.47291272296345,316478.592376298
"13201141006","13201",3667,568106,2283,0.355083752462818,810.656206872613,834,0.283837056504599,0.305738063950942,0.249233464739378,34331370.4793831,41164.7128050157,0.00645478132602014,5.23260854594366,221601.489067001
"13201141007","13201",3703,568106,2283,0.355083752462818,810.656206872613,834,0.283837056504599,0.305738063950942,0.249233464739378,34331370.4793831,41164.7128050157,0.0065181497819069,5.2839785780282,223777.015002756
"13201141008","13201",5809,568106,2283,0.355083752462818,810.656206872613,834,0.283837056504599,0.305738063950942,0.249233464739378,34331370.4793831,41164.7128050157,0.010225204451282,8.28912545497321,351045.282244399
"13201151001","13201",4903,568106,2283,0.355083752462818,810.656206872613,834,0.283837056504599,0.305738063950942,0.249233464739378,34331370.4793831,41164.7128050157,0.00863043164479868,6.99631298084587,296294.546194575
"13201151002","13201",3364,568106,2283,0.355083752462818,810.656206872613,834,0.283837056504599,0.305738063950942,0.249233464739378,34331370.4793831,41164.7128050157,0.00592143015563997,4.8002441092322,203290.812441067
"13201151003","13201",4714,568106,2283,0.355083752462818,810.656206872613,834,0.283837056504599,0.305738063950942,0.249233464739378,34331370.4793831,41164.7128050157,0.00829774725139323,6.72662031240208,284873.035031864
"13201161001","13201",4779,568106,2283,0.355083752462818,810.656206872613,834,0.283837056504599,0.305738063950942,0.249233464739378,34331370.4793831,41164.7128050157,0.00841216251896653,6.81937175922137,288801.06797142
"13201161002","13201",2962,568106,2283,0.355083752462818,810.656206872613,834,0.283837056504599,0.305738063950942,0.249233464739378,34331370.4793831,41164.7128050157,0.00521381573157122,4.22661208428828,178997.439491807
"13201161003","13201",4159,568106,2283,0.355083752462818,810.656206872613,834,0.283837056504599,0.305738063950942,0.249233464739378,34331370.4793831,41164.7128050157,0.00732081688980578,5.93466565109891,251333.676855647
"13201161004","13201",3272,568106,2283,0.355083752462818,810.656206872613,834,0.283837056504599,0.305738063950942,0.249233464739378,34331370.4793831,41164.7128050157,0.0057594885461516,4.66896513834952,197731.135049694
"13201161005","13201",3983,568106,2283,0.355083752462818,810.656206872613,834,0.283837056504599,0.305738063950942,0.249233464739378,34331370.4793831,41164.7128050157,0.00701101554991498,5.68352327201899,240697.772280847
"13201161006","13201",4690,568106,2283,0.355083752462818,810.656206872613,834,0.283837056504599,0.305738063950942,0.249233464739378,34331370.4793831,41164.7128050157,0.00825550161413539,6.69237362434573,283422.684408027
"13201161007","13201",5053,568106,2283,0.355083752462818,810.656206872613,834,0.283837056504599,0.305738063950942,0.249233464739378,34331370.4793831,41164.7128050157,0.00889446687766015,7.21035478119807,305359.237593553
"13201161008","13201",1710,568106,2283,0.355083752462818,810.656206872613,834,0.283837056504599,0.305738063950942,0.249233464739378,34331370.4793831,41164.7128050157,0.00301000165462079,2.44007652401518,103337.481948343
"13201161009","13201",2692,568106,2283,0.355083752462818,810.656206872613,834,0.283837056504599,0.305738063950942,0.249233464739378,34331370.4793831,41164.7128050157,0.00473855231242057,3.84133684365431,162680.994973648
"13201161010","13201",2721,568106,2283,0.355083752462818,810.656206872613,834,0.283837056504599,0.305738063950942,0.249233464739378,34331370.4793831,41164.7128050157,0.00478959912410712,3.88271825838907,164433.50197745
"13201171001","13201",4135,568106,2283,0.355083752462818,810.656206872613,834,0.283837056504599,0.305738063950942,0.249233464739378,34331370.4793831,41164.7128050157,0.00727857125254794,5.90041896304256,249883.326231811
"13201171002","13201",4072,568106,2283,0.355083752462818,810.656206872613,834,0.283837056504599,0.305738063950942,0.249233464739378,34331370.4793831,41164.7128050157,0.00716767645474612,5.81052140689463,246076.15584424
"13201171003","13201",5576,568106,2283,0.355083752462818,810.656206872613,834,0.283837056504599,0.305738063950942,0.249233464739378,34331370.4793831,41164.7128050157,0.00981506972290382,7.95664719175944,336964.794937987
"13201171004","13201",4680,568106,2283,0.355083752462818,810.656206872613,834,0.283837056504599,0.305738063950942,0.249233464739378,34331370.4793831,41164.7128050157,0.00823789926527796,6.67810417098892,282818.371648095
"13201171005","13201",5013,568106,2283,0.355083752462818,810.656206872613,834,0.283837056504599,0.305738063950942,0.249233464739378,34331370.4793831,41164.7128050157,0.00882405748223043,7.15327696777082,302941.986553825
"13201171006","13201",4365,568106,2283,0.355083752462818,810.656206872613,834,0.283837056504599,0.305738063950942,0.249233464739378,34331370.4793831,41164.7128050157,0.00768342527626887,6.22861639024928,263782.519710243
"13201171007","13201",4874,568106,2283,0.355083752462818,810.656206872613,834,0.283837056504599,0.305738063950942,0.249233464739378,34331370.4793831,41164.7128050157,0.00857938483311213,6.95493156611111,294542.039190773
"13201171008","13201",3810,568106,2283,0.355083752462818,810.656206872613,834,0.283837056504599,0.305738063950942,0.249233464739378,34331370.4793831,41164.7128050157,0.00670649491468142,5.4366617289461,230243.161534026
"13201171009","13201",2892,568106,2283,0.355083752462818,810.656206872613,834,0.283837056504599,0.305738063950942,0.249233464739378,34331370.4793831,41164.7128050157,0.0050905992895692,4.12672591079059,174767.250172285
"13201181001","13201",7056,568106,2283,0.355083752462818,810.656206872613,834,0.283837056504599,0.305738063950942,0.249233464739378,34331370.4793831,41164.7128050157,0.0124202173538037,10.0685262885679,426403.083407898
"13201181002","13201",3528,568106,2283,0.355083752462818,810.656206872613,834,0.283837056504599,0.305738063950942,0.249233464739378,34331370.4793831,41164.7128050157,0.00621010867690185,5.03426314428395,213201.541703949
"13201181003","13201",5233,568106,2283,0.355083752462818,810.656206872613,834,0.283837056504599,0.305738063950942,0.249233464739378,34331370.4793831,41164.7128050157,0.00921130915709392,7.46720494162073,316236.867272325
"13201181004","13201",1575,568106,2283,0.355083752462818,810.656206872613,834,0.283837056504599,0.305738063950942,0.249233464739378,34331370.4793831,41164.7128050157,0.00277236994504547,2.24743890369819,95179.2596892629
"13201181005","13201",4764,568106,2283,0.355083752462818,810.656206872613,834,0.283837056504599,0.305738063950942,0.249233464739378,34331370.4793831,41164.7128050157,0.00838575899568038,6.79796757918615,287894.598831523
"13201181006","13201",21,568106,2283,0.355083752462818,810.656206872613,834,0.283837056504599,0.305738063950942,0.249233464739378,34331370.4793831,41164.7128050157,3.69649326006062e-05,0.0299658520493092,1269.05679585684
"13201181007","13201",4842,568106,2283,0.355083752462818,810.656206872613,834,0.283837056504599,0.305738063950942,0.249233464739378,34331370.4793831,41164.7128050157,0.00852305731676835,6.9092693153693,292608.238358991
"13201181008","13201",2516,568106,2283,0.355083752462818,810.656206872613,834,0.283837056504599,0.305738063950942,0.249233464739378,34331370.4793831,41164.7128050157,0.00442875097252977,3.59019446457438,152045.090398848
"13201181009","13201",5025,568106,2283,0.355083752462818,810.656206872613,834,0.283837056504599,0.305738063950942,0.249233464739378,34331370.4793831,41164.7128050157,0.00884518030085935,7.170400311799,303667.161865743
"13201191001","13201",5226,568106,2283,0.355083752462818,810.656206872613,834,0.283837056504599,0.305738063950942,0.249233464739378,34331370.4793831,41164.7128050157,0.00919898751289372,7.45721632427096,315813.848340373
"13201191002","13201",3261,568106,2283,0.355083752462818,810.656206872613,834,0.283837056504599,0.305738063950942,0.249233464739378,34331370.4793831,41164.7128050157,0.00574012596240842,4.65326873965702,197066.391013769
"13201191003","13201",3448,568106,2283,0.355083752462818,810.656206872613,834,0.283837056504599,0.305738063950942,0.249233464739378,34331370.4793831,41164.7128050157,0.00606928988604239,4.92010751742944,208367.039624494
"13201191004","13201",3927,568106,2283,0.355083752462818,810.656206872613,834,0.283837056504599,0.305738063950942,0.249233464739378,34331370.4793831,41164.7128050157,0.00691244239631336,5.60361433322083,237313.620825229
"13201191005","13201",3313,568106,2283,0.355083752462818,810.656206872613,834,0.283837056504599,0.305738063950942,0.249233464739378,34331370.4793831,41164.7128050157,0.00583165817646707,4.72746989711245,200208.817365414
"13201191006","13201",5106,568106,2283,0.355083752462818,810.656206872613,834,0.283837056504599,0.305738063950942,0.249233464739378,34331370.4793831,41164.7128050157,0.00898775932660454,7.28598288398919,308562.095221191
"13201191007","13201",4550,568106,2283,0.355083752462818,810.656206872613,834,0.283837056504599,0.305738063950942,0.249233464739378,34331370.4793831,41164.7128050157,0.00800906873013135,6.49260127735033,274962.305768982
"13201191008","13201",5354,568106,2283,0.355083752462818,810.656206872613,834,0.283837056504599,0.305738063950942,0.249233464739378,34331370.4793831,41164.7128050157,0.00942429757826884,7.63986532723817,323549.051667501
"13201191009","13201",4366,568106,2283,0.355083752462818,810.656206872613,834,0.283837056504599,0.305738063950942,0.249233464739378,34331370.4793831,41164.7128050157,0.00768518551115461,6.23004333558496,263842.950986236
"13201191010","13201",4551,568106,2283,0.355083752462818,810.656206872613,834,0.283837056504599,0.305738063950942,0.249233464739378,34331370.4793831,41164.7128050157,0.00801082896501709,6.49402822268602,275022.737044975
"13201191011","13201",3854,568106,2283,0.355083752462818,810.656206872613,834,0.283837056504599,0.305738063950942,0.249233464739378,34331370.4793831,41164.7128050157,0.00678394524965411,5.49944732371609,232902.137677726
"13201191012","13201",4535,568106,2283,0.355083752462818,810.656206872613,834,0.283837056504599,0.305738063950942,0.249233464739378,34331370.4793831,41164.7128050157,0.0079826652068452,6.47119709731511,274055.836629084
"13201991999","13201",1533,568106,2283,0.355083752462818,810.656206872613,834,0.283837056504599,0.305738063950942,0.249233464739378,34331370.4793831,41164.7128050157,0.00269844007984425,2.18750719959957,92641.1460975492
"13202011001","13202",942,26521,266,0.357326772600729,95.0489215117938,93,0.281954887218045,0.338345864661654,0.233082706766917,4253266.20959409,45734.0452644526,0.0355190226612873,3.37604479710832,151071.85888306
"13202012001","13202",1610,26521,266,0.357326772600729,95.0489215117938,93,0.281954887218045,0.338345864661654,0.233082706766917,4253266.20959409,45734.0452644526,0.0607066098563403,5.77009779548237,258201.372400984
"13202012002","13202",1485,26521,266,0.357326772600729,95.0489215117938,93,0.281954887218045,0.338345864661654,0.233082706766917,4253266.20959409,45734.0452644526,0.0559933637494815,5.32210883620579,238154.681997181
"13202012005","13202",1482,26521,266,0.357326772600729,95.0489215117938,93,0.281954887218045,0.338345864661654,0.233082706766917,4253266.20959409,45734.0452644526,0.0558802458429169,5.31135710118315,237673.561427489
"13202012009","13202",954,26521,266,0.357326772600729,95.0489215117938,93,0.281954887218045,0.338345864661654,0.233082706766917,4253266.20959409,45734.0452644526,0.0359714942875457,3.41905173719887,152996.341161825
"13202021001","13202",1743,26521,266,0.357326772600729,95.0489215117938,93,0.281954887218045,0.338345864661654,0.233082706766917,4253266.20959409,45734.0452644526,0.0657215037140379,6.24675804815266,279531.05099063
"13202022004","13202",343,26521,266,0.357326772600729,95.0489215117938,93,0.281954887218045,0.338345864661654,0.233082706766917,4253266.20959409,45734.0452644526,0.0129331473172203,1.22928170425494,55008.1184680357
"13202022006","13202",234,26521,266,0.357326772600729,95.0489215117938,93,0.281954887218045,0.338345864661654,0.233082706766917,4253266.20959409,45734.0452644526,0.00882319671203952,0.838635331765761,37527.4044359194
"13202022007","13202",168,26521,266,0.357326772600729,95.0489215117938,93,0.281954887218045,0.338345864661654,0.233082706766917,4253266.20959409,45734.0452644526,0.00633460276761811,0.602097161267726,26942.7519027113
"13202022010","13202",308,26521,266,0.357326772600729,95.0489215117938,93,0.281954887218045,0.338345864661654,0.233082706766917,4253266.20959409,45734.0452644526,0.0116134384072999,1.1038447956575,49395.0451549708
"13202022011","13202",58,26521,266,0.357326772600729,95.0489215117938,93,0.281954887218045,0.338345864661654,0.233082706766917,4253266.20959409,45734.0452644526,0.00218694619358244,0.207866877104334,9301.66434736463
"13202022012","13202",744,26521,266,0.357326772600729,95.0489215117938,93,0.281954887218045,0.338345864661654,0.233082706766917,4253266.20959409,45734.0452644526,0.0280532408280231,2.66643028561421,119317.901283436
"13202022014","13202",1477,26521,266,0.357326772600729,95.0489215117938,93,0.281954887218045,0.338345864661654,0.233082706766917,4253266.20959409,45734.0452644526,0.0556917159986426,5.29343754281209,236871.693811337
"13202031001","13202",6346,26521,266,0.357326772600729,95.0489215117938,93,0.281954887218045,0.338345864661654,0.233082706766917,4253266.20959409,45734.0452644526,0.239282078353003,22.7435034845535,1017730.37842028
"13202031002","13202",2483,26521,266,0.357326772600729,95.0489215117938,93,0.281954887218045,0.338345864661654,0.233082706766917,4253266.20959409,45734.0452644526,0.0936239206666415,8.89885268707002,398207.458181145
"13202032003","13202",1944,26521,266,0.357326772600729,95.0489215117938,93,0.281954887218045,0.338345864661654,0.233082706766917,4253266.20959409,45734.0452644526,0.0733004034538667,6.9671242946694,311766.129159946
"13202032008","13202",2296,26521,266,0.357326772600729,95.0489215117938,93,0.281954887218045,0.338345864661654,0.233082706766917,4253266.20959409,45734.0452644526,0.0865729044907809,8.22866120399225,368217.609337055
"13202032013","13202",1748,26521,266,0.357326772600729,95.0489215117938,93,0.281954887218045,0.338345864661654,0.233082706766917,4253266.20959409,45734.0452644526,0.0659100335583123,6.26467760652372,280332.918606782
"13202991999","13202",156,26521,266,0.357326772600729,95.0489215117938,93,0.281954887218045,0.338345864661654,0.233082706766917,4253266.20959409,45734.0452644526,0.00588213114135968,0.559090221177174,25018.2696239463
"13203011001","13203",3889,18189,216,0.361935095147912,78.177980551949,80,0.203703703703704,0.375,0.231481481481481,3290650.35693629,41133.1294617037,0.21381054483479,16.7152766158958,703575.745677346
"13203011002","13203",2341,18189,216,0.361935095147912,78.177980551949,80,0.203703703703704,0.375,0.231481481481481,3290650.35693629,41133.1294617037,0.128704161856067,10.0618314625385,423520.396150853
"13203012004","13203",151,18189,216,0.361935095147912,78.177980551949,80,0.203703703703704,0.375,0.231481481481481,3290650.35693629,41133.1294617037,0.00830172082027599,0.649011768835246,27318.0605804267
"13203012005","13203",618,18189,216,0.361935095147912,78.177980551949,80,0.203703703703704,0.375,0.231481481481481,3290650.35693629,41133.1294617037,0.0339765792511958,2.65622035192174,111805.042640422
"13203012012","13203",66,18189,216,0.361935095147912,78.177980551949,80,0.203703703703704,0.375,0.231481481481481,3290650.35693629,41133.1294617037,0.00362856671614712,0.283674018166399,11940.3443596567
"13203012019","13203",537,18189,216,0.361935095147912,78.177980551949,80,0.203703703703704,0.375,0.231481481481481,3290650.35693629,41133.1294617037,0.0295233382813789,2.30807496599025,97150.9836535703
"13203012901","13203",10,18189,216,0.361935095147912,78.177980551949,80,0.203703703703704,0.375,0.231481481481481,3290650.35693629,41133.1294617037,0.000549782835779867,0.0429809118433938,1809.14308479647
"13203022002","13203",313,18189,216,0.361935095147912,78.177980551949,80,0.203703703703704,0.375,0.231481481481481,3290650.35693629,41133.1294617037,0.0172082027599098,1.34530254069823,56626.1785541294
"13203022004","13203",23,18189,216,0.361935095147912,78.177980551949,80,0.203703703703704,0.375,0.231481481481481,3290650.35693629,41133.1294617037,0.00126450052229369,0.0988560972398057,4161.02909503187
"13203022015","13203",808,18189,216,0.361935095147912,78.177980551949,80,0.203703703703704,0.375,0.231481481481481,3290650.35693629,41133.1294617037,0.0444224531310132,3.47285767694622,146178.761251555
"13203031001","13203",1859,18189,216,0.361935095147912,78.177980551949,80,0.203703703703704,0.375,0.231481481481481,3290650.35693629,41133.1294617037,0.102204629171477,7.99015151168691,336319.699463663
"13203032017","13203",35,18189,216,0.361935095147912,78.177980551949,80,0.203703703703704,0.375,0.231481481481481,3290650.35693629,41133.1294617037,0.00192423992522953,0.150433191451878,6332.00079678764
"13203032018","13203",1186,18189,216,0.361935095147912,78.177980551949,80,0.203703703703704,0.375,0.231481481481481,3290650.35693629,41133.1294617037,0.0652042443234922,5.0975361446265,214564.369856861
"13203042001","13203",40,18189,216,0.361935095147912,78.177980551949,80,0.203703703703704,0.375,0.231481481481481,3290650.35693629,41133.1294617037,0.00219913134311947,0.171923647373575,7236.57233918587
"13203042008","13203",62,18189,216,0.361935095147912,78.177980551949,80,0.203703703703704,0.375,0.231481481481481,3290650.35693629,41133.1294617037,0.00340865358183518,0.266481653429042,11216.6871257381
"13203042010","13203",358,18189,216,0.361935095147912,78.177980551949,80,0.203703703703704,0.375,0.231481481481481,3290650.35693629,41133.1294617037,0.0196822255209192,1.5387166439935,64767.3224357135
"13203042013","13203",39,18189,216,0.361935095147912,78.177980551949,80,0.203703703703704,0.375,0.231481481481481,3290650.35693629,41133.1294617037,0.00214415305954148,0.167625556189236,7055.65803070622
"13203042014","13203",17,18189,216,0.361935095147912,78.177980551949,80,0.203703703703704,0.375,0.231481481481481,3290650.35693629,41133.1294617037,0.000934630820825774,0.0730675501337694,3075.54324415399
"13203042901","13203",42,18189,216,0.361935095147912,78.177980551949,80,0.203703703703704,0.375,0.231481481481481,3290650.35693629,41133.1294617037,0.00230908791027544,0.180519829742254,7598.40095614516
"13203052006","13203",256,18189,216,0.361935095147912,78.177980551949,80,0.203703703703704,0.375,0.231481481481481,3290650.35693629,41133.1294617037,0.0140744405959646,1.10031134319088,46314.0629707896
"13203052009","13203",218,18189,216,0.361935095147912,78.177980551949,80,0.203703703703704,0.375,0.231481481481481,3290650.35693629,41133.1294617037,0.0119852658200011,0.936983878185985,39439.319248563
"13203052017","13203",32,18189,216,0.361935095147912,78.177980551949,80,0.203703703703704,0.375,0.231481481481481,3290650.35693629,41133.1294617037,0.00175930507449557,0.13753891789886,5789.2578713487
"13203061001","13203",2509,18189,216,0.361935095147912,78.177980551949,80,0.203703703703704,0.375,0.231481481481481,3290650.35693629,41133.1294617037,0.137940513497169,10.7839107815075,453913.999975434
"13203061002","13203",523,18189,216,0.361935095147912,78.177980551949,80,0.203703703703704,0.375,0.231481481481481,3290650.35693629,41133.1294617037,0.028753642311287,2.2479016894095,94618.1833348552
"13203062003","13203",306,18189,216,0.361935095147912,78.177980551949,80,0.203703703703704,0.375,0.231481481481481,3290650.35693629,41133.1294617037,0.0168233547748639,1.31521590240785,55359.7783947719
"13203062007","13203",1864,18189,216,0.361935095147912,78.177980551949,80,0.203703703703704,0.375,0.231481481481481,3290650.35693629,41133.1294617037,0.102479520589367,8.0116419676086,337224.271006062
"13203991999","13203",87,18189,216,0.361935095147912,78.177980551949,80,0.203703703703704,0.375,0.231481481481481,3290650.35693629,41133.1294617037,0.00478311067128484,0.373933933037526,15739.5448377293
"13301011001","13301",7432,146207,418,0.346027559466344,144.639519856932,133,0.294258373205742,0.272727272727273,0.23444976076555,6507932.44727993,48931.8229118792,0.0508320395056324,7.35232178744326,330811.479260121
"13301011002","13301",4206,146207,418,0.346027559466344,144.639519856932,133,0.294258373205742,0.272727272727273,0.23444976076555,6507932.44727993,48931.8229118792,0.0287674324758732,4.16090762082701,187216.50723467
"13301011003","13301",6188,146207,418,0.346027559466344,144.639519856932,133,0.294258373205742,0.272727272727273,0.23444976076555,6507932.44727993,48931.8229118792,0.0423235549597488,6.12165866801654,275438.836606785
"13301011004","13301",4488,146207,418,0.346027559466344,144.639519856932,133,0.294258373205742,0.272727272727273,0.23444976076555,6507932.44727993,48931.8229118792,0.0306962046960816,4.43988430867133,199768.826549976
"13301011005","13301",2967,146207,418,0.346027559466344,144.639519856932,133,0.294258373205742,0.272727272727273,0.23444976076555,6507932.44727993,48931.8229118792,0.0202931460190005,2.93519089657483,132066.423434443
"13301011006","13301",1925,146207,418,0.346027559466344,144.639519856932,133,0.294258373205742,0.272727272727273,0.23444976076555,6507932.44727993,48931.8229118792,0.0131662642691526,1.90436214219971,85685.1584466808
"13301011007","13301",4792,146207,418,0.346027559466344,144.639519856932,133,0.294258373205742,0.272727272727273,0.23444976076555,6507932.44727993,48931.8229118792,0.0327754485079374,4.74062513528365,213300.404818958
"13301011008","13301",2787,146207,418,0.346027559466344,144.639519856932,133,0.294258373205742,0.272727272727273,0.23444976076555,6507932.44727993,48931.8229118792,0.0190620148146122,2.75712067029122,124054.304722545
"13301011009","13301",4021,146207,418,0.346027559466344,144.639519856932,133,0.294258373205742,0.272727272727273,0.23444976076555,6507932.44727993,48931.8229118792,0.0275021031824742,3.97789099936886,178981.829669664
"13301011010","13301",3560,146207,418,0.346027559466344,144.639519856932,133,0.294258373205742,0.272727272727273,0.23444976076555,6507932.44727993,48931.8229118792,0.0243490393756797,3.52183336427584,158461.903413083
"13301011011","13301",1429,146207,418,0.346027559466344,144.639519856932,133,0.294258373205742,0.272727272727273,0.23444976076555,6507932.44727993,48931.8229118792,0.00977381383928266,1.41367974088488,63607.3202183413
"13301011012","13301",5492,146207,418,0.346027559466344,144.639519856932,133,0.294258373205742,0.272727272727273,0.23444976076555,6507932.44727993,48931.8229118792,0.0375631809694474,5.43312045971991,244458.644254115
"13301011013","13301",2766,146207,418,0.346027559466344,144.639519856932,133,0.294258373205742,0.272727272727273,0.23444976076555,6507932.44727993,48931.8229118792,0.0189183828407669,2.73634581055814,123119.55753949
"13301011014","13301",4766,146207,418,0.346027559466344,144.639519856932,133,0.294258373205742,0.272727272727273,0.23444976076555,6507932.44727993,48931.8229118792,0.0325976184450813,4.71490388037602,212143.098782795
"13301011015","13301",4835,146207,418,0.346027559466344,144.639519856932,133,0.294258373205742,0.272727272727273,0.23444976076555,6507932.44727993,48931.8229118792,0.0330695520734301,4.78316413378474,215214.410955689
"13301012005","13301",1304,146207,418,0.346027559466344,144.639519856932,133,0.294258373205742,0.272727272727273,0.23444976076555,6507932.44727993,48931.8229118792,0.00891886161401301,1.29001986152126,58043.3488906347
"13301012010","13301",121,146207,418,0.346027559466344,144.639519856932,133,0.294258373205742,0.272727272727273,0.23444976076555,6507932.44727993,48931.8229118792,0.000827593754061023,0.119702763223982,5385.92424521994
"13301012012","13301",1844,146207,418,0.346027559466344,144.639519856932,133,0.294258373205742,0.272727272727273,0.23444976076555,6507932.44727993,48931.8229118792,0.0126122552271779,1.82423054037209,82079.705026327
"13301012015","13301",620,146207,418,0.346027559466344,144.639519856932,133,0.294258373205742,0.272727272727273,0.23444976076555,6507932.44727993,48931.8229118792,0.00424056303733747,0.613353001643545,27597.2977854245
"13301012018","13301",776,146207,418,0.346027559466344,144.639519856932,133,0.294258373205742,0.272727272727273,0.23444976076555,6507932.44727993,48931.8229118792,0.005307543414474,0.76768053108934,34541.1340024023
"13301012025","13301",259,146207,418,0.346027559466344,144.639519856932,133,0.294258373205742,0.272727272727273,0.23444976076555,6507932.44727993,48931.8229118792,0.00177146101075872,0.256223270041416,11528.548591008
"13301012026","13301",205,146207,418,0.346027559466344,144.639519856932,133,0.294258373205742,0.272727272727273,0.23444976076555,6507932.44727993,48931.8229118792,0.00140212164944223,0.202802202156333,9124.91297743874
"13301012029","13301",304,146207,418,0.346027559466344,144.639519856932,133,0.294258373205742,0.272727272727273,0.23444976076555,6507932.44727993,48931.8229118792,0.00207924381185579,0.300740826612319,13531.5782689823
"13301021001","13301",66,146207,418,0.346027559466344,144.639519856932,133,0.294258373205742,0.272727272727273,0.23444976076555,6507932.44727993,48931.8229118792,0.000451414774942376,0.0652924163039902,2937.77686102906
"13301021002","13301",5581,146207,418,0.346027559466344,144.639519856932,133,0.294258373205742,0.272727272727273,0.23444976076555,6507932.44727993,48931.8229118792,0.0381719069538394,5.52116629382681,248420.191839442
"13301021003","13301",5394,146207,418,0.346027559466344,144.639519856932,133,0.294258373205742,0.272727272727273,0.23444976076555,6507932.44727993,48931.8229118792,0.036892898424836,5.33617111429884,240096.490733193
"13301021004","13301",2809,146207,418,0.346027559466344,144.639519856932,133,0.294258373205742,0.272727272727273,0.23444976076555,6507932.44727993,48931.8229118792,0.0192124864062596,2.77888480905922,125033.563676222
"13301021005","13301",3849,146207,418,0.346027559466344,144.639519856932,133,0.294258373205742,0.272727272727273,0.23444976076555,6507932.44727993,48931.8229118792,0.0263256889205031,3.80773500536452,171325.80512274
"13301022004","13301",5042,146207,418,0.346027559466344,144.639519856932,133,0.294258373205742,0.272727272727273,0.23444976076555,6507932.44727993,48931.8229118792,0.0344853529584767,4.98794489401089,224428.347474371
"13301022006","13301",1010,146207,418,0.346027559466344,144.639519856932,133,0.294258373205742,0.272727272727273,0.23444976076555,6507932.44727993,48931.8229118792,0.00690801398017879,0.999171825258032,44956.8883278689
"13301022008","13301",185,146207,418,0.346027559466344,144.639519856932,133,0.294258373205742,0.272727272727273,0.23444976076555,6507932.44727993,48931.8229118792,0.00126532929339908,0.183016621458154,8234.67756500569
"13301031001","13301",2514,146207,418,0.346027559466344,144.639519856932,133,0.294258373205742,0.272727272727273,0.23444976076555,6507932.44727993,48931.8229118792,0.0171947991546232,2.48704749376108,111902.591342834
"13301031002","13301",1089,146207,418,0.346027559466344,144.639519856932,133,0.294258373205742,0.272727272727273,0.23444976076555,6507932.44727993,48931.8229118792,0.00744834378654921,1.07732486901584,48473.3182069794
"13301031003","13301",890,146207,418,0.346027559466344,144.639519856932,133,0.294258373205742,0.272727272727273,0.23444976076555,6507932.44727993,48931.8229118792,0.00608725984391992,0.880458341068959,39615.4758532706
"13301032001","13301",727,146207,418,0.346027559466344,144.639519856932,133,0.294258373205742,0.272727272727273,0.23444976076555,6507932.44727993,48931.8229118792,0.0049724021421683,0.719205858378801,32360.0572419413
"13301032007","13301",2002,146207,418,0.346027559466344,144.639519856932,133,0.294258373205742,0.272727272727273,0.23444976076555,6507932.44727993,48931.8229118792,0.0136929148399187,1.9805366278877,89112.5647845481
"13301032013","13301",303,146207,418,0.346027559466344,144.639519856932,133,0.294258373205742,0.272727272727273,0.23444976076555,6507932.44727993,48931.8229118792,0.00207240419405364,0.29975154757741,13487.0664983607
"13301032014","13301",99,146207,418,0.346027559466344,144.639519856932,133,0.294258373205742,0.272727272727273,0.23444976076555,6507932.44727993,48931.8229118792,0.000677122162413564,0.0979386244559853,4406.66529154359
"13301032018","13301",802,146207,418,0.346027559466344,144.639519856932,133,0.294258373205742,0.272727272727273,0.23444976076555,6507932.44727993,48931.8229118792,0.00548537347733009,0.793401785996972,35698.4400385652
"13301032019","13301",50,146207,418,0.346027559466344,144.639519856932,133,0.294258373205742,0.272727272727273,0.23444976076555,6507932.44727993,48931.8229118792,0.000341980890107861,0.0494639517454471,2225.58853108262
"13301032020","13301",1068,146207,418,0.346027559466344,144.639519856932,133,0.294258373205742,0.272727272727273,0.23444976076555,6507932.44727993,48931.8229118792,0.00730471181270391,1.05655000928275,47538.5710239247
"13301032022","13301",321,146207,418,0.346027559466344,144.639519856932,133,0.294258373205742,0.272727272727273,0.23444976076555,6507932.44727993,48931.8229118792,0.00219551731449247,0.317558570205771,14288.2783695504
"13301032024","13301",4204,146207,418,0.346027559466344,144.639519856932,133,0.294258373205742,0.272727272727273,0.23444976076555,6507932.44727993,48931.8229118792,0.0287537532402689,4.1589290627572,187127.483693427
"13301032028","13301",896,146207,418,0.346027559466344,144.639519856932,133,0.294258373205742,0.272727272727273,0.23444976076555,6507932.44727993,48931.8229118792,0.00612829755073287,0.886394015278413,39882.5464770005
"13301041001","13301",727,146207,418,0.346027559466344,144.639519856932,133,0.294258373205742,0.272727272727273,0.23444976076555,6507932.44727993,48931.8229118792,0.0049724021421683,0.719205858378801,32360.0572419413
"13301042021","13301",364,146207,418,0.346027559466344,144.639519856932,133,0.294258373205742,0.272727272727273,0.23444976076555,6507932.44727993,48931.8229118792,0.00248962087998523,0.360097568706855,16202.2845062815
"13301051001","13301",1021,146207,418,0.346027559466344,144.639519856932,133,0.294258373205742,0.272727272727273,0.23444976076555,6507932.44727993,48931.8229118792,0.00698324977600252,1.01005389464203,45446.5178047071
"13301052002","13301",1273,146207,418,0.346027559466344,144.639519856932,133,0.294258373205742,0.272727272727273,0.23444976076555,6507932.44727993,48931.8229118792,0.00870683346214613,1.25935221143908,56663.4840013635
"13301052009","13301",155,146207,418,0.346027559466344,144.639519856932,133,0.294258373205742,0.272727272727273,0.23444976076555,6507932.44727993,48931.8229118792,0.00106014075933437,0.153338250410886,6899.32444635612
"13301052023","13301",967,146207,418,0.346027559466344,144.639519856932,133,0.294258373205742,0.272727272727273,0.23444976076555,6507932.44727993,48931.8229118792,0.00661391041468603,0.956632826756948,43042.8821911379
"13301052901","13301",22,146207,418,0.346027559466344,144.639519856932,133,0.294258373205742,0.272727272727273,0.23444976076555,6507932.44727993,48931.8229118792,0.000150471591647459,0.0217641387679967,979.258953676352
"13301061001","13301",3588,146207,418,0.346027559466344,144.639519856932,133,0.294258373205742,0.272727272727273,0.23444976076555,6507932.44727993,48931.8229118792,0.0245405486741401,3.54953317725329,159708.232990489
"13301061002","13301",8904,146207,418,0.346027559466344,144.639519856932,133,0.294258373205742,0.272727272727273,0.23444976076555,6507932.44727993,48931.8229118792,0.0608999569104078,8.80854052682923,396332.805615193
"13301061003","13301",7809,146207,418,0.346027559466344,144.639519856932,133,0.294258373205742,0.272727272727273,0.23444976076555,6507932.44727993,48931.8229118792,0.0534105754170457,7.72527998360393,347592.416784483
"13301061004","13301",3686,146207,418,0.346027559466344,144.639519856932,133,0.294258373205742,0.272727272727273,0.23444976076555,6507932.44727993,48931.8229118792,0.0252108312187515,3.64648252267436,164070.386511411
"13301061005","13301",1913,146207,418,0.346027559466344,144.639519856932,133,0.294258373205742,0.272727272727273,0.23444976076555,6507932.44727993,48931.8229118792,0.0130841888555268,1.89249079378081,85151.017199221
"13301061006","13301",1447,146207,418,0.346027559466344,144.639519856932,133,0.294258373205742,0.272727272727273,0.23444976076555,6507932.44727993,48931.8229118792,0.00989692695972149,1.43148676351324,64408.532089531
"13301061007","13301",466,146207,418,0.346027559466344,144.639519856932,133,0.294258373205742,0.272727272727273,0.23444976076555,6507932.44727993,48931.8229118792,0.00318726189580526,0.461004030267567,20742.48510969
"13301061008","13301",1489,146207,418,0.346027559466344,144.639519856932,133,0.294258373205742,0.272727272727273,0.23444976076555,6507932.44727993,48931.8229118792,0.0101841909074121,1.47303648297942,66278.0264556404
"13301061009","13301",1370,146207,418,0.346027559466344,144.639519856932,133,0.294258373205742,0.272727272727273,0.23444976076555,6507932.44727993,48931.8229118792,0.00937027638895539,1.35531227782525,60981.1257516638
"13301061010","13301",1121,146207,418,0.346027559466344,144.639519856932,133,0.294258373205742,0.272727272727273,0.23444976076555,6507932.44727993,48931.8229118792,0.00766721155621824,1.10898179813292,49897.6948668723
"13301061011","13301",452,146207,418,0.346027559466344,144.639519856932,133,0.294258373205742,0.272727272727273,0.23444976076555,6507932.44727993,48931.8229118792,0.00309150724657506,0.447154123778842,20119.3203209869
"13301062004","13301",1532,146207,418,0.346027559466344,144.639519856932,133,0.294258373205742,0.272727272727273,0.23444976076555,6507932.44727993,48931.8229118792,0.0104782944729049,1.5155754814805,68192.0325923714
"13301062005","13301",172,146207,418,0.346027559466344,144.639519856932,133,0.294258373205742,0.272727272727273,0.23444976076555,6507932.44727993,48931.8229118792,0.00117641426197104,0.170155994004338,7656.02454692421
"13301062016","13301",1331,146207,418,0.346027559466344,144.639519856932,133,0.294258373205742,0.272727272727273,0.23444976076555,6507932.44727993,48931.8229118792,0.00910353129467125,1.3167303954638,59245.1666974193
"13301062027","13301",231,146207,418,0.346027559466344,144.639519856932,133,0.294258373205742,0.272727272727273,0.23444976076555,6507932.44727993,48931.8229118792,0.00157995171229832,0.228523457063966,10282.2190136017
"13301991999","13301",179,146207,418,0.346027559466344,144.639519856932,133,0.294258373205742,0.272727272727273,0.23444976076555,6507932.44727993,48931.8229118792,0.00122429158658614,0.177080947248701,7967.60694127578
"13302011001","13302",7084,102034,422,0.325717899707739,137.452953676666,118,0.281990521327014,0.355450236966825,0.165876777251185,4544166.95616374,38509.8894590147,0.0694278377795637,9.54306137018543,315491.68627579
"13302011002","13302",5492,102034,422,0.325717899707739,137.452953676666,118,0.281990521327014,0.355450236966825,0.165876777251185,4544166.95616374,38509.8894590147,0.0538251955230609,7.39843210686877,244590.674904946
"13302011003","13302",4339,102034,422,0.325717899707739,137.452953676666,118,0.281990521327014,0.355450236966825,0.165876777251185,4544166.95616374,38509.8894590147,0.0425250406727169,5.84519244568529,193240.884634479
"13302011004","13302",8101,102034,422,0.325717899707739,137.452953676666,118,0.281990521327014,0.355450236966825,0.165876777251185,4544166.95616374,38509.8894590147,0.07939510359292,10.9130914963117,360784.606228144
"13302011005","13302",3532,102034,422,0.325717899707739,137.452953676666,118,0.281990521327014,0.355450236966825,0.165876777251185,4544166.95616374,38509.8894590147,0.0346159123429445,4.75805939575027,157300.485026269
"13302011006","13302",1417,102034,422,0.325717899707739,137.452953676666,118,0.281990521327014,0.355450236966825,0.165876777251185,4544166.95616374,38509.8894590147,0.0138875276868495,1.90888169982393,63107.2444173905
"13302011007","13302",2884,102034,422,0.325717899707739,137.452953676666,118,0.281990521327014,0.355450236966825,0.165876777251185,4544166.95616374,38509.8894590147,0.0282650881078856,3.88511984636007,128441.27939291
"13302011008","13302",4750,102034,422,0.325717899707739,137.452953676666,118,0.281990521327014,0.355450236966825,0.165876777251185,4544166.95616374,38509.8894590147,0.0465531097477312,6.39886243765962,211545.103022304
"13302011009","13302",2040,102034,422,0.325717899707739,137.452953676666,118,0.281990521327014,0.355450236966825,0.165876777251185,4544166.95616374,38509.8894590147,0.0199933355548151,2.74814302585803,90853.0547716842
"13302011010","13302",1445,102034,422,0.325717899707739,137.452953676666,118,0.281990521327014,0.355450236966825,0.165876777251185,4544166.95616374,38509.8894590147,0.014161946017994,1.94660130998277,64354.247129943
"13302012003","13302",808,102034,422,0.325717899707739,137.452953676666,118,0.281990521327014,0.355450236966825,0.165876777251185,4544166.95616374,38509.8894590147,0.00791892898445616,1.08848017886926,35984.935419373
"13302012004","13302",15,102034,422,0.325717899707739,137.452953676666,118,0.281990521327014,0.355450236966825,0.165876777251185,4544166.95616374,38509.8894590147,0.000147009820255993,0.020206934013662,668.037167438854
"13302012006","13302",355,102034,422,0.325717899707739,137.452953676666,118,0.281990521327014,0.355450236966825,0.165876777251185,4544166.95616374,38509.8894590147,0.00347923241272517,0.478230771656667,15810.2129627196
"13302012009","13302",968,102034,422,0.325717899707739,137.452953676666,118,0.281990521327014,0.355450236966825,0.165876777251185,4544166.95616374,38509.8894590147,0.00948703373385342,1.30402080834832,43110.6652053874
"13302012014","13302",200,102034,422,0.325717899707739,137.452953676666,118,0.281990521327014,0.355450236966825,0.165876777251185,4544166.95616374,38509.8894590147,0.00196013093674657,0.269425786848826,8907.16223251806
"13302012016","13302",18,102034,422,0.325717899707739,137.452953676666,118,0.281990521327014,0.355450236966825,0.165876777251185,4544166.95616374,38509.8894590147,0.000176411784307192,0.0242483208163944,801.644600926625
"13302012017","13302",344,102034,422,0.325717899707739,137.452953676666,118,0.281990521327014,0.355450236966825,0.165876777251185,4544166.95616374,38509.8894590147,0.00337142521120411,0.463412353379981,15320.3190399311
"13302012018","13302",118,102034,422,0.325717899707739,137.452953676666,118,0.281990521327014,0.355450236966825,0.165876777251185,4544166.95616374,38509.8894590147,0.00115647725268048,0.158961214240808,5255.22571718566
"13302012019","13302",500,102034,422,0.325717899707739,137.452953676666,118,0.281990521327014,0.355450236966825,0.165876777251185,4544166.95616374,38509.8894590147,0.00490032734186644,0.673564467122066,22267.9055812952
"13302012020","13302",532,102034,422,0.325717899707739,137.452953676666,118,0.281990521327014,0.355450236966825,0.165876777251185,4544166.95616374,38509.8894590147,0.00521394829174589,0.716672593017878,23693.051538498
"13302012021","13302",206,102034,422,0.325717899707739,137.452953676666,118,0.281990521327014,0.355450236966825,0.165876777251185,4544166.95616374,38509.8894590147,0.00201893486484897,0.277508560454291,9174.3770994936
"13302012028","13302",437,102034,422,0.325717899707739,137.452953676666,118,0.281990521327014,0.355450236966825,0.165876777251185,4544166.95616374,38509.8894590147,0.00428288609679127,0.588695344264685,19462.149478052
"13302012901","13302",14,102034,422,0.325717899707739,137.452953676666,118,0.281990521327014,0.355450236966825,0.165876777251185,4544166.95616374,38509.8894590147,0.00013720916557226,0.0188598050794178,623.501356276264
"13302022002","13302",255,102034,422,0.325717899707739,137.452953676666,118,0.281990521327014,0.355450236966825,0.165876777251185,4544166.95616374,38509.8894590147,0.00249916694435188,0.343517878232253,11356.6318464605
"13302022005","13302",1376,102034,422,0.325717899707739,137.452953676666,118,0.281990521327014,0.355450236966825,0.165876777251185,4544166.95616374,38509.8894590147,0.0134857008448164,1.85364941351992,61281.2761597243
"13302022007","13302",243,102034,422,0.325717899707739,137.452953676666,118,0.281990521327014,0.355450236966825,0.165876777251185,4544166.95616374,38509.8894590147,0.00238155908814709,0.327352331021324,10822.2021125094
"13302022017","13302",1012,102034,422,0.325717899707739,137.452953676666,118,0.281990521327014,0.355450236966825,0.165876777251185,4544166.95616374,38509.8894590147,0.00991826253993767,1.36329448145506,45070.2408965414
"13302031001","13302",4774,102034,422,0.325717899707739,137.452953676666,118,0.281990521327014,0.355450236966825,0.165876777251185,4544166.95616374,38509.8894590147,0.0467883254601407,6.43119353208148,212613.962490206
"13302031002","13302",6396,102034,422,0.325717899707739,137.452953676666,118,0.281990521327014,0.355450236966825,0.165876777251185,4544166.95616374,38509.8894590147,0.0626849873571555,8.61623666342546,284851.048195928
"13302031003","13302",5614,102034,422,0.325717899707739,137.452953676666,118,0.281990521327014,0.355450236966825,0.165876777251185,4544166.95616374,38509.8894590147,0.0550208753944764,7.56278183684655,250024.043866782
"13302031004","13302",881,102034,422,0.325717899707739,137.452953676666,118,0.281990521327014,0.355450236966825,0.165876777251185,4544166.95616374,38509.8894590147,0.00863437677636866,1.18682059106908,39236.0496342421
"13302031005","13302",34,102034,422,0.325717899707739,137.452953676666,118,0.281990521327014,0.355450236966825,0.165876777251185,4544166.95616374,38509.8894590147,0.000333222259246918,0.0458023837643005,1514.21757952807
"13302032001","13302",1258,102034,422,0.325717899707739,137.452953676666,118,0.281990521327014,0.355450236966825,0.165876777251185,4544166.95616374,38509.8894590147,0.012329223592136,1.69468819927912,56026.0504425386
"13302032010","13302",234,102034,422,0.325717899707739,137.452953676666,118,0.281990521327014,0.355450236966825,0.165876777251185,4544166.95616374,38509.8894590147,0.00229335319599349,0.315228170613127,10421.3798120461
"13302032015","13302",148,102034,422,0.325717899707739,137.452953676666,118,0.281990521327014,0.355450236966825,0.165876777251185,4544166.95616374,38509.8894590147,0.00145049689319247,0.199375082268131,6591.30005206336
"13302032019","13302",47,102034,422,0.325717899707739,137.452953676666,118,0.281990521327014,0.355450236966825,0.165876777251185,4544166.95616374,38509.8894590147,0.000460630770135445,0.0633150599094742,2093.18312464174
"13302032022","13302",215,102034,422,0.325717899707739,137.452953676666,118,0.281990521327014,0.355450236966825,0.165876777251185,4544166.95616374,38509.8894590147,0.00210714075700257,0.289632720862488,9575.19939995691
"13302032025","13302",2238,102034,422,0.325717899707739,137.452953676666,118,0.281990521327014,0.355450236966825,0.165876777251185,4544166.95616374,38509.8894590147,0.0219338651821942,3.01487455483837,99671.1453818771
"13302032026","13302",3031,102034,422,0.325717899707739,137.452953676666,118,0.281990521327014,0.355450236966825,0.165876777251185,4544166.95616374,38509.8894590147,0.0297057843463943,4.08314779969396,134988.043633811
"13302032027","13302",2777,102034,422,0.325717899707739,137.452953676666,118,0.281990521327014,0.355450236966825,0.165876777251185,4544166.95616374,38509.8894590147,0.0272164180567262,3.74097705039595,123675.947598513
"13302032901","13302",35,102034,422,0.325717899707739,137.452953676666,118,0.281990521327014,0.355450236966825,0.165876777251185,4544166.95616374,38509.8894590147,0.000343022913930651,0.0471495126985446,1558.75339069066
"13302041001","13302",3170,102034,422,0.325717899707739,137.452953676666,118,0.281990521327014,0.355450236966825,0.165876777251185,4544166.95616374,38509.8894590147,0.0310680753474332,4.2703987215539,141178.521385411
"13302041002","13302",6628,102034,422,0.325717899707739,137.452953676666,118,0.281990521327014,0.355450236966825,0.165876777251185,4544166.95616374,38509.8894590147,0.0649587392437815,8.9287705761701,295183.356385648
"13302041003","13302",5215,102034,422,0.325717899707739,137.452953676666,118,0.281990521327014,0.355450236966825,0.165876777251185,4544166.95616374,38509.8894590147,0.0511104141756669,7.02527739208314,232254.255212908
"13302041004","13302",5123,102034,422,0.325717899707739,137.452953676666,118,0.281990521327014,0.355450236966825,0.165876777251185,4544166.95616374,38509.8894590147,0.0502087539447635,6.90134153013268,228156.96058595
"13302041005","13302",1764,102034,422,0.325717899707739,137.452953676666,118,0.281990521327014,0.355450236966825,0.165876777251185,4544166.95616374,38509.8894590147,0.0172883548621048,2.37633544000665,78561.1708908093
"13302042008","13302",807,102034,422,0.325717899707739,137.452953676666,118,0.281990521327014,0.355450236966825,0.165876777251185,4544166.95616374,38509.8894590147,0.00790912832977243,1.08713304993501,35940.3996082104
"13302042010","13302",100,102034,422,0.325717899707739,137.452953676666,118,0.281990521327014,0.355450236966825,0.165876777251185,4544166.95616374,38509.8894590147,0.000980065468373287,0.134712893424413,4453.58111625903
"13302042012","13302",468,102034,422,0.325717899707739,137.452953676666,118,0.281990521327014,0.355450236966825,0.165876777251185,4544166.95616374,38509.8894590147,0.00458670639198698,0.630456341226253,20842.7596240923
"13302042901","13302",19,102034,422,0.325717899707739,137.452953676666,118,0.281990521327014,0.355450236966825,0.165876777251185,4544166.95616374,38509.8894590147,0.000186212438990925,0.0255954497506385,846.180412089216
"13302052004","13302",358,102034,422,0.325717899707739,137.452953676666,118,0.281990521327014,0.355450236966825,0.165876777251185,4544166.95616374,38509.8894590147,0.00350863437677637,0.482272158459399,15943.8203962073
"13302052011","13302",158,102034,422,0.325717899707739,137.452953676666,118,0.281990521327014,0.355450236966825,0.165876777251185,4544166.95616374,38509.8894590147,0.00154850344002979,0.212846371610573,7036.65816368927
"13302052014","13302",1137,102034,422,0.325717899707739,137.452953676666,118,0.281990521327014,0.355450236966825,0.165876777251185,4544166.95616374,38509.8894590147,0.0111433443754043,1.53168559823558,50637.2172918652
"13302052023","13302",842,102034,422,0.325717899707739,137.452953676666,118,0.281990521327014,0.355450236966825,0.165876777251185,4544166.95616374,38509.8894590147,0.00825215124370308,1.13428256263356,37499.152998901
"13302991999","13302",78,102034,422,0.325717899707739,137.452953676666,118,0.281990521327014,0.355450236966825,0.165876777251185,4544166.95616374,38509.8894590147,0.000764451065331164,0.105076056871042,3473.79327068204
"13303011001","13303",4166,19312,129,0.306904099428201,39.5906288262379,21,0.186046511627907,0.286821705426357,0.108527131782946,841908.6217966,40090.886752219,0.215720795360398,8.54052193921432,181617.197514739
"13303011002","13303",1383,19312,129,0.306904099428201,39.5906288262379,21,0.186046511627907,0.286821705426357,0.108527131782946,841908.6217966,40090.886752219,0.0716135045567523,2.83522367785247,60292.0269233998
"13303012003","13303",59,19312,129,0.306904099428201,39.5906288262379,21,0.186046511627907,0.286821705426357,0.108527131782946,841908.6217966,40090.886752219,0.00305509527754764,0.120953143162181,2572.11105457743
"13303012012","13303",705,19312,129,0.306904099428201,39.5906288262379,21,0.186046511627907,0.286821705426357,0.108527131782946,841908.6217966,40090.886752219,0.0365057995028997,1.44528755812436,30734.5473470693
"13303021001","13303",4186,19312,129,0.306904099428201,39.5906288262379,21,0.186046511627907,0.286821705426357,0.108527131782946,841908.6217966,40090.886752219,0.21675642087821,8.58152300469303,182489.099567138
"13303021002","13303",1963,19312,129,0.306904099428201,39.5906288262379,21,0.186046511627907,0.286821705426357,0.108527131782946,841908.6217966,40090.886752219,0.101646644573322,4.02425457673493,85577.1864429746
"13303021003","13303",1359,19312,129,0.306904099428201,39.5906288262379,21,0.186046511627907,0.286821705426357,0.108527131782946,841908.6217966,40090.886752219,0.070370753935377,2.78602239927803,59245.7444605209
"13303022006","13303",379,19312,129,0.306904099428201,39.5906288262379,21,0.186046511627907,0.286821705426357,0.108527131782946,841908.6217966,40090.886752219,0.0196251035625518,0.776970190821466,16522.5438929635
"13303022007","13303",204,19312,129,0.306904099428201,39.5906288262379,21,0.186046511627907,0.286821705426357,0.108527131782946,841908.6217966,40090.886752219,0.0105633802816901,0.418210867882794,8893.40093447113
"13303022009","13303",1476,19312,129,0.306904099428201,39.5906288262379,21,0.186046511627907,0.286821705426357,0.108527131782946,841908.6217966,40090.886752219,0.0764291632145816,3.02587863232845,64346.3714670558
"13303022011","13303",990,19312,129,0.306904099428201,39.5906288262379,21,0.186046511627907,0.286821705426357,0.108527131782946,841908.6217966,40090.886752219,0.0512634631317316,2.02955274119591,43159.1515937569
"13303032008","13303",847,19312,129,0.306904099428201,39.5906288262379,21,0.186046511627907,0.286821705426357,0.108527131782946,841908.6217966,40090.886752219,0.0438587406793703,1.73639512302317,36925.0519191032
"13303042010","13303",844,19312,129,0.306904099428201,39.5906288262379,21,0.186046511627907,0.286821705426357,0.108527131782946,841908.6217966,40090.886752219,0.0437033968516984,1.73024496320137,36794.2666112433
"13303052002","13303",436,19312,129,0.306904099428201,39.5906288262379,21,0.186046511627907,0.286821705426357,0.108527131782946,841908.6217966,40090.886752219,0.0225766362883181,0.893823227435776,19007.464742301
"13303052004","13303",302,19312,129,0.306904099428201,39.5906288262379,21,0.186046511627907,0.286821705426357,0.108527131782946,841908.6217966,40090.886752219,0.0156379453189727,0.619116088728451,13165.7209912269
"13303991999","13303",13,19312,129,0.306904099428201,39.5906288262379,21,0.186046511627907,0.286821705426357,0.108527131782946,841908.6217966,40090.886752219,0.000673156586578293,0.0266506925611585,566.736334059435
"13401011001","13401",2968,301313,1346,0.334717244294322,450.529410820158,393,0.260029717682021,0.306835066864785,0.202823179791976,16524327.3376825,42046.6344470293,0.00985022219419673,4.4378148015991,162768.295885812
"13401011002","13401",2132,301313,1346,0.334717244294322,450.529410820158,393,0.260029717682021,0.306835066864785,0.202823179791976,16524327.3376825,42046.6344470293,0.00707569869205776,3.18781036287375,116921.161330374
"13401021001","13401",5235,301313,1346,0.334717244294322,450.529410820158,393,0.260029717682021,0.306835066864785,0.202823179791976,16524327.3376825,42046.6344470293,0.0173739599685377,7.8274799482383,287093.001671909
"13401021002","13401",3969,301313,1346,0.334717244294322,450.529410820158,393,0.260029717682021,0.306835066864785,0.202823179791976,16524327.3376825,42046.6344470293,0.0131723490191263,5.93453064270445,217664.206998244
"13401031001","13401",5284,301313,1346,0.334717244294322,450.529410820158,393,0.260029717682021,0.306835066864785,0.202823179791976,16524327.3376825,42046.6344470293,0.0175365815613664,7.90074575864206,289780.214103986
"13401031002","13401",3533,301313,1346,0.334717244294322,450.529410820158,393,0.260029717682021,0.306835066864785,0.202823179791976,16524327.3376825,42046.6344470293,0.0117253487237524,5.28261445217305,193753.500459762
"13401031003","13401",5365,301313,1346,0.334717244294322,450.529410820158,393,0.260029717682021,0.306835066864785,0.202823179791976,16524327.3376825,42046.6344470293,0.0178054050107363,8.02185862890133,294222.34077742
"13401041001","13401",5568,301313,1346,0.334717244294322,450.529410820158,393,0.260029717682021,0.306835066864785,0.202823179791976,16524327.3376825,42046.6344470293,0.0184791230381696,8.32538841485976,305355.077996025
"13401041002","13401",3148,301313,1346,0.334717244294322,450.529410820158,393,0.260029717682021,0.306835066864785,0.202823179791976,16524327.3376825,42046.6344470293,0.010447607637241,4.70695451328638,172639.688493442
"13401041003","13401",4179,301313,1346,0.334717244294322,450.529410820158,393,0.260029717682021,0.306835066864785,0.202823179791976,16524327.3376825,42046.6344470293,0.0138692987026779,6.24852697300628,229180.831707146
"13401041004","13401",3508,301313,1346,0.334717244294322,450.529410820158,393,0.260029717682021,0.306835066864785,0.202823179791976,16524327.3376825,42046.6344470293,0.0116423785233296,5.24523393666093,192382.473708702
"13401051001","13401",3096,301313,1346,0.334717244294322,450.529410820158,393,0.260029717682021,0.306835066864785,0.202823179791976,16524327.3376825,42046.6344470293,0.0102750296203616,4.62920304102116,169787.952851238
"13401051002","13401",4480,301313,1346,0.334717244294322,450.529410820158,393,0.260029717682021,0.306835066864785,0.202823179791976,16524327.3376825,42046.6344470293,0.0148682599157687,6.69858837977222,245687.993789905
"13401051003","13401",5771,301313,1346,0.334717244294322,450.529410820158,393,0.260029717682021,0.306835066864785,0.202823179791976,16524327.3376825,42046.6344470293,0.0191528410656029,8.62891820081819,316487.81521463
"13401051004","13401",942,301313,1346,0.334717244294322,450.529410820158,393,0.260029717682021,0.306835066864785,0.202823179791976,16524327.3376825,42046.6344470293,0.00312631715193171,1.40849782449675,51660.2879799309
"13401051005","13401",4705,301313,1346,0.334717244294322,450.529410820158,393,0.260029717682021,0.306835066864785,0.202823179791976,16524327.3376825,42046.6344470293,0.015614991719574,7.03501301938132,258027.234549442
"13401061001","13401",6952,301313,1346,0.334717244294322,450.529410820158,393,0.260029717682021,0.306835066864785,0.202823179791976,16524327.3376825,42046.6344470293,0.0230723533335767,10.3947737536108,381255.118934692
"13401061002","13401",5432,301313,1346,0.334717244294322,450.529410820158,393,0.260029717682021,0.306835066864785,0.202823179791976,16524327.3376825,42046.6344470293,0.0180277651478695,8.12203841047382,297896.69247026
"13401061003","13401",8617,301313,1346,0.334717244294322,450.529410820158,393,0.260029717682021,0.306835066864785,0.202823179791976,16524327.3376825,42046.6344470293,0.0285981686817363,12.8843160867181,472565.50055527
"13401061004","13401",6944,301313,1346,0.334717244294322,450.529410820158,393,0.260029717682021,0.306835066864785,0.202823179791976,16524327.3376825,42046.6344470293,0.0230458028694414,10.3828119886469,380816.390374353
"13401061005","13401",4402,301313,1346,0.334717244294322,450.529410820158,393,0.260029717682021,0.306835066864785,0.202823179791976,16524327.3376825,42046.6344470293,0.0146093928904495,6.5819611713744,241410.390326598
"13401061006","13401",5000,301313,1346,0.334717244294322,450.529410820158,393,0.260029717682021,0.306835066864785,0.202823179791976,16524327.3376825,42046.6344470293,0.0165940400845632,7.47610310242436,274205.350211947
"13401061007","13401",4447,301313,1346,0.334717244294322,450.529410820158,393,0.260029717682021,0.306835066864785,0.202823179791976,16524327.3376825,42046.6344470293,0.0147587392512105,6.64924609929622,243878.238478506
"13401061008","13401",3118,301313,1346,0.334717244294322,450.529410820158,393,0.260029717682021,0.306835066864785,0.202823179791976,16524327.3376825,42046.6344470293,0.0103480433967336,4.66209789467183,170994.45639217
"13401061009","13401",4581,301313,1346,0.334717244294322,450.529410820158,393,0.260029717682021,0.306835066864785,0.202823179791976,16524327.3376825,42046.6344470293,0.0152034595254768,6.8496056624412,251226.941864186
"13401061010","13401",6467,301313,1346,0.334717244294322,450.529410820158,393,0.260029717682021,0.306835066864785,0.202823179791976,16524327.3376825,42046.6344470293,0.0214627314453741,9.66959175267566,354657.199964133
"13401061011","13401",4678,301313,1346,0.334717244294322,450.529410820158,393,0.260029717682021,0.306835066864785,0.202823179791976,16524327.3376825,42046.6344470293,0.0155253839031174,6.99464206262823,256546.525658298
"13401061012","13401",4722,301313,1346,0.334717244294322,450.529410820158,393,0.260029717682021,0.306835066864785,0.202823179791976,16524327.3376825,42046.6344470293,0.0156714114558615,7.06043176992956,258959.532740163
"13401061013","13401",4686,301313,1346,0.334717244294322,450.529410820158,393,0.260029717682021,0.306835066864785,0.202823179791976,16524327.3376825,42046.6344470293,0.0155519343672527,7.00660382759211,256985.254218637
"13401061014","13401",4988,301313,1346,0.334717244294322,450.529410820158,393,0.260029717682021,0.306835066864785,0.202823179791976,16524327.3376825,42046.6344470293,0.0165542143883603,7.45816045497854,273547.257371439
"13401061015","13401",4205,301313,1346,0.334717244294322,450.529410820158,393,0.260029717682021,0.306835066864785,0.202823179791976,16524327.3376825,42046.6344470293,0.0139555877111177,6.28740270913888,230606.699528248
"13401062004","13401",181,301313,1346,0.334717244294322,450.529410820158,393,0.260029717682021,0.306835066864785,0.202823179791976,16524327.3376825,42046.6344470293,0.000600704251061189,0.270634932307762,9926.23367767249
"13401062005","13401",122,301313,1346,0.334717244294322,450.529410820158,393,0.260029717682021,0.306835066864785,0.202823179791976,16524327.3376825,42046.6344470293,0.000404894578063343,0.182416915699154,6690.61054517152
"13401062009","13401",26,301313,1346,0.334717244294322,450.529410820158,393,0.260029717682021,0.306835066864785,0.202823179791976,16524327.3376825,42046.6344470293,8.62890084397288e-05,0.0388757361326067,1425.86782110213
"13401062012","13401",29,301313,1346,0.334717244294322,450.529410820158,393,0.260029717682021,0.306835066864785,0.202823179791976,16524327.3376825,42046.6344470293,9.62454324904667e-05,0.0433613979940613,1590.39103122929
"13401062016","13401",24,301313,1346,0.334717244294322,450.529410820158,393,0.260029717682021,0.306835066864785,0.202823179791976,16524327.3376825,42046.6344470293,7.96513924059035e-05,0.0358852948916369,1316.18568101735
"13401062018","13401",62,301313,1346,0.334717244294322,450.529410820158,393,0.260029717682021,0.306835066864785,0.202823179791976,16524327.3376825,42046.6344470293,0.000205766097048584,0.092703678470062,3400.14634262815
"13401062020","13401",42,301313,1346,0.334717244294322,450.529410820158,393,0.260029717682021,0.306835066864785,0.202823179791976,16524327.3376825,42046.6344470293,0.000139389936710331,0.0627992660603646,2303.32494178036
"13401071001","13401",4106,301313,1346,0.334717244294322,450.529410820158,393,0.260029717682021,0.306835066864785,0.202823179791976,16524327.3376825,42046.6344470293,0.0136270257174433,6.13937586771088,225177.433594051
"13401071002","13401",7575,301313,1346,0.334717244294322,450.529410820158,393,0.260029717682021,0.306835066864785,0.202823179791976,16524327.3376825,42046.6344470293,0.0251399707281133,11.3262962001729,415421.1055711
"13401081001","13401",3829,301313,1346,0.334717244294322,450.529410820158,393,0.260029717682021,0.306835066864785,0.202823179791976,16524327.3376825,42046.6344470293,0.0127077158967585,5.72519975583657,209986.457192309
"13401081002","13401",4609,301313,1346,0.334717244294322,450.529410820158,393,0.260029717682021,0.306835066864785,0.202823179791976,16524327.3376825,42046.6344470293,0.0152963861499504,6.89147183981477,252762.491825373
"13401081003","13401",4438,301313,1346,0.334717244294322,450.529410820158,393,0.260029717682021,0.306835066864785,0.202823179791976,16524327.3376825,42046.6344470293,0.0147288699790583,6.63578911371186,243384.668848124
"13401081004","13401",5139,301313,1346,0.334717244294322,450.529410820158,393,0.260029717682021,0.306835066864785,0.202823179791976,16524327.3376825,42046.6344470293,0.0170553543989141,7.68393876867175,281828.258947839
"13401081005","13401",4235,301313,1346,0.334717244294322,450.529410820158,393,0.260029717682021,0.306835066864785,0.202823179791976,16524327.3376825,42046.6344470293,0.0140551519516251,6.33225932775343,232251.931629519
"13401081006","13401",3778,301313,1346,0.334717244294322,450.529410820158,393,0.260029717682021,0.306835066864785,0.202823179791976,16524327.3376825,42046.6344470293,0.012538456687896,5.64894350419184,207189.562620147
"13401081007","13401",4969,301313,1346,0.334717244294322,450.529410820158,393,0.260029717682021,0.306835066864785,0.202823179791976,16524327.3376825,42046.6344470293,0.0164911570360389,7.42975126318932,272505.277040633
"13401081008","13401",4087,301313,1346,0.334717244294322,450.529410820158,393,0.260029717682021,0.306835066864785,0.202823179791976,16524327.3376825,42046.6344470293,0.013563968365122,6.11096667592167,224135.453263246
"13401081009","13401",1726,301313,1346,0.334717244294322,450.529410820158,393,0.260029717682021,0.306835066864785,0.202823179791976,16524327.3376825,42046.6344470293,0.00572826263719123,2.58075079095689,94655.6868931642
"13401082002","13401",421,301313,1346,0.334717244294322,450.529410820158,393,0.260029717682021,0.306835066864785,0.202823179791976,16524327.3376825,42046.6344470293,0.00139721817512022,0.629487881224131,23088.090487846
"13401082003","13401",518,301313,1346,0.334717244294322,450.529410820158,393,0.260029717682021,0.306835066864785,0.202823179791976,16524327.3376825,42046.6344470293,0.00171914255276075,0.774524281411163,28407.6742819577
"13401082013","13401",195,301313,1346,0.334717244294322,450.529410820158,393,0.260029717682021,0.306835066864785,0.202823179791976,16524327.3376825,42046.6344470293,0.000647167563297966,0.29156802099455,10694.0086582659
"13401082021","13401",548,301313,1346,0.334717244294322,450.529410820158,393,0.260029717682021,0.306835066864785,0.202823179791976,16524327.3376825,42046.6344470293,0.00181870679326813,0.81938090002571,30052.9063832294
"13401091001","13401",2954,301313,1346,0.334717244294322,450.529410820158,393,0.260029717682021,0.306835066864785,0.202823179791976,16524327.3376825,42046.6344470293,0.00980375888195996,4.41688171291231,162000.520905218
"13401091002","13401",4259,301313,1346,0.334717244294322,450.529410820158,393,0.260029717682021,0.306835066864785,0.202823179791976,16524327.3376825,42046.6344470293,0.014134803344031,6.36814462264507,233568.117310537
"13401091003","13401",4112,301313,1346,0.334717244294322,450.529410820158,393,0.260029717682021,0.306835066864785,0.202823179791976,16524327.3376825,42046.6344470293,0.0136469385655448,6.14834719143379,225506.480014306
"13401091004","13401",3072,301313,1346,0.334717244294322,450.529410820158,393,0.260029717682021,0.306835066864785,0.202823179791976,16524327.3376825,42046.6344470293,0.0101953782279556,4.59331774612952,168471.76717022
"13401101001","13401",4186,301313,1346,0.334717244294322,450.529410820158,393,0.260029717682021,0.306835066864785,0.202823179791976,16524327.3376825,42046.6344470293,0.0138925303587963,6.25899351734967,229564.719197442
"13401101002","13401",3900,301313,1346,0.334717244294322,450.529410820158,393,0.260029717682021,0.306835066864785,0.202823179791976,16524327.3376825,42046.6344470293,0.0129433512659593,5.831360419891,213880.173165319
"13401101003","13401",1935,301313,1346,0.334717244294322,450.529410820158,393,0.260029717682021,0.306835066864785,0.202823179791976,16524327.3376825,42046.6344470293,0.00642189351272597,2.89325190063823,106117.470532024
"13401101004","13401",1773,301313,1346,0.334717244294322,450.529410820158,393,0.260029717682021,0.306835066864785,0.202823179791976,16524327.3376825,42046.6344470293,0.00588424661398612,2.65102616011968,97233.2171851565
"13401101005","13401",1536,301313,1346,0.334717244294322,450.529410820158,393,0.260029717682021,0.306835066864785,0.202823179791976,16524327.3376825,42046.6344470293,0.00509768911397782,2.29665887306476,84235.8835851102
"13401101006","13401",4261,301313,1346,0.334717244294322,450.529410820158,393,0.260029717682021,0.306835066864785,0.202823179791976,16524327.3376825,42046.6344470293,0.0141414409600648,6.37113506388604,233677.799450622
"13401111001","13401",9518,301313,1346,0.334717244294322,450.529410820158,393,0.260029717682021,0.306835066864785,0.202823179791976,16524327.3376825,42046.6344470293,0.0315884147049746,14.231509865775,521977.304663463
"13401111002","13401",3390,301313,1346,0.334717244294322,450.529410820158,393,0.260029717682021,0.306835066864785,0.202823179791976,16524327.3376825,42046.6344470293,0.0112507591773339,5.06879790344371,185911.2274437
"13401111003","13401",407,301313,1346,0.334717244294322,450.529410820158,393,0.260029717682021,0.306835066864785,0.202823179791976,16524327.3376825,42046.6344470293,0.00135075486288345,0.608554792537343,22320.3155072525
"13401111004","13401",2506,301313,1346,0.334717244294322,450.529410820158,393,0.260029717682021,0.306835066864785,0.202823179791976,16524327.3376825,42046.6344470293,0.00831693289038309,3.74702287493509,137431.721526228
"13401111005","13401",4423,301313,1346,0.334717244294322,450.529410820158,393,0.260029717682021,0.306835066864785,0.202823179791976,16524327.3376825,42046.6344470293,0.0146790878588046,6.61336080440459,242562.052797489
"13401111006","13401",4422,301313,1346,0.334717244294322,450.529410820158,393,0.260029717682021,0.306835066864785,0.202823179791976,16524327.3376825,42046.6344470293,0.0146757690507877,6.6118655837841,242507.211727446
"13401112001","13401",49,301313,1346,0.334717244294322,450.529410820158,393,0.260029717682021,0.306835066864785,0.202823179791976,16524327.3376825,42046.6344470293,0.00016262159282872,0.0732658104037587,2687.21243207708
"13401112008","13401",20,301313,1346,0.334717244294322,450.529410820158,393,0.260029717682021,0.306835066864785,0.202823179791976,16524327.3376825,42046.6344470293,6.63761603382529e-05,0.0299044124096974,1096.82140084779
"13401112014","13401",22,301313,1346,0.334717244294322,450.529410820158,393,0.260029717682021,0.306835066864785,0.202823179791976,16524327.3376825,42046.6344470293,7.30137763720782e-05,0.0328948536506672,1206.50354093257
"13401112015","13401",393,301313,1346,0.334717244294322,450.529410820158,393,0.260029717682021,0.306835066864785,0.202823179791976,16524327.3376825,42046.6344470293,0.00130429155064667,0.587621703850554,21552.5405266591
"13401121001","13401",4638,301313,1346,0.334717244294322,450.529410820158,393,0.260029717682021,0.306835066864785,0.202823179791976,16524327.3376825,42046.6344470293,0.0153926315824409,6.93483323780883,254352.882856602
"13401122006","13401",1142,301313,1346,0.334717244294322,450.529410820158,393,0.260029717682021,0.306835066864785,0.202823179791976,16524327.3376825,42046.6344470293,0.00379007875531424,1.70754194859372,62628.5019884088
"13401122007","13401",566,301313,1346,0.334717244294322,450.529410820158,393,0.260029717682021,0.306835066864785,0.202823179791976,16524327.3376825,42046.6344470293,0.00187844533757256,0.846294871194437,31040.0456439924
"13401122010","13401",328,301313,1346,0.334717244294322,450.529410820158,393,0.260029717682021,0.306835066864785,0.202823179791976,16524327.3376825,42046.6344470293,0.00108856902954735,0.490432363519038,17987.8709739037
"13401122011","13401",354,301313,1346,0.334717244294322,450.529410820158,393,0.260029717682021,0.306835066864785,0.202823179791976,16524327.3376825,42046.6344470293,0.00117485803798708,0.529308099651644,19413.7387950059
"13401122019","13401",23,301313,1346,0.334717244294322,450.529410820158,393,0.260029717682021,0.306835066864785,0.202823179791976,16524327.3376825,42046.6344470293,7.63325843889909e-05,0.034390074271152,1261.34461097496
"13401131001","13401",3598,301313,1346,0.334717244294322,450.529410820158,393,0.260029717682021,0.306835066864785,0.202823179791976,16524327.3376825,42046.6344470293,0.0119410712448517,5.37980379250457,197318.170012517
"13401131002","13401",4231,301313,1346,0.334717244294322,450.529410820158,393,0.260029717682021,0.306835066864785,0.202823179791976,16524327.3376825,42046.6344470293,0.0140418767195574,6.32627844527149,232032.56734935
"13401131003","13401",2755,301313,1346,0.334717244294322,450.529410820158,393,0.260029717682021,0.306835066864785,0.202823179791976,16524327.3376825,42046.6344470293,0.00914331608659434,4.11933280943582,151087.147966783
"13401131004","13401",2331,301313,1346,0.334717244294322,450.529410820158,393,0.260029717682021,0.306835066864785,0.202823179791976,16524327.3376825,42046.6344470293,0.00773614148742338,3.48535926635024,127834.53426881
"13401141001","13401",3997,301313,1346,0.334717244294322,450.529410820158,393,0.260029717682021,0.306835066864785,0.202823179791976,16524327.3376825,42046.6344470293,0.0132652756435998,5.97639682007803,219199.756959431
"13401141002","13401",2857,301313,1346,0.334717244294322,450.529410820158,393,0.260029717682021,0.306835066864785,0.202823179791976,16524327.3376825,42046.6344470293,0.00948183450431943,4.27184531272528,156680.937111107
"13401141003","13401",10812,301313,1346,0.334717244294322,450.529410820158,393,0.260029717682021,0.306835066864785,0.202823179791976,16524327.3376825,42046.6344470293,0.0358829522788595,16.1663253486824,592941.649298315
"13401141004","13401",8396,301313,1346,0.334717244294322,450.529410820158,393,0.260029717682021,0.306835066864785,0.202823179791976,16524327.3376825,42046.6344470293,0.0278647121099986,12.553872329591,460445.624075902
"13401141005","13401",3668,301313,1346,0.334717244294322,450.529410820158,393,0.260029717682021,0.306835066864785,0.202823179791976,16524327.3376825,42046.6344470293,0.0121733878060356,5.48446923593851,201157.044915485
"13401991999","13401",698,301313,1346,0.334717244294322,450.529410820158,393,0.260029717682021,0.306835066864785,0.202823179791976,16524327.3376825,42046.6344470293,0.00231652799580503,1.04366399309844,38279.0668895878
"13402011001","13402",5783,96614,473,0.352834425451415,166.890683238519,167,0.289640591966173,0.319238900634249,0.247357293868922,7028296.68696941,42085.6089040084,0.0598567495394042,9.98953382706808,420690.994480552
"13402011002","13402",2284,96614,473,0.352834425451415,166.890683238519,167,0.289640591966173,0.319238900634249,0.247357293868922,7028296.68696941,42085.6089040084,0.0236404661850249,3.94537355369592,166152.210166623
"13402011003","13402",2725,96614,473,0.352834425451415,166.890683238519,167,0.289640591966173,0.319238900634249,0.247357293868922,7028296.68696941,42085.6089040084,0.0282050220464943,4.70715540009693,198233.263005275
"13402011004","13402",2669,96614,473,0.352834425451415,166.890683238519,167,0.289640591966173,0.319238900634249,0.247357293868922,7028296.68696941,42085.6089040084,0.0276253959053553,4.61042119737934,194159.478517827
"13402011005","13402",4677,96614,473,0.352834425451415,166.890683238519,167,0.289640591966173,0.319238900634249,0.247357293868922,7028296.68696941,42085.6089040084,0.0484091332519097,8.07903332339572,340233.750853457
"13402011006","13402",5956,96614,473,0.352834425451415,166.890683238519,167,0.289640591966173,0.319238900634249,0.247357293868922,7028296.68696941,42085.6089040084,0.0616473802968514,10.2883734176063,433276.078700704
"13402011007","13402",4174,96614,473,0.352834425451415,166.890683238519,167,0.289640591966173,0.319238900634249,0.247357293868922,7028296.68696941,42085.6089040084,0.043202848448465,7.21015289541452,303642.436617988
"13402011008","13402",3037,96614,473,0.352834425451415,166.890683238519,167,0.289640591966173,0.319238900634249,0.247357293868922,7028296.68696941,42085.6089040084,0.0314343676899828,5.24610310095206,220930.062292484
"13402011009","13402",451,96614,473,0.352834425451415,166.890683238519,167,0.289640591966173,0.319238900634249,0.247357293868922,7028296.68696941,42085.6089040084,0.00466806052952988,0.779055811172005,32808.5143542675
"13402011010","13402",6347,96614,473,0.352834425451415,166.890683238519,167,0.289640591966173,0.319238900634249,0.247357293868922,7028296.68696941,42085.6089040084,0.0656944128180181,10.9637854401524,461719.823961277
"13402012002","13402",990,96614,473,0.352834425451415,166.890683238519,167,0.289640591966173,0.319238900634249,0.247357293868922,7028296.68696941,42085.6089040084,0.0102469621379924,1.71012251232879,72018.6900459531
"13402021001","13402",3061,96614,473,0.352834425451415,166.890683238519,167,0.289640591966173,0.319238900634249,0.247357293868922,7028296.68696941,42085.6089040084,0.0316827788933281,5.28756061640246,222675.969929962
"13402021002","13402",3939,96614,473,0.352834425451415,166.890683238519,167,0.289640591966173,0.319238900634249,0.247357293868922,7028296.68696941,42085.6089040084,0.0407704887490426,6.80421472329607,286547.091001019
"13402021003","13402",4177,96614,473,0.352834425451415,166.890683238519,167,0.289640591966173,0.319238900634249,0.247357293868922,7028296.68696941,42085.6089040084,0.0432338998488832,7.21533508484582,303860.675072673
"13402022001","13402",1034,96614,473,0.352834425451415,166.890683238519,167,0.289640591966173,0.319238900634249,0.247357293868922,7028296.68696941,42085.6089040084,0.0107023826774588,1.78612795732118,75219.5207146621
"13402022012","13402",258,96614,473,0.352834425451415,166.890683238519,167,0.289640591966173,0.319238900634249,0.247357293868922,7028296.68696941,42085.6089040084,0.00267042043596166,0.445668291091746,18768.5071028847
"13402022013","13402",120,96614,473,0.352834425451415,166.890683238519,167,0.289640591966173,0.319238900634249,0.247357293868922,7028296.68696941,42085.6089040084,0.00124205601672635,0.207287577251975,8729.53818738826
"13402031001","13402",2996,96614,473,0.352834425451415,166.890683238519,167,0.289640591966173,0.319238900634249,0.247357293868922,7028296.68696941,42085.6089040084,0.0310099985509346,5.17527984539097,217947.47007846
"13402031002","13402",5928,96614,473,0.352834425451415,166.890683238519,167,0.289640591966173,0.319238900634249,0.247357293868922,7028296.68696941,42085.6089040084,0.0613575672262819,10.2400063162476,431239.18645698
"13402032004","13402",984,96614,473,0.352834425451415,166.890683238519,167,0.289640591966173,0.319238900634249,0.247357293868922,7028296.68696941,42085.6089040084,0.0101848593371561,1.69975813346619,71582.2131365837
"13402032010","13402",2381,96614,473,0.352834425451415,166.890683238519,167,0.289640591966173,0.319238900634249,0.247357293868922,7028296.68696941,42085.6089040084,0.0246444614652121,4.1129310119746,173208.586868095
"13402041001","13402",5153,96614,473,0.352834425451415,166.890683238519,167,0.289640591966173,0.319238900634249,0.247357293868922,7028296.68696941,42085.6089040084,0.0533359554515909,8.90127404649522,374860.918996764
"13402041002","13402",3449,96614,473,0.352834425451415,166.890683238519,167,0.289640591966173,0.319238900634249,0.247357293868922,7028296.68696941,42085.6089040084,0.0356987600140766,5.95779044951717,250901.476735851
"13402041003","13402",5801,96614,473,0.352834425451415,166.890683238519,167,0.289640591966173,0.319238900634249,0.247357293868922,7028296.68696941,42085.6089040084,0.0600430579419132,10.0206269636559,422000.425208661
"13402042002","13402",36,96614,473,0.352834425451415,166.890683238519,167,0.289640591966173,0.319238900634249,0.247357293868922,7028296.68696941,42085.6089040084,0.000372616805017906,0.0621862731755924,2618.86145621648
"13402042004","13402",239,96614,473,0.352834425451415,166.890683238519,167,0.289640591966173,0.319238900634249,0.247357293868922,7028296.68696941,42085.6089040084,0.00247376156664666,0.41284775802685,17386.3302232149
"13402042008","13402",379,96614,473,0.352834425451415,166.890683238519,167,0.289640591966173,0.319238900634249,0.247357293868922,7028296.68696941,42085.6089040084,0.00392282691949407,0.65468326482082,27570.7914418346
"13402042014","13402",23,96614,473,0.352834425451415,166.890683238519,167,0.289640591966173,0.319238900634249,0.247357293868922,7028296.68696941,42085.6089040084,0.000238060736539218,0.0397301189732952,1673.16148591608
"13402042015","13402",291,96614,473,0.352834425451415,166.890683238519,167,0.289640591966173,0.319238900634249,0.247357293868922,7028296.68696941,42085.6089040084,0.00301198584056141,0.502672374836039,21169.1301044165
"13402051001","13402",2609,96614,473,0.352834425451415,166.890683238519,167,0.289640591966173,0.319238900634249,0.247357293868922,7028296.68696941,42085.6089040084,0.0270043678969922,4.50677740875335,189794.709424133
"13402051002","13402",4760,96614,473,0.352834425451415,166.890683238519,167,0.289640591966173,0.319238900634249,0.247357293868922,7028296.68696941,42085.6089040084,0.0492682219968121,8.222407230995,346271.681433067
"13402052003","13402",671,96614,473,0.352834425451415,166.890683238519,167,0.289640591966173,0.319238900634249,0.247357293868922,7028296.68696941,42085.6089040084,0.00694516322686153,1.15908303613396,48812.6676978127
"13402052008","13402",85,96614,473,0.352834425451415,166.890683238519,167,0.289640591966173,0.319238900634249,0.247357293868922,7028296.68696941,42085.6089040084,0.000879789678514501,0.146828700553482,6183.42288273335
"13402052009","13402",244,96614,473,0.352834425451415,166.890683238519,167,0.289640591966173,0.319238900634249,0.247357293868922,7028296.68696941,42085.6089040084,0.00252551390067692,0.421484740412349,17750.0609810228
"13402052011","13402",132,96614,473,0.352834425451415,166.890683238519,167,0.289640591966173,0.319238900634249,0.247357293868922,7028296.68696941,42085.6089040084,0.00136626161839899,0.228016334977172,9602.49200612708
"13402052016","13402",631,96614,473,0.352834425451415,166.890683238519,167,0.289640591966173,0.319238900634249,0.247357293868922,7028296.68696941,42085.6089040084,0.00653114455461941,1.08998717704997,45902.8216353499
"13402052017","13402",2004,96614,473,0.352834425451415,166.890683238519,167,0.289640591966173,0.319238900634249,0.247357293868922,7028296.68696941,42085.6089040084,0.0207423354793301,3.46170254010798,145783.287729384
"13402061001","13402",2362,96614,473,0.352834425451415,166.890683238519,167,0.289640591966173,0.319238900634249,0.247357293868922,7028296.68696941,42085.6089040084,0.0244478025958971,4.0801104789097,171826.409988425
"13402062005","13402",488,96614,473,0.352834425451415,166.890683238519,167,0.289640591966173,0.319238900634249,0.247357293868922,7028296.68696941,42085.6089040084,0.00505102780135384,0.842969480824698,35500.1219620456
"13402062006","13402",1935,96614,473,0.352834425451415,166.890683238519,167,0.289640591966173,0.319238900634249,0.247357293868922,7028296.68696941,42085.6089040084,0.0200281532697125,3.34251218318809,140763.803271636
"13402062007","13402",491,96614,473,0.352834425451415,166.890683238519,167,0.289640591966173,0.319238900634249,0.247357293868922,7028296.68696941,42085.6089040084,0.005082079201772,0.848151670255997,35718.3604167303
"13402062012","13402",125,96614,473,0.352834425451415,166.890683238519,167,0.289640591966173,0.319238900634249,0.247357293868922,7028296.68696941,42085.6089040084,0.00129380835075662,0.215924559637474,9093.2689451961
"13402062013","13402",162,96614,473,0.352834425451415,166.890683238519,167,0.289640591966173,0.319238900634249,0.247357293868922,7028296.68696941,42085.6089040084,0.00167677562258058,0.279838229290166,11784.8765529741
"13402991999","13402",573,96614,473,0.352834425451415,166.890683238519,167,0.289640591966173,0.319238900634249,0.247357293868922,7028296.68696941,42085.6089040084,0.00593081747986834,0.98979818137818,41683.5448447789
"13403011001","13403",428,25392,239,0.325502085349718,77.7949983985825,59,0.259414225941423,0.334728033472803,0.175732217573222,2384868.46468888,40421.4994015064,0.0168557025834909,1.31128935548965,40198.6335415422
"13403011002","13403",1625,25392,239,0.325502085349718,77.7949983985825,59,0.259414225941423,0.334728033472803,0.175732217573222,2384868.46468888,40421.4994015064,0.0639965343415249,4.97861028661376,152623.316600481
"13403012003","13403",1087,25392,239,0.325502085349718,77.7949983985825,59,0.259414225941423,0.334728033472803,0.175732217573222,2384868.46468888,40421.4994015064,0.0428087586641462,3.33030731172256,102093.258550599
"13403012004","13403",1041,25392,239,0.325502085349718,77.7949983985825,59,0.259414225941423,0.334728033472803,0.175732217573222,2384868.46468888,40421.4994015064,0.0409971644612476,3.18937434360918,97772.844665293
"13403012008","13403",963,25392,239,0.325502085349718,77.7949983985825,59,0.259414225941423,0.334728033472803,0.175732217573222,2384868.46468888,40421.4994015064,0.0379253308128544,2.95040104985172,90446.9254684699
"13403012013","13403",219,25392,239,0.325502085349718,77.7949983985825,59,0.259414225941423,0.334728033472803,0.175732217573222,2384868.46468888,40421.4994015064,0.00862476370510397,0.670963478626716,20568.9269756956
"13403021001","13403",1365,25392,239,0.325502085349718,77.7949983985825,59,0.259414225941423,0.334728033472803,0.175732217573222,2384868.46468888,40421.4994015064,0.0537570888468809,4.18203264075556,128203.585944404
"13403021002","13403",42,25392,239,0.325502085349718,77.7949983985825,59,0.259414225941423,0.334728033472803,0.175732217573222,2384868.46468888,40421.4994015064,0.00165406427221172,0.128677927407863,3944.72572136629
"13403021003","13403",123,25392,239,0.325502085349718,77.7949983985825,59,0.259414225941423,0.334728033472803,0.175732217573222,2384868.46468888,40421.4994015064,0.00484404536862004,0.376842501694457,11552.4110411441
"13403022001","13403",87,25392,239,0.325502085349718,77.7949983985825,59,0.259414225941423,0.334728033472803,0.175732217573222,2384868.46468888,40421.4994015064,0.00342627599243856,0.26654713534486,8171.21756568731
"13403022008","13403",786,25392,239,0.325502085349718,77.7949983985825,59,0.259414225941423,0.334728033472803,0.175732217573222,2384868.46468888,40421.4994015064,0.0309546313799622,2.40811549863287,73822.7242141405
"13403022011","13403",532,25392,239,0.325502085349718,77.7949983985825,59,0.259414225941423,0.334728033472803,0.175732217573222,2384868.46468888,40421.4994015064,0.0209514807813485,1.62992041383294,49966.525803973
"13403022013","13403",596,25392,239,0.325502085349718,77.7949983985825,59,0.259414225941423,0.334728033472803,0.175732217573222,2384868.46468888,40421.4994015064,0.0234719596723377,1.82600106512111,55977.5364270073
"13403022014","13403",658,25392,239,0.325502085349718,77.7949983985825,59,0.259414225941423,0.334728033472803,0.175732217573222,2384868.46468888,40421.4994015064,0.0259136735979836,2.01595419605653,61800.7029680718
"13403022018","13403",363,25392,239,0.325502085349718,77.7949983985825,59,0.259414225941423,0.334728033472803,0.175732217573222,2384868.46468888,40421.4994015064,0.0142958412098299,1.1121449440251,34093.7008775229
"13403032001","13403",600,25392,239,0.325502085349718,77.7949983985825,59,0.259414225941423,0.334728033472803,0.175732217573222,2384868.46468888,40421.4994015064,0.0236294896030246,1.83825610582662,56353.224590947
"13403032007","13403",306,25392,239,0.325502085349718,77.7949983985825,59,0.259414225941423,0.334728033472803,0.175732217573222,2384868.46468888,40421.4994015064,0.0120510396975425,0.937510613971576,28740.144541383
"13403032016","13403",898,25392,239,0.325502085349718,77.7949983985825,59,0.259414225941423,0.334728033472803,0.175732217573222,2384868.46468888,40421.4994015064,0.0353654694391934,2.75125663838717,84341.9928044507
"13403041001","13403",145,25392,239,0.325502085349718,77.7949983985825,59,0.259414225941423,0.334728033472803,0.175732217573222,2384868.46468888,40421.4994015064,0.00571045998739761,0.444245225574766,13618.6959428122
"13403042002","13403",793,25392,239,0.325502085349718,77.7949983985825,59,0.259414225941423,0.334728033472803,0.175732217573222,2384868.46468888,40421.4994015064,0.0312303087586641,2.42956181986751,74480.1785010349
"13403042005","13403",616,25392,239,0.325502085349718,77.7949983985825,59,0.259414225941423,0.334728033472803,0.175732217573222,2384868.46468888,40421.4994015064,0.0242596093257719,1.88727626864866,57855.9772467056
"13403042009","13403",1810,25392,239,0.325502085349718,77.7949983985825,59,0.259414225941423,0.334728033472803,0.175732217573222,2384868.46468888,40421.4994015064,0.0712822936357908,5.54540591924363,169998.89418269
"13403042010","13403",110,25392,239,0.325502085349718,77.7949983985825,59,0.259414225941423,0.334728033472803,0.175732217573222,2384868.46468888,40421.4994015064,0.00433207309388784,0.337013619401547,10331.4245083403
"13403042012","13403",485,25392,239,0.325502085349718,77.7949983985825,59,0.259414225941423,0.334728033472803,0.175732217573222,2384868.46468888,40421.4994015064,0.0191005040957782,1.48592368554318,45552.1898776821
"13403042015","13403",689,25392,239,0.325502085349718,77.7949983985825,59,0.259414225941423,0.334728033472803,0.175732217573222,2384868.46468888,40421.4994015064,0.0271345305608066,2.11093076152423,64712.2862386041
"13403051001","13403",4615,25392,239,0.325502085349718,77.7949983985825,59,0.259414225941423,0.334728033472803,0.175732217573222,2384868.46468888,40421.4994015064,0.181750157529931,14.1392532139831,433450.219145367
"13403051002","13403",3145,25392,239,0.325502085349718,77.7949983985825,59,0.259414225941423,0.334728033472803,0.175732217573222,2384868.46468888,40421.4994015064,0.12385790800252,9.63552575470786,295384.818897547
"13403052002","13403",651,25392,239,0.325502085349718,77.7949983985825,59,0.259414225941423,0.334728033472803,0.175732217573222,2384868.46468888,40421.4994015064,0.0256379962192817,1.99450787482188,61143.2486811775
"13403052010","13403",518,25392,239,0.325502085349718,77.7949983985825,59,0.259414225941423,0.334728033472803,0.175732217573222,2384868.46468888,40421.4994015064,0.0204001260239445,1.58702777136365,48651.6172301842
"13403052017","13403",39,25392,239,0.325502085349718,77.7949983985825,59,0.259414225941423,0.334728033472803,0.175732217573222,2384868.46468888,40421.4994015064,0.0015359168241966,0.11948664687873,3662.95959841155
"13403991999","13403",57,25392,239,0.325502085349718,77.7949983985825,59,0.259414225941423,0.334728033472803,0.175732217573222,2384868.46468888,40421.4994015064,0.00224480151228733,0.174634330053529,5353.55633613996
"13404011001","13404",5463,72759,362,0.336142257876525,121.683497351302,108,0.281767955801105,0.30939226519337,0.196132596685083,4537680.93097916,42015.564175733,0.0750834948253824,9.13642224371092,340704.94270041
"13404011002","13404",2435,72759,362,0.336142257876525,121.683497351302,108,0.281767955801105,0.30939226519337,0.196132596685083,4537680.93097916,42015.564175733,0.0334666501738617,4.07233903778805,151860.980317682
"13404011003","13404",5608,72759,362,0.336142257876525,121.683497351302,108,0.281767955801105,0.30939226519337,0.196132596685083,4537680.93097916,42015.564175733,0.0770763754312181,9.37892292563259,349747.999023229
"13404012032","13404",1417,72759,362,0.336142257876525,121.683497351302,108,0.281767955801105,0.30939226519337,0.196132596685083,4537680.93097916,42015.564175733,0.0194752539204772,2.36981700884832,88372.4883409265
"13404021001","13404",4538,72759,362,0.336142257876525,121.683497351302,108,0.281767955801105,0.30939226519337,0.196132596685083,4537680.93097916,42015.564175733,0.0623702909605685,7.58943513490027,283016.479951393
"13404022009","13404",77,72759,362,0.336142257876525,121.683497351302,108,0.281767955801105,0.30939226519337,0.196132596685083,4537680.93097916,42015.564175733,0.00105828832171965,0.128776224192887,4802.17473694519
"13404022010","13404",317,72759,362,0.336142257876525,121.683497351302,108,0.281767955801105,0.30939226519337,0.196132596685083,4537680.93097916,42015.564175733,0.00435684932448219,0.530156663235651,19769.9920988523
"13404022026","13404",303,72759,362,0.336142257876525,121.683497351302,108,0.281767955801105,0.30939226519337,0.196132596685083,4537680.93097916,42015.564175733,0.00416443326598771,0.50674280429149,18896.8694194077
"13404022032","13404",724,72759,362,0.336142257876525,121.683497351302,108,0.281767955801105,0.30939226519337,0.196132596685083,4537680.93097916,42015.564175733,0.00995065902500034,1.21083099111234,45152.9157084197
"13404022038","13404",47,72759,362,0.336142257876525,121.683497351302,108,0.281767955801105,0.30939226519337,0.196132596685083,4537680.93097916,42015.564175733,0.000645968196374332,0.0786036693125414,2931.19756670681
"13404031001","13404",1459,72759,362,0.336142257876525,121.683497351302,108,0.281767955801105,0.30939226519337,0.196132596685083,4537680.93097916,42015.564175733,0.0200525020959606,2.44005858568081,90991.8563792602
"13404032025","13404",4098,72759,362,0.336142257876525,121.683497351302,108,0.281767955801105,0.30939226519337,0.196132596685083,4537680.93097916,42015.564175733,0.0563229291221705,6.8535709966552,255575.481454564
"13404041001","13404",587,72759,362,0.336142257876525,121.683497351302,108,0.281767955801105,0.30939226519337,0.196132596685083,4537680.93097916,42015.564175733,0.00806773045259006,0.981709657158761,36608.7866309978
"13404041002","13404",70,72759,362,0.336142257876525,121.683497351302,108,0.281767955801105,0.30939226519337,0.196132596685083,4537680.93097916,42015.564175733,0.000962080292472409,0.117069294720806,4365.6133972229
"13404042002","13404",193,72759,362,0.336142257876525,121.683497351302,108,0.281767955801105,0.30939226519337,0.196132596685083,4537680.93097916,42015.564175733,0.00265259280638821,0.322776769730223,12036.6197952003
"13404042007","13404",25,72759,362,0.336142257876525,121.683497351302,108,0.281767955801105,0.30939226519337,0.196132596685083,4537680.93097916,42015.564175733,0.000343600104454432,0.041810462400288,1559.14764186532
"13404042008","13404",118,72759,362,0.336142257876525,121.683497351302,108,0.281767955801105,0.30939226519337,0.196132596685083,4537680.93097916,42015.564175733,0.00162179249302492,0.197345382529359,7359.17686960432
"13404042018","13404",81,72759,362,0.336142257876525,121.683497351302,108,0.281767955801105,0.30939226519337,0.196132596685083,4537680.93097916,42015.564175733,0.00111326433843236,0.135465898176933,5051.63835964364
"13404042034","13404",123,72759,362,0.336142257876525,121.683497351302,108,0.281767955801105,0.30939226519337,0.196132596685083,4537680.93097916,42015.564175733,0.0016905125139158,0.205707475009417,7671.00639797738
"13404042036","13404",1964,72759,362,0.336142257876525,121.683497351302,108,0.281767955801105,0.30939226519337,0.196132596685083,4537680.93097916,42015.564175733,0.0269932242059402,3.28462992616662,122486.63874494
"13404051001","13404",1020,72759,362,0.336142257876525,121.683497351302,108,0.281767955801105,0.30939226519337,0.196132596685083,4537680.93097916,42015.564175733,0.0140188842617408,1.70586686593175,63613.2237881051
"13404052011","13404",835,72759,362,0.336142257876525,121.683497351302,108,0.281767955801105,0.30939226519337,0.196132596685083,4537680.93097916,42015.564175733,0.011476243488778,1.39646944416962,52075.5312383018
"13404052012","13404",281,72759,362,0.336142257876525,121.683497351302,108,0.281767955801105,0.30939226519337,0.196132596685083,4537680.93097916,42015.564175733,0.00386206517406781,0.469949597379237,17524.8194945662
"13404052016","13404",1154,72759,362,0.336142257876525,121.683497351302,108,0.281767955801105,0.30939226519337,0.196132596685083,4537680.93097916,42015.564175733,0.0158605808216166,1.92997094439729,71970.2551485033
"13404052019","13404",914,72759,362,0.336142257876525,121.683497351302,108,0.281767955801105,0.30939226519337,0.196132596685083,4537680.93097916,42015.564175733,0.012562019818854,1.52859050535453,57002.4377865962
"13404061001","13404",4014,72759,362,0.336142257876525,121.683497351302,108,0.281767955801105,0.30939226519337,0.196132596685083,4537680.93097916,42015.564175733,0.0551684327712036,6.71308784299023,250336.745377896
"13404061002","13404",3738,72759,362,0.336142257876525,121.683497351302,108,0.281767955801105,0.30939226519337,0.196132596685083,4537680.93097916,42015.564175733,0.0513750876180266,6.25150033809105,233123.755411703
"13404061003","13404",5985,72759,362,0.336142257876525,121.683497351302,108,0.281767955801105,0.30939226519337,0.196132596685083,4537680.93097916,42015.564175733,0.082257865006391,10.0094246986289,373259.945462558
"13404061004","13404",4074,72759,362,0.336142257876525,121.683497351302,108,0.281767955801105,0.30939226519337,0.196132596685083,4537680.93097916,42015.564175733,0.0559930730218942,6.81343295275092,254078.699718373
"13404062005","13404",48,72759,362,0.336142257876525,121.683497351302,108,0.281767955801105,0.30939226519337,0.196132596685083,4537680.93097916,42015.564175733,0.000659712200552509,0.0802760878085529,2993.56347238142
"13404062014","13404",13,72759,362,0.336142257876525,121.683497351302,108,0.281767955801105,0.30939226519337,0.196132596685083,4537680.93097916,42015.564175733,0.000178672054316305,0.0217414404481497,810.756773769967
"13404062022","13404",113,72759,362,0.336142257876525,121.683497351302,108,0.281767955801105,0.30939226519337,0.196132596685083,4537680.93097916,42015.564175733,0.00155307247213403,0.188983290049302,7047.34734123126
"13404062028","13404",1462,72759,362,0.336142257876525,121.683497351302,108,0.281767955801105,0.30939226519337,0.196132596685083,4537680.93097916,42015.564175733,0.0200937341084952,2.44507584116884,91178.954096284
"13404062030","13404",522,72759,362,0.336142257876525,121.683497351302,108,0.281767955801105,0.30939226519337,0.196132596685083,4537680.93097916,42015.564175733,0.00717437018100853,0.873002454918012,32555.0027621479
"13404062032","13404",112,72759,362,0.336142257876525,121.683497351302,108,0.281767955801105,0.30939226519337,0.196132596685083,4537680.93097916,42015.564175733,0.00153932846795585,0.18731087155329,6984.98143555664
"13404062037","13404",180,72759,362,0.336142257876525,121.683497351302,108,0.281767955801105,0.30939226519337,0.196132596685083,4537680.93097916,42015.564175733,0.00247392075207191,0.301035329282073,11225.8630214303
"13404062039","13404",496,72759,362,0.336142257876525,121.683497351302,108,0.281767955801105,0.30939226519337,0.196132596685083,4537680.93097916,42015.564175733,0.00681702607237593,0.829519574021713,30933.489214608
"13404071001","13404",1261,72759,362,0.336142257876525,121.683497351302,108,0.281767955801105,0.30939226519337,0.196132596685083,4537680.93097916,42015.564175733,0.0173311892686815,2.10891972347052,78643.4070556869
"13404072006","13404",1151,72759,362,0.336142257876525,121.683497351302,108,0.281767955801105,0.30939226519337,0.196132596685083,4537680.93097916,42015.564175733,0.015819348809082,1.92495368890926,71783.1574314794
"13404072015","13404",18,72759,362,0.336142257876525,121.683497351302,108,0.281767955801105,0.30939226519337,0.196132596685083,4537680.93097916,42015.564175733,0.000247392075207191,0.0301035329282073,1122.58630214303
"13404072021","13404",361,72759,362,0.336142257876525,121.683497351302,108,0.281767955801105,0.30939226519337,0.196132596685083,4537680.93097916,42015.564175733,0.00496158550832199,0.603743077060158,22514.0919485353
"13404072023","13404",1254,72759,362,0.336142257876525,121.683497351302,108,0.281767955801105,0.30939226519337,0.196132596685083,4537680.93097916,42015.564175733,0.0172349812394343,2.09721279399844,78206.8457159645
"13404072031","13404",124,72759,362,0.336142257876525,121.683497351302,108,0.281767955801105,0.30939226519337,0.196132596685083,4537680.93097916,42015.564175733,0.00170425651809398,0.207379893505428,7733.372303652
"13404081001","13404",2329,72759,362,0.336142257876525,121.683497351302,108,0.281767955801105,0.30939226519337,0.196132596685083,4537680.93097916,42015.564175733,0.0320097857309749,3.89506267721083,145250.194316173
"13404081002","13404",2334,72759,362,0.336142257876525,121.683497351302,108,0.281767955801105,0.30939226519337,0.196132596685083,4537680.93097916,42015.564175733,0.0320785057518658,3.90342476969088,145562.023844546
"13404082003","13404",639,72759,362,0.336142257876525,121.683497351302,108,0.281767955801105,0.30939226519337,0.196132596685083,4537680.93097916,42015.564175733,0.00878241866985528,1.06867541895136,39851.8137260776
"13404082004","13404",1614,72759,362,0.336142257876525,121.683497351302,108,0.281767955801105,0.30939226519337,0.196132596685083,4537680.93097916,42015.564175733,0.0221828227435781,2.69928345256259,100658.571758825
"13404082013","13404",518,72759,362,0.336142257876525,121.683497351302,108,0.281767955801105,0.30939226519337,0.196132596685083,4537680.93097916,42015.564175733,0.00711939416429583,0.866312780933966,32305.5391394495
"13404082017","13404",129,72759,362,0.336142257876525,121.683497351302,108,0.281767955801105,0.30939226519337,0.196132596685083,4537680.93097916,42015.564175733,0.00177297653898487,0.215741985985486,8045.20183202506
"13404082029","13404",1453,72759,362,0.336142257876525,121.683497351302,108,0.281767955801105,0.30939226519337,0.196132596685083,4537680.93097916,42015.564175733,0.0199700380708916,2.43002407470474,90617.6609452125
"13404091001","13404",1437,72759,362,0.336142257876525,121.683497351302,108,0.281767955801105,0.30939226519337,0.196132596685083,4537680.93097916,42015.564175733,0.0197501340040407,2.40326537876855,89619.8064544187
"13404092001","13404",571,72759,362,0.336142257876525,121.683497351302,108,0.281767955801105,0.30939226519337,0.196132596685083,4537680.93097916,42015.564175733,0.00784782638573922,0.954950961222577,35610.9321402039
"13404092002","13404",42,72759,362,0.336142257876525,121.683497351302,108,0.281767955801105,0.30939226519337,0.196132596685083,4537680.93097916,42015.564175733,0.000577248175483445,0.0702415768324838,2619.36803833374
"13404092018","13404",33,72759,362,0.336142257876525,121.683497351302,108,0.281767955801105,0.30939226519337,0.196132596685083,4537680.93097916,42015.564175733,0.00045355213787985,0.0551898103683801,2058.07488726223
"13404092020","13404",610,72759,362,0.336142257876525,121.683497351302,108,0.281767955801105,0.30939226519337,0.196132596685083,4537680.93097916,42015.564175733,0.00838384254868814,1.02017528256703,38043.2024615139
"13404092024","13404",756,72759,362,0.336142257876525,121.683497351302,108,0.281767955801105,0.30939226519337,0.196132596685083,4537680.93097916,42015.564175733,0.010390467158702,1.26434838298471,47148.6246900073
"13404092027","13404",592,72759,362,0.336142257876525,121.683497351302,108,0.281767955801105,0.30939226519337,0.196132596685083,4537680.93097916,42015.564175733,0.00813645047348094,0.990071749638819,36920.6161593708
"13404092033","13404",402,72759,362,0.336142257876525,121.683497351302,108,0.281767955801105,0.30939226519337,0.196132596685083,4537680.93097916,42015.564175733,0.00552508967962726,0.67231223539663,25071.0940811944
"13404092034","13404",122,72759,362,0.336142257876525,121.683497351302,108,0.281767955801105,0.30939226519337,0.196132596685083,4537680.93097916,42015.564175733,0.00167676850973763,0.204035056513405,7608.64049230277
"13404991999","13404",401,72759,362,0.336142257876525,121.683497351302,108,0.281767955801105,0.30939226519337,0.196132596685083,4537680.93097916,42015.564175733,0.00551134567544909,0.670639816900619,25008.7281755198
"13501011001","13501",4587,123627,488,0.335804034569758,163.872368870042,140,0.274590163934426,0.297131147540984,0.213114754098361,5713301.75498937,40809.298249924,0.0371035453420369,6.08024586867661,211983.750718987
"13501011002","13501",2811,123627,488,0.335804034569758,163.872368870042,140,0.274590163934426,0.297131147540984,0.213114754098361,5713301.75498937,40809.298249924,0.0227377514620593,3.72608919486592,129907.635332695
"13501011003","13501",2191,123627,488,0.335804034569758,163.872368870042,140,0.274590163934426,0.297131147540984,0.213114754098361,5713301.75498937,40809.298249924,0.0177226657607157,2.90425522090047,101254.937393787
"13501011004","13501",3229,123627,488,0.335804034569758,163.872368870042,140,0.274590163934426,0.297131147540984,0.213114754098361,5713301.75498937,40809.298249924,0.0261188898865135,4.28016435795875,149225.099426991
"13501011005","13501",4324,123627,488,0.335804034569758,163.872368870042,140,0.274590163934426,0.297131147540984,0.213114754098361,5713301.75498937,40809.298249924,0.0349761783429186,5.73162919907514,199829.461109418
"13501011006","13501",3891,123627,488,0.335804034569758,163.872368870042,140,0.274590163934426,0.297131147540984,0.213114754098361,5713301.75498937,40809.298249924,0.0314737071998835,5.15767095596701,179818.786581116
"13501011007","13501",4796,123627,488,0.335804034569758,163.872368870042,140,0.274590163934426,0.297131147540984,0.213114754098361,5713301.75498937,40809.298249924,0.038794114554264,6.35728345022303,221642.482766135
"13501011008","13501",2976,123627,488,0.335804034569758,163.872368870042,140,0.274590163934426,0.297131147540984,0.213114754098361,5713301.75498937,40809.298249924,0.0240724113664491,3.94480307503414,137532.950106759
"13501011009","13501",1336,123627,488,0.335804034569758,163.872368870042,140,0.274590163934426,0.297131147540984,0.213114754098361,5713301.75498937,40809.298249924,0.0108067008016048,1.77091966002877,61741.9426554538
"13501012021","13501",69,123627,488,0.335804034569758,163.872368870042,140,0.274590163934426,0.297131147540984,0.213114754098361,5713301.75498937,40809.298249924,0.000558130505472106,0.091462168070348,3188.76799642688
"13501012024","13501",146,123627,488,0.335804034569758,163.872368870042,140,0.274590163934426,0.297131147540984,0.213114754098361,5713301.75498937,40809.298249924,0.00118097179418735,0.193528645482186,6747.24822432355
"13501021001","13501",5056,123627,488,0.335804034569758,163.872368870042,140,0.274590163934426,0.297131147540984,0.213114754098361,5713301.75498937,40809.298249924,0.0408972150096662,6.70192350382144,233658.130288903
"13501021002","13501",3080,123627,488,0.335804034569758,163.872368870042,140,0.274590163934426,0.297131147540984,0.213114754098361,5713301.75498937,40809.298249924,0.0249136515486099,4.0826590964735,142339.209115867
"13501021003","13501",2564,123627,488,0.335804034569758,163.872368870042,140,0.274590163934426,0.297131147540984,0.213114754098361,5713301.75498937,40809.298249924,0.0207398060294272,3.39868114394742,118492.770186066
"13501021004","13501",1627,123627,488,0.335804034569758,163.872368870042,140,0.274590163934426,0.297131147540984,0.213114754098361,5713301.75498937,40809.298249924,0.0131605555420741,2.15665141232545,75190.2250751672
"13501021005","13501",1348,123627,488,0.335804034569758,163.872368870042,140,0.274590163934426,0.297131147540984,0.213114754098361,5713301.75498937,40809.298249924,0.0109037669764695,1.786826124041,62296.5110026585
"13501021006","13501",3393,123627,488,0.335804034569758,163.872368870042,140,0.274590163934426,0.297131147540984,0.213114754098361,5713301.75498937,40809.298249924,0.0274454609429979,4.49755269945928,156804.200172122
"13501021007","13501",5452,123627,488,0.335804034569758,163.872368870042,140,0.274590163934426,0.297131147540984,0.213114754098361,5713301.75498937,40809.298249924,0.0441003987802017,7.22683681622518,251958.885746657
"13501022010","13501",882,123627,488,0.335804034569758,163.872368870042,140,0.274590163934426,0.297131147540984,0.213114754098361,5713301.75498937,40809.298249924,0.00713436385255648,1.16912510489923,40760.7735195436
"13501022029","13501",157,123627,488,0.335804034569758,163.872368870042,140,0.274590163934426,0.297131147540984,0.213114754098361,5713301.75498937,40809.298249924,0.00126994912114667,0.208109570826734,7255.6025425945
"13501031001","13501",1733,123627,488,0.335804034569758,163.872368870042,140,0.274590163934426,0.297131147540984,0.213114754098361,5713301.75498937,40809.298249924,0.0140179734200458,2.29715851110019,80088.9121421418
"13501032003","13501",1210,123627,488,0.335804034569758,163.872368870042,140,0.274590163934426,0.297131147540984,0.213114754098361,5713301.75498937,40809.298249924,0.00978750596552533,1.60390178790031,55918.9750098048
"13501032004","13501",364,123627,488,0.335804034569758,163.872368870042,140,0.274590163934426,0.297131147540984,0.213114754098361,5713301.75498937,40809.298249924,0.00294434063756299,0.482496075037778,16821.9065318751
"13501032006","13501",809,123627,488,0.335804034569758,163.872368870042,140,0.274590163934426,0.297131147540984,0.213114754098361,5713301.75498937,40809.298249924,0.0065438779554628,1.07236078215814,37387.1494073819
"13501032018","13501",270,123627,488,0.335804034569758,163.872368870042,140,0.274590163934426,0.297131147540984,0.213114754098361,5713301.75498937,40809.298249924,0.00218398893445607,0.357895440275275,12477.7878121052
"13501032019","13501",514,123627,488,0.335804034569758,163.872368870042,140,0.274590163934426,0.297131147540984,0.213114754098361,5713301.75498937,40809.298249924,0.00415766782337192,0.681326875190708,23754.0108719336
"13501032030","13501",261,123627,488,0.335804034569758,163.872368870042,140,0.274590163934426,0.297131147540984,0.213114754098361,5713301.75498937,40809.298249924,0.00211118930330753,0.345965592266099,12061.8615517017
"13501032032","13501",9,123627,488,0.335804034569758,163.872368870042,140,0.274590163934426,0.297131147540984,0.213114754098361,5713301.75498937,40809.298249924,7.27996311485355e-05,0.0119298480091758,415.926260403506
"13501042007","13501",932,123627,488,0.335804034569758,163.872368870042,140,0.274590163934426,0.297131147540984,0.213114754098361,5713301.75498937,40809.298249924,0.00753880624782612,1.23540203828354,43071.4749662298
"13501042027","13501",652,123627,488,0.335804034569758,163.872368870042,140,0.274590163934426,0.297131147540984,0.213114754098361,5713301.75498937,40809.298249924,0.00527392883431613,0.864251211331404,30131.5468647874
"13501042030","13501",216,123627,488,0.335804034569758,163.872368870042,140,0.274590163934426,0.297131147540984,0.213114754098361,5713301.75498937,40809.298249924,0.00174719114756485,0.28631635222022,9982.23024968415
"13501042032","13501",70,123627,488,0.335804034569758,163.872368870042,140,0.274590163934426,0.297131147540984,0.213114754098361,5713301.75498937,40809.298249924,0.000566219353377498,0.0927877067380342,3234.98202536061
"13501052020","13501",190,123627,488,0.335804034569758,163.872368870042,140,0.274590163934426,0.297131147540984,0.213114754098361,5713301.75498937,40809.298249924,0.00153688110202464,0.251852346860378,8780.66549740736
"13501052034","13501",164,123627,488,0.335804034569758,163.872368870042,140,0.274590163934426,0.297131147540984,0.213114754098361,5713301.75498937,40809.298249924,0.00132657105648442,0.217388341500537,7579.10074513056
"13501052048","13501",487,123627,488,0.335804034569758,163.872368870042,140,0.274590163934426,0.297131147540984,0.213114754098361,5713301.75498937,40809.298249924,0.00393926892992631,0.645537331163181,22506.2320907231
"13501062008","13501",341,123627,488,0.335804034569758,163.872368870042,140,0.274590163934426,0.297131147540984,0.213114754098361,5713301.75498937,40809.298249924,0.00275829713573896,0.452008685680995,15758.9838663995
"13501062022","13501",896,123627,488,0.335804034569758,163.872368870042,140,0.274590163934426,0.297131147540984,0.213114754098361,5713301.75498937,40809.298249924,0.00724760772323198,1.18768264624684,41407.7699246157
"13501062034","13501",1331,123627,488,0.335804034569758,163.872368870042,140,0.274590163934426,0.297131147540984,0.213114754098361,5713301.75498937,40809.298249924,0.0107662565620779,1.76429196669034,61510.8725107852
"13501062036","13501",59,123627,488,0.335804034569758,163.872368870042,140,0.274590163934426,0.297131147540984,0.213114754098361,5713301.75498937,40809.298249924,0.000477242026418177,0.078206781393486,2726.62770708965
"13501072009","13501",3487,123627,488,0.335804034569758,163.872368870042,140,0.274590163934426,0.297131147540984,0.213114754098361,5713301.75498937,40809.298249924,0.0282058126461048,4.62215333422179,161148.318891892
"13501072028","13501",89,123627,488,0.335804034569758,163.872368870042,140,0.274590163934426,0.297131147540984,0.213114754098361,5713301.75498937,40809.298249924,0.000719907463579962,0.117972941424072,4113.04857510134
"13501072034","13501",882,123627,488,0.335804034569758,163.872368870042,140,0.274590163934426,0.297131147540984,0.213114754098361,5713301.75498937,40809.298249924,0.00713436385255648,1.16912510489923,40760.7735195436
"13501082015","13501",261,123627,488,0.335804034569758,163.872368870042,140,0.274590163934426,0.297131147540984,0.213114754098361,5713301.75498937,40809.298249924,0.00211118930330753,0.345965592266099,12061.8615517017
"13501082016","13501",115,123627,488,0.335804034569758,163.872368870042,140,0.274590163934426,0.297131147540984,0.213114754098361,5713301.75498937,40809.298249924,0.000930217509120176,0.152436946783913,5314.61332737814
"13501082017","13501",1403,123627,488,0.335804034569758,163.872368870042,140,0.274590163934426,0.297131147540984,0.213114754098361,5713301.75498937,40809.298249924,0.0113486536112661,1.85973075076374,64838.2825940133
"13501082035","13501",690,123627,488,0.335804034569758,163.872368870042,140,0.274590163934426,0.297131147540984,0.213114754098361,5713301.75498937,40809.298249924,0.00558130505472106,0.91462168070348,31887.6799642688
"13501092002","13501",330,123627,488,0.335804034569758,163.872368870042,140,0.274590163934426,0.297131147540984,0.213114754098361,5713301.75498937,40809.298249924,0.00266931980877964,0.437427760336447,15250.6295481286
"13501092015","13501",1506,123627,488,0.335804034569758,163.872368870042,140,0.274590163934426,0.297131147540984,0.213114754098361,5713301.75498937,40809.298249924,0.0121818049455216,1.99626123353542,69598.3275741867
"13501092023","13501",546,123627,488,0.335804034569758,163.872368870042,140,0.274590163934426,0.297131147540984,0.213114754098361,5713301.75498937,40809.298249924,0.00441651095634449,0.723744112556667,25232.8597978127
"13501092035","13501",1267,123627,488,0.335804034569758,163.872368870042,140,0.274590163934426,0.297131147540984,0.213114754098361,5713301.75498937,40809.298249924,0.0102485702961327,1.67945749195842,58553.174659027
"13501092037","13501",875,123627,488,0.335804034569758,163.872368870042,140,0.274590163934426,0.297131147540984,0.213114754098361,5713301.75498937,40809.298249924,0.00707774191721873,1.15984633422543,40437.2753170076
"13501092044","13501",779,123627,488,0.335804034569758,163.872368870042,140,0.274590163934426,0.297131147540984,0.213114754098361,5713301.75498937,40809.298249924,0.00630121251830102,1.03259462212755,36000.7285393702
"13501092049","13501",341,123627,488,0.335804034569758,163.872368870042,140,0.274590163934426,0.297131147540984,0.213114754098361,5713301.75498937,40809.298249924,0.00275829713573896,0.452008685680995,15758.9838663995
"13501092901","13501",37,123627,488,0.335804034569758,163.872368870042,140,0.274590163934426,0.297131147540984,0.213114754098361,5713301.75498937,40809.298249924,0.000299287372499535,0.0490449307043895,1709.91907054775
"13501101001","13501",1112,123627,488,0.335804034569758,163.872368870042,140,0.274590163934426,0.297131147540984,0.213114754098361,5713301.75498937,40809.298249924,0.00899479887079683,1.47399899846706,51390.0001742999
"13501102001","13501",24,123627,488,0.335804034569758,163.872368870042,140,0.274590163934426,0.297131147540984,0.213114754098361,5713301.75498937,40809.298249924,0.000194132349729428,0.0318129280244689,1109.13669440935
"13501102015","13501",278,123627,488,0.335804034569758,163.872368870042,140,0.274590163934426,0.297131147540984,0.213114754098361,5713301.75498937,40809.298249924,0.00224869971769921,0.368499749616764,12847.500043575
"13501102023","13501",33,123627,488,0.335804034569758,163.872368870042,140,0.274590163934426,0.297131147540984,0.213114754098361,5713301.75498937,40809.298249924,0.000266931980877964,0.0437427760336447,1525.06295481286
"13501102037","13501",23,123627,488,0.335804034569758,163.872368870042,140,0.274590163934426,0.297131147540984,0.213114754098361,5713301.75498937,40809.298249924,0.000186043501824035,0.0304873893567827,1062.92266547563
"13501102040","13501",1869,123627,488,0.335804034569758,163.872368870042,140,0.274590163934426,0.297131147540984,0.213114754098361,5713301.75498937,40809.298249924,0.0151180567351792,2.47743176990551,86374.0200771282
"13501102047","13501",160,123627,488,0.335804034569758,163.872368870042,140,0.274590163934426,0.297131147540984,0.213114754098361,5713301.75498937,40809.298249924,0.00129421566486285,0.212086186829792,7394.24462939567
"13501112043","13501",1074,123627,488,0.335804034569758,163.872368870042,140,0.274590163934426,0.297131147540984,0.213114754098361,5713301.75498937,40809.298249924,0.00868742265039191,1.42362852909498,49633.8670748184
"13501112045","13501",1078,123627,488,0.335804034569758,163.872368870042,140,0.274590163934426,0.297131147540984,0.213114754098361,5713301.75498937,40809.298249924,0.00871977804201348,1.42893068376573,49818.7231905533
"13501112046","13501",687,123627,488,0.335804034569758,163.872368870042,140,0.274590163934426,0.297131147540984,0.213114754098361,5713301.75498937,40809.298249924,0.00555703851100488,0.910645064700421,31749.0378774677
"13501121001","13501",3921,123627,488,0.335804034569758,163.872368870042,140,0.274590163934426,0.297131147540984,0.213114754098361,5713301.75498937,40809.298249924,0.0317163726370453,5.1974371159976,181205.207449128
"13501121002","13501",3245,123627,488,0.335804034569758,163.872368870042,140,0.274590163934426,0.297131147540984,0.213114754098361,5713301.75498937,40809.298249924,0.0262483114529997,4.30137297664173,149964.523889931
"13501122005","13501",1153,123627,488,0.335804034569758,163.872368870042,140,0.274590163934426,0.297131147540984,0.213114754098361,5713301.75498937,40809.298249924,0.00932644163491794,1.52834608384219,53284.7753605825
"13501122011","13501",209,123627,488,0.335804034569758,163.872368870042,140,0.274590163934426,0.297131147540984,0.213114754098361,5713301.75498937,40809.298249924,0.0016905692122271,0.277037581546416,9658.73204714809
"13501122012","13501",217,123627,488,0.335804034569758,163.872368870042,140,0.274590163934426,0.297131147540984,0.213114754098361,5713301.75498937,40809.298249924,0.00175527999547025,0.287641890887906,10028.4442786179
"13501122014","13501",572,123627,488,0.335804034569758,163.872368870042,140,0.274590163934426,0.297131147540984,0.213114754098361,5713301.75498937,40809.298249924,0.0046268210018847,0.758208117916508,26434.4245500895
"13501122033","13501",33,123627,488,0.335804034569758,163.872368870042,140,0.274590163934426,0.297131147540984,0.213114754098361,5713301.75498937,40809.298249924,0.000266931980877964,0.0437427760336447,1525.06295481286
"13501122901","13501",51,123627,488,0.335804034569758,163.872368870042,140,0.274590163934426,0.297131147540984,0.213114754098361,5713301.75498937,40809.298249924,0.000412531243175035,0.0676024720519963,2356.91547561987
"13501132035","13501",64,123627,488,0.335804034569758,163.872368870042,140,0.274590163934426,0.297131147540984,0.213114754098361,5713301.75498937,40809.298249924,0.000517686265945141,0.084834474731917,2957.69785175827
"13501132039","13501",88,123627,488,0.335804034569758,163.872368870042,140,0.274590163934426,0.297131147540984,0.213114754098361,5713301.75498937,40809.298249924,0.00071181861567457,0.116647402756386,4066.83454616762
"13501141001","13501",4579,123627,488,0.335804034569758,163.872368870042,140,0.274590163934426,0.297131147540984,0.213114754098361,5713301.75498937,40809.298249924,0.0370388345587938,6.06964155933512,211614.038487517
"13501141002","13501",3492,123627,488,0.335804034569758,163.872368870042,140,0.274590163934426,0.297131147540984,0.213114754098361,5713301.75498937,40809.298249924,0.0282462568856318,4.62878102756022,161379.38903656
"13501141003","13501",3091,123627,488,0.335804034569758,163.872368870042,140,0.274590163934426,0.297131147540984,0.213114754098361,5713301.75498937,40809.298249924,0.0250026288755693,4.09724002181805,142847.563434138
"13501141004","13501",1881,123627,488,0.335804034569758,163.872368870042,140,0.274590163934426,0.297131147540984,0.213114754098361,5713301.75498937,40809.298249924,0.0152151229100439,2.49333823391775,86928.5884243328
"13501141005","13501",3263,123627,488,0.335804034569758,163.872368870042,140,0.274590163934426,0.297131147540984,0.213114754098361,5713301.75498937,40809.298249924,0.0263939107152968,4.32523267266008,150796.376410738
"13501152008","13501",2192,123627,488,0.335804034569758,163.872368870042,140,0.274590163934426,0.297131147540984,0.213114754098361,5713301.75498937,40809.298249924,0.0177307546086211,2.90558075956816,101301.151422721
"13501152009","13501",108,123627,488,0.335804034569758,163.872368870042,140,0.274590163934426,0.297131147540984,0.213114754098361,5713301.75498937,40809.298249924,0.000873595573782426,0.14315817611011,4991.11512484208
"13501152028","13501",505,123627,488,0.335804034569758,163.872368870042,140,0.274590163934426,0.297131147540984,0.213114754098361,5713301.75498937,40809.298249924,0.00408486819222338,0.669397027181532,23338.0846115301
"13501152041","13501",2480,123627,488,0.335804034569758,163.872368870042,140,0.274590163934426,0.297131147540984,0.213114754098361,5713301.75498937,40809.298249924,0.0200603428053742,3.28733589586178,114610.791755633
"13501161001","13501",5308,123627,488,0.335804034569758,163.872368870042,140,0.274590163934426,0.297131147540984,0.213114754098361,5713301.75498937,40809.298249924,0.0429356046818252,7.03595924807836,245304.065580201
"13501162001","13501",574,123627,488,0.335804034569758,163.872368870042,140,0.274590163934426,0.297131147540984,0.213114754098361,5713301.75498937,40809.298249924,0.00464299869769549,0.76085919525188,26526.852607957
"13501162025","13501",433,123627,488,0.335804034569758,163.872368870042,140,0.274590163934426,0.297131147540984,0.213114754098361,5713301.75498937,40809.298249924,0.0035024711430351,0.573958243108126,20010.674528302
"13501162026","13501",39,123627,488,0.335804034569758,163.872368870042,140,0.274590163934426,0.297131147540984,0.213114754098361,5713301.75498937,40809.298249924,0.000315465068310321,0.0516960080397619,1802.34712841519
"13501172031","13501",982,123627,488,0.335804034569758,163.872368870042,140,0.274590163934426,0.297131147540984,0.213114754098361,5713301.75498937,40809.298249924,0.00794324864309576,1.30167897166785,45382.1764129159
"13501172038","13501",392,123627,488,0.335804034569758,163.872368870042,140,0.274590163934426,0.297131147540984,0.213114754098361,5713301.75498937,40809.298249924,0.00317082837891399,0.519611157732991,18115.8993420194
"13501172042","13501",626,123627,488,0.335804034569758,163.872368870042,140,0.274590163934426,0.297131147540984,0.213114754098361,5713301.75498937,40809.298249924,0.00506361878877592,0.829787205971563,28929.9821125106
"13501172046","13501",322,123627,488,0.335804034569758,163.872368870042,140,0.274590163934426,0.297131147540984,0.213114754098361,5713301.75498937,40809.298249924,0.00260460902553649,0.426823450994957,14880.9173166588
"13501991999","13501",438,123627,488,0.335804034569758,163.872368870042,140,0.274590163934426,0.297131147540984,0.213114754098361,5713301.75498937,40809.298249924,0.00354291538256206,0.580585936446557,20241.7446729706
"13502011001","13502",2706,6444,131,0.310863841250352,40.7231632037961,25,0.190839694656489,0.312977099236641,0.137404580152672,989320.202483552,39572.8080993421,0.419925512104283,17.1006951628604,415440.792663019
"13502012002","13502",48,6444,131,0.310863841250352,40.7231632037961,25,0.190839694656489,0.312977099236641,0.137404580152672,989320.202483552,39572.8080993421,0.0074487895716946,0.303338273398853,7369.23800732627
"13502022004","13502",1172,6444,131,0.310863841250352,40.7231632037961,25,0.190839694656489,0.312977099236641,0.137404580152672,989320.202483552,39572.8080993421,0.18187461204221,7.406509508822,179932.228012217
"13502022901","13502",71,6444,131,0.310863841250352,40.7231632037961,25,0.190839694656489,0.312977099236641,0.137404580152672,989320.202483552,39572.8080993421,0.0110180012414649,0.448687862735804,10900.3312191701
"13502032002","13502",997,6444,131,0.310863841250352,40.7231632037961,25,0.190839694656489,0.312977099236641,0.137404580152672,989320.202483552,39572.8080993421,0.15471756672874,6.30058872038868,153065.214443839
"13502032006","13502",257,6444,131,0.310863841250352,40.7231632037961,25,0.190839694656489,0.312977099236641,0.137404580152672,989320.202483552,39572.8080993421,0.0398820608317815,1.62412367215636,39456.1284975594
"13502032008","13502",216,6444,131,0.310863841250352,40.7231632037961,25,0.190839694656489,0.312977099236641,0.137404580152672,989320.202483552,39572.8080993421,0.0335195530726257,1.36502223029484,33161.5710329682
"13502042003","13502",600,6444,131,0.310863841250352,40.7231632037961,25,0.190839694656489,0.312977099236641,0.137404580152672,989320.202483552,39572.8080993421,0.0931098696461825,3.79172841748567,92115.4750915784
"13502042901","13502",23,6444,131,0.310863841250352,40.7231632037961,25,0.190839694656489,0.312977099236641,0.137404580152672,989320.202483552,39572.8080993421,0.00356921166977033,0.145349589336951,3531.09321184384
"13502052001","13502",12,6444,131,0.310863841250352,40.7231632037961,25,0.190839694656489,0.312977099236641,0.137404580152672,989320.202483552,39572.8080993421,0.00186219739292365,0.0758345683497133,1842.30950183157
"13502052007","13502",239,6444,131,0.310863841250352,40.7231632037961,25,0.190839694656489,0.312977099236641,0.137404580152672,989320.202483552,39572.8080993421,0.037088764742396,1.51037181963179,36692.6642448121
"13502052901","13502",25,6444,131,0.310863841250352,40.7231632037961,25,0.190839694656489,0.312977099236641,0.137404580152672,989320.202483552,39572.8080993421,0.00387957790192427,0.157988684061903,3838.14479548243
"13502991999","13502",78,6444,131,0.310863841250352,40.7231632037961,25,0.190839694656489,0.312977099236641,0.137404580152672,989320.202483552,39572.8080993421,0.0121042830540037,0.492924694273137,11975.0117619052
"13503011001","13503",4960,32579,231,0.323774449746406,74.7918978914198,48,0.177489177489178,0.32034632034632,0.173160173160173,2365484.01810663,49280.9170438882,0.152245311396912,11.3867157844453,360133.850941063
"13503011002","13503",1987,32579,231,0.323774449746406,74.7918978914198,48,0.177489177489178,0.32034632034632,0.173160173160173,2365484.01810663,49280.9170438882,0.0609902084164646,4.56157344026063,144271.36327014
"13503011003","13503",5497,32579,231,0.323774449746406,74.7918978914198,48,0.177489177489178,0.32034632034632,0.173160173160173,2365484.01810663,49280.9170438882,0.168728321925167,12.6195114248177,399124.148915933
"13503012006","13503",19,32579,231,0.323774449746406,74.7918978914198,48,0.177489177489178,0.32034632034632,0.173160173160173,2365484.01810663,49280.9170438882,0.00058319776543172,0.0436184677226734,1379.54499352423
"13503012007","13503",668,32579,231,0.323774449746406,74.7918978914198,48,0.177489177489178,0.32034632034632,0.173160173160173,2365484.01810663,49280.9170438882,0.0205040056478099,1.5335334967761,48501.8976670626
"13503012014","13503",98,32579,231,0.323774449746406,74.7918978914198,48,0.177489177489178,0.32034632034632,0.173160173160173,2365484.01810663,49280.9170438882,0.00300807268485834,0.224979465095894,7115.54786133553
"13503022022","13503",219,32579,231,0.323774449746406,74.7918978914198,48,0.177489177489178,0.32034632034632,0.173160173160173,2365484.01810663,49280.9170438882,0.0067221216120814,0.502760233224499,15901.0712411478
"13503022024","13503",716,32579,231,0.323774449746406,74.7918978914198,48,0.177489177489178,0.32034632034632,0.173160173160173,2365484.01810663,49280.9170438882,0.0219773473710059,1.64372752049653,51987.0639664922
"13503022025","13503",997,32579,231,0.323774449746406,74.7918978914198,48,0.177489177489178,0.32034632034632,0.173160173160173,2365484.01810663,49280.9170438882,0.0306025353755487,2.2888217010266,72389.8083444033
"13503022901","13503",255,32579,231,0.323774449746406,74.7918978914198,48,0.177489177489178,0.32034632034632,0.173160173160173,2365484.01810663,49280.9170438882,0.00782712790447834,0.585405751014827,18514.94596572
"13503032008","13503",652,32579,231,0.323774449746406,74.7918978914198,48,0.177489177489178,0.32034632034632,0.173160173160173,2365484.01810663,49280.9170438882,0.020012891740078,1.49680215553595,47340.1755672527
"13503032019","13503",649,32579,231,0.323774449746406,74.7918978914198,48,0.177489177489178,0.32034632034632,0.173160173160173,2365484.01810663,49280.9170438882,0.0199208078823782,1.48991502905342,47122.3526735383
"13503032020","13503",193,32579,231,0.323774449746406,74.7918978914198,48,0.177489177489178,0.32034632034632,0.173160173160173,2365484.01810663,49280.9170438882,0.00592406151201694,0.443071803709261,14013.2728289567
"13503032028","13503",1824,32579,231,0.323774449746406,74.7918978914198,48,0.177489177489178,0.32034632034632,0.173160173160173,2365484.01810663,49280.9170438882,0.0559869854814451,4.18737290137665,132436.319378327
"13503041001","13503",107,32579,231,0.323774449746406,74.7918978914198,48,0.177489177489178,0.32034632034632,0.173160173160173,2365484.01810663,49280.9170438882,0.00328432425795758,0.245640844543477,7769.01654247859
"13503042001","13503",92,32579,231,0.323774449746406,74.7918978914198,48,0.177489177489178,0.32034632034632,0.173160173160173,2365484.01810663,49280.9170438882,0.00282390496945885,0.21120521213084,6679.90207390682
"13503042010","13503",91,32579,231,0.323774449746406,74.7918978914198,48,0.177489177489178,0.32034632034632,0.173160173160173,2365484.01810663,49280.9170438882,0.00279321035022561,0.20890950330333,6607.2944426687
"13503042012","13503",16,32579,231,0.323774449746406,74.7918978914198,48,0.177489177489178,0.32034632034632,0.173160173160173,2365484.01810663,49280.9170438882,0.000491113907731975,0.036731341240146,1161.72209980988
"13503042013","13503",1222,32579,231,0.323774449746406,74.7918978914198,48,0.177489177489178,0.32034632034632,0.173160173160173,2365484.01810663,49280.9170438882,0.0375088247030296,2.80535618721615,88726.5253729797
"13503042015","13503",84,32579,231,0.323774449746406,74.7918978914198,48,0.177489177489178,0.32034632034632,0.173160173160173,2365484.01810663,49280.9170438882,0.00257834801559287,0.192839541510767,6099.04102400188
"13503042026","13503",75,32579,231,0.323774449746406,74.7918978914198,48,0.177489177489178,0.32034632034632,0.173160173160173,2365484.01810663,49280.9170438882,0.00230209644249363,0.172178162063184,5445.57234285882
"13503042029","13503",111,32579,231,0.323774449746406,74.7918978914198,48,0.177489177489178,0.32034632034632,0.173160173160173,2365484.01810663,49280.9170438882,0.00340710273489057,0.254823679853513,8059.44706743106
"13503042030","13503",131,32579,231,0.323774449746406,74.7918978914198,48,0.177489177489178,0.32034632034632,0.173160173160173,2365484.01810663,49280.9170438882,0.00402099511955554,0.300737856403696,9511.59969219341
"13503052003","13503",16,32579,231,0.323774449746406,74.7918978914198,48,0.177489177489178,0.32034632034632,0.173160173160173,2365484.01810663,49280.9170438882,0.000491113907731975,0.036731341240146,1161.72209980988
"13503052011","13503",100,32579,231,0.323774449746406,74.7918978914198,48,0.177489177489178,0.32034632034632,0.173160173160173,2365484.01810663,49280.9170438882,0.00306946192332484,0.229570882750913,7260.76312381176
"13503052017","13503",20,32579,231,0.323774449746406,74.7918978914198,48,0.177489177489178,0.32034632034632,0.173160173160173,2365484.01810663,49280.9170438882,0.000613892384664968,0.0459141765501825,1452.15262476235
"13503061001","13503",1814,32579,231,0.323774449746406,74.7918978914198,48,0.177489177489178,0.32034632034632,0.173160173160173,2365484.01810663,49280.9170438882,0.0556800392891126,4.16441581310155,131710.243065945
"13503061002","13503",3818,32579,231,0.323774449746406,74.7918978914198,48,0.177489177489178,0.32034632034632,0.173160173160173,2365484.01810663,49280.9170438882,0.117192056232542,8.76501630342984,277215.936067133
"13503061003","13503",503,32579,231,0.323774449746406,74.7918978914198,48,0.177489177489178,0.32034632034632,0.173160173160173,2365484.01810663,49280.9170438882,0.015439393474324,1.15474154023709,36521.6385127732
"13503062002","13503",53,32579,231,0.323774449746406,74.7918978914198,48,0.177489177489178,0.32034632034632,0.173160173160173,2365484.01810663,49280.9170438882,0.00162681481936217,0.121672567857984,3848.20445562023
"13503062005","13503",103,32579,231,0.323774449746406,74.7918978914198,48,0.177489177489178,0.32034632034632,0.173160173160173,2365484.01810663,49280.9170438882,0.00316154578102459,0.23645800923344,7478.58601752612
"13503062016","13503",191,32579,231,0.323774449746406,74.7918978914198,48,0.177489177489178,0.32034632034632,0.173160173160173,2365484.01810663,49280.9170438882,0.00586267227355045,0.438480386054243,13868.0575664805
"13503062018","13503",1203,32579,231,0.323774449746406,74.7918978914198,48,0.177489177489178,0.32034632034632,0.173160173160173,2365484.01810663,49280.9170438882,0.0369256269375978,2.76173771949348,87346.9803794555
"13503071001","13503",1590,32579,231,0.323774449746406,74.7918978914198,48,0.177489177489178,0.32034632034632,0.173160173160173,2365484.01810663,49280.9170438882,0.048804444580865,3.65017703573951,115446.133668607
"13503072004","13503",587,32579,231,0.323774449746406,74.7918978914198,48,0.177489177489178,0.32034632034632,0.173160173160173,2365484.01810663,49280.9170438882,0.0180177414899168,1.34758108174786,42620.679536775
"13503072021","13503",156,32579,231,0.323774449746406,74.7918978914198,48,0.177489177489178,0.32034632034632,0.173160173160173,2365484.01810663,49280.9170438882,0.00478836060038675,0.358130577091424,11326.7904731463
"13503072024","13503",422,32579,231,0.323774449746406,74.7918978914198,48,0.177489177489178,0.32034632034632,0.173160173160173,2365484.01810663,49280.9170438882,0.0129531293164308,0.968789125208851,30640.4203824856
"13503072025","13503",355,32579,231,0.323774449746406,74.7918978914198,48,0.177489177489178,0.32034632034632,0.173160173160173,2365484.01810663,49280.9170438882,0.0108965898278032,0.81497663376574,25775.7090895318
"13503072027","13503",171,32579,231,0.323774449746406,74.7918978914198,48,0.177489177489178,0.32034632034632,0.173160173160173,2365484.01810663,49280.9170438882,0.00524877988888548,0.392566209504061,12415.9049417181
"13503082001","13503",255,32579,231,0.323774449746406,74.7918978914198,48,0.177489177489178,0.32034632034632,0.173160173160173,2365484.01810663,49280.9170438882,0.00782712790447834,0.585405751014827,18514.94596572
"13503082017","13503",67,32579,231,0.323774449746406,74.7918978914198,48,0.177489177489178,0.32034632034632,0.173160173160173,2365484.01810663,49280.9170438882,0.00205653948862764,0.153812491443111,4864.71129295388
"13503082023","13503",408,32579,231,0.323774449746406,74.7918978914198,48,0.177489177489178,0.32034632034632,0.173160173160173,2365484.01810663,49280.9170438882,0.0125234046471654,0.936649201623724,29623.913545152
"13503991999","13503",84,32579,231,0.323774449746406,74.7918978914198,48,0.177489177489178,0.32034632034632,0.173160173160173,2365484.01810663,49280.9170438882,0.00257834801559287,0.192839541510767,6099.04102400188
"13504011001","13504",1975,13590,165,0.314353219579228,51.8682812305726,33,0.206060606060606,0.303030303030303,0.151515151515152,1264942.73770991,38331.5981124215,0.14532744665195,7.53788487346438,183830.898232308
"13504012001","13504",720,13590,165,0.314353219579228,51.8682812305726,33,0.206060606060606,0.303030303030303,0.151515151515152,1264942.73770991,38331.5981124215,0.0529801324503311,2.74798840956676,67016.8337859555
"13504012003","13504",130,13590,165,0.314353219579228,51.8682812305726,33,0.206060606060606,0.303030303030303,0.151515151515152,1264942.73770991,38331.5981124215,0.00956585724797645,0.496164573949554,12100.2616557975
"13504012004","13504",110,13590,165,0.314353219579228,51.8682812305726,33,0.206060606060606,0.303030303030303,0.151515151515152,1264942.73770991,38331.5981124215,0.00809418690213392,0.4198315625727,10238.682939521
"13504012007","13504",297,13590,165,0.314353219579228,51.8682812305726,33,0.206060606060606,0.303030303030303,0.151515151515152,1264942.73770991,38331.5981124215,0.0218543046357616,1.13354521894629,27644.4439367066
"13504012011","13504",21,13590,165,0.314353219579228,51.8682812305726,33,0.206060606060606,0.303030303030303,0.151515151515152,1264942.73770991,38331.5981124215,0.00154525386313466,0.0801496619456973,1954.65765209037
"13504012012","13504",673,13590,165,0.314353219579228,51.8682812305726,33,0.206060606060606,0.303030303030303,0.151515151515152,1264942.73770991,38331.5981124215,0.0495217071376012,2.56860583283115,62642.1238027056
"13504012015","13504",650,13590,165,0.314353219579228,51.8682812305726,33,0.206060606060606,0.303030303030303,0.151515151515152,1264942.73770991,38331.5981124215,0.0478292862398823,2.48082286974777,60501.3082789876
"13504012901","13504",21,13590,165,0.314353219579228,51.8682812305726,33,0.206060606060606,0.303030303030303,0.151515151515152,1264942.73770991,38331.5981124215,0.00154525386313466,0.0801496619456973,1954.65765209037
"13504021001","13504",1165,13590,165,0.314353219579228,51.8682812305726,33,0.206060606060606,0.303030303030303,0.151515151515152,1264942.73770991,38331.5981124215,0.0857247976453274,4.44639791270178,108436.960223109
"13504021002","13504",1036,13590,165,0.314353219579228,51.8682812305726,33,0.206060606060606,0.303030303030303,0.151515151515152,1264942.73770991,38331.5981124215,0.0762325239146431,3.95404998932106,96429.7775031248
"13504022004","13504",416,13590,165,0.314353219579228,51.8682812305726,33,0.206060606060606,0.303030303030303,0.151515151515152,1264942.73770991,38331.5981124215,0.0306107431935247,1.58772663663857,38720.8372985521
"13504022006","13504",267,13590,165,0.314353219579228,51.8682812305726,33,0.206060606060606,0.303030303030303,0.151515151515152,1264942.73770991,38331.5981124215,0.0196467991169978,1.01904570188101,24852.0758622918
"13504022010","13504",248,13590,165,0.314353219579228,51.8682812305726,33,0.206060606060606,0.303030303030303,0.151515151515152,1264942.73770991,38331.5981124215,0.0182487122884474,0.946529341072996,23083.5760818291
"13504022013","13504",405,13590,165,0.314353219579228,51.8682812305726,33,0.206060606060606,0.303030303030303,0.151515151515152,1264942.73770991,38331.5981124215,0.0298013245033113,1.5457434803813,37696.9690046
"13504022014","13504",130,13590,165,0.314353219579228,51.8682812305726,33,0.206060606060606,0.303030303030303,0.151515151515152,1264942.73770991,38331.5981124215,0.00956585724797645,0.496164573949554,12100.2616557975
"13504022016","13504",44,13590,165,0.314353219579228,51.8682812305726,33,0.206060606060606,0.303030303030303,0.151515151515152,1264942.73770991,38331.5981124215,0.00323767476085357,0.16793262502908,4095.47317580839
"13504022017","13504",114,13590,165,0.314353219579228,51.8682812305726,33,0.206060606060606,0.303030303030303,0.151515151515152,1264942.73770991,38331.5981124215,0.00838852097130243,0.435098164848071,10610.9986827763
"13504022018","13504",398,13590,165,0.314353219579228,51.8682812305726,33,0.206060606060606,0.303030303030303,0.151515151515152,1264942.73770991,38331.5981124215,0.0292862398822664,1.5190269263994,37045.4164539032
"13504022019","13504",898,13590,165,0.314353219579228,51.8682812305726,33,0.206060606060606,0.303030303030303,0.151515151515152,1264942.73770991,38331.5981124215,0.0660779985283297,3.42735221082077,83584.8843608167
"13504022020","13504",38,13590,165,0.314353219579228,51.8682812305726,33,0.206060606060606,0.303030303030303,0.151515151515152,1264942.73770991,38331.5981124215,0.00279617365710081,0.145032721616024,3536.99956092543
"13504031001","13504",246,13590,165,0.314353219579228,51.8682812305726,33,0.206060606060606,0.303030303030303,0.151515151515152,1264942.73770991,38331.5981124215,0.0181015452538631,0.938896039935311,22897.4182102015
"13504031002","13504",1237,13590,165,0.314353219579228,51.8682812305726,33,0.206060606060606,0.303030303030303,0.151515151515152,1264942.73770991,38331.5981124215,0.0910228108903606,4.72119675365845,115138.643601704
"13504032003","13504",466,13590,165,0.314353219579228,51.8682812305726,33,0.206060606060606,0.303030303030303,0.151515151515152,1264942.73770991,38331.5981124215,0.034289919058131,1.77855916508071,43374.7840892434
"13504041001","13504",997,13590,165,0.314353219579228,51.8682812305726,33,0.206060606060606,0.303030303030303,0.151515151515152,1264942.73770991,38331.5981124215,0.0733627667402502,3.8052006171362,92799.6990063856
"13504042003","13504",203,13590,165,0.314353219579228,51.8682812305726,33,0.206060606060606,0.303030303030303,0.151515151515152,1264942.73770991,38331.5981124215,0.0149374540103017,0.774780065475073,18895.0239702069
"13504042008","13504",46,13590,165,0.314353219579228,51.8682812305726,33,0.206060606060606,0.303030303030303,0.151515151515152,1264942.73770991,38331.5981124215,0.00338484179543782,0.175565926166765,4281.63104743604
"13504042011","13504",264,13590,165,0.314353219579228,51.8682812305726,33,0.206060606060606,0.303030303030303,0.151515151515152,1264942.73770991,38331.5981124215,0.0194260485651214,1.00759575017448,24572.8390548503
"13504052005","13504",208,13590,165,0.314353219579228,51.8682812305726,33,0.206060606060606,0.303030303030303,0.151515151515152,1264942.73770991,38331.5981124215,0.0153053715967623,0.793863318319287,19360.418649276
"13504052017","13504",156,13590,165,0.314353219579228,51.8682812305726,33,0.206060606060606,0.303030303030303,0.151515151515152,1264942.73770991,38331.5981124215,0.0114790286975717,0.595397488739465,14520.313986957
"13504991999","13504",11,13590,165,0.314353219579228,51.8682812305726,33,0.206060606060606,0.303030303030303,0.151515151515152,1264942.73770991,38331.5981124215,0.000809418690213392,0.04198315625727,1023.8682939521
"13505012003","13505",127,9726,91,0.287466388960195,26.1594413953778,9,0.252747252747253,0.32967032967033,0.043956043956044,1687023.47119281,187447.052354756,0.0130577832613613,0.341584315979126,22028.7868436651
"13505012004","13505",484,9726,91,0.287466388960195,26.1594413953778,9,0.252747252747253,0.32967032967033,0.043956043956044,1687023.47119281,187447.052354756,0.049763520460621,1.3017858971173,83952.2270262512
"13505012011","13505",8,9726,91,0.287466388960195,26.1594413953778,9,0.252747252747253,0.32967032967033,0.043956043956044,1687023.47119281,187447.052354756,0.000822537528274727,0.0215171222664016,1387.64011613638
"13505012018","13505",89,9726,91,0.287466388960195,26.1594413953778,9,0.252747252747253,0.32967032967033,0.043956043956044,1687023.47119281,187447.052354756,0.00915073000205634,0.239377985213718,15437.4962920173
"13505012019","13505",153,9726,91,0.287466388960195,26.1594413953778,9,0.252747252747253,0.32967032967033,0.043956043956044,1687023.47119281,187447.052354756,0.0157310302282542,0.411514963344931,26538.6172211083
"13505012020","13505",33,9726,91,0.287466388960195,26.1594413953778,9,0.252747252747253,0.32967032967033,0.043956043956044,1687023.47119281,187447.052354756,0.00339296730413325,0.0887581293489067,5724.01547906258
"13505012021","13505",231,9726,91,0.287466388960195,26.1594413953778,9,0.252747252747253,0.32967032967033,0.043956043956044,1687023.47119281,187447.052354756,0.0237507711289328,0.621306905442347,40068.1083534381
"13505012022","13505",273,9726,91,0.287466388960195,26.1594413953778,9,0.252747252747253,0.32967032967033,0.043956043956044,1687023.47119281,187447.052354756,0.0280690931523751,0.734271797340955,47353.2189631541
"13505012023","13505",436,9726,91,0.287466388960195,26.1594413953778,9,0.252747252747253,0.32967032967033,0.043956043956044,1687023.47119281,187447.052354756,0.0448282952909727,1.17268316351889,75626.3863294329
"13505012027","13505",20,9726,91,0.287466388960195,26.1594413953778,9,0.252747252747253,0.32967032967033,0.043956043956044,1687023.47119281,187447.052354756,0.00205634382068682,0.053792805666004,3469.10029034096
"13505012031","13505",72,9726,91,0.287466388960195,26.1594413953778,9,0.252747252747253,0.32967032967033,0.043956043956044,1687023.47119281,187447.052354756,0.00740283775447255,0.193654100397615,12488.7610452275
"13505012034","13505",284,9726,91,0.287466388960195,26.1594413953778,9,0.252747252747253,0.32967032967033,0.043956043956044,1687023.47119281,187447.052354756,0.0292000822537528,0.763857840457257,49261.2241228416
"13505012035","13505",219,9726,91,0.287466388960195,26.1594413953778,9,0.252747252747253,0.32967032967033,0.043956043956044,1687023.47119281,187447.052354756,0.0225169648365207,0.589031222042744,37986.6481792335
"13505012036","13505",697,9726,91,0.287466388960195,26.1594413953778,9,0.252747252747253,0.32967032967033,0.043956043956044,1687023.47119281,187447.052354756,0.0716635821509356,1.87467927746024,120898.145118382
"13505012041","13505",20,9726,91,0.287466388960195,26.1594413953778,9,0.252747252747253,0.32967032967033,0.043956043956044,1687023.47119281,187447.052354756,0.00205634382068682,0.053792805666004,3469.10029034096
"13505022011","13505",183,9726,91,0.287466388960195,26.1594413953778,9,0.252747252747253,0.32967032967033,0.043956043956044,1687023.47119281,187447.052354756,0.0188155459592844,0.492204171843937,31742.2676566198
"13505022012","13505",549,9726,91,0.287466388960195,26.1594413953778,9,0.252747252747253,0.32967032967033,0.043956043956044,1687023.47119281,187447.052354756,0.0564466378778532,1.47661251553181,95226.8029698593
"13505022016","13505",183,9726,91,0.287466388960195,26.1594413953778,9,0.252747252747253,0.32967032967033,0.043956043956044,1687023.47119281,187447.052354756,0.0188155459592844,0.492204171843937,31742.2676566198
"13505022022","13505",22,9726,91,0.287466388960195,26.1594413953778,9,0.252747252747253,0.32967032967033,0.043956043956044,1687023.47119281,187447.052354756,0.0022619782027555,0.0591720862326044,3816.01031937506
"13505022026","13505",315,9726,91,0.287466388960195,26.1594413953778,9,0.252747252747253,0.32967032967033,0.043956043956044,1687023.47119281,187447.052354756,0.0323874151758174,0.847236689239564,54638.3295728701
"13505022027","13505",154,9726,91,0.287466388960195,26.1594413953778,9,0.252747252747253,0.32967032967033,0.043956043956044,1687023.47119281,187447.052354756,0.0158338474192885,0.414204603628231,26712.0722356254
"13505022901","13505",100,9726,91,0.287466388960195,26.1594413953778,9,0.252747252747253,0.32967032967033,0.043956043956044,1687023.47119281,187447.052354756,0.0102817191034341,0.26896402833002,17345.5014517048
"13505032002","13505",41,9726,91,0.287466388960195,26.1594413953778,9,0.252747252747253,0.32967032967033,0.043956043956044,1687023.47119281,187447.052354756,0.00421550483240798,0.110275251615308,7111.65559519897
"13505032005","13505",21,9726,91,0.287466388960195,26.1594413953778,9,0.252747252747253,0.32967032967033,0.043956043956044,1687023.47119281,187447.052354756,0.00215916101172116,0.0564824459493042,3642.55530485801
"13505032008","13505",26,9726,91,0.287466388960195,26.1594413953778,9,0.252747252747253,0.32967032967033,0.043956043956044,1687023.47119281,187447.052354756,0.00267324696689286,0.0699306473658052,4509.83037744325
"13505032032","13505",49,9726,91,0.287466388960195,26.1594413953778,9,0.252747252747253,0.32967032967033,0.043956043956044,1687023.47119281,187447.052354756,0.00503804236068271,0.13179237388171,8499.29571133535
"13505032037","13505",21,9726,91,0.287466388960195,26.1594413953778,9,0.252747252747253,0.32967032967033,0.043956043956044,1687023.47119281,187447.052354756,0.00215916101172116,0.0564824459493042,3642.55530485801
"13505032038","13505",141,9726,91,0.287466388960195,26.1594413953778,9,0.252747252747253,0.32967032967033,0.043956043956044,1687023.47119281,187447.052354756,0.0144972239358421,0.379239279945328,24457.1570469038
"13505032040","13505",298,9726,91,0.287466388960195,26.1594413953778,9,0.252747252747253,0.32967032967033,0.043956043956044,1687023.47119281,187447.052354756,0.0306395229282336,0.80151280442346,51689.5943260803
"13505032901","13505",44,9726,91,0.287466388960195,26.1594413953778,9,0.252747252747253,0.32967032967033,0.043956043956044,1687023.47119281,187447.052354756,0.004523956405511,0.118344172465209,7632.02063875011
"13505042001","13505",90,9726,91,0.287466388960195,26.1594413953778,9,0.252747252747253,0.32967032967033,0.043956043956044,1687023.47119281,187447.052354756,0.00925354719309068,0.242067625497018,15610.9513065343
"13505042012","13505",30,9726,91,0.287466388960195,26.1594413953778,9,0.252747252747253,0.32967032967033,0.043956043956044,1687023.47119281,187447.052354756,0.00308451573103023,0.0806892084990061,5203.65043551144
"13505042015","13505",57,9726,91,0.287466388960195,26.1594413953778,9,0.252747252747253,0.32967032967033,0.043956043956044,1687023.47119281,187447.052354756,0.00586057988895743,0.153309496148112,9886.93582747173
"13505042024","13505",320,9726,91,0.287466388960195,26.1594413953778,9,0.252747252747253,0.32967032967033,0.043956043956044,1687023.47119281,187447.052354756,0.0329015011309891,0.860684890656065,55505.6046454553
"13505042025","13505",738,9726,91,0.287466388960195,26.1594413953778,9,0.252747252747253,0.32967032967033,0.043956043956044,1687023.47119281,187447.052354756,0.0758790869833436,1.98495452907555,128009.800713581
"13505052006","13505",363,9726,91,0.287466388960195,26.1594413953778,9,0.252747252747253,0.32967032967033,0.043956043956044,1687023.47119281,187447.052354756,0.0373226403454658,0.976339422837973,62964.1702696884
"13505052014","13505",680,9726,91,0.287466388960195,26.1594413953778,9,0.252747252747253,0.32967032967033,0.043956043956044,1687023.47119281,187447.052354756,0.0699156899033518,1.82895539264414,117949.409871593
"13505062001","13505",16,9726,91,0.287466388960195,26.1594413953778,9,0.252747252747253,0.32967032967033,0.043956043956044,1687023.47119281,187447.052354756,0.00164507505654945,0.0430342445328032,2775.28023227277
"13505062007","13505",214,9726,91,0.287466388960195,26.1594413953778,9,0.252747252747253,0.32967032967033,0.043956043956044,1687023.47119281,187447.052354756,0.022002878881349,0.575583020626243,37119.3731066483
"13505062009","13505",470,9726,91,0.287466388960195,26.1594413953778,9,0.252747252747253,0.32967032967033,0.043956043956044,1687023.47119281,187447.052354756,0.0483240797861402,1.26413093315109,81523.8568230125
"13505062010","13505",263,9726,91,0.287466388960195,26.1594413953778,9,0.252747252747253,0.32967032967033,0.043956043956044,1687023.47119281,187447.052354756,0.0270409212420317,0.707375394507953,45618.6688179836
"13505062012","13505",278,9726,91,0.287466388960195,26.1594413953778,9,0.252747252747253,0.32967032967033,0.043956043956044,1687023.47119281,187447.052354756,0.0285831791075468,0.747719998757456,48220.4940357393
"13505062013","13505",145,9726,91,0.287466388960195,26.1594413953778,9,0.252747252747253,0.32967032967033,0.043956043956044,1687023.47119281,187447.052354756,0.0149084926999794,0.389997841078529,25150.977104972
"13505062015","13505",34,9726,91,0.287466388960195,26.1594413953778,9,0.252747252747253,0.32967032967033,0.043956043956044,1687023.47119281,187447.052354756,0.00349578449516759,0.0914477696322069,5897.47049357963
"13505062024","13505",109,9726,91,0.287466388960195,26.1594413953778,9,0.252747252747253,0.32967032967033,0.043956043956044,1687023.47119281,187447.052354756,0.0112070738227432,0.293170790879722,18906.5965823582
"13505062028","13505",206,9726,91,0.287466388960195,26.1594413953778,9,0.252747252747253,0.32967032967033,0.043956043956044,1687023.47119281,187447.052354756,0.0211803413530742,0.554065898359842,35731.7329905119
"13505062029","13505",202,9726,91,0.287466388960195,26.1594413953778,9,0.252747252747253,0.32967032967033,0.043956043956044,1687023.47119281,187447.052354756,0.0207690725889369,0.543307337226641,35037.9129324437
"13505062030","13505",145,9726,91,0.287466388960195,26.1594413953778,9,0.252747252747253,0.32967032967033,0.043956043956044,1687023.47119281,187447.052354756,0.0149084926999794,0.389997841078529,25150.977104972
"13505062033","13505",16,9726,91,0.287466388960195,26.1594413953778,9,0.252747252747253,0.32967032967033,0.043956043956044,1687023.47119281,187447.052354756,0.00164507505654945,0.0430342445328032,2775.28023227277
"13505992999","13505",57,9726,91,0.287466388960195,26.1594413953778,9,0.252747252747253,0.32967032967033,0.043956043956044,1687023.47119281,187447.052354756,0.00586057988895743,0.153309496148112,9886.93582747173
"13601011001","13601",5817,74237,332,0.357555356655458,118.708378409612,117,0.237951807228916,0.33433734939759,0.234939759036145,4942549.27178843,42244.0108699866,0.0783571534410065,9.30165062177503,387284.091679261
"13601011002","13601",4491,74237,332,0.357555356655458,118.708378409612,117,0.237951807228916,0.33433734939759,0.234939759036145,4942549.27178843,42244.0108699866,0.0604954402791061,7.18131561670821,299001.694298016
"13601011003","13601",4727,74237,332,0.357555356655458,118.708378409612,117,0.237951807228916,0.33433734939759,0.234939759036145,4942549.27178843,42244.0108699866,0.0636744480515107,7.55869047432191,314714.096848524
"13601011004","13601",4545,74237,332,0.357555356655458,118.708378409612,117,0.237951807228916,0.33433734939759,0.234939759036145,4942549.27178843,42244.0108699866,0.0612228403626224,7.26766410107745,302596.905051099
"13601012006","13601",40,74237,332,0.357555356655458,118.708378409612,117,0.237951807228916,0.33433734939759,0.234939759036145,4942549.27178843,42244.0108699866,0.000538814876678745,0.0639618402735089,2663.1190763573
"13601012014","13601",682,74237,332,0.357555356655458,118.708378409612,117,0.237951807228916,0.33433734939759,0.234939759036145,4942549.27178843,42244.0108699866,0.0091867936473726,1.09054937666333,45406.180251892
"13601012017","13601",2215,74237,332,0.357555356655458,118.708378409612,117,0.237951807228916,0.33433734939759,0.234939759036145,4942549.27178843,42244.0108699866,0.0298368737960855,3.54188690514555,147470.218853286
"13601021001","13601",1025,74237,332,0.357555356655458,118.708378409612,117,0.237951807228916,0.33433734939759,0.234939759036145,4942549.27178843,42244.0108699866,0.0138071312148928,1.63902215700867,68242.4263316559
"13601021002","13601",1194,74237,332,0.357555356655458,118.708378409612,117,0.237951807228916,0.33433734939759,0.234939759036145,4942549.27178843,42244.0108699866,0.0160836240688605,1.90926093216424,79494.1044292655
"13601022005","13601",659,74237,332,0.357555356655458,118.708378409612,117,0.237951807228916,0.33433734939759,0.234939759036145,4942549.27178843,42244.0108699866,0.00887697509328233,1.05377131850606,43874.8867829866
"13601022006","13601",1730,74237,332,0.357555356655458,118.708378409612,117,0.237951807228916,0.33433734939759,0.234939759036145,4942549.27178843,42244.0108699866,0.0233037434163557,2.76634959182926,115179.900052453
"13601022008","13601",1846,74237,332,0.357555356655458,118.708378409612,117,0.237951807228916,0.33433734939759,0.234939759036145,4942549.27178843,42244.0108699866,0.0248663065587241,2.95183892862243,122902.94537389
"13601022009","13601",1107,74237,332,0.357555356655458,118.708378409612,117,0.237951807228916,0.33433734939759,0.234939759036145,4942549.27178843,42244.0108699866,0.0149117017120843,1.77014392956936,73701.8204381884
"13601022013","13601",258,74237,332,0.357555356655458,118.708378409612,117,0.237951807228916,0.33433734939759,0.234939759036145,4942549.27178843,42244.0108699866,0.00347535595457791,0.412553869764132,17177.1180425046
"13601022019","13601",956,74237,332,0.357555356655458,118.708378409612,117,0.237951807228916,0.33433734939759,0.234939759036145,4942549.27178843,42244.0108699866,0.012877675552622,1.52868798253686,63648.5459249396
"13601031001","13601",3533,74237,332,0.357555356655458,118.708378409612,117,0.237951807228916,0.33433734939759,0.234939759036145,4942549.27178843,42244.0108699866,0.0475908239826502,5.64942954215767,235219.992419259
"13601031002","13601",3280,74237,332,0.357555356655458,118.708378409612,117,0.237951807228916,0.33433734939759,0.234939759036145,4942549.27178843,42244.0108699866,0.0441828198876571,5.24487090242773,218375.764261299
"13601031003","13601",3644,74237,332,0.357555356655458,118.708378409612,117,0.237951807228916,0.33433734939759,0.234939759036145,4942549.27178843,42244.0108699866,0.0490860352654337,5.82692364891666,242610.14785615
"13601032001","13601",74,74237,332,0.357555356655458,118.708378409612,117,0.237951807228916,0.33433734939759,0.234939759036145,4942549.27178843,42244.0108699866,0.000996807521855678,0.118329404505991,4926.77029126101
"13601032003","13601",1091,74237,332,0.357555356655458,118.708378409612,117,0.237951807228916,0.33433734939759,0.234939759036145,4942549.27178843,42244.0108699866,0.0146961757614128,1.74455919345995,72636.5728076455
"13601032004","13601",252,74237,332,0.357555356655458,118.708378409612,117,0.237951807228916,0.33433734939759,0.234939759036145,4942549.27178843,42244.0108699866,0.00339453372307609,0.402959593723106,16777.650181051
"13601032006","13601",190,74237,332,0.357555356655458,118.708378409612,117,0.237951807228916,0.33433734939759,0.234939759036145,4942549.27178843,42244.0108699866,0.00255937066422404,0.303818741299167,12649.8156126972
"13601032010","13601",240,74237,332,0.357555356655458,118.708378409612,117,0.237951807228916,0.33433734939759,0.234939759036145,4942549.27178843,42244.0108699866,0.00323288926007247,0.383771041641053,15978.7144581438
"13601032016","13601",628,74237,332,0.357555356655458,118.708378409612,117,0.237951807228916,0.33433734939759,0.234939759036145,4942549.27178843,42244.0108699866,0.0084593935638563,1.00420089229409,41810.9694988097
"13601032017","13601",206,74237,332,0.357555356655458,118.708378409612,117,0.237951807228916,0.33433734939759,0.234939759036145,4942549.27178843,42244.0108699866,0.00277489661489554,0.329403477408571,13715.0632432401
"13601041001","13601",3328,74237,332,0.357555356655458,118.708378409612,117,0.237951807228916,0.33433734939759,0.234939759036145,4942549.27178843,42244.0108699866,0.0448293977396716,5.32162511075594,221571.507152928
"13601041002","13601",6046,74237,332,0.357555356655458,118.708378409612,117,0.237951807228916,0.33433734939759,0.234939759036145,4942549.27178843,42244.0108699866,0.0814418686099923,9.66783215734087,402530.448391407
"13601041003","13601",5227,74237,332,0.357555356655458,118.708378409612,117,0.237951807228916,0.33433734939759,0.234939759036145,4942549.27178843,42244.0108699866,0.070409634009995,8.35821347774077,348003.085302991
"13601041004","13601",5564,74237,332,0.357555356655458,118.708378409612,117,0.237951807228916,0.33433734939759,0.234939759036145,4942549.27178843,42244.0108699866,0.0749491493460134,8.89709198204509,370439.863521301
"13601041005","13601",2929,74237,332,0.357555356655458,118.708378409612,117,0.237951807228916,0.33433734939759,0.234939759036145,4942549.27178843,42244.0108699866,0.0394547193448011,4.68360575402769,195006.894366264
"13601041006","13601",3747,74237,332,0.357555356655458,118.708378409612,117,0.237951807228916,0.33433734939759,0.234939759036145,4942549.27178843,42244.0108699866,0.0504734835728815,5.99162538762095,249467.679477771
"13601042001","13601",152,74237,332,0.357555356655458,118.708378409612,117,0.237951807228916,0.33433734939759,0.234939759036145,4942549.27178843,42244.0108699866,0.00204749653137923,0.243054993039334,10119.8524901578
"13601042002","13601",441,74237,332,0.357555356655458,118.708378409612,117,0.237951807228916,0.33433734939759,0.234939759036145,4942549.27178843,42244.0108699866,0.00594043401538316,0.705179289015435,29360.8878168393
"13601042004","13601",92,74237,332,0.357555356655458,118.708378409612,117,0.237951807228916,0.33433734939759,0.234939759036145,4942549.27178843,42244.0108699866,0.00123927421636111,0.14711223262907,6125.1738756218
"13601042007","13601",155,74237,332,0.357555356655458,118.708378409612,117,0.237951807228916,0.33433734939759,0.234939759036145,4942549.27178843,42244.0108699866,0.00208790764713014,0.247852131059847,10319.5864208846
"13601042011","13601",301,74237,332,0.357555356655458,118.708378409612,117,0.237951807228916,0.33433734939759,0.234939759036145,4942549.27178843,42244.0108699866,0.00405458194700756,0.481312848058154,20039.9710495887
"13601042012","13601",577,74237,332,0.357555356655458,118.708378409612,117,0.237951807228916,0.33433734939759,0.234939759036145,4942549.27178843,42244.0108699866,0.0077724045960909,0.922649545945366,38415.4926764541
"13601042015","13601",621,74237,332,0.357555356655458,118.708378409612,117,0.237951807228916,0.33433734939759,0.234939759036145,4942549.27178843,42244.0108699866,0.00836510096043752,0.993007570246226,41344.9236604472
"13601042018","13601",431,74237,332,0.357555356655458,118.708378409612,117,0.237951807228916,0.33433734939759,0.234939759036145,4942549.27178843,42244.0108699866,0.00580573029621348,0.689188828947058,28695.10804775
"13601042021","13601",84,74237,332,0.357555356655458,118.708378409612,117,0.237951807228916,0.33433734939759,0.234939759036145,4942549.27178843,42244.0108699866,0.00113151124102536,0.134319864574369,5592.55006035034
"13601991999","13601",112,74237,332,0.357555356655458,118.708378409612,117,0.237951807228916,0.33433734939759,0.234939759036145,4942549.27178843,42244.0108699866,0.00150868165470049,0.179093152765825,7456.73341380045
"13602011001","13602",4325,35923,184,0.307818662138902,56.6386338335581,36,0.206521739130435,0.293478260869565,0.135869565217391,1387085.68800857,38530.158000238,0.120396403418423,6.81908780809338,167000.1280694
"13602011002","13602",5200,35923,184,0.307818662138902,56.6386338335581,36,0.206521739130435,0.293478260869565,0.135869565217391,1387085.68800857,38530.158000238,0.144754057289202,8.19867204672499,200786.281147024
"13602011003","13602",1124,35923,184,0.307818662138902,56.6386338335581,36,0.206521739130435,0.293478260869565,0.135869565217391,1387085.68800857,38530.158000238,0.0312891462294352,1.77217449625363,43400.7269248568
"13602011004","13602",2848,35923,184,0.307818662138902,56.6386338335581,36,0.206521739130435,0.293478260869565,0.135869565217391,1387085.68800857,38530.158000238,0.0792806836845475,4.49034961328323,109969.10167437
"13602011005","13602",3897,35923,184,0.307818662138902,56.6386338335581,36,0.206521739130435,0.293478260869565,0.135869565217391,1387085.68800857,38530.158000238,0.108482031010773,6.14427403193986,150473.872621145
"13602011006","13602",2394,35923,184,0.307818662138902,56.6386338335581,36,0.206521739130435,0.293478260869565,0.135869565217391,1387085.68800857,38530.158000238,0.0666425409904518,3.77454247689608,92438.9148203801
"13602011007","13602",3559,35923,184,0.307818662138902,56.6386338335581,36,0.206521739130435,0.293478260869565,0.135869565217391,1387085.68800857,38530.158000238,0.0990730172869749,5.61136034890274,137422.764346588
"13602011008","13602",4655,35923,184,0.307818662138902,56.6386338335581,36,0.206521739130435,0.293478260869565,0.135869565217391,1387085.68800857,38530.158000238,0.129582718592545,7.33938814952016,179742.334372961
"13602012002","13602",1843,35923,184,0.307818662138902,56.6386338335581,36,0.206521739130435,0.293478260869565,0.135869565217391,1387085.68800857,38530.158000238,0.0513041783815383,2.90579857348349,71163.2915680704
"13602012901","13602",80,35923,184,0.307818662138902,56.6386338335581,36,0.206521739130435,0.293478260869565,0.135869565217391,1387085.68800857,38530.158000238,0.00222698549675695,0.126133416103461,3089.01970995422
"13602022001","13602",1016,35923,184,0.307818662138902,56.6386338335581,36,0.206521739130435,0.293478260869565,0.135869565217391,1387085.68800857,38530.158000238,0.0282827158088133,1.60189438451396,39230.5503164186
"13602022003","13602",891,35923,184,0.307818662138902,56.6386338335581,36,0.206521739130435,0.293478260869565,0.135869565217391,1387085.68800857,38530.158000238,0.0248030509701306,1.4048109218523,34403.9570196151
"13602031001","13602",1996,35923,184,0.307818662138902,56.6386338335581,36,0.206521739130435,0.293478260869565,0.135869565217391,1387085.68800857,38530.158000238,0.055563288144086,3.14702873178136,77071.0417633578
"13602032001","13602",776,35923,184,0.307818662138902,56.6386338335581,36,0.206521739130435,0.293478260869565,0.135869565217391,1387085.68800857,38530.158000238,0.0216017593185424,1.22349413620358,29963.4911865559
"13602032004","13602",1272,35923,184,0.307818662138902,56.6386338335581,36,0.206521739130435,0.293478260869565,0.135869565217391,1387085.68800857,38530.158000238,0.0354090693984355,2.00552131604504,49115.4133882721
"13602991999","13602",47,35923,184,0.307818662138902,56.6386338335581,36,0.206521739130435,0.293478260869565,0.135869565217391,1387085.68800857,38530.158000238,0.00130835397934471,0.0741033819607836,1814.7990795981
"13603011001","13603",4861,36219,234,0.308970021309966,72.298984986532,46,0.256410256410256,0.346153846153846,0.145299145299145,1943150.76476003,42242.4079295659,0.134211325547365,9.70334261077148,260792.839876819
"13603011002","13603",4192,36219,234,0.308970021309966,72.298984986532,46,0.256410256410256,0.346153846153846,0.145299145299145,1943150.76476003,42242.4079295659,0.115740357271046,8.36791035267518,224900.963744831
"13603011003","13603",199,36219,234,0.308970021309966,72.298984986532,46,0.256410256410256,0.346153846153846,0.145299145299145,1943150.76476003,42242.4079295659,0.00549435379220851,0.397236202333578,10676.3577731921
"13603012001","13603",1708,36219,234,0.308970021309966,72.298984986532,46,0.256410256410256,0.346153846153846,0.145299145299145,1943150.76476003,42242.4079295659,0.0471575692316188,3.40944438987815,91634.266716644
"13603012003","13603",439,36219,234,0.308970021309966,72.298984986532,46,0.256410256410256,0.346153846153846,0.145299145299145,1943150.76476003,42242.4079295659,0.0121207101245203,0.876315039318799,23552.3671478962
"13603012004","13603",33,36219,234,0.308970021309966,72.298984986532,46,0.256410256410256,0.346153846153846,0.145299145299145,1943150.76476003,42242.4079295659,0.000911123995692868,0.0658733400854678,1770.45128902181
"13603012007","13603",319,36219,234,0.308970021309966,72.298984986532,46,0.256410256410256,0.346153846153846,0.145299145299145,1943150.76476003,42242.4079295659,0.0088075319583644,0.636775620826188,17114.3624605442
"13603012009","13603",38,36219,234,0.308970021309966,72.298984986532,46,0.256410256410256,0.346153846153846,0.145299145299145,1943150.76476003,42242.4079295659,0.00104917308594936,0.0758541491893265,2038.70148432815
"13603021001","13603",4437,36219,234,0.308970021309966,72.298984986532,46,0.256410256410256,0.346153846153846,0.145299145299145,1943150.76476003,42242.4079295659,0.122504762693614,8.85696999876426,238045.223314842
"13603021002","13603",4078,36219,234,0.308970021309966,72.298984986532,46,0.256410256410256,0.346153846153846,0.145299145299145,1943150.76476003,42242.4079295659,0.112592838013197,8.1403479051072,218784.859291847
"13603021003","13603",5661,36219,234,0.308970021309966,72.298984986532,46,0.256410256410256,0.346153846153846,0.145299145299145,1943150.76476003,42242.4079295659,0.156299179988404,11.3002720673889,303712.871125832
"13603021004","13603",2378,36219,234,0.308970021309966,72.298984986532,46,0.256410256410256,0.346153846153846,0.145299145299145,1943150.76476003,42242.4079295659,0.0656561473259891,4.74687280979522,127579.792887693
"13603022003","13603",1065,36219,234,0.308970021309966,72.298984986532,46,0.256410256410256,0.346153846153846,0.145299145299145,1943150.76476003,42242.4079295659,0.0294044562246335,2.12591233912191,57137.2916002494
"13603022004","13603",75,36219,234,0.308970021309966,72.298984986532,46,0.256410256410256,0.346153846153846,0.145299145299145,1943150.76476003,42242.4079295659,0.00207073635384743,0.149712136557881,4023.75292959502
"13603022005","13603",917,36219,234,0.308970021309966,72.298984986532,46,0.256410256410256,0.346153846153846,0.145299145299145,1943150.76476003,42242.4079295659,0.0253182031530412,1.8304803896477,49197.0858191818
"13603022006","13603",1724,36219,234,0.308970021309966,72.298984986532,46,0.256410256410256,0.346153846153846,0.145299145299145,1943150.76476003,42242.4079295659,0.0475993263204395,3.4413829790105,92492.6673416243
"13603022009","13603",538,36219,234,0.308970021309966,72.298984986532,46,0.256410256410256,0.346153846153846,0.145299145299145,1943150.76476003,42242.4079295659,0.0148540821115989,1.0739350595752,28863.7210149616
"13603032002","13603",14,36219,234,0.308970021309966,72.298984986532,46,0.256410256410256,0.346153846153846,0.145299145299145,1943150.76476003,42242.4079295659,0.000386537452718187,0.0279462654908045,751.100546857738
"13603042008","13603",1917,36219,234,0.308970021309966,72.298984986532,46,0.256410256410256,0.346153846153846,0.145299145299145,1943150.76476003,42242.4079295659,0.0529280212043403,3.82664221041945,102847.124880449
"13603051001","13603",1104,36219,234,0.308970021309966,72.298984986532,46,0.256410256410256,0.346153846153846,0.145299145299145,1943150.76476003,42242.4079295659,0.0304812391286341,2.20376265013201,59229.6431236388
"13603052010","13603",491,36219,234,0.308970021309966,72.298984986532,46,0.256410256410256,0.346153846153846,0.145299145299145,1943150.76476003,42242.4079295659,0.0135564206631878,0.98011545399893,26342.1691790821
"13603991999","13603",31,36219,234,0.308970021309966,72.298984986532,46,0.256410256410256,0.346153846153846,0.145299145299145,1943150.76476003,42242.4079295659,0.00085590435959027,0.0618810164439243,1663.15121089928
"13604011001","13604",7253,63250,369,0.339452521171595,125.257980312319,103,0.2710027100271,0.322493224932249,0.205962059620596,4718340.55456236,45809.1315976928,0.114671936758893,14.3635751969209,541061.249679696
"13604012002","13604",214,63250,369,0.339452521171595,125.257980312319,103,0.2710027100271,0.322493224932249,0.205962059620596,4718340.55456236,45809.1315976928,0.00338339920948617,0.423797751570532,15964.0297023928
"13604012004","13604",219,63250,369,0.339452521171595,125.257980312319,103,0.2710027100271,0.322493224932249,0.205962059620596,4718340.55456236,45809.1315976928,0.00346245059288538,0.433699568196012,16337.0210505795
"13604012009","13604",164,63250,369,0.339452521171595,125.257980312319,103,0.2710027100271,0.322493224932249,0.205962059620596,4718340.55456236,45809.1315976928,0.00259288537549407,0.324779585315735,12234.1162205253
"13604012011","13604",614,63250,369,0.339452521171595,125.257980312319,103,0.2710027100271,0.322493224932249,0.205962059620596,4718340.55456236,45809.1315976928,0.00970750988142293,1.21594308160891,45803.3375573326
"13604022003","13604",281,63250,369,0.339452521171595,125.257980312319,103,0.2710027100271,0.322493224932249,0.205962059620596,4718340.55456236,45809.1315976928,0.00444268774703557,0.55648209435196,20962.1137680952
"13604022006","13604",625,63250,369,0.339452521171595,125.257980312319,103,0.2710027100271,0.322493224932249,0.205962059620596,4718340.55456236,45809.1315976928,0.00988142292490119,1.23772707818497,46623.9185233434
"13604022008","13604",593,63250,369,0.339452521171595,125.257980312319,103,0.2710027100271,0.322493224932249,0.205962059620596,4718340.55456236,45809.1315976928,0.00937549407114624,1.1743554517819,44236.7738949483
"13604022010","13604",173,63250,369,0.339452521171595,125.257980312319,103,0.2710027100271,0.322493224932249,0.205962059620596,4718340.55456236,45809.1315976928,0.00273517786561265,0.342602855241598,12905.5006472615
"13604022012","13604",376,63250,369,0.339452521171595,125.257980312319,103,0.2710027100271,0.322493224932249,0.205962059620596,4718340.55456236,45809.1315976928,0.00594466403162055,0.744616610236075,28048.9493836434
"13604022014","13604",2089,63250,369,0.339452521171595,125.257980312319,103,0.2710027100271,0.322493224932249,0.205962059620596,4718340.55456236,45809.1315976928,0.0330276679841897,4.13697898612543,155835.785272423
"13604031001","13604",3891,63250,369,0.339452521171595,125.257980312319,103,0.2710027100271,0.322493224932249,0.205962059620596,4718340.55456236,45809.1315976928,0.0615177865612648,7.70559369794832,290261.867158927
"13604031002","13604",4896,63250,369,0.339452521171595,125.257980312319,103,0.2710027100271,0.322493224932249,0.205962059620596,4718340.55456236,45809.1315976928,0.0774071146245059,9.69585883966975,365233.128144463
"13604031003","13604",6227,63250,369,0.339452521171595,125.257980312319,103,0.2710027100271,0.322493224932249,0.205962059620596,4718340.55456236,45809.1315976928,0.0984505928853755,12.3317224253724,464523.425031775
"13604031004","13604",4652,63250,369,0.339452521171595,125.257980312319,103,0.2710027100271,0.322493224932249,0.205962059620596,4718340.55456236,45809.1315976928,0.0735494071146245,9.21265018834633,347031.15035295
"13604032011","13604",39,63250,369,0.339452521171595,125.257980312319,103,0.2710027100271,0.322493224932249,0.205962059620596,4718340.55456236,45809.1315976928,0.000616600790513834,0.0772341696787418,2909.33251585663
"13604041001","13604",6987,63250,369,0.339452521171595,125.257980312319,103,0.2710027100271,0.322493224932249,0.205962059620596,4718340.55456236,45809.1315976928,0.110466403162055,13.8367985524454,521218.109956161
"13604041002","13604",3686,63250,369,0.339452521171595,125.257980312319,103,0.2710027100271,0.322493224932249,0.205962059620596,4718340.55456236,45809.1315976928,0.0582766798418972,7.29961921630365,274969.22188327
"13604041003","13604",4562,63250,369,0.339452521171595,125.257980312319,103,0.2710027100271,0.322493224932249,0.205962059620596,4718340.55456236,45809.1315976928,0.0721264822134387,9.0344174890877,340317.306085588
"13604041004","13604",4121,63250,369,0.339452521171595,125.257980312319,103,0.2710027100271,0.322493224932249,0.205962059620596,4718340.55456236,45809.1315976928,0.0651541501976285,8.16107726272039,307419.469175517
"13604041005","13604",5027,63250,369,0.339452521171595,125.257980312319,103,0.2710027100271,0.322493224932249,0.205962059620596,4718340.55456236,45809.1315976928,0.0794782608695652,9.95528643525732,375005.501466956
"13604041006","13604",4259,63250,369,0.339452521171595,125.257980312319,103,0.2710027100271,0.322493224932249,0.205962059620596,4718340.55456236,45809.1315976928,0.0673359683794466,8.43436740158363,317714.030385472
"13604042001","13604",1129,63250,369,0.339452521171595,125.257980312319,103,0.2710027100271,0.322493224932249,0.205962059620596,4718340.55456236,45809.1315976928,0.0178498023715415,2.23583019403332,84221.4464205676
"13604052005","13604",416,63250,369,0.339452521171595,125.257980312319,103,0.2710027100271,0.322493224932249,0.205962059620596,4718340.55456236,45809.1315976928,0.00657707509881423,0.823831143239913,31032.8801691374
"13604052006","13604",209,63250,369,0.339452521171595,125.257980312319,103,0.2710027100271,0.322493224932249,0.205962059620596,4718340.55456236,45809.1315976928,0.00330434782608696,0.413895934945053,15591.038354206
"13604052007","13604",153,63250,369,0.339452521171595,125.257980312319,103,0.2710027100271,0.322493224932249,0.205962059620596,4718340.55456236,45809.1315976928,0.00241897233201581,0.30299558873968,11413.5352545145
"13604052013","13604",164,63250,369,0.339452521171595,125.257980312319,103,0.2710027100271,0.322493224932249,0.205962059620596,4718340.55456236,45809.1315976928,0.00259288537549407,0.324779585315735,12234.1162205253
"13604052014","13604",64,63250,369,0.339452521171595,125.257980312319,103,0.2710027100271,0.322493224932249,0.205962059620596,4718340.55456236,45809.1315976928,0.00101185770750988,0.12674325280614,4774.28925679037
"13604991999","13604",167,63250,369,0.339452521171595,125.257980312319,103,0.2710027100271,0.322493224932249,0.205962059620596,4718340.55456236,45809.1315976928,0.0026403162055336,0.330720675291023,12457.9110294374
"13605011001","13605",4957,90201,418,0.363803658364389,152.069929196315,148,0.222488038277512,0.320574162679426,0.272727272727273,7207145.84411547,48696.9313791586,0.0549550448442922,8.35700977845181,396069.02306272
"13605011002","13605",4186,90201,418,0.363803658364389,152.069929196315,148,0.222488038277512,0.320574162679426,0.272727272727273,7207145.84411547,48696.9313791586,0.0464074677664327,7.05718033742168,334465.388448768
"13605011003","13605",5454,90201,418,0.363803658364389,152.069929196315,148,0.222488038277512,0.320574162679426,0.272727272727273,7207145.84411547,48696.9313791586,0.0604649615857917,9.19490242720923,435779.79660764
"13605011004","13605",3929,90201,418,0.363803658364389,152.069929196315,148,0.222488038277512,0.320574162679426,0.272727272727273,7207145.84411547,48696.9313791586,0.0435582754071463,6.6239038570783,313930.843577451
"13605011005","13605",5484,90201,418,0.363803658364389,152.069929196315,148,0.222488038277512,0.320574162679426,0.272727272727273,7207145.84411547,48696.9313791586,0.0607975521335684,9.24547944826099,438176.825191841
"13605011006","13605",90,90201,418,0.363803658364389,152.069929196315,148,0.222488038277512,0.320574162679426,0.272727272727273,7207145.84411547,48696.9313791586,0.000997771643329896,0.151731063155268,7191.08575260133
"13605012001","13605",344,90201,418,0.363803658364389,152.069929196315,148,0.222488038277512,0.320574162679426,0.272727272727273,7207145.84411547,48696.9313791586,0.00381370494783872,0.579949841393468,27485.9277654984
"13605012002","13605",984,90201,418,0.363803658364389,152.069929196315,148,0.222488038277512,0.320574162679426,0.272727272727273,7207145.84411547,48696.9313791586,0.0109089699670735,1.6589262904976,78622.5375617745
"13605012006","13605",55,90201,418,0.363803658364389,152.069929196315,148,0.222488038277512,0.320574162679426,0.272727272727273,7207145.84411547,48696.9313791586,0.000609749337590492,0.0927245385948859,4394.55240436748
"13605012007","13605",1232,90201,418,0.363803658364389,152.069929196315,148,0.222488038277512,0.320574162679426,0.272727272727273,7207145.84411547,48696.9313791586,0.013658385162027,2.07702966452544,98437.9738578315
"13605012009","13605",1816,90201,418,0.363803658364389,152.069929196315,148,0.222488038277512,0.320574162679426,0.272727272727273,7207145.84411547,48696.9313791586,0.0201328144920788,3.06159567433296,145100.130296933
"13605021001","13605",5317,90201,418,0.363803658364389,152.069929196315,148,0.222488038277512,0.320574162679426,0.272727272727273,7207145.84411547,48696.9313791586,0.0589461314176118,8.96393403107288,424833.366073125
"13605021002","13605",4111,90201,418,0.363803658364389,152.069929196315,148,0.222488038277512,0.320574162679426,0.272727272727273,7207145.84411547,48696.9313791586,0.0455759913969912,6.93073778479229,328472.816988267
"13605021003","13605",1787,90201,418,0.363803658364389,152.069929196315,148,0.222488038277512,0.320574162679426,0.272727272727273,7207145.84411547,48696.9313791586,0.0198113102958947,3.01270455398293,142783.00266554
"13605021004","13605",4313,90201,418,0.363803658364389,152.069929196315,148,0.222488038277512,0.320574162679426,0.272727272727273,7207145.84411547,48696.9313791586,0.0478154344186872,7.27128972654078,344612.809455217
"13605021005","13605",4176,90201,418,0.363803658364389,152.069929196315,148,0.222488038277512,0.320574162679426,0.272727272727273,7207145.84411547,48696.9313791586,0.0462966042505072,7.04032133040443,333666.378920702
"13605021006","13605",4637,90201,418,0.363803658364389,152.069929196315,148,0.222488038277512,0.320574162679426,0.272727272727273,7207145.84411547,48696.9313791586,0.0514074123346748,7.81752155389975,370500.718164582
"13605021007","13605",2655,90201,418,0.363803658364389,152.069929196315,148,0.222488038277512,0.320574162679426,0.272727272727273,7207145.84411547,48696.9313791586,0.0294342634782319,4.4760663630804,212137.029701739
"13605021008","13605",4589,90201,418,0.363803658364389,152.069929196315,148,0.222488038277512,0.320574162679426,0.272727272727273,7207145.84411547,48696.9313791586,0.0508752674582322,7.73659832021694,366665.472429861
"13605022005","13605",30,90201,418,0.363803658364389,152.069929196315,148,0.222488038277512,0.320574162679426,0.272727272727273,7207145.84411547,48696.9313791586,0.000332590547776632,0.050577021051756,2397.02858420044
"13605022006","13605",1566,90201,418,0.363803658364389,152.069929196315,148,0.222488038277512,0.320574162679426,0.272727272727273,7207145.84411547,48696.9313791586,0.0173612265939402,2.64012049890166,125124.892095263
"13605022901","13605",42,90201,418,0.363803658364389,152.069929196315,148,0.222488038277512,0.320574162679426,0.272727272727273,7207145.84411547,48696.9313791586,0.000465626766887285,0.0708078294724583,3355.84001788062
"13605031001","13605",1627,90201,418,0.363803658364389,152.069929196315,148,0.222488038277512,0.320574162679426,0.272727272727273,7207145.84411547,48696.9313791586,0.018037494041086,2.7429604417069,129998.850216471
"13605031002","13605",5269,90201,418,0.363803658364389,152.069929196315,148,0.222488038277512,0.320574162679426,0.272727272727273,7207145.84411547,48696.9313791586,0.0584139865411692,8.88301079739007,420998.120338404
"13605031003","13605",3360,90201,418,0.363803658364389,152.069929196315,148,0.222488038277512,0.320574162679426,0.272727272727273,7207145.84411547,48696.9313791586,0.0372501413509828,5.66462635779667,268467.20143045
"13605031004","13605",4660,90201,418,0.363803658364389,152.069929196315,148,0.222488038277512,0.320574162679426,0.272727272727273,7207145.84411547,48696.9313791586,0.0516623984213035,7.85629727003943,372338.440079135
"13605031005","13605",4093,90201,418,0.363803658364389,152.069929196315,148,0.222488038277512,0.320574162679426,0.272727272727273,7207145.84411547,48696.9313791586,0.0453764370683252,6.90039157216124,327034.599837747
"13605031006","13605",4550,90201,418,0.363803658364389,152.069929196315,148,0.222488038277512,0.320574162679426,0.272727272727273,7207145.84411547,48696.9313791586,0.0504428997461225,7.67084819284965,363549.3352704
"13605031007","13605",3715,90201,418,0.363803658364389,152.069929196315,148,0.222488038277512,0.320574162679426,0.272727272727273,7207145.84411547,48696.9313791586,0.0411857961663396,6.26312110690911,296832.039676821
"13605032004","13605",538,90201,418,0.363803658364389,152.069929196315,148,0.222488038277512,0.320574162679426,0.272727272727273,7207145.84411547,48696.9313791586,0.00596445715679427,0.907014577528157,42986.7126099946
"13605032006","13605",295,90201,418,0.363803658364389,152.069929196315,148,0.222488038277512,0.320574162679426,0.272727272727273,7207145.84411547,48696.9313791586,0.00327047371980355,0.497340707008934,23570.781077971
"13605032008","13605",235,90201,418,0.363803658364389,152.069929196315,148,0.222488038277512,0.320574162679426,0.272727272727273,7207145.84411547,48696.9313791586,0.00260529262425029,0.396186664905422,18776.7239095701
"13605991999","13605",105,90201,418,0.363803658364389,152.069929196315,148,0.222488038277512,0.320574162679426,0.272727272727273,7207145.84411547,48696.9313791586,0.00116406691721821,0.177019573681146,8389.60004470155
