"geocodigo","nom_comuna","urbano","comuna_cod","pob_zona","pob_comuna","n_personas","prob_media","prob_suma","n_consumidores","prop_jovenes","prop_adultos","prop_universitarios","gasto_total","gasto_medio","peso_zona","demanda_prob_zona.x","demanda_gasto_zona","demanda_prob_zona.y","oferta_n","demanda_x_local","demanda_cat","oferta_cat","categoria_do"
"13101091004","SANTIAGO",1,"13101",2956,404495,1503,0.444418532708825,667.961054661364,909,0.294078509647372,0.236859614105123,0.497671324018629,46571551.1915076,51233.8296936278,0.0073078777240757,4.88137771190989,340339.20152807,4.88137771190989,5,0.976275542381978,"Baja","Alta","Baja demanda / Alta oferta"
"13112071006","LA PINTANA",1,"13112",2274,177335,797,0.293583790364556,233.986280920551,137,0.288582183186951,0.299874529485571,0.120451693851945,4726898.76907184,34502.9107231521,0.0128231877519948,3.00045001163523,60613.9104004814,3.00045001163523,0,NA,"Baja","Baja","Baja demanda / Baja oferta"
"13120011008","ÑUÑOA",1,"13120",3338,208237,1019,0.538759543303381,548.995974626145,776,0.212953876349362,0.267909715407262,0.680078508341511,51172398.0854831,65943.8119658287,0.0160298121851544,8.80030236366291,820283.930374249,8.80030236366291,18,0.488905686870161,"Alta","Alta","Alta demanda / Alta oferta"
"13101141003","SANTIAGO",1,"13101",4067,404495,1503,0.444418532708825,667.961054661364,909,0.294078509647372,0.236859614105123,0.497671324018629,46571551.1915076,51233.8296936278,0.0100545124167171,6.71602271797616,468254.239720792,6.71602271797616,7,0.959431816853737,"Alta","Alta","Alta demanda / Alta oferta"
"13110031007","LA FLORIDA",1,"13110",2062,366916,1614,0.391462582871543,631.82060875467,709,0.233581164807931,0.289343246592317,0.325898389095415,33694783.5542884,47524.3773685309,0.0056198148895115,3.55071486457971,189358.446317257,3.55071486457971,9,0.39452387384219,"Baja","Alta","Baja demanda / Alta oferta"
"13101161001","SANTIAGO",1,"13101",2637,404495,1503,0.444418532708825,667.961054661364,909,0.294078509647372,0.236859614105123,0.497671324018629,46571551.1915076,51233.8296936278,0.00651924004004994,4.35459845274235,303611.121254912,4.35459845274235,5,0.870919690548469,"Baja","Alta","Baja demanda / Alta oferta"
"13112081006","LA PINTANA",1,"13112",3947,177335,797,0.293583790364556,233.986280920551,137,0.288582183186951,0.299874529485571,0.120451693851945,4726898.76907184,34502.9107231521,0.0222573096117518,5.20790509935103,105208.04940664,5.20790509935103,0,NA,"Baja","Baja","Baja demanda / Baja oferta"
"13110091001","LA FLORIDA",1,"13110",2990,366916,1614,0.391462582871543,631.82060875467,709,0.233581164807931,0.289343246592317,0.325898389095415,33694783.5542884,47524.3773685309,0.00814900413173587,5.14870875125768,274578.930401842,5.14870875125768,1,5.14870875125768,"Baja","Baja","Baja demanda / Baja oferta"
"13110181001","LA FLORIDA",1,"13110",4197,366916,1614,0.391462582871543,631.82060875467,709,0.233581164807931,0.289343246592317,0.325898389095415,33694783.5542884,47524.3773685309,0.0114385853982928,7.22713398964163,385420.659162719,7.22713398964163,5,1.44542679792833,"Alta","Alta","Alta demanda / Alta oferta"
"13110171001","LA FLORIDA",1,"13110",4566,366916,1614,0.391462582871543,631.82060875467,709,0.233581164807931,0.289343246592317,0.325898389095415,33694783.5542884,47524.3773685309,0.01244426517241,7.86254319673664,419306.821476525,7.86254319673664,0,NA,"Alta","Baja","Alta demanda / Baja oferta"
"13110171002","LA FLORIDA",1,"13110",3973,366916,1614,0.391462582871543,631.82060875467,709,0.233581164807931,0.289343246592317,0.325898389095415,33694783.5542884,47524.3773685309,0.0108280914432731,6.84141132734005,364850.19748713,6.84141132734005,1,6.84141132734005,"Alta","Baja","Alta demanda / Baja oferta"
"13110171006","LA FLORIDA",1,"13110",3797,366916,1614,0.391462582871543,631.82060875467,709,0.233581164807931,0.289343246592317,0.325898389095415,33694783.5542884,47524.3773685309,0.0103484176214719,6.53834352124595,348687.691884881,6.53834352124595,0,NA,"Alta","Baja","Alta demanda / Baja oferta"
"13110171003","LA FLORIDA",1,"13110",3316,366916,1614,0.391462582871543,631.82060875467,709,0.233581164807931,0.289343246592317,0.325898389095415,33694783.5542884,47524.3773685309,0.00903749086984487,5.71007298300015,304516.29873328,5.71007298300015,7,0.815724711857165,"Baja","Alta","Baja demanda / Alta oferta"
"13110121002","LA FLORIDA",1,"13110",2473,366916,1614,0.391462582871543,631.82060875467,709,0.233581164807931,0.289343246592317,0.325898389095415,33694783.5542884,47524.3773685309,0.00673996228019492,4.25844707085627,227101.570195236,4.25844707085627,1,4.25844707085627,"Baja","Baja","Baja demanda / Baja oferta"
"13110161003","LA FLORIDA",1,"13110",3905,366916,1614,0.391462582871543,631.82060875467,709,0.233581164807931,0.289343246592317,0.325898389095415,33694783.5542884,47524.3773685309,0.0106427629212136,6.72431694771279,358605.593049897,6.72431694771279,10,0.672431694771279,"Alta","Alta","Alta demanda / Alta oferta"
"13110161004","LA FLORIDA",1,"13110",3444,366916,1614,0.391462582871543,631.82060875467,709,0.233581164807931,0.289343246592317,0.325898389095415,33694783.5542884,47524.3773685309,0.00938634455842754,5.93048593288677,316270.848262189,5.93048593288677,0,NA,"Alta","Baja","Alta demanda / Baja oferta"
"13110151004","LA FLORIDA",1,"13110",2787,366916,1614,0.391462582871543,631.82060875467,709,0.233581164807931,0.289343246592317,0.325898389095415,33694783.5542884,47524.3773685309,0.00759574398499929,4.79914758854687,255936.949508339,4.79914758854687,0,NA,"Baja","Baja","Baja demanda / Baja oferta"
"13110151003","LA FLORIDA",1,"13110",4320,366916,1614,0.391462582871543,631.82060875467,709,0.233581164807931,0.289343246592317,0.325898389095415,33694783.5542884,47524.3773685309,0.0117738119896652,7.4389370586733,396716.046600655,7.4389370586733,5,1.48778741173466,"Alta","Alta","Alta demanda / Alta oferta"
"13112081008","LA PINTANA",1,"13112",3346,177335,797,0.293583790364556,233.986280920551,137,0.288582183186951,0.299874529485571,0.120451693851945,4726898.76907184,34502.9107231521,0.0188682437195139,4.41491017543161,89188.2780123178,4.41491017543161,0,NA,"Baja","Baja","Baja demanda / Baja oferta"
"13127111004","RECOLETA",1,"13127",4248,157851,717,0.343175755552565,246.057016731189,223,0.251046025104602,0.302649930264993,0.213389121338912,9920421.59541371,44486.1954951288,0.026911454472889,6.62175220349628,266972.974116841,6.62175220349628,11,0.601977473045117,"Alta","Alta","Alta demanda / Alta oferta"
"13127071004","RECOLETA",1,"13127",2024,157851,717,0.343175755552565,246.057016731189,223,0.251046025104602,0.302649930264993,0.213389121338912,9920421.59541371,44486.1954951288,0.0128222184211693,3.15499681258862,127201.81252648,3.15499681258862,0,NA,"Baja","Baja","Baja demanda / Baja oferta"
"13127071002","RECOLETA",1,"13127",3092,157851,717,0.343175755552565,246.057016731189,223,0.251046025104602,0.302649930264993,0.213389121338912,9920421.59541371,44486.1954951288,0.0195880925683081,4.81978762081227,194322.136527606,4.81978762081227,5,0.963957524162454,"Baja","Alta","Baja demanda / Alta oferta"
"13110141006","LA FLORIDA",1,"13110",2774,366916,1614,0.391462582871543,631.82060875467,709,0.233581164807931,0.289343246592317,0.325898389095415,33694783.5542884,47524.3773685309,0.00756031353225261,4.77676189832401,254743.128071809,4.77676189832401,0,NA,"Baja","Baja","Baja demanda / Baja oferta"
"13127081001","RECOLETA",1,"13127",2817,157851,717,0.343175755552565,246.057016731189,223,0.251046025104602,0.302649930264993,0.213389121338912,9920421.59541371,44486.1954951288,0.0178459433263014,4.39111957562359,177039.28156477,4.39111957562359,4,1.0977798939059,"Baja","Alta","Baja demanda / Alta oferta"
"13112051010","LA PINTANA",1,"13112",4743,177335,797,0.293583790364556,233.986280920551,137,0.288582183186951,0.299874529485571,0.120451693851945,4726898.76907184,34502.9107231521,0.0267459892294245,6.25819454933417,126425.583566176,6.25819454933417,1,6.25819454933417,"Alta","Baja","Alta demanda / Baja oferta"
"13112051011","LA PINTANA",1,"13112",4829,177335,797,0.293583790364556,233.986280920551,137,0.288582183186951,0.299874529485571,0.120451693851945,4726898.76907184,34502.9107231521,0.0272309470775651,6.3716680326238,128717.930221603,6.3716680326238,3,2.12388934420793,"Alta","Alta","Alta demanda / Alta oferta"
"13112041003","LA PINTANA",1,"13112",3963,177335,797,0.293583790364556,233.986280920551,137,0.288582183186951,0.299874529485571,0.120451693851945,4726898.76907184,34502.9107231521,0.0223475343276849,5.22901644507934,105634.532505324,5.22901644507934,0,NA,"Baja","Baja","Baja demanda / Baja oferta"
"13119121001","MAIPÚ",1,"13119",4652,521627,2156,0.374540184138306,807.508637002187,879,0.26669758812616,0.343228200371058,0.285250463821892,37377991.1631458,42523.3119034651,0.00891825001389882,7.20156391316818,333346.270210235,7.20156391316818,0,NA,"Alta","Baja","Alta demanda / Baja oferta"
"13110181003","LA FLORIDA",1,"13110",2790,366916,1614,0.391462582871543,631.82060875467,709,0.233581164807931,0.289343246592317,0.325898389095415,33694783.5542884,47524.3773685309,0.00760392024332545,4.80431351705984,256212.446762923,4.80431351705984,0,NA,"Baja","Baja","Baja demanda / Baja oferta"
"13110061001","LA FLORIDA",1,"13110",1837,366916,1614,0.391462582871543,631.82060875467,709,0.233581164807931,0.289343246592317,0.325898389095415,33694783.5542884,47524.3773685309,0.00500659551504977,3.16327022610714,168696.152223473,3.16327022610714,14,0.225947873293367,"Baja","Alta","Baja demanda / Alta oferta"
"13110021003","LA FLORIDA",1,"13110",799,366916,1614,0.391462582871543,631.82060875467,709,0.233581164807931,0.289343246592317,0.325898389095415,33694783.5542884,47524.3773685309,0.00217761013419965,1.37585896062036,73374.1021374822,1.37585896062036,0,NA,"Baja","Baja","Baja demanda / Baja oferta"
"13110071003","LA FLORIDA",1,"13110",2600,366916,1614,0.391462582871543,631.82060875467,709,0.233581164807931,0.289343246592317,0.325898389095415,33694783.5542884,47524.3773685309,0.00708609054933554,4.47713804457189,238764.28730595,4.47713804457189,0,NA,"Baja","Baja","Baja demanda / Baja oferta"
"13110031005","LA FLORIDA",1,"13110",3453,366916,1614,0.391462582871543,631.82060875467,709,0.233581164807931,0.289343246592317,0.325898389095415,33694783.5542884,47524.3773685309,0.00941087333340601,5.94598371842567,317097.34002594,5.94598371842567,1,5.94598371842567,"Alta","Baja","Alta demanda / Baja oferta"
"13110071004","LA FLORIDA",1,"13110",5439,366916,1614,0.391462582871543,631.82060875467,709,0.233581164807931,0.289343246592317,0.325898389095415,33694783.5542884,47524.3773685309,0.0148235563453215,9.36582839401021,499476.522560408,9.36582839401021,1,9.36582839401021,"Alta","Baja","Alta demanda / Baja oferta"
"13110181002","LA FLORIDA",1,"13110",2559,366916,1614,0.391462582871543,631.82060875467,709,0.233581164807931,0.289343246592317,0.325898389095415,33694783.5542884,47524.3773685309,0.00697434835221141,4.40653702156134,234999.158159971,4.40653702156134,0,NA,"Baja","Baja","Baja demanda / Baja oferta"
"13110171005","LA FLORIDA",1,"13110",2679,366916,1614,0.391462582871543,631.82060875467,709,0.233581164807931,0.289343246592317,0.325898389095415,33694783.5542884,47524.3773685309,0.00730139868525766,4.61317416208004,246019.048343323,4.61317416208004,0,NA,"Baja","Baja","Baja demanda / Baja oferta"
"13110211004","LA FLORIDA",1,"13110",3585,366916,1614,0.391462582871543,631.82060875467,709,0.233581164807931,0.289343246592317,0.325898389095415,33694783.5542884,47524.3773685309,0.00977062869975689,6.17328457299625,329219.219227627,6.17328457299625,0,NA,"Alta","Baja","Alta demanda / Baja oferta"
"13122101002","PEÑALOLÉN",1,"13122",3122,241599,987,0.373620862819229,368.763791602579,373,0.279635258358663,0.31306990881459,0.276595744680851,17957439.2876452,48143.2688676815,0.0129222389165518,4.76525381886205,232050.320804425,4.76525381886205,0,NA,"Baja","Baja","Baja demanda / Baja oferta"
"13110201004","LA FLORIDA",1,"13110",2437,366916,1614,0.391462582871543,631.82060875467,709,0.233581164807931,0.289343246592317,0.325898389095415,33694783.5542884,47524.3773685309,0.00664184718028105,4.19645592870066,223795.60314023,4.19645592870066,0,NA,"Baja","Baja","Baja demanda / Baja oferta"
"13122101001","PEÑALOLÉN",1,"13122",2812,241599,987,0.373620862819229,368.763791602579,373,0.279635258358663,0.31306990881459,0.276595744680851,17957439.2876452,48143.2688676815,0.0116391210228519,4.29208639930816,209008.809129418,4.29208639930816,0,NA,"Baja","Baja","Baja demanda / Baja oferta"
"13112051002","LA PINTANA",1,"13112",3516,177335,797,0.293583790364556,233.986280920551,137,0.288582183186951,0.299874529485571,0.120451693851945,4726898.76907184,34502.9107231521,0.0198268813263033,4.63921822379484,93719.6609358367,4.63921822379484,0,NA,"Baja","Baja","Baja demanda / Baja oferta"
"13110171004","LA FLORIDA",1,"13110",2659,366916,1614,0.391462582871543,631.82060875467,709,0.233581164807931,0.289343246592317,0.325898389095415,33694783.5542884,47524.3773685309,0.00724689029641662,4.57873463866026,244182.399979431,4.57873463866026,12,0.381561219888355,"Baja","Alta","Baja demanda / Alta oferta"
"13124071004","PUDAHUEL",1,"13124",1467,230293,1036,0.352639539826063,365.334563259802,362,0.283783783783784,0.318532818532819,0.253861003861004,15081859.6848739,41662.5958145688,0.00637014585766827,2.32723445481247,96073.6459975337,2.32723445481247,0,NA,"Baja","Baja","Baja demanda / Baja oferta"
"13101171002","SANTIAGO",1,"13101",3663,404495,1503,0.444418532708825,667.961054661364,909,0.294078509647372,0.236859614105123,0.497671324018629,46571551.1915076,51233.8296936278,0.00905573616484753,6.04887907940661,421739.680377984,6.04887907940661,0,NA,"Alta","Baja","Alta demanda / Baja oferta"
"13124071005","PUDAHUEL",1,"13124",1245,230293,1036,0.352639539826063,365.334563259802,362,0.283783783783784,0.318532818532819,0.253861003861004,15081859.6848739,41662.5958145688,0.0054061565049741,1.97505582565885,81534.8938424877,1.97505582565885,0,NA,"Baja","Baja","Baja demanda / Baja oferta"
"13124081001","PUDAHUEL",1,"13124",1017,230293,1036,0.352639539826063,365.334563259802,362,0.283783783783784,0.318532818532819,0.253861003861004,15081859.6848739,41662.5958145688,0.00441611338599089,1.61335885517675,66603.202440008,1.61335885517675,0,NA,"Baja","Baja","Baja demanda / Baja oferta"
"13101111007","SANTIAGO",1,"13101",1859,404495,1503,0.444418532708825,667.961054661364,909,0.294078509647372,0.236859614105123,0.497671324018629,46571551.1915076,51233.8296936278,0.00459585408966736,3.06985154480395,214036.054005643,3.06985154480395,4,0.767462886200988,"Baja","Alta","Baja demanda / Alta oferta"
"13101111009","SANTIAGO",1,"13101",3455,404495,1503,0.444418532708825,667.961054661364,909,0.294078509647372,0.236859614105123,0.497671324018629,46571551.1915076,51233.8296936278,0.00854151472824139,5.70539918628169,397791.59041931,5.70539918628169,1,5.70539918628169,"Baja","Baja","Baja demanda / Baja oferta"
"13110101001","LA FLORIDA",1,"13110",3193,366916,1614,0.391462582871543,631.82060875467,709,0.233581164807931,0.289343246592317,0.325898389095415,33694783.5542884,47524.3773685309,0.00870226427847246,5.49826991396848,293220.911295345,5.49826991396848,2,2.74913495698424,"Baja","Alta","Baja demanda / Alta oferta"
"13101111018","SANTIAGO",1,"13101",2724,404495,1503,0.444418532708825,667.961054661364,909,0.294078509647372,0.236859614105123,0.497671324018629,46571551.1915076,51233.8296936278,0.00673432304478424,4.4982655234244,313627.870420319,4.4982655234244,3,1.49942184114147,"Baja","Alta","Baja demanda / Alta oferta"
"13101111005","SANTIAGO",1,"13101",1960,404495,1503,0.444418532708825,667.961054661364,909,0.294078509647372,0.236859614105123,0.497671324018629,46571551.1915076,51233.8296936278,0.00484554815263477,3.23663745444634,225664.693841345,3.23663745444634,1,3.23663745444634,"Baja","Baja","Baja demanda / Baja oferta"
"13110051002","LA FLORIDA",1,"13110",3793,366916,1614,0.391462582871543,631.82060875467,709,0.233581164807931,0.289343246592317,0.325898389095415,33694783.5542884,47524.3773685309,0.0103375159437037,6.531455616562,348320.362212103,6.531455616562,1,6.531455616562,"Alta","Baja","Alta demanda / Baja oferta"
"13110051003","LA FLORIDA",1,"13110",2112,366916,1614,0.391462582871543,631.82060875467,709,0.233581164807931,0.289343246592317,0.325898389095415,33694783.5542884,47524.3773685309,0.0057560858616141,3.63681367312917,193950.067226987,3.63681367312917,0,NA,"Baja","Baja","Baja demanda / Baja oferta"
"13110201005","LA FLORIDA",1,"13110",2021,366916,1614,0.391462582871543,631.82060875467,709,0.233581164807931,0.289343246592317,0.325898389095415,33694783.5542884,47524.3773685309,0.00550807269238736,3.48011384156915,185593.317171278,3.48011384156915,0,NA,"Baja","Baja","Baja demanda / Baja oferta"
"13110161002","LA FLORIDA",1,"13110",3911,366916,1614,0.391462582871543,631.82060875467,709,0.233581164807931,0.289343246592317,0.325898389095415,33694783.5542884,47524.3773685309,0.0106591154378659,6.73464880473872,359156.587559065,6.73464880473872,17,0.396155812043454,"Alta","Alta","Alta demanda / Alta oferta"
"13110161001","LA FLORIDA",1,"13110",2219,366916,1614,0.391462582871543,631.82060875467,709,0.233581164807931,0.289343246592317,0.325898389095415,33694783.5542884,47524.3773685309,0.00604770574191368,3.82106512342501,203776.135973808,3.82106512342501,0,NA,"Baja","Baja","Baja demanda / Baja oferta"
"13110051004","LA FLORIDA",1,"13110",4489,366916,1614,0.391462582871543,631.82060875467,709,0.233581164807931,0.289343246592317,0.325898389095415,33694783.5542884,47524.3773685309,0.012234407875372,7.72995103157047,412235.725275541,7.72995103157047,1,7.72995103157047,"Alta","Baja","Alta demanda / Baja oferta"
"13127081003","RECOLETA",1,"13127",2692,157851,717,0.343175755552565,246.057016731189,223,0.251046025104602,0.302649930264993,0.213389121338912,9920421.59541371,44486.1954951288,0.0170540573072074,4.1962704641742,169183.438399844,4.1962704641742,4,1.04906761604355,"Baja","Alta","Baja demanda / Alta oferta"
"13101121002","SANTIAGO",1,"13101",1774,404495,1503,0.444418532708825,667.961054661364,909,0.294078509647372,0.236859614105123,0.497671324018629,46571551.1915076,51233.8296936278,0.00438571552182351,2.92948716540194,204249.574935993,2.92948716540194,7,0.418498166485992,"Baja","Alta","Baja demanda / Alta oferta"
"13101131008","SANTIAGO",1,"13101",3025,404495,1503,0.444418532708825,667.961054661364,909,0.294078509647372,0.236859614105123,0.497671324018629,46571551.1915076,51233.8296936278,0.00747846079679601,4.99532056107152,348283.519831668,4.99532056107152,10,0.499532056107152,"Baja","Alta","Baja demanda / Alta oferta"
"13110051005","LA FLORIDA",1,"13110",2436,366916,1614,0.391462582871543,631.82060875467,709,0.233581164807931,0.289343246592317,0.325898389095415,33694783.5542884,47524.3773685309,0.00663912176083899,4.19473395252967,223703.770722036,4.19473395252967,0,NA,"Baja","Baja","Baja demanda / Baja oferta"
"13110011005","LA FLORIDA",1,"13110",3081,366916,1614,0.391462582871543,631.82060875467,709,0.233581164807931,0.289343246592317,0.325898389095415,33694783.5542884,47524.3773685309,0.00839701730096262,5.30540858281769,282935.68045755,5.30540858281769,20,0.265270429140885,"Baja","Alta","Baja demanda / Alta oferta"
"13110021002","LA FLORIDA",1,"13110",2554,366916,1614,0.391462582871543,631.82060875467,709,0.233581164807931,0.289343246592317,0.325898389095415,33694783.5542884,47524.3773685309,0.00696072125500114,4.39792714070639,234539.996068998,4.39792714070639,5,0.879585428141278,"Baja","Alta","Baja demanda / Alta oferta"
"13110061003","LA FLORIDA",1,"13110",2532,366916,1614,0.391462582871543,631.82060875467,709,0.233581164807931,0.289343246592317,0.325898389095415,33694783.5542884,47524.3773685309,0.006900762027276,4.36004366494463,232519.682868717,4.36004366494463,0,NA,"Baja","Baja","Baja demanda / Baja oferta"
"13110061005","LA FLORIDA",1,"13110",2646,366916,1614,0.391462582871543,631.82060875467,709,0.233581164807931,0.289343246592317,0.325898389095415,33694783.5542884,47524.3773685309,0.00721145984366994,4.5563489484374,242988.578542901,4.5563489484374,0,NA,"Baja","Baja","Baja demanda / Baja oferta"
"13110011002","LA FLORIDA",1,"13110",2340,366916,1614,0.391462582871543,631.82060875467,709,0.233581164807931,0.289343246592317,0.325898389095415,33694783.5542884,47524.3773685309,0.00637748149440199,4.0294242401147,214887.858575355,4.0294242401147,24,0.167892676671446,"Baja","Alta","Baja demanda / Alta oferta"
"13110061006","LA FLORIDA",1,"13110",4230,366916,1614,0.391462582871543,631.82060875467,709,0.233581164807931,0.289343246592317,0.325898389095415,33694783.5542884,47524.3773685309,0.0115285242398805,7.28395920328428,388451.128963141,7.28395920328428,11,0.66217810938948,"Alta","Alta","Alta demanda / Alta oferta"
"13112041002","LA PINTANA",1,"13112",5780,177335,797,0.293583790364556,233.986280920551,137,0.288582183186951,0.299874529485571,0.120451693851945,4726898.76907184,34502.9107231521,0.0325936786308399,7.62647364434988,154067.01939964,7.62647364434988,5,1.52529472886998,"Alta","Alta","Alta demanda / Alta oferta"
"13121021001","PEDRO AGUIRRE CERDA",1,"13121",1903,101174,451,0.32572516744925,146.902050519612,113,0.254988913525499,0.314855875831486,0.195121951219512,4343804.96060395,38440.7518637518,0.0188091802241683,2.76310714352325,81703.4103626358,2.76310714352325,8,0.345388392940406,"Baja","Alta","Baja demanda / Alta oferta"
"13110011003","LA FLORIDA",1,"13110",4000,366916,1614,0.391462582871543,631.82060875467,709,0.233581164807931,0.289343246592317,0.325898389095415,33694783.5542884,47524.3773685309,0.0109016777682085,6.88790468395676,367329.672778384,6.88790468395676,5,1.37758093679135,"Alta","Alta","Alta demanda / Alta oferta"
"13110051001","LA FLORIDA",1,"13110",5232,366916,1614,0.391462582871543,631.82060875467,709,0.233581164807931,0.289343246592317,0.325898389095415,33694783.5542884,47524.3773685309,0.0142593945208168,9.00937932661544,480467.211994126,9.00937932661544,0,NA,"Alta","Baja","Alta demanda / Baja oferta"
"13110011004","LA FLORIDA",1,"13110",1119,366916,1614,0.391462582871543,631.82060875467,709,0.233581164807931,0.289343246592317,0.325898389095415,33694783.5542884,47524.3773685309,0.00304974435565634,1.9268913353369,102760.475959753,1.9268913353369,3,0.642297111778968,"Baja","Alta","Baja demanda / Alta oferta"
"13110021001","LA FLORIDA",1,"13110",2928,366916,1614,0.391462582871543,631.82060875467,709,0.233581164807931,0.289343246592317,0.325898389095415,33694783.5542884,47524.3773685309,0.00798002812632864,5.04194622865635,268885.320473777,5.04194622865635,0,NA,"Baja","Baja","Baja demanda / Baja oferta"
"13101021004","SANTIAGO",1,"13101",3279,404495,1503,0.444418532708825,667.961054661364,909,0.294078509647372,0.236859614105123,0.497671324018629,46571551.1915076,51233.8296936278,0.00810640428188235,5.41476235363753,377527.82199274,5.41476235363753,14,0.386768739545538,"Baja","Alta","Baja demanda / Alta oferta"
"13110071005","LA FLORIDA",1,"13110",5421,366916,1614,0.391462582871543,631.82060875467,709,0.233581164807931,0.289343246592317,0.325898389095415,33694783.5542884,47524.3773685309,0.0147744987953646,9.3348328229324,497823.539032905,9.3348328229324,0,NA,"Alta","Baja","Alta demanda / Baja oferta"
"13110061002","LA FLORIDA",1,"13110",5315,366916,1614,0.391462582871543,631.82060875467,709,0.233581164807931,0.289343246592317,0.325898389095415,33694783.5542884,47524.3773685309,0.0144856043345071,9.15230334880755,488089.302704278,9.15230334880755,0,NA,"Alta","Baja","Alta demanda / Baja oferta"
"13110061007","LA FLORIDA",1,"13110",2751,366916,1614,0.391462582871543,631.82060875467,709,0.233581164807931,0.289343246592317,0.325898389095415,33694783.5542884,47524.3773685309,0.00749762888508541,4.73715644639126,252630.982453334,4.73715644639126,0,NA,"Baja","Baja","Baja demanda / Baja oferta"
"13110021005","LA FLORIDA",1,"13110",2436,366916,1614,0.391462582871543,631.82060875467,709,0.233581164807931,0.289343246592317,0.325898389095415,33694783.5542884,47524.3773685309,0.00663912176083899,4.19473395252967,223703.770722036,4.19473395252967,0,NA,"Baja","Baja","Baja demanda / Baja oferta"
"13110061004","LA FLORIDA",1,"13110",4341,366916,1614,0.391462582871543,631.82060875467,709,0.233581164807931,0.289343246592317,0.325898389095415,33694783.5542884,47524.3773685309,0.0118310457979483,7.47509855826407,398644.527382741,7.47509855826407,2,3.73754927913204,"Alta","Alta","Alta demanda / Alta oferta"
"13101031005","SANTIAGO",1,"13101",1791,404495,1503,0.444418532708825,667.961054661364,909,0.294078509647372,0.236859614105123,0.497671324018629,46571551.1915076,51233.8296936278,0.00442774323539228,2.95756004128234,206206.870749923,2.95756004128234,5,0.591512008256469,"Baja","Alta","Baja demanda / Alta oferta"
"13110211001","LA FLORIDA",1,"13110",3535,366916,1614,0.391462582871543,631.82060875467,709,0.233581164807931,0.289343246592317,0.325898389095415,33694783.5542884,47524.3773685309,0.00963435772765429,6.08718576444679,324627.598317897,6.08718576444679,7,0.869597966349541,"Alta","Alta","Alta demanda / Alta oferta"
"13110021006","LA FLORIDA",1,"13110",5829,366916,1614,0.391462582871543,631.82060875467,709,0.233581164807931,0.289343246592317,0.325898389095415,33694783.5542884,47524.3773685309,0.0158864699277219,10.037399100696,535291.1656563,10.037399100696,1,10.037399100696,"Alta","Baja","Alta demanda / Baja oferta"
"13110061008","LA FLORIDA",1,"13110",2766,366916,1614,0.391462582871543,631.82060875467,709,0.233581164807931,0.289343246592317,0.325898389095415,33694783.5542884,47524.3773685309,0.0075385101767162,4.7629860889561,254008.468726252,4.7629860889561,1,4.7629860889561,"Baja","Baja","Baja demanda / Baja oferta"
"13110031001","LA FLORIDA",1,"13110",3228,366916,1614,0.391462582871543,631.82060875467,709,0.233581164807931,0.289343246592317,0.325898389095415,33694783.5542884,47524.3773685309,0.00879765395894428,5.55853907995311,296435.045932156,5.55853907995311,13,0.427579929227162,"Baja","Alta","Baja demanda / Alta oferta"
"13110031006","LA FLORIDA",1,"13110",2840,366916,1614,0.391462582871543,631.82060875467,709,0.233581164807931,0.289343246592317,0.325898389095415,33694783.5542884,47524.3773685309,0.00774019121542805,4.8904123256093,260804.067672653,4.8904123256093,3,1.63013744186977,"Baja","Alta","Baja demanda / Alta oferta"
"13110031002","LA FLORIDA",1,"13110",2897,366916,1614,0.391462582871543,631.82060875467,709,0.233581164807931,0.289343246592317,0.325898389095415,33694783.5542884,47524.3773685309,0.00789554012362503,4.98856496735568,266038.515509745,4.98856496735568,1,4.98856496735568,"Baja","Baja","Baja demanda / Baja oferta"
"13110211003","LA FLORIDA",1,"13110",4528,366916,1614,0.391462582871543,631.82060875467,709,0.233581164807931,0.289343246592317,0.325898389095415,33694783.5542884,47524.3773685309,0.0123406992336121,7.79710810223905,415817.189585131,7.79710810223905,8,0.974638512779882,"Alta","Alta","Alta demanda / Alta oferta"
"13110211002","LA FLORIDA",1,"13110",2777,366916,1614,0.391462582871543,631.82060875467,709,0.233581164807931,0.289343246592317,0.325898389095415,33694783.5542884,47524.3773685309,0.00756848979057877,4.78192782683698,255018.625326393,4.78192782683698,0,NA,"Baja","Baja","Baja demanda / Baja oferta"
"13110081002","LA FLORIDA",1,"13110",4300,366916,1614,0.391462582871543,631.82060875467,709,0.233581164807931,0.289343246592317,0.325898389095415,33694783.5542884,47524.3773685309,0.0117193036008242,7.40449753525352,394879.398236763,7.40449753525352,0,NA,"Alta","Baja","Alta demanda / Baja oferta"
"13110191002","LA FLORIDA",1,"13110",2408,366916,1614,0.391462582871543,631.82060875467,709,0.233581164807931,0.289343246592317,0.325898389095415,33694783.5542884,47524.3773685309,0.00656281001646153,4.14651861974197,221132.463012587,4.14651861974197,5,0.829303723948394,"Baja","Alta","Baja demanda / Alta oferta"
"13110081001","LA FLORIDA",1,"13110",4172,366916,1614,0.391462582871543,631.82060875467,709,0.233581164807931,0.289343246592317,0.325898389095415,33694783.5542884,47524.3773685309,0.0113704499122415,7.1840845853669,383124.848707854,7.1840845853669,7,1.02629779790956,"Alta","Alta","Alta demanda / Alta oferta"
"13110031003","LA FLORIDA",1,"13110",3332,366916,1614,0.391462582871543,631.82060875467,709,0.233581164807931,0.289343246592317,0.325898389095415,33694783.5542884,47524.3773685309,0.0090810975809177,5.73762460173598,305985.617424394,5.73762460173598,0,NA,"Baja","Baja","Baja demanda / Baja oferta"
"13110031004","LA FLORIDA",1,"13110",3762,366916,1614,0.391462582871543,631.82060875467,709,0.233581164807931,0.289343246592317,0.325898389095415,33694783.5542884,47524.3773685309,0.0102530279410001,6.47807435526133,345473.55724807,6.47807435526133,5,1.29561487105227,"Alta","Alta","Alta demanda / Alta oferta"
"13110201003","LA FLORIDA",1,"13110",4161,366916,1614,0.391462582871543,631.82060875467,709,0.233581164807931,0.289343246592317,0.325898389095415,33694783.5542884,47524.3773685309,0.0113404702983789,7.16514284748602,382114.692107714,7.16514284748602,1,7.16514284748602,"Alta","Baja","Alta demanda / Baja oferta"
"13110191001","LA FLORIDA",1,"13110",3466,366916,1614,0.391462582871543,631.82060875467,709,0.233581164807931,0.289343246592317,0.325898389095415,33694783.5542884,47524.3773685309,0.00944630378615269,5.96836940864853,318291.16146247,5.96836940864853,0,NA,"Alta","Baja","Alta demanda / Baja oferta"
"13110041001","LA FLORIDA",1,"13110",4220,366916,1614,0.391462582871543,631.82060875467,709,0.233581164807931,0.289343246592317,0.325898389095415,33694783.5542884,47524.3773685309,0.01150127004546,7.26673944157438,387532.804781195,7.26673944157438,27,0.269138497836088,"Alta","Alta","Alta demanda / Alta oferta"
"13110191003","LA FLORIDA",1,"13110",3516,366916,1614,0.391462582871543,631.82060875467,709,0.233581164807931,0.289343246592317,0.325898389095415,33694783.5542884,47524.3773685309,0.0095825747582553,6.05446821719799,322882.782372199,6.05446821719799,22,0.275203100781727,"Alta","Alta","Alta demanda / Alta oferta"
"13110191004","LA FLORIDA",1,"13110",4769,366916,1614,0.391462582871543,631.82060875467,709,0.233581164807931,0.289343246592317,0.325898389095415,33694783.5542884,47524.3773685309,0.0129975253191466,8.21210435944745,437948.802370028,8.21210435944745,1,8.21210435944745,"Alta","Baja","Alta demanda / Baja oferta"
"13110091002","LA FLORIDA",1,"13110",3682,366916,1614,0.391462582871543,631.82060875467,709,0.233581164807931,0.289343246592317,0.325898389095415,33694783.5542884,47524.3773685309,0.0100349943856359,6.3403162615822,338126.963792502,6.3403162615822,0,NA,"Alta","Baja","Alta demanda / Baja oferta"
"13101031006","SANTIAGO",1,"13101",1697,404495,1503,0.444418532708825,667.961054661364,909,0.294078509647372,0.236859614105123,0.497671324018629,46571551.1915076,51233.8296936278,0.00419535470154143,2.80233355112012,195384.176249369,2.80233355112012,4,0.700583387780031,"Baja","Alta","Baja demanda / Alta oferta"
"13110091005","LA FLORIDA",1,"13110",3925,366916,1614,0.391462582871543,631.82060875467,709,0.233581164807931,0.289343246592317,0.325898389095415,33694783.5542884,47524.3773685309,0.0106972713100546,6.75875647113257,360442.241413789,6.75875647113257,0,NA,"Alta","Baja","Alta demanda / Baja oferta"
"13110041002","LA FLORIDA",1,"13110",3826,366916,1614,0.391462582871543,631.82060875467,709,0.233581164807931,0.289343246592317,0.325898389095415,33694783.5542884,47524.3773685309,0.0104274547852915,6.58828083020464,351350.832012524,6.58828083020464,49,0.134454710820503,"Alta","Alta","Alta demanda / Alta oferta"
"13110091003","LA FLORIDA",1,"13110",2465,366916,1614,0.391462582871543,631.82060875467,709,0.233581164807931,0.289343246592317,0.325898389095415,33694783.5542884,47524.3773685309,0.00671815892465851,4.24467126148835,226366.910849679,4.24467126148835,2,2.12233563074418,"Baja","Alta","Baja demanda / Alta oferta"
"13110111005","LA FLORIDA",1,"13110",4684,366916,1614,0.391462582871543,631.82060875467,709,0.233581164807931,0.289343246592317,0.325898389095415,33694783.5542884,47524.3773685309,0.0127658646665722,8.06573638491337,430143.046823488,8.06573638491337,0,NA,"Alta","Baja","Alta demanda / Baja oferta"
"13110101003","LA FLORIDA",1,"13110",3709,366916,1614,0.391462582871543,631.82060875467,709,0.233581164807931,0.289343246592317,0.325898389095415,33694783.5542884,47524.3773685309,0.0101085807105714,6.38680961819891,340606.439083757,6.38680961819891,11,0.580619056199901,"Alta","Alta","Alta demanda / Alta oferta"
"13110091004","LA FLORIDA",1,"13110",3920,366916,1614,0.391462582871543,631.82060875467,709,0.233581164807931,0.289343246592317,0.325898389095415,33694783.5542884,47524.3773685309,0.0106836442128444,6.75014659027763,359983.079322816,6.75014659027763,2,3.37507329513881,"Alta","Alta","Alta demanda / Alta oferta"
"13110101002","LA FLORIDA",1,"13110",4456,366916,1614,0.391462582871543,631.82060875467,709,0.233581164807931,0.289343246592317,0.325898389095415,33694783.5542884,47524.3773685309,0.0121444690337843,7.67312581792783,409205.25547512,7.67312581792783,21,0.365386943710849,"Alta","Alta","Alta demanda / Alta oferta"
"13110101005","LA FLORIDA",1,"13110",4111,366916,1614,0.391462582871543,631.82060875467,709,0.233581164807931,0.289343246592317,0.325898389095415,33694783.5542884,47524.3773685309,0.0112041993262763,7.07904403893656,377523.071197984,7.07904403893656,1,7.07904403893656,"Alta","Baja","Alta demanda / Baja oferta"
"13110101004","LA FLORIDA",1,"13110",2590,366916,1614,0.391462582871543,631.82060875467,709,0.233581164807931,0.289343246592317,0.325898389095415,33694783.5542884,47524.3773685309,0.00705883635491502,4.459918282862,237845.963124004,4.459918282862,9,0.495546475873556,"Baja","Alta","Baja demanda / Alta oferta"
"13110181004","LA FLORIDA",1,"13110",2427,366916,1614,0.391462582871543,631.82060875467,709,0.233581164807931,0.289343246592317,0.325898389095415,33694783.5542884,47524.3773685309,0.00661459298586052,4.17923616699076,222877.278958284,4.17923616699076,1,4.17923616699076,"Baja","Baja","Baja demanda / Baja oferta"
"13110111001","LA FLORIDA",1,"13110",4651,366916,1614,0.391462582871543,631.82060875467,709,0.233581164807931,0.289343246592317,0.325898389095415,33694783.5542884,47524.3773685309,0.0126759258249845,8.00891117127072,427112.577023066,8.00891117127072,8,1.00111389640884,"Alta","Alta","Alta demanda / Alta oferta"
"13110121001","LA FLORIDA",1,"13110",3309,366916,1614,0.391462582871543,631.82060875467,709,0.233581164807931,0.289343246592317,0.325898389095415,33694783.5542884,47524.3773685309,0.0090184129337505,5.69801914980323,303873.471805918,5.69801914980323,7,0.814002735686176,"Baja","Alta","Baja demanda / Alta oferta"
"13110111006","LA FLORIDA",1,"13110",2364,366916,1614,0.391462582871543,631.82060875467,709,0.233581164807931,0.289343246592317,0.325898389095415,33694783.5542884,47524.3773685309,0.00644289156101124,4.07075166821845,217091.836612025,4.07075166821845,2,2.03537583410922,"Baja","Alta","Baja demanda / Alta oferta"
"13110151001","LA FLORIDA",1,"13110",4731,366916,1614,0.391462582871543,631.82060875467,709,0.233581164807931,0.289343246592317,0.325898389095415,33694783.5542884,47524.3773685309,0.0128939593803486,8.14666926494986,434459.170478634,8.14666926494986,5,1.62933385298997,"Alta","Alta","Alta demanda / Alta oferta"
"13110111002","LA FLORIDA",1,"13110",2631,366916,1614,0.391462582871543,631.82060875467,709,0.233581164807931,0.289343246592317,0.325898389095415,33694783.5542884,47524.3773685309,0.00717057855203916,4.53051930587256,241611.092269982,4.53051930587256,5,0.906103861174512,"Baja","Alta","Baja demanda / Alta oferta"
"13110111007","LA FLORIDA",1,"13110",3897,366916,1614,0.391462582871543,631.82060875467,709,0.233581164807931,0.289343246592317,0.325898389095415,33694783.5542884,47524.3773685309,0.0106209595656772,6.71054113834487,357870.933704341,6.71054113834487,0,NA,"Alta","Baja","Alta demanda / Baja oferta"
"13110151002","LA FLORIDA",1,"13110",3199,366916,1614,0.391462582871543,631.82060875467,709,0.233581164807931,0.289343246592317,0.325898389095415,33694783.5542884,47524.3773685309,0.00871861679512477,5.50860177099442,293771.905804513,5.50860177099442,5,1.10172035419888,"Baja","Alta","Baja demanda / Alta oferta"
"13110121003","LA FLORIDA",1,"13110",3343,366916,1614,0.391462582871543,631.82060875467,709,0.233581164807931,0.289343246592317,0.325898389095415,33694783.5542884,47524.3773685309,0.00911107719478028,5.75656633961686,306995.774024534,5.75656633961686,0,NA,"Baja","Baja","Baja demanda / Baja oferta"
"13110111003","LA FLORIDA",1,"13110",5265,366916,1614,0.391462582871543,631.82060875467,709,0.233581164807931,0.289343246592317,0.325898389095415,33694783.5542884,47524.3773685309,0.0143493333624045,9.06620454025809,483497.681794548,9.06620454025809,6,1.51103409004301,"Alta","Alta","Alta demanda / Alta oferta"
"13110151005","LA FLORIDA",1,"13110",2114,366916,1614,0.391462582871543,631.82060875467,709,0.233581164807931,0.289343246592317,0.325898389095415,33694783.5542884,47524.3773685309,0.00576153670049821,3.64025762547115,194133.732063376,3.64025762547115,0,NA,"Baja","Baja","Baja demanda / Baja oferta"
"13110161006","LA FLORIDA",1,"13110",2947,366916,1614,0.391462582871543,631.82060875467,709,0.233581164807931,0.289343246592317,0.325898389095415,33694783.5542884,47524.3773685309,0.00803181109572763,5.07466377590514,270630.136419474,5.07466377590514,2,2.53733188795257,"Baja","Alta","Baja demanda / Alta oferta"
"13110111004","LA FLORIDA",1,"13110",4530,366916,1614,0.391462582871543,631.82060875467,709,0.233581164807931,0.289343246592317,0.325898389095415,33694783.5542884,47524.3773685309,0.0123461500724962,7.80055205458103,416000.85442152,7.80055205458103,7,1.11436457922586,"Alta","Alta","Alta demanda / Alta oferta"
"13110161005","LA FLORIDA",1,"13110",1855,366916,1614,0.391462582871543,631.82060875467,709,0.233581164807931,0.289343246592317,0.325898389095415,33694783.5542884,47524.3773685309,0.0050556530650067,3.19426579718495,170349.135750976,3.19426579718495,0,NA,"Baja","Baja","Baja demanda / Baja oferta"
"13110121004","LA FLORIDA",1,"13110",3673,366916,1614,0.391462582871543,631.82060875467,709,0.233581164807931,0.289343246592317,0.325898389095415,33694783.5542884,47524.3773685309,0.0100104656106575,6.3248184760433,337300.472028751,6.3248184760433,6,1.05413641267388,"Alta","Alta","Alta demanda / Alta oferta"
"13110141007","LA FLORIDA",1,"13110",3504,366916,1614,0.391462582871543,631.82060875467,709,0.233581164807931,0.289343246592317,0.325898389095415,33694783.5542884,47524.3773685309,0.00954986972495067,6.03380450314612,321780.793353864,6.03380450314612,0,NA,"Alta","Baja","Alta demanda / Baja oferta"
"13110141004","LA FLORIDA",1,"13110",2761,366916,1614,0.391462582871543,631.82060875467,709,0.233581164807931,0.289343246592317,0.325898389095415,33694783.5542884,47524.3773685309,0.00752488307950594,4.75437620810115,253549.30663528,4.75437620810115,0,NA,"Baja","Baja","Baja demanda / Baja oferta"
"13110141003","LA FLORIDA",1,"13110",3766,366916,1614,0.391462582871543,631.82060875467,709,0.233581164807931,0.289343246592317,0.325898389095415,33694783.5542884,47524.3773685309,0.0102639296187683,6.48496225994529,345840.886920848,6.48496225994529,6,1.08082704332421,"Alta","Alta","Alta demanda / Alta oferta"
"13110131001","LA FLORIDA",1,"13110",3968,366916,1614,0.391462582871543,631.82060875467,709,0.233581164807931,0.289343246592317,0.325898389095415,33694783.5542884,47524.3773685309,0.0108144643460629,6.83280144648511,364391.035396157,6.83280144648511,0,NA,"Alta","Baja","Alta demanda / Baja oferta"
"13110141001","LA FLORIDA",1,"13110",2455,366916,1614,0.391462582871543,631.82060875467,709,0.233581164807931,0.289343246592317,0.325898389095415,33694783.5542884,47524.3773685309,0.00669090473023798,4.22745149977846,225448.586667733,4.22745149977846,0,NA,"Baja","Baja","Baja demanda / Baja oferta"
"13110141002","LA FLORIDA",1,"13110",3156,366916,1614,0.391462582871543,631.82060875467,709,0.233581164807931,0.289343246592317,0.325898389095415,33694783.5542884,47524.3773685309,0.00860142375911653,5.43455679564188,289823.111822145,5.43455679564188,0,NA,"Baja","Baja","Baja demanda / Baja oferta"
"13110201002","LA FLORIDA",1,"13110",3303,366916,1614,0.391462582871543,631.82060875467,709,0.233581164807931,0.289343246592317,0.325898389095415,33694783.5542884,47524.3773685309,0.00900206041709819,5.6876872927773,303322.477296751,5.6876872927773,0,NA,"Baja","Baja","Baja demanda / Baja oferta"
"13110141005","LA FLORIDA",1,"13110",2868,366916,1614,0.391462582871543,631.82060875467,709,0.233581164807931,0.289343246592317,0.325898389095415,33694783.5542884,47524.3773685309,0.00781650295980551,4.938627658397,263375.375382101,4.938627658397,0,NA,"Baja","Baja","Baja demanda / Baja oferta"
"13110201001","LA FLORIDA",1,"13110",1911,366916,1614,0.391462582871543,631.82060875467,709,0.233581164807931,0.289343246592317,0.325898389095415,33694783.5542884,47524.3773685309,0.00520827655376162,3.29069646276034,175491.751169873,3.29069646276034,0,NA,"Baja","Baja","Baja demanda / Baja oferta"
"13110131002","LA FLORIDA",1,"13110",4143,366916,1614,0.391462582871543,631.82060875467,709,0.233581164807931,0.289343246592317,0.325898389095415,33694783.5542884,47524.3773685309,0.011291412748422,7.13414727640821,380461.708580211,7.13414727640821,0,NA,"Alta","Baja","Alta demanda / Baja oferta"
"13110131003","LA FLORIDA",1,"13110",3900,366916,1614,0.391462582871543,631.82060875467,709,0.233581164807931,0.289343246592317,0.325898389095415,33694783.5542884,47524.3773685309,0.0106291358240033,6.71570706685784,358146.430958924,6.71570706685784,6,1.11928451114297,"Alta","Alta","Alta demanda / Alta oferta"
"13110011001","LA FLORIDA",1,"13110",4616,366916,1614,0.391462582871543,631.82060875467,709,0.233581164807931,0.289343246592317,0.325898389095415,33694783.5542884,47524.3773685309,0.0125805361445126,7.9486420052861,423898.442386255,7.9486420052861,25,0.317945680211444,"Alta","Alta","Alta demanda / Alta oferta"
"13110071002","LA FLORIDA",1,"13110",7443,366916,1614,0.391462582871543,631.82060875467,709,0.233581164807931,0.289343246592317,0.325898389095415,33694783.5542884,47524.3773685309,0.020285296907194,12.8166686406725,683508.688622378,12.8166686406725,1,12.8166686406725,"Alta","Baja","Alta demanda / Baja oferta"
"13110021004","LA FLORIDA",1,"13110",1833,366916,1614,0.391462582871543,631.82060875467,709,0.233581164807931,0.289343246592317,0.325898389095415,33694783.5542884,47524.3773685309,0.00499569383728156,3.15638232142319,168328.822550694,3.15638232142319,3,1.05212744047439,"Baja","Alta","Baja demanda / Alta oferta"
"13110081004","LA FLORIDA",1,"13110",3824,366916,1614,0.391462582871543,631.82060875467,709,0.233581164807931,0.289343246592317,0.325898389095415,33694783.5542884,47524.3773685309,0.0104220039464074,6.58483687786266,351167.167176135,6.58483687786266,0,NA,"Alta","Baja","Alta demanda / Baja oferta"
"13110071001","LA FLORIDA",1,"13110",3500,366916,1614,0.391462582871543,631.82060875467,709,0.233581164807931,0.289343246592317,0.325898389095415,33694783.5542884,47524.3773685309,0.00953896804718246,6.02691659846217,321413.463681086,6.02691659846217,0,NA,"Alta","Baja","Alta demanda / Baja oferta"
"13110081003","LA FLORIDA",1,"13110",4074,366916,1614,0.391462582871543,631.82060875467,709,0.233581164807931,0.289343246592317,0.325898389095415,33694783.5542884,47524.3773685309,0.0111033588069204,7.01533092060996,374125.271724784,7.01533092060996,0,NA,"Alta","Baja","Alta demanda / Baja oferta"
"13112071001","LA PINTANA",1,"13112",3478,177335,797,0.293583790364556,233.986280920551,137,0.288582183186951,0.299874529485571,0.120451693851945,4726898.76907184,34502.9107231521,0.0196125976259622,4.58907877769012,92706.7635764618,4.58907877769012,0,NA,"Baja","Baja","Baja demanda / Baja oferta"
"13112051007","LA PINTANA",1,"13112",4273,177335,797,0.293583790364556,233.986280920551,137,0.288582183186951,0.299874529485571,0.120451693851945,4726898.76907184,34502.9107231521,0.0240956381988891,5.63804876856523,113897.642542329,5.63804876856523,5,1.12760975371305,"Baja","Alta","Baja demanda / Alta oferta"
"13112071005","LA PINTANA",1,"13112",3135,177335,797,0.293583790364556,233.986280920551,137,0.288582183186951,0.299874529485571,0.120451693851945,4726898.76907184,34502.9107231521,0.0176784052781459,4.1365043036396,83564.0321484209,4.1365043036396,0,NA,"Baja","Baja","Baja demanda / Baja oferta"
"13112071002","LA PINTANA",1,"13112",2983,177335,797,0.293583790364556,233.986280920551,137,0.288582183186951,0.299874529485571,0.120451693851945,4726898.76907184,34502.9107231521,0.0168212704767812,3.93594651922071,79512.4427109217,3.93594651922071,0,NA,"Baja","Baja","Baja demanda / Baja oferta"
"13112051006","LA PINTANA",1,"13112",3458,177335,797,0.293583790364556,233.986280920551,137,0.288582183186951,0.299874529485571,0.120451693851945,4726898.76907184,34502.9107231521,0.0194998167310458,4.56268959552974,92173.6597031067,4.56268959552974,0,NA,"Baja","Baja","Baja demanda / Baja oferta"
"13112071003","LA PINTANA",1,"13112",3741,177335,797,0.293583790364556,233.986280920551,137,0.288582183186951,0.299874529485571,0.120451693851945,4726898.76907184,34502.9107231521,0.0210956663941128,4.93609652309912,99717.0795110822,4.93609652309912,1,4.93609652309912,"Baja","Baja","Baja demanda / Baja oferta"
"13112051009","LA PINTANA",1,"13112",4508,177335,797,0.293583790364556,233.986280920551,137,0.288582183186951,0.299874529485571,0.120451693851945,4726898.76907184,34502.9107231521,0.0254208137141568,5.9481216589497,120161.613054252,5.9481216589497,0,NA,"Alta","Baja","Alta demanda / Baja oferta"
"13112071004","LA PINTANA",1,"13112",3364,177335,797,0.293583790364556,233.986280920551,137,0.288582183186951,0.299874529485571,0.120451693851945,4726898.76907184,34502.9107231521,0.0189697465249387,4.43866043937595,89668.0714983374,4.43866043937595,1,4.43866043937595,"Baja","Baja","Baja demanda / Baja oferta"
"13112051008","LA PINTANA",1,"13112",3781,177335,797,0.293583790364556,233.986280920551,137,0.288582183186951,0.299874529485571,0.120451693851945,4726898.76907184,34502.9107231521,0.0213212281839456,4.98887488741988,100783.287257792,4.98887488741988,1,4.98887488741988,"Baja","Baja","Baja demanda / Baja oferta"
"13112051003","LA PINTANA",1,"13112",5088,177335,797,0.293583790364556,233.986280920551,137,0.288582183186951,0.299874529485571,0.120451693851945,4726898.76907184,34502.9107231521,0.0286914596667325,6.71340794160072,135621.625381552,6.71340794160072,1,6.71340794160072,"Alta","Baja","Alta demanda / Baja oferta"
"13112041007","LA PINTANA",1,"13112",5189,177335,797,0.293583790364556,233.986280920551,137,0.288582183186951,0.299874529485571,0.120451693851945,4726898.76907184,34502.9107231521,0.0292610031860603,6.84667331151064,138313.799941996,6.84667331151064,1,6.84667331151064,"Alta","Baja","Alta demanda / Baja oferta"
"13112041001","LA PINTANA",1,"13112",4565,177335,797,0.293583790364556,233.986280920551,137,0.288582183186951,0.299874529485571,0.120451693851945,4726898.76907184,34502.9107231521,0.0257422392646686,6.02333082810678,121680.959093315,6.02333082810678,0,NA,"Alta","Baja","Alta demanda / Baja oferta"
"13112041005","LA PINTANA",1,"13112",3207,177335,797,0.293583790364556,233.986280920551,137,0.288582183186951,0.299874529485571,0.120451693851945,4726898.76907184,34502.9107231521,0.0180844164998449,4.23150535941696,85483.2060924995,4.23150535941696,1,4.23150535941696,"Baja","Baja","Baja demanda / Baja oferta"
"13112041006","LA PINTANA",1,"13112",3419,177335,797,0.293583790364556,233.986280920551,137,0.288582183186951,0.299874529485571,0.120451693851945,4726898.76907184,34502.9107231521,0.0192798939859588,4.511230690317,91134.1071500641,4.511230690317,1,4.511230690317,"Baja","Baja","Baja demanda / Baja oferta"
"13112031002","LA PINTANA",1,"13112",5923,177335,797,0.293583790364556,233.986280920551,137,0.288582183186951,0.299874529485571,0.120451693851945,4726898.76907184,34502.9107231521,0.0334000620294922,7.8151562967966,157878.71209413,7.8151562967966,0,NA,"Alta","Baja","Alta demanda / Baja oferta"
"13101121005","SANTIAGO",1,"13101",2095,404495,1503,0.444418532708825,667.961054661364,909,0.294078509647372,0.236859614105123,0.497671324018629,46571551.1915076,51233.8296936278,0.00517929764273971,3.45956911584953,241207.925304907,3.45956911584953,8,0.432446139481192,"Baja","Alta","Baja demanda / Alta oferta"
"13112051004","LA PINTANA",1,"13112",10,177335,797,0.293583790364556,233.986280920551,137,0.288582183186951,0.299874529485571,0.120451693851945,4726898.76907184,34502.9107231521,5.63904474582006e-05,0.0131945910801901,266.551936677579,0.0131945910801901,0,NA,"Baja","Baja","Baja demanda / Baja oferta"
"13112031001","LA PINTANA",1,"13112",3870,177335,797,0.293583790364556,233.986280920551,137,0.288582183186951,0.299874529485571,0.120451693851945,4726898.76907184,34502.9107231521,0.0218231031663236,5.10630674803357,103155.599494223,5.10630674803357,0,NA,"Baja","Baja","Baja demanda / Baja oferta"
"13112081009","LA PINTANA",1,"13112",4548,177335,797,0.293583790364556,233.986280920551,137,0.288582183186951,0.299874529485571,0.120451693851945,4726898.76907184,34502.9107231521,0.0256463755039896,6.00090002327046,121227.820800963,6.00090002327046,0,NA,"Alta","Baja","Alta demanda / Baja oferta"
"13112031003","LA PINTANA",1,"13112",4964,177335,797,0.293583790364556,233.986280920551,137,0.288582183186951,0.299874529485571,0.120451693851945,4726898.76907184,34502.9107231521,0.0279922181182508,6.54979501220637,132316.38136675,6.54979501220637,2,3.27489750610318,"Alta","Alta","Alta demanda / Alta oferta"
"13112021001","LA PINTANA",1,"13112",5297,177335,797,0.293583790364556,233.986280920551,137,0.288582183186951,0.299874529485571,0.120451693851945,4726898.76907184,34502.9107231521,0.0298700200186088,6.9891748951767,141192.560858113,6.9891748951767,0,NA,"Alta","Baja","Alta demanda / Baja oferta"
"13112061001","LA PINTANA",1,"13112",4753,177335,797,0.293583790364556,233.986280920551,137,0.288582183186951,0.299874529485571,0.120451693851945,4726898.76907184,34502.9107231521,0.0268023796768827,6.27138914041435,126692.135502853,6.27138914041435,0,NA,"Alta","Baja","Alta demanda / Baja oferta"
"13112061002","LA PINTANA",1,"13112",4888,177335,797,0.293583790364556,233.986280920551,137,0.288582183186951,0.299874529485571,0.120451693851945,4726898.76907184,34502.9107231521,0.0275636507175684,6.44951611999692,130290.586648,6.44951611999692,0,NA,"Alta","Baja","Alta demanda / Baja oferta"
"13127021003","RECOLETA",1,"13127",3756,157851,717,0.343175755552565,246.057016731189,223,0.251046025104602,0.302649930264993,0.213389121338912,9920421.59541371,44486.1954951288,0.0237945911017352,5.85482610083146,236052.375419693,5.85482610083146,7,0.836403728690209,"Baja","Alta","Baja demanda / Alta oferta"
"13112031004","LA PINTANA",1,"13112",4970,177335,797,0.293583790364556,233.986280920551,137,0.288582183186951,0.299874529485571,0.120451693851945,4726898.76907184,34502.9107231521,0.0280260523867257,6.55771176685448,132476.312528757,6.55771176685448,0,NA,"Alta","Baja","Alta demanda / Baja oferta"
"13112021004","LA PINTANA",1,"13112",4582,177335,797,0.293583790364556,233.986280920551,137,0.288582183186951,0.299874529485571,0.120451693851945,4726898.76907184,34502.9107231521,0.0258381030253475,6.0457616329431,122134.097385667,6.0457616329431,0,NA,"Alta","Baja","Alta demanda / Baja oferta"
"13112061003","LA PINTANA",1,"13112",3180,177335,797,0.293583790364556,233.986280920551,137,0.288582183186951,0.299874529485571,0.120451693851945,4726898.76907184,34502.9107231521,0.0179321622917078,4.19587996350045,84763.51586347,4.19587996350045,0,NA,"Baja","Baja","Baja demanda / Baja oferta"
"13112021002","LA PINTANA",1,"13112",3212,177335,797,0.293583790364556,233.986280920551,137,0.288582183186951,0.299874529485571,0.120451693851945,4726898.76907184,34502.9107231521,0.018112611723574,4.23810265495706,85616.4820608383,4.23810265495706,1,4.23810265495706,"Baja","Baja","Baja demanda / Baja oferta"
"13112031005","LA PINTANA",1,"13112",2851,177335,797,0.293583790364556,233.986280920551,137,0.288582183186951,0.299874529485571,0.120451693851945,4726898.76907184,34502.9107231521,0.016076916570333,3.7617779169622,75993.9571467777,3.7617779169622,0,NA,"Baja","Baja","Baja demanda / Baja oferta"
"13112021003","LA PINTANA",1,"13112",3915,177335,797,0.293583790364556,233.986280920551,137,0.288582183186951,0.299874529485571,0.120451693851945,4726898.76907184,34502.9107231521,0.0220768601798855,5.16568240789442,104355.083209272,5.16568240789442,0,NA,"Baja","Baja","Baja demanda / Baja oferta"
"13112081004","LA PINTANA",1,"13112",5021,177335,797,0.293583790364556,233.986280920551,137,0.288582183186951,0.299874529485571,0.120451693851945,4726898.76907184,34502.9107231521,0.0283136436687625,6.62500418136345,133835.727405812,6.62500418136345,0,NA,"Alta","Baja","Alta demanda / Baja oferta"
"13112081001","LA PINTANA",1,"13112",4513,177335,797,0.293583790364556,233.986280920551,137,0.288582183186951,0.299874529485571,0.120451693851945,4726898.76907184,34502.9107231521,0.0254490089378859,5.95471895448979,120294.889022591,5.95471895448979,0,NA,"Alta","Baja","Alta demanda / Baja oferta"
"13112081007","LA PINTANA",1,"13112",3188,177335,797,0.293583790364556,233.986280920551,137,0.288582183186951,0.299874529485571,0.120451693851945,4726898.76907184,34502.9107231521,0.0179772746496743,4.2064356363646,84976.7574128121,4.2064356363646,5,0.841287127272921,"Baja","Alta","Baja demanda / Alta oferta"
"13112081002","LA PINTANA",1,"13112",4548,177335,797,0.293583790364556,233.986280920551,137,0.288582183186951,0.299874529485571,0.120451693851945,4726898.76907184,34502.9107231521,0.0256463755039896,6.00090002327046,121227.820800963,6.00090002327046,0,NA,"Alta","Baja","Alta demanda / Baja oferta"
"13112081005","LA PINTANA",1,"13112",3933,177335,797,0.293583790364556,233.986280920551,137,0.288582183186951,0.299874529485571,0.120451693851945,4726898.76907184,34502.9107231521,0.0221783629853103,5.18943267183877,104834.876695292,5.18943267183877,0,NA,"Baja","Baja","Baja demanda / Baja oferta"
"13112011001","LA PINTANA",1,"13112",2127,177335,797,0.293583790364556,233.986280920551,137,0.288582183186951,0.299874529485571,0.120451693851945,4726898.76907184,34502.9107231521,0.0119942481743593,2.80648952275643,56695.596931321,2.80648952275643,0,NA,"Baja","Baja","Baja demanda / Baja oferta"
"13112081003","LA PINTANA",1,"13112",555,177335,797,0.293583790364556,233.986280920551,137,0.288582183186951,0.299874529485571,0.120451693851945,4726898.76907184,34502.9107231521,0.00312966983393013,0.732299804950551,14793.6324856056,0.732299804950551,0,NA,"Baja","Baja","Baja demanda / Baja oferta"
"13112051005","LA PINTANA",1,"13112",2249,177335,797,0.293583790364556,233.986280920551,137,0.288582183186951,0.299874529485571,0.120451693851945,4726898.76907184,34502.9107231521,0.0126822116333493,2.96746353393475,59947.5305587874,2.96746353393475,1,2.96746353393475,"Baja","Baja","Baja demanda / Baja oferta"
"13112011003","LA PINTANA",1,"13112",185,177335,797,0.293583790364556,233.986280920551,137,0.288582183186951,0.299874529485571,0.120451693851945,4726898.76907184,34502.9107231521,0.00104322327797671,0.244099934983517,4931.2108285352,0.244099934983517,0,NA,"Baja","Baja","Baja demanda / Baja oferta"
"13122101004","PEÑALOLÉN",1,"13122",3320,241599,987,0.373620862819229,368.763791602579,373,0.279635258358663,0.31306990881459,0.276595744680851,17957439.2876452,48143.2688676815,0.0137417787325279,5.06747042877066,246767.157293623,5.06747042877066,0,NA,"Baja","Baja","Baja demanda / Baja oferta"
"13112011002","LA PINTANA",1,"13112",2424,177335,797,0.293583790364556,233.986280920551,137,0.288582183186951,0.299874529485571,0.120451693851945,4726898.76907184,34502.9107231521,0.0136690444638678,3.19836887783808,64612.1894506451,3.19836887783808,0,NA,"Baja","Baja","Baja demanda / Baja oferta"
"13112041004","LA PINTANA",1,"13112",310,177335,797,0.293583790364556,233.986280920551,137,0.288582183186951,0.299874529485571,0.120451693851945,4726898.76907184,34502.9107231521,0.00174810387120422,0.409032323485893,8263.11003700494,0.409032323485893,1,0.409032323485893,"Baja","Baja","Baja demanda / Baja oferta"
"13112051001","LA PINTANA",1,"13112",3502,177335,797,0.293583790364556,233.986280920551,137,0.288582183186951,0.299874529485571,0.120451693851945,4726898.76907184,34502.9107231521,0.0197479346998618,4.62074579628257,93346.488224488,4.62074579628257,0,NA,"Baja","Baja","Baja demanda / Baja oferta"
"13122091003","PEÑALOLÉN",1,"13122",3094,241599,987,0.373620862819229,368.763791602579,373,0.279635258358663,0.31306990881459,0.276595744680851,17957439.2876452,48143.2688676815,0.0128063443971208,4.72251611645073,229969.152007973,4.72251611645073,1,4.72251611645073,"Baja","Baja","Baja demanda / Baja oferta"
"13122011001","PEÑALOLÉN",1,"13122",1494,241599,987,0.373620862819229,368.763791602579,373,0.279635258358663,0.31306990881459,0.276595744680851,17957439.2876452,48143.2688676815,0.00618380042963754,2.2803616929468,111045.22078213,2.2803616929468,14,0.162882978067628,"Baja","Alta","Baja demanda / Alta oferta"
"13122011002","PEÑALOLÉN",1,"13122",3857,241599,987,0.373620862819229,368.763791602579,373,0.279635258358663,0.31306990881459,0.276595744680851,17957439.2876452,48143.2688676815,0.0159644700516145,5.88711850715917,286681.001711296,5.88711850715917,7,0.841016929594167,"Baja","Alta","Baja demanda / Alta oferta"
"13122071003","PEÑALOLÉN",1,"13122",4627,241599,987,0.373620862819229,368.763791602579,373,0.279635258358663,0.31306990881459,0.276595744680851,17957439.2876452,48143.2688676815,0.0191515693359658,7.06240532347044,343913.143613733,7.06240532347044,0,NA,"Alta","Baja","Alta demanda / Baja oferta"
"13122021001","PEÑALOLÉN",1,"13122",2347,241599,987,0.373620862819229,368.763791602579,373,0.279635258358663,0.31306990881459,0.276595744680851,17957439.2876452,48143.2688676815,0.00971444418230208,3.58233526997733,174446.541616908,3.58233526997733,0,NA,"Baja","Baja","Baja demanda / Baja oferta"
"13122011003","PEÑALOLÉN",1,"13122",5131,241599,987,0.373620862819229,368.763791602579,373,0.279635258358663,0.31306990881459,0.276595744680851,17957439.2876452,48143.2688676815,0.021237670685723,7.83168396687418,381374.181949873,7.83168396687418,3,2.61056132229139,"Alta","Alta","Alta demanda / Alta oferta"
"13122011004","PEÑALOLÉN",1,"13122",4136,241599,987,0.373620862819229,368.763791602579,373,0.279635258358663,0.31306990881459,0.276595744680851,17957439.2876452,48143.2688676815,0.0171192761559444,6.31296918475767,307418.362218803,6.31296918475767,11,0.573906289523424,"Alta","Alta","Alta demanda / Alta oferta"
"13122071001","PEÑALOLÉN",1,"13122",2478,241599,987,0.373620862819229,368.763791602579,373,0.279635258358663,0.31306990881459,0.276595744680851,17957439.2876452,48143.2688676815,0.0102566649696398,3.78228666340172,184183.438486023,3.78228666340172,0,NA,"Baja","Baja","Baja demanda / Baja oferta"
"13122081001","PEÑALOLÉN",1,"13122",3381,241599,987,0.373620862819229,368.763791602579,373,0.279635258358663,0.31306990881459,0.276595744680851,17957439.2876452,48143.2688676815,0.0139942632212882,5.16057756616675,251301.132171608,5.16057756616675,10,0.516057756616675,"Baja","Alta","Baja demanda / Alta oferta"
"13122081002","PEÑALOLÉN",1,"13122",4860,241599,987,0.373620862819229,368.763791602579,373,0.279635258358663,0.31306990881459,0.276595744680851,17957439.2876452,48143.2688676815,0.0201159773012306,7.4180440613932,361231.441098496,7.4180440613932,6,1.23634067689887,"Alta","Alta","Alta demanda / Alta oferta"
"13122091004","PEÑALOLÉN",1,"13122",2925,241599,987,0.373620862819229,368.763791602579,373,0.279635258358663,0.31306990881459,0.276595744680851,17957439.2876452,48143.2688676815,0.0121068381905554,4.46456355546813,217407.811772243,4.46456355546813,2,2.23228177773406,"Baja","Alta","Baja demanda / Alta oferta"
"13122091002","PEÑALOLÉN",1,"13122",4432,241599,987,0.373620862819229,368.763791602579,373,0.279635258358663,0.31306990881459,0.276595744680851,17957439.2876452,48143.2688676815,0.0183444467899288,6.76476775310589,329419.289495584,6.76476775310589,1,6.76476775310589,"Alta","Baja","Alta demanda / Baja oferta"
"13122071002","PEÑALOLÉN",1,"13122",2852,241599,987,0.373620862819229,368.763791602579,373,0.279635258358663,0.31306990881459,0.276595744680851,17957439.2876452,48143.2688676815,0.011804684622039,4.35314025989576,211981.907410064,4.35314025989576,0,NA,"Baja","Baja","Baja demanda / Baja oferta"
"13122021002","PEÑALOLÉN",1,"13122",4494,241599,987,0.373620862819229,368.763791602579,373,0.279635258358663,0.31306990881459,0.276595744680851,17957439.2876452,48143.2688676815,0.0186010703686687,6.85940123701667,334027.591830585,6.85940123701667,0,NA,"Alta","Baja","Alta demanda / Baja oferta"
"13122071004","PEÑALOLÉN",1,"13122",4054,241599,987,0.373620862819229,368.763791602579,373,0.279635258358663,0.31306990881459,0.276595744680851,17957439.2876452,48143.2688676815,0.0167798707776108,6.18780877055309,301323.510743478,6.18780877055309,0,NA,"Alta","Baja","Alta demanda / Baja oferta"
"13122071005","PEÑALOLÉN",1,"13122",2982,241599,987,0.373620862819229,368.763791602579,373,0.279635258358663,0.31306990881459,0.276595744680851,17957439.2876452,48143.2688676815,0.012342766319397,4.55156530680545,221644.476822164,4.55156530680545,1,4.55156530680545,"Baja","Baja","Baja demanda / Baja oferta"
"13122021003","PEÑALOLÉN",1,"13122",3250,241599,987,0.373620862819229,368.763791602579,373,0.279635258358663,0.31306990881459,0.276595744680851,17957439.2876452,48143.2688676815,0.0134520424339505,4.96062617274236,241564.235302492,4.96062617274236,7,0.708660881820338,"Baja","Alta","Baja demanda / Alta oferta"
"13122061001","PEÑALOLÉN",1,"13122",6252,241599,987,0.373620862819229,368.763791602579,373,0.279635258358663,0.31306990881459,0.276595744680851,17957439.2876452,48143.2688676815,0.025877590552941,9.54271840984162,464695.261264979,9.54271840984162,6,1.59045306830694,"Alta","Alta","Alta demanda / Alta oferta"
"13122021004","PEÑALOLÉN",1,"13122",4087,241599,987,0.373620862819229,368.763791602579,373,0.279635258358663,0.31306990881459,0.276595744680851,17957439.2876452,48143.2688676815,0.0169164607469402,6.23817820553786,303776.316825011,6.23817820553786,0,NA,"Alta","Baja","Alta demanda / Baja oferta"
"13122061002","PEÑALOLÉN",1,"13122",4426,241599,987,0.373620862819229,368.763791602579,373,0.279635258358663,0.31306990881459,0.276595744680851,17957439.2876452,48143.2688676815,0.0183196122500507,6.75560967401776,328973.324753487,6.75560967401776,5,1.35112193480355,"Alta","Alta","Alta demanda / Alta oferta"
"13122081004","PEÑALOLÉN",1,"13122",3882,241599,987,0.373620862819229,368.763791602579,373,0.279635258358663,0.31306990881459,0.276595744680851,17957439.2876452,48143.2688676815,0.0160679473011064,5.92527717002642,288539.1881367,5.92527717002642,1,5.92527717002642,"Baja","Baja","Baja demanda / Baja oferta"
"13122081003","PEÑALOLÉN",1,"13122",4566,241599,987,0.373620862819229,368.763791602579,373,0.279635258358663,0.31306990881459,0.276595744680851,17957439.2876452,48143.2688676815,0.0188990848472055,6.96929818607435,339379.168735748,6.96929818607435,0,NA,"Alta","Baja","Alta demanda / Baja oferta"
"13122061003","PEÑALOLÉN",1,"13122",4400,241599,987,0.373620862819229,368.763791602579,373,0.279635258358663,0.31306990881459,0.276595744680851,17957439.2876452,48143.2688676815,0.0182119959105791,6.71592466463582,327040.810871067,6.71592466463582,0,NA,"Alta","Baja","Alta demanda / Baja oferta"
"13122091001","PEÑALOLÉN",1,"13122",5587,241599,987,0.373620862819229,368.763791602579,373,0.279635258358663,0.31306990881459,0.276595744680851,17957439.2876452,48143.2688676815,0.0231250957164558,8.5276979775728,415267.502349238,8.5276979775728,1,8.5276979775728,"Alta","Baja","Alta demanda / Baja oferta"
"13122031002","PEÑALOLÉN",1,"13122",4709,241599,987,0.373620862819229,368.763791602579,373,0.279635258358663,0.31306990881459,0.276595744680851,17957439.2876452,48143.2688676815,0.0194909747142993,7.18756573767501,350007.995089058,7.18756573767501,11,0.653415067061365,"Alta","Alta","Alta demanda / Alta oferta"
"13122031003","PEÑALOLÉN",1,"13122",6435,241599,987,0.373620862819229,368.763791602579,373,0.279635258358663,0.31306990881459,0.276595744680851,17957439.2876452,48143.2688676815,0.0266350440192219,9.82203982202988,478297.185898935,9.82203982202988,0,NA,"Alta","Baja","Alta demanda / Baja oferta"
"13127041003","RECOLETA",1,"13127",3915,157851,717,0.343175755552565,246.057016731189,223,0.251046025104602,0.302649930264993,0.213389121338912,9920421.59541371,44486.1954951288,0.0248018701180227,6.10267417059509,246045.007925478,6.10267417059509,11,0.55478856096319,"Alta","Alta","Alta demanda / Alta oferta"
"13122031006","PEÑALOLÉN",1,"13122",4720,241599,987,0.373620862819229,368.763791602579,373,0.279635258358663,0.31306990881459,0.276595744680851,17957439.2876452,48143.2688676815,0.0195365047040758,7.2043555493366,350825.597116235,7.2043555493366,0,NA,"Alta","Baja","Alta demanda / Baja oferta"
"13122111003","PEÑALOLÉN",1,"13122",4842,241599,987,0.373620862819229,368.763791602579,373,0.279635258358663,0.31306990881459,0.276595744680851,17957439.2876452,48143.2688676815,0.0200414736815964,7.39056982412878,359893.546872206,7.39056982412878,0,NA,"Alta","Baja","Alta demanda / Baja oferta"
"13122111002","PEÑALOLÉN",1,"13122",5796,241599,987,0.373620862819229,368.763791602579,373,0.279635258358663,0.31306990881459,0.276595744680851,17957439.2876452,48143.2688676815,0.0239901655222083,8.846704399143,430801.940865614,8.846704399143,5,1.7693408798286,"Alta","Alta","Alta demanda / Alta oferta"
"13122031005","PEÑALOLÉN",1,"13122",6507,241599,987,0.373620862819229,368.763791602579,373,0.279635258358663,0.31306990881459,0.276595744680851,17957439.2876452,48143.2688676815,0.0269330584977587,9.93193677108756,483648.762804098,9.93193677108756,0,NA,"Alta","Baja","Alta demanda / Baja oferta"
"13122111004","PEÑALOLÉN",1,"13122",6258,241599,987,0.373620862819229,368.763791602579,373,0.279635258358663,0.31306990881459,0.276595744680851,17957439.2876452,48143.2688676815,0.0259024250928191,9.55187648892976,465141.226007076,9.55187648892976,0,NA,"Alta","Baja","Alta demanda / Baja oferta"
"13127061004","RECOLETA",1,"13127",4421,157851,717,0.343175755552565,246.057016731189,223,0.251046025104602,0.302649930264993,0.213389121338912,9920421.59541371,44486.1954951288,0.028007424723315,6.89142337374225,277845.461057098,6.89142337374225,13,0.530109490287865,"Alta","Alta","Alta demanda / Alta oferta"
"13122111005","PEÑALOLÉN",1,"13122",5803,241599,987,0.373620862819229,368.763791602579,373,0.279635258358663,0.31306990881459,0.276595744680851,17957439.2876452,48143.2688676815,0.024019139152066,8.85738882474583,431322.233064727,8.85738882474583,0,NA,"Alta","Baja","Alta demanda / Baja oferta"
"13122031009","PEÑALOLÉN",1,"13122",5987,241599,987,0.373620862819229,368.763791602579,373,0.279635258358663,0.31306990881459,0.276595744680851,17957439.2876452,48143.2688676815,0.0247807317083266,9.13823658344878,444998.485155699,9.13823658344878,0,NA,"Alta","Baja","Alta demanda / Baja oferta"
"13122031011","PEÑALOLÉN",1,"13122",4984,241599,987,0.373620862819229,368.763791602579,373,0.279635258358663,0.31306990881459,0.276595744680851,17957439.2876452,48143.2688676815,0.0206292244587105,7.60731102921475,370448.045768499,7.60731102921475,0,NA,"Alta","Baja","Alta demanda / Baja oferta"
"13122111001","PEÑALOLÉN",1,"13122",5741,241599,987,0.373620862819229,368.763791602579,373,0.279635258358663,0.31306990881459,0.276595744680851,17957439.2876452,48143.2688676815,0.023762515573326,8.76275534083505,426713.930729726,8.76275534083505,0,NA,"Alta","Baja","Alta demanda / Baja oferta"
"13127121002","RECOLETA",1,"13127",3402,157851,717,0.343175755552565,246.057016731189,223,0.251046025104602,0.302649930264993,0.213389121338912,9920421.59541371,44486.1954951288,0.0215519698956611,5.30301341720677,213804.627576623,5.30301341720677,0,NA,"Baja","Baja","Baja demanda / Baja oferta"
"13101121006","SANTIAGO",1,"13101",3272,404495,1503,0.444418532708825,667.961054661364,909,0.294078509647372,0.236859614105123,0.497671324018629,46571551.1915076,51233.8296936278,0.00808909875276579,5.40320293415736,376721.876657593,5.40320293415736,2,2.70160146707868,"Baja","Alta","Baja demanda / Alta oferta"
"13122031007","PEÑALOLÉN",1,"13122",6057,241599,987,0.373620862819229,368.763791602579,373,0.279635258358663,0.31306990881459,0.276595744680851,17957439.2876452,48143.2688676815,0.025070468006904,9.24508083947708,450201.40714683,9.24508083947708,4,2.31127020986927,"Alta","Alta","Alta demanda / Alta oferta"
"13122031008","PEÑALOLÉN",1,"13122",4735,241599,987,0.373620862819229,368.763791602579,373,0.279635258358663,0.31306990881459,0.276595744680851,17957439.2876452,48143.2688676815,0.0195985910537709,7.22725074705695,351940.508971477,7.22725074705695,2,3.61362537352848,"Alta","Alta","Alta demanda / Alta oferta"
"13127061007","RECOLETA",1,"13127",2000,157851,717,0.343175755552565,246.057016731189,223,0.251046025104602,0.302649930264993,0.213389121338912,9920421.59541371,44486.1954951288,0.0126701763055033,3.11758578319034,125693.490638814,3.11758578319034,0,NA,"Baja","Baja","Baja demanda / Baja oferta"
"13122051003","PEÑALOLÉN",1,"13122",3752,241599,987,0.373620862819229,368.763791602579,373,0.279635258358663,0.31306990881459,0.276595744680851,17957439.2876452,48143.2688676815,0.0155298656037484,5.72685212311672,278876.618724601,5.72685212311672,17,0.336873654300984,"Baja","Alta","Baja demanda / Alta oferta"
"13122041005","PEÑALOLÉN",1,"13122",2690,241599,987,0.373620862819229,368.763791602579,373,0.279635258358663,0.31306990881459,0.276595744680851,17957439.2876452,48143.2688676815,0.0111341520453313,4.10587212451599,199940.859373448,4.10587212451599,6,0.684312020752665,"Baja","Alta","Baja demanda / Alta oferta"
"13122041004","PEÑALOLÉN",1,"13122",2705,241599,987,0.373620862819229,368.763791602579,373,0.279635258358663,0.31306990881459,0.276595744680851,17957439.2876452,48143.2688676815,0.0111962383950265,4.12876732223634,201055.77122869,4.12876732223634,1,4.12876732223634,"Baja","Baja","Baja demanda / Baja oferta"
"13101121003","SANTIAGO",1,"13101",2011,404495,1503,0.444418532708825,667.961054661364,909,0.294078509647372,0.236859614105123,0.497671324018629,46571551.1915076,51233.8296936278,0.00497163129334108,3.32085608208755,231536.581283135,3.32085608208755,3,1.10695202736252,"Baja","Alta","Baja demanda / Alta oferta"
"13122051001","PEÑALOLÉN",1,"13122",4279,241599,987,0.373620862819229,368.763791602579,373,0.279635258358663,0.31306990881459,0.276595744680851,17957439.2876452,48143.2688676815,0.0177111660230382,6.53123673635833,318047.188572112,6.53123673635833,5,1.30624734727167,"Alta","Alta","Alta demanda / Alta oferta"
"13122051005","PEÑALOLÉN",1,"13122",4625,241599,987,0.373620862819229,368.763791602579,373,0.279635258358663,0.31306990881459,0.276595744680851,17957439.2876452,48143.2688676815,0.0191432911560064,7.05935263044106,343764.488699701,7.05935263044106,3,2.35311754348035,"Alta","Alta","Alta demanda / Alta oferta"
"13122051004","PEÑALOLÉN",1,"13122",3890,241599,987,0.373620862819229,368.763791602579,373,0.279635258358663,0.31306990881459,0.276595744680851,17957439.2876452,48143.2688676815,0.0161010600209438,5.93748794214394,289133.807792829,5.93748794214394,0,NA,"Alta","Baja","Alta demanda / Baja oferta"
"13101131006","SANTIAGO",1,"13101",2197,404495,1503,0.444418532708825,667.961054661364,909,0.294078509647372,0.236859614105123,0.497671324018629,46571551.1915076,51233.8296936278,0.00543146392415234,3.62800637113194,252951.700188488,3.62800637113194,0,NA,"Baja","Baja","Baja demanda / Baja oferta"
"13122031001","PEÑALOLÉN",1,"13122",4426,241599,987,0.373620862819229,368.763791602579,373,0.279635258358663,0.31306990881459,0.276595744680851,17957439.2876452,48143.2688676815,0.0183196122500507,6.75560967401776,328973.324753487,6.75560967401776,0,NA,"Alta","Baja","Alta demanda / Baja oferta"
"13122051002","PEÑALOLÉN",1,"13122",6138,241599,987,0.373620862819229,368.763791602579,373,0.279635258358663,0.31306990881459,0.276595744680851,17957439.2876452,48143.2688676815,0.0254057342952578,9.36871490716696,456221.931165138,9.36871490716696,0,NA,"Alta","Baja","Alta demanda / Baja oferta"
"13122041001","PEÑALOLÉN",1,"13122",3769,241599,987,0.373620862819229,368.763791602579,373,0.279635258358663,0.31306990881459,0.276595744680851,17957439.2876452,48143.2688676815,0.0156002301334029,5.75280001386645,280140.185493875,5.75280001386645,0,NA,"Baja","Baja","Baja demanda / Baja oferta"
"13122041002","PEÑALOLÉN",1,"13122",4290,241599,987,0.373620862819229,368.763791602579,373,0.279635258358663,0.31306990881459,0.276595744680851,17957439.2876452,48143.2688676815,0.0177566960128146,6.54802654801992,318864.79059929,6.54802654801992,2,3.27401327400996,"Alta","Alta","Alta demanda / Alta oferta"
"13122101003","PEÑALOLÉN",1,"13122",2126,241599,987,0.373620862819229,368.763791602579,373,0.279635258358663,0.31306990881459,0.276595744680851,17957439.2876452,48143.2688676815,0.00879970529679345,3.24501269023085,158020.173616338,3.24501269023085,4,0.811253172557713,"Baja","Alta","Baja demanda / Alta oferta"
"13122041003","PEÑALOLÉN",1,"13122",3884,241599,987,0.373620862819229,368.763791602579,373,0.279635258358663,0.31306990881459,0.276595744680851,17957439.2876452,48143.2688676815,0.0160762254810657,5.9283298630558,288687.843050733,5.9283298630558,0,NA,"Baja","Baja","Baja demanda / Baja oferta"
"13122101005","PEÑALOLÉN",1,"13122",3204,241599,987,0.373620862819229,368.763791602579,373,0.279635258358663,0.31306990881459,0.276595744680851,17957439.2876452,48143.2688676815,0.0132616442948853,4.89041423306663,238145.172279749,4.89041423306663,1,4.89041423306663,"Baja","Baja","Baja demanda / Baja oferta"
"13122031004","PEÑALOLÉN",1,"13122",4809,241599,987,0.373620862819229,368.763791602579,373,0.279635258358663,0.31306990881459,0.276595744680851,17957439.2876452,48143.2688676815,0.019904883712267,7.34020038914401,357440.740790673,7.34020038914401,0,NA,"Alta","Baja","Alta demanda / Baja oferta"
"13122031010","PEÑALOLÉN",1,"13122",6387,241599,987,0.373620862819229,368.763791602579,373,0.279635258358663,0.31306990881459,0.276595744680851,17957439.2876452,48143.2688676815,0.0264363677001974,9.74877518932476,474729.46796216,9.74877518932476,9,1.08319724325831,"Alta","Alta","Alta demanda / Alta oferta"
"13122061004","PEÑALOLÉN",1,"13122",4998,241599,987,0.373620862819229,368.763791602579,373,0.279635258358663,0.31306990881459,0.276595744680851,17957439.2876452,48143.2688676815,0.020687171718426,7.62867988042041,371488.630166725,7.62867988042041,5,1.52573597608408,"Alta","Alta","Alta demanda / Alta oferta"
"13123061004","PROVIDENCIA",1,"13123",2537,142079,890,0.600100532423786,534.08947385717,777,0.247191011235955,0.238202247191011,0.780898876404494,65151071.0164854,83849.5122477289,0.0178562630649146,9.53684214539545,1163354.66303129,9.53684214539545,19,0.501939060283971,"Alta","Alta","Alta demanda / Alta oferta"
"13127051001","RECOLETA",1,"13127",3862,157851,717,0.343175755552565,246.057016731189,223,0.251046025104602,0.302649930264993,0.213389121338912,9920421.59541371,44486.1954951288,0.0244661104459269,6.02005814734055,242714.13042355,6.02005814734055,0,NA,"Alta","Baja","Alta demanda / Baja oferta"
"13127051002","RECOLETA",1,"13127",4277,157851,717,0.343175755552565,246.057016731189,223,0.251046025104602,0.302649930264993,0.213389121338912,9920421.59541371,44486.1954951288,0.0270951720293188,6.66695719735254,268795.529731104,6.66695719735254,5,1.33339143947051,"Alta","Alta","Alta demanda / Alta oferta"
"13127121003","RECOLETA",1,"13127",4217,157851,717,0.343175755552565,246.057016731189,223,0.251046025104602,0.302649930264993,0.213389121338912,9920421.59541371,44486.1954951288,0.0267150667401537,6.57342962385683,265024.725011939,6.57342962385683,0,NA,"Alta","Baja","Alta demanda / Baja oferta"
"13127041004","RECOLETA",1,"13127",2659,157851,717,0.343175755552565,246.057016731189,223,0.251046025104602,0.302649930264993,0.213389121338912,9920421.59541371,44486.1954951288,0.0168449993981666,4.14483029875156,167109.495804303,4.14483029875156,5,0.828966059750312,"Baja","Alta","Baja demanda / Alta oferta"
"13127061001","RECOLETA",1,"13127",4946,157851,717,0.343175755552565,246.057016731189,223,0.251046025104602,0.302649930264993,0.213389121338912,9920421.59541371,44486.1954951288,0.0313333460035096,7.70978964182971,310840.002349787,7.70978964182971,6,1.28496494030495,"Alta","Alta","Alta demanda / Alta oferta"
"13127061006","RECOLETA",1,"13127",4599,157851,717,0.343175755552565,246.057016731189,223,0.251046025104602,0.302649930264993,0.213389121338912,9920421.59541371,44486.1954951288,0.0291350704145048,7.16888850844619,289032.181723953,7.16888850844619,0,NA,"Alta","Baja","Alta demanda / Baja oferta"
"13127051003","RECOLETA",1,"13127",3648,157851,717,0.343175755552565,246.057016731189,223,0.251046025104602,0.302649930264993,0.213389121338912,9920421.59541371,44486.1954951288,0.023110401581238,5.68647646853918,229264.926925197,5.68647646853918,0,NA,"Baja","Baja","Baja demanda / Baja oferta"
"13127121001","RECOLETA",1,"13127",2701,157851,717,0.343175755552565,246.057016731189,223,0.251046025104602,0.302649930264993,0.213389121338912,9920421.59541371,44486.1954951288,0.0171110731005822,4.21029960019856,169749.059107718,4.21029960019856,18,0.233905533344364,"Baja","Alta","Baja demanda / Alta oferta"
"13127041001","RECOLETA",1,"13127",4520,157851,717,0.343175755552565,246.057016731189,223,0.251046025104602,0.302649930264993,0.213389121338912,9920421.59541371,44486.1954951288,0.0286345984504374,7.04574387001017,284067.28884372,7.04574387001017,0,NA,"Alta","Baja","Alta demanda / Baja oferta"
"13127061002","RECOLETA",1,"13127",2839,157851,717,0.343175755552565,246.057016731189,223,0.251046025104602,0.302649930264993,0.213389121338912,9920421.59541371,44486.1954951288,0.0179853152656619,4.42541301923869,178421.909961796,4.42541301923869,0,NA,"Baja","Baja","Baja demanda / Baja oferta"
"13127041002","RECOLETA",1,"13127",5003,157851,717,0.343175755552565,246.057016731189,223,0.251046025104602,0.302649930264993,0.213389121338912,9920421.59541371,44486.1954951288,0.0316944460282165,7.79864083665064,314422.266832993,7.79864083665064,0,NA,"Alta","Baja","Alta demanda / Baja oferta"
"13127111001","RECOLETA",1,"13127",4774,157851,717,0.343175755552565,246.057016731189,223,0.251046025104602,0.302649930264993,0.213389121338912,9920421.59541371,44486.1954951288,0.0302437108412364,7.44167726447534,300030.362154849,7.44167726447534,11,0.676516114952304,"Alta","Alta","Alta demanda / Alta oferta"
"13127131001","RECOLETA",1,"13127",3028,157851,717,0.343175755552565,246.057016731189,223,0.251046025104602,0.302649930264993,0.213389121338912,9920421.59541371,44486.1954951288,0.019182646926532,4.72002487575018,190299.944827164,4.72002487575018,3,1.57334162525006,"Baja","Alta","Baja demanda / Alta oferta"
"13127061003","RECOLETA",1,"13127",2453,157851,717,0.343175755552565,246.057016731189,223,0.251046025104602,0.302649930264993,0.213389121338912,9920421.59541371,44486.1954951288,0.0155399712386998,3.82371896308295,154163.066268505,3.82371896308295,0,NA,"Baja","Baja","Baja demanda / Baja oferta"
"13127071001","RECOLETA",1,"13127",2595,157851,717,0.343175755552565,246.057016731189,223,0.251046025104602,0.302649930264993,0.213389121338912,9920421.59541371,44486.1954951288,0.0164395537563905,4.04506755368947,163087.304103861,4.04506755368947,5,0.809013510737893,"Baja","Alta","Baja demanda / Alta oferta"
"13127111002","RECOLETA",1,"13127",4290,157851,717,0.343175755552565,246.057016731189,223,0.251046025104602,0.302649930264993,0.213389121338912,9920421.59541371,44486.1954951288,0.0271775281753046,6.68722150494328,269612.537420256,6.68722150494328,0,NA,"Alta","Baja","Alta demanda / Baja oferta"
"13127111005","RECOLETA",1,"13127",4993,157851,717,0.343175755552565,246.057016731189,223,0.251046025104602,0.302649930264993,0.213389121338912,9920421.59541371,44486.1954951288,0.031631095146689,7.78305290773469,313793.799379799,7.78305290773469,5,1.55661058154694,"Alta","Alta","Alta demanda / Alta oferta"
"13127111003","RECOLETA",1,"13127",2598,157851,717,0.343175755552565,246.057016731189,223,0.251046025104602,0.302649930264993,0.213389121338912,9920421.59541371,44486.1954951288,0.0164585590208488,4.04974393236425,163275.844339819,4.04974393236425,1,4.04974393236425,"Baja","Baja","Baja demanda / Baja oferta"
"13127031001","RECOLETA",1,"13127",2875,157851,717,0.343175755552565,246.057016731189,223,0.251046025104602,0.302649930264993,0.213389121338912,9920421.59541371,44486.1954951288,0.018213378439161,4.48152956333612,180684.392793295,4.48152956333612,8,0.560191195417014,"Baja","Alta","Baja demanda / Alta oferta"
"13127131002","RECOLETA",1,"13127",2745,157851,717,0.343175755552565,246.057016731189,223,0.251046025104602,0.302649930264993,0.213389121338912,9920421.59541371,44486.1954951288,0.0173898169793033,4.27888648742874,172514.315901772,4.27888648742874,6,0.71314774790479,"Baja","Alta","Baja demanda / Alta oferta"
"13127071003","RECOLETA",1,"13127",3260,157851,717,0.343175755552565,246.057016731189,223,0.251046025104602,0.302649930264993,0.213389121338912,9920421.59541371,44486.1954951288,0.0206523873779704,5.08166482660026,204880.389741267,5.08166482660026,7,0.725952118085751,"Baja","Alta","Baja demanda / Alta oferta"
"13127131003","RECOLETA",1,"13127",4590,157851,717,0.343175755552565,246.057016731189,223,0.251046025104602,0.302649930264993,0.213389121338912,9920421.59541371,44486.1954951288,0.0290780546211301,7.15485937242183,288466.561016078,7.15485937242183,19,0.376571545916939,"Alta","Alta","Alta demanda / Alta oferta"
"13127091002","RECOLETA",1,"13127",4878,157851,717,0.343175755552565,246.057016731189,223,0.251046025104602,0.302649930264993,0.213389121338912,9920421.59541371,44486.1954951288,0.0309025600091225,7.60379172520124,306566.423668067,7.60379172520124,0,NA,"Alta","Baja","Alta demanda / Baja oferta"
"13127031002","RECOLETA",1,"13127",1163,157851,717,0.343175755552565,246.057016731189,223,0.251046025104602,0.302649930264993,0.213389121338912,9920421.59541371,44486.1954951288,0.00736770752165016,1.81287613292518,73090.7648064703,1.81287613292518,1,1.81287613292518,"Baja","Baja","Baja demanda / Baja oferta"
"13127081002","RECOLETA",1,"13127",2241,157851,717,0.343175755552565,246.057016731189,223,0.251046025104602,0.302649930264993,0.213389121338912,9920421.59541371,44486.1954951288,0.0141969325503164,3.49325487006478,140839.556260791,3.49325487006478,7,0.499036410009254,"Baja","Alta","Baja demanda / Alta oferta"
"13127091003","RECOLETA",1,"13127",2475,157851,717,0.343175755552565,246.057016731189,223,0.251046025104602,0.302649930264993,0.213389121338912,9920421.59541371,44486.1954951288,0.0156793431780603,3.85801240669805,155545.694665532,3.85801240669805,2,1.92900620334902,"Baja","Alta","Baja demanda / Alta oferta"
"13127101002","RECOLETA",1,"13127",2083,157851,717,0.343175755552565,246.057016731189,223,0.251046025104602,0.302649930264993,0.213389121338912,9920421.59541371,44486.1954951288,0.0131959886221817,3.24696559319274,130909.770500325,3.24696559319274,4,0.811741398298185,"Baja","Alta","Baja demanda / Alta oferta"
"13127091001","RECOLETA",1,"13127",4352,157851,717,0.343175755552565,246.057016731189,223,0.251046025104602,0.302649930264993,0.213389121338912,9920421.59541371,44486.1954951288,0.0275703036407752,6.78386666422218,273509.035630059,6.78386666422218,0,NA,"Alta","Baja","Alta demanda / Baja oferta"
"13107041001","HUECHURABA",1,"13107",3864,98671,429,0.371211345657057,159.249667286878,160,0.286713286713287,0.305361305361305,0.261072261072261,8918296.36745464,55739.3522965915,0.0391604422778729,6.23628740355824,349244.430114671,6.23628740355824,0,NA,"Alta","Baja","Alta demanda / Baja oferta"
"13127021001","RECOLETA",1,"13127",5169,157851,717,0.343175755552565,246.057016731189,223,0.251046025104602,0.302649930264993,0.213389121338912,9920421.59541371,44486.1954951288,0.0327460706615733,8.05740045665544,324854.826556015,8.05740045665544,15,0.537160030443696,"Alta","Alta","Alta demanda / Alta oferta"
"13127101001","RECOLETA",1,"13127",2319,157851,717,0.343175755552565,246.057016731189,223,0.251046025104602,0.302649930264993,0.213389121338912,9920421.59541371,44486.1954951288,0.0146910694262311,3.6148407156092,145741.602395705,3.6148407156092,42,0.0860676360859333,"Baja","Alta","Baja demanda / Alta oferta"
"13127021004","RECOLETA",1,"13127",3193,157851,717,0.343175755552565,246.057016731189,223,0.251046025104602,0.302649930264993,0.213389121338912,9920421.59541371,44486.1954951288,0.020227936471736,4.97722570286338,200669.657804867,4.97722570286338,7,0.711032243266197,"Baja","Alta","Baja demanda / Alta oferta"
"13108011001","INDEPENDENCIA",1,"13108",3193,100281,428,0.380578394255289,162.887552741264,198,0.329439252336449,0.205607476635514,0.33411214953271,8073730.33690945,40776.415842977,0.0318405281159941,5.18642570280367,257071.83779332,5.18642570280367,6,0.864404283800612,"Baja","Alta","Baja demanda / Alta oferta"
"13124011002","PUDAHUEL",1,"13124",3456,230293,1036,0.352639539826063,365.334563259802,362,0.283783783783784,0.318532818532819,0.253861003861004,15081859.6848739,41662.5958145688,0.0150069693824823,5.48256460520239,226333.006521797,5.48256460520239,0,NA,"Baja","Baja","Baja demanda / Baja oferta"
"13127011001","RECOLETA",1,"13127",3238,157851,717,0.343175755552565,246.057016731189,223,0.251046025104602,0.302649930264993,0.213389121338912,9920421.59541371,44486.1954951288,0.0205130154386098,5.04737138298516,203497.76134424,5.04737138298516,41,0.123106619097199,"Baja","Alta","Baja demanda / Alta oferta"
"13127011002","RECOLETA",1,"13127",4011,157851,717,0.343175755552565,246.057016731189,223,0.251046025104602,0.302649930264993,0.213389121338912,9920421.59541371,44486.1954951288,0.0254100385806868,6.25231828818823,252078.295476141,6.25231828818823,19,0.329069383588854,"Alta","Alta","Alta demanda / Alta oferta"
"13127021002","RECOLETA",1,"13127",5758,157851,717,0.343175755552565,246.057016731189,223,0.251046025104602,0.302649930264993,0.213389121338912,9920421.59541371,44486.1954951288,0.036477437583544,8.97552946980499,361871.559549146,8.97552946980499,4,2.24388236745125,"Alta","Alta","Alta demanda / Alta oferta"
"13107011002","HUECHURABA",1,"13107",3372,98671,429,0.371211345657057,159.249667286878,160,0.286713286713287,0.305361305361305,0.261072261072261,8918296.36745464,55739.3522965915,0.0341741747828643,5.44222596397473,304775.418826779,5.44222596397473,1,5.44222596397473,"Baja","Baja","Baja demanda / Baja oferta"
"13127061005","RECOLETA",1,"13127",2850,157851,717,0.343175755552565,246.057016731189,223,0.251046025104602,0.302649930264993,0.213389121338912,9920421.59541371,44486.1954951288,0.0180550012353422,4.44255974104624,179113.22416031,4.44255974104624,2,2.22127987052312,"Baja","Alta","Baja demanda / Alta oferta"
"13120021005","ÑUÑOA",1,"13120",2837,208237,1019,0.538759543303381,548.995974626145,776,0.212953876349362,0.267909715407262,0.680078508341511,51172398.0854831,65943.8119658287,0.0136238996912172,7.47946608918863,697167.618475658,7.47946608918863,15,0.498631072612576,"Alta","Alta","Alta demanda / Alta oferta"
"13107011007","HUECHURABA",1,"13107",4464,98671,429,0.371211345657057,159.249667286878,160,0.286713286713287,0.305361305361305,0.261072261072261,8918296.36745464,55739.3522965915,0.0452412562961762,7.20465501280641,403474.931685273,7.20465501280641,2,3.6023275064032,"Alta","Alta","Alta demanda / Alta oferta"
"13107011008","HUECHURABA",1,"13107",7039,98671,429,0.371211345657057,159.249667286878,160,0.286713286713287,0.305361305361305,0.261072261072261,8918296.36745464,55739.3522965915,0.0713380831247276,11.3605660024965,636214.167592436,11.3605660024965,8,1.42007075031206,"Alta","Alta","Alta demanda / Alta oferta"
"13107011004","HUECHURABA",1,"13107",5032,98671,429,0.371211345657057,159.249667286878,160,0.286713286713287,0.305361305361305,0.261072261072261,8918296.36745464,55739.3522965915,0.0509977602335033,8.12137634956135,454813.139838775,8.12137634956135,5,1.62427526991227,"Alta","Alta","Alta demanda / Alta oferta"
"13121011003","PEDRO AGUIRRE CERDA",1,"13121",5959,101174,451,0.32572516744925,146.902050519612,113,0.254988913525499,0.314855875831486,0.195121951219512,4343804.96060395,38440.7518637518,0.0588985312432048,8.65231501222019,255843.73218652,8.65231501222019,0,NA,"Alta","Baja","Alta demanda / Baja oferta"
"13107011003","HUECHURABA",1,"13107",5516,98671,429,0.371211345657057,159.249667286878,160,0.286713286713287,0.305361305361305,0.261072261072261,8918296.36745464,55739.3522965915,0.0559029502082679,8.90252622102154,498559.077772393,8.90252622102154,23,0.387066357435719,"Alta","Alta","Alta demanda / Alta oferta"
"13107011006","HUECHURABA",1,"13107",5087,98671,429,0.371211345657057,159.249667286878,160,0.286713286713287,0.305361305361305,0.261072261072261,8918296.36745464,55739.3522965915,0.0515551681851811,8.2101433804091,459784.269149413,8.2101433804091,47,0.174683901710832,"Alta","Alta","Alta demanda / Alta oferta"
"13107031001","HUECHURABA",1,"13107",3986,98671,429,0.371211345657057,159.249667286878,160,0.286713286713287,0.305361305361305,0.261072261072261,8918296.36745464,55739.3522965915,0.0403968744615946,6.4331888174387,360271.29876736,6.4331888174387,0,NA,"Alta","Baja","Alta demanda / Baja oferta"
"13107041002","HUECHURABA",1,"13107",3210,98671,429,0.371211345657057,159.249667286878,160,0.286713286713287,0.305361305361305,0.261072261072261,8918296.36745464,55739.3522965915,0.0325323549979224,5.18076670947773,290133.183402716,5.18076670947773,1,5.18076670947773,"Baja","Baja","Baja demanda / Baja oferta"
"13107031003","HUECHURABA",1,"13107",214,98671,429,0.371211345657057,159.249667286878,160,0.286713286713287,0.305361305361305,0.261072261072261,8918296.36745464,55739.3522965915,0.00216882366652816,0.345384447298515,19342.2122268477,0.345384447298515,0,NA,"Baja","Baja","Baja demanda / Baja oferta"
"13107041003","HUECHURABA",1,"13107",6381,98671,429,0.371211345657057,159.249667286878,160,0.286713286713287,0.305361305361305,0.261072261072261,8918296.36745464,55739.3522965915,0.0646694570846551,10.2985895243543,576741.384203343,10.2985895243543,0,NA,"Alta","Baja","Alta demanda / Baja oferta"
"13107021002","HUECHURABA",1,"13107",5352,98671,429,0.371211345657057,159.249667286878,160,0.286713286713287,0.305361305361305,0.261072261072261,8918296.36745464,55739.3522965915,0.054240861043265,8.63783907449371,483736.074009762,8.63783907449371,0,NA,"Alta","Baja","Alta demanda / Baja oferta"
"13107031002","HUECHURABA",1,"13107",5832,98671,429,0.371211345657057,159.249667286878,160,0.286713286713287,0.305361305361305,0.261072261072261,8918296.36745464,55739.3522965915,0.0591055122579076,9.41253316189225,527120.475266243,9.41253316189225,0,NA,"Alta","Baja","Alta demanda / Baja oferta"
"13107061001","HUECHURABA",1,"13107",4707,98671,429,0.371211345657057,159.249667286878,160,0.286713286713287,0.305361305361305,0.261072261072261,8918296.36745464,55739.3522965915,0.047703985973589,7.59684389455192,425438.284821366,7.59684389455192,12,0.633070324545993,"Alta","Alta","Alta demanda / Alta oferta"
"13107051001","HUECHURABA",1,"13107",3532,98671,429,0.371211345657057,159.249667286878,160,0.286713286713287,0.305361305361305,0.261072261072261,8918296.36745464,55739.3522965915,0.0357957251877451,5.70045732644091,319236.885912272,5.70045732644091,11,0.51822339331281,"Baja","Alta","Baja demanda / Alta oferta"
"13107011009","HUECHURABA",1,"13107",5164,98671,429,0.371211345657057,159.249667286878,160,0.286713286713287,0.305361305361305,0.261072261072261,8918296.36745464,55739.3522965915,0.05233553931753,8.33441722359595,466743.850184307,8.33441722359595,6,1.38906953726599,"Alta","Alta","Alta demanda / Alta oferta"
"13107011005","HUECHURABA",1,"13107",5572,98671,429,0.371211345657057,159.249667286878,160,0.286713286713287,0.305361305361305,0.261072261072261,8918296.36745464,55739.3522965915,0.0564704928499762,8.9929071978847,503620.591252316,8.9929071978847,7,1.28470102826924,"Alta","Alta","Alta demanda / Alta oferta"
"13107011010","HUECHURABA",1,"13107",6333,98671,429,0.371211345657057,159.249667286878,160,0.286713286713287,0.305361305361305,0.261072261072261,8918296.36745464,55739.3522965915,0.0641829919631908,10.2211201156145,572402.944077695,10.2211201156145,2,5.11056005780723,"Alta","Alta","Alta demanda / Alta oferta"
"13107011001","HUECHURABA",1,"13107",3312,98671,429,0.371211345657057,159.249667286878,160,0.286713286713287,0.305361305361305,0.261072261072261,8918296.36745464,55739.3522965915,0.0335660933810339,5.34538920304992,299352.368669718,5.34538920304992,5,1.06907784060998,"Baja","Alta","Baja demanda / Alta oferta"
"13124041002","PUDAHUEL",1,"13124",3719,230293,1036,0.352639539826063,365.334563259802,362,0.283783783783784,0.318532818532819,0.253861003861004,15081859.6848739,41662.5958145688,0.0161489928048182,5.89978523343394,243556.843534307,5.89978523343394,10,0.589978523343394,"Baja","Alta","Baja demanda / Alta oferta"
"13107021003","HUECHURABA",1,"13107",7074,98671,429,0.371211345657057,159.249667286878,160,0.286713286713287,0.305361305361305,0.261072261072261,8918296.36745464,55739.3522965915,0.0716927972757953,11.417054113036,639377.613517388,11.417054113036,3,3.80568470434532,"Alta","Alta","Alta demanda / Alta oferta"
"13121011002","PEDRO AGUIRRE CERDA",1,"13121",4565,101174,451,0.32572516744925,146.902050519612,113,0.254988913525499,0.314855875831486,0.195121951219512,4343804.96060395,38440.7518637518,0.0451202878209817,6.62826280093727,195993.730060658,6.62826280093727,0,NA,"Alta","Baja","Alta demanda / Baja oferta"
"13107021001","HUECHURABA",1,"13107",3457,98671,429,0.371211345657057,159.249667286878,160,0.286713286713287,0.305361305361305,0.261072261072261,8918296.36745464,55739.3522965915,0.0350356234354572,5.57941137528489,312458.073215947,5.57941137528489,0,NA,"Baja","Baja","Baja demanda / Baja oferta"
"13114051001","LAS CONDES",1,"13114",4173,294838,1387,0.570161949135889,790.814623451478,1109,0.249459264599856,0.282624369142033,0.686373467916366,87392175.8250911,78802.6833409297,0.014153535161682,11.1928225793928,1236908.23339632,11.1928225793928,4,2.7982056448482,"Alta","Alta","Alta demanda / Alta oferta"
"13121021002","PEDRO AGUIRRE CERDA",1,"13121",4473,101174,451,0.32572516744925,146.902050519612,113,0.254988913525499,0.314855875831486,0.195121951219512,4343804.96060395,38440.7518637518,0.0442109632909641,6.4946811628899,192043.801656369,6.4946811628899,0,NA,"Alta","Baja","Alta demanda / Baja oferta"
"13115011008","LO BARNECHEA",1,"13115",6432,105833,542,0.463522288992068,251.229080633701,309,0.354243542435424,0.311808118081181,0.452029520295203,22928828.3175734,74203.3278885872,0.060774994566912,15.2684460105635,1393499.41642618,15.2684460105635,15,1.01789640070423,"Alta","Alta","Alta demanda / Alta oferta"
"13105071001","EL BOSQUE",1,"13105",4551,162505,658,0.334405450692269,220.038786555513,194,0.281155015197568,0.297872340425532,0.199088145896657,7276054.02037109,37505.4330946964,0.0280052921448571,6.16225050068699,203768.018502254,6.16225050068699,5,1.2324501001374,"Alta","Alta","Alta demanda / Alta oferta"
"13115021001","LO BARNECHEA",1,"13115",3554,105833,542,0.463522288992068,251.229080633701,309,0.354243542435424,0.311808118081181,0.452029520295203,22928828.3175734,74203.3278885872,0.0335812081297894,8.43657604501595,769977.755904642,8.43657604501595,2,4.21828802250797,"Alta","Alta","Alta demanda / Alta oferta"
"13115011011","LO BARNECHEA",1,"13115",4261,105833,542,0.463522288992068,251.229080633701,309,0.354243542435424,0.311808118081181,0.452029520295203,22928828.3175734,74203.3278885872,0.0402615441308477,10.114870716886,923150.033176612,10.114870716886,0,NA,"Alta","Baja","Alta demanda / Baja oferta"
"13121021004","PEDRO AGUIRRE CERDA",1,"13121",2993,101174,451,0.32572516744925,146.902050519612,113,0.254988913525499,0.314855875831486,0.195121951219512,4343804.96060395,38440.7518637518,0.0295826991124202,4.34575915951922,128501.475152585,4.34575915951922,0,NA,"Baja","Baja","Baja demanda / Baja oferta"
"13124041003","PUDAHUEL",1,"13124",2676,230293,1036,0.352639539826063,365.334563259802,362,0.283783783783784,0.318532818532819,0.253861003861004,15081859.6848739,41662.5958145688,0.0116199797649082,4.24518023250046,175250.904355419,4.24518023250046,0,NA,"Baja","Baja","Baja demanda / Baja oferta"
"13115011007","LO BARNECHEA",1,"13115",4870,105833,542,0.463522288992068,251.229080633701,309,0.354243542435424,0.311808118081181,0.452029520295203,22928828.3175734,74203.3278885872,0.0460158929634424,11.5605304837444,1055090.50963861,11.5605304837444,0,NA,"Alta","Baja","Alta demanda / Baja oferta"
"13115021005","LO BARNECHEA",1,"13115",5667,105833,542,0.463522288992068,251.229080633701,309,0.354243542435424,0.311808118081181,0.452029520295203,22928828.3175734,74203.3278885872,0.0535466253437019,13.4524694561354,1227761.37949117,13.4524694561354,0,NA,"Alta","Baja","Alta demanda / Baja oferta"
"13115041005","LO BARNECHEA",1,"13115",5360,105833,542,0.463522288992068,251.229080633701,309,0.354243542435424,0.311808118081181,0.452029520295203,22928828.3175734,74203.3278885872,0.05064582880576,12.7237050088029,1161249.51368849,12.7237050088029,0,NA,"Alta","Baja","Alta demanda / Baja oferta"
"13121061001","PEDRO AGUIRRE CERDA",1,"13121",5990,101174,451,0.32572516744925,146.902050519612,113,0.254988913525499,0.314855875831486,0.195121951219512,4343804.96060395,38440.7518637518,0.0592049340739716,8.69732621634485,257174.686322748,8.69732621634485,0,NA,"Alta","Baja","Alta demanda / Baja oferta"
"13121011001","PEDRO AGUIRRE CERDA",1,"13121",3659,101174,451,0.32572516744925,146.902050519612,113,0.254988913525499,0.314855875831486,0.195121951219512,4343804.96060395,38440.7518637518,0.0361654179927649,5.31277406103603,157095.522079288,5.31277406103603,12,0.442731171753002,"Baja","Alta","Baja demanda / Alta oferta"
"13121031004","PEDRO AGUIRRE CERDA",1,"13121",3809,101174,451,0.32572516744925,146.902050519612,113,0.254988913525499,0.314855875831486,0.195121951219512,4343804.96060395,38440.7518637518,0.0376480123351849,5.5305702100263,163535.622738455,5.5305702100263,0,NA,"Baja","Baja","Baja demanda / Baja oferta"
"13121031001","PEDRO AGUIRRE CERDA",1,"13121",3452,101174,451,0.32572516744925,146.902050519612,113,0.254988913525499,0.314855875831486,0.195121951219512,4343804.96060395,38440.7518637518,0.0341194378002254,5.01221537542945,148208.183169637,5.01221537542945,0,NA,"Baja","Baja","Baja demanda / Baja oferta"
"13121051001","PEDRO AGUIRRE CERDA",1,"13121",3370,101174,451,0.32572516744925,146.902050519612,113,0.254988913525499,0.314855875831486,0.195121951219512,4343804.96060395,38440.7518637518,0.0333089528930358,4.8931534806481,144687.594809292,4.8931534806481,0,NA,"Baja","Baja","Baja demanda / Baja oferta"
"13121061003","PEDRO AGUIRRE CERDA",1,"13121",3072,101174,451,0.32572516744925,146.902050519612,113,0.254988913525499,0.314855875831486,0.195121951219512,4343804.96060395,38440.7518637518,0.0303635321327614,4.46046513132076,131893.261499746,4.46046513132076,1,4.46046513132076,"Baja","Baja","Baja demanda / Baja oferta"
"13121051004","PEDRO AGUIRRE CERDA",1,"13121",4705,101174,451,0.32572516744925,146.902050519612,113,0.254988913525499,0.314855875831486,0.195121951219512,4343804.96060395,38440.7518637518,0.0465040425405737,6.83153920666152,202004.490675881,6.83153920666152,1,6.83153920666152,"Alta","Baja","Alta demanda / Baja oferta"
"13121031002","PEDRO AGUIRRE CERDA",1,"13121",2113,101174,451,0.32572516744925,146.902050519612,113,0.254988913525499,0.314855875831486,0.195121951219512,4343804.96060395,38440.7518637518,0.0208848123035562,3.06802175210963,90719.55128547,3.06802175210963,0,NA,"Baja","Baja","Baja demanda / Baja oferta"
"13121051002","PEDRO AGUIRRE CERDA",1,"13121",3973,101174,451,0.32572516744925,146.902050519612,113,0.254988913525499,0.314855875831486,0.195121951219512,4343804.96060395,38440.7518637518,0.0392689821495641,5.76869399958899,170576.799459145,5.76869399958899,0,NA,"Baja","Baja","Baja demanda / Baja oferta"
"13121031003","PEDRO AGUIRRE CERDA",1,"13121",3557,101174,451,0.32572516744925,146.902050519612,113,0.254988913525499,0.314855875831486,0.195121951219512,4343804.96060395,38440.7518637518,0.0351572538399193,5.16467267972264,152716.253631054,5.16467267972264,0,NA,"Baja","Baja","Baja demanda / Baja oferta"
"13121041001","PEDRO AGUIRRE CERDA",1,"13121",4072,101174,451,0.32572516744925,146.902050519612,113,0.254988913525499,0.314855875831486,0.195121951219512,4343804.96060395,38440.7518637518,0.0402474944155613,5.91243945792257,174827.265894195,5.91243945792257,0,NA,"Baja","Baja","Baja demanda / Baja oferta"
"13121041003","PEDRO AGUIRRE CERDA",1,"13121",4215,101174,451,0.32572516744925,146.902050519612,113,0.254988913525499,0.314855875831486,0.195121951219512,4343804.96060395,38440.7518637518,0.0416609010220017,6.12007178662663,180966.828522601,6.12007178662663,0,NA,"Alta","Baja","Alta demanda / Baja oferta"
"13121071002","PEDRO AGUIRRE CERDA",1,"13121",2131,101174,451,0.32572516744925,146.902050519612,113,0.254988913525499,0.314855875831486,0.195121951219512,4343804.96060395,38440.7518637518,0.0210627236246466,3.09415728998846,91492.3633645701,3.09415728998846,8,0.386769661248557,"Baja","Alta","Baja demanda / Alta oferta"
"13121071001","PEDRO AGUIRRE CERDA",1,"13121",3662,101174,451,0.32572516744925,146.902050519612,113,0.254988913525499,0.314855875831486,0.195121951219512,4343804.96060395,38440.7518637518,0.0361950698796133,5.31712998401583,157224.324092471,5.31712998401583,2,2.65856499200792,"Baja","Alta","Baja demanda / Alta oferta"
"13121071003","PEDRO AGUIRRE CERDA",1,"13121",3324,101174,451,0.32572516744925,146.902050519612,113,0.254988913525499,0.314855875831486,0.195121951219512,4343804.96060395,38440.7518637518,0.032854290628027,4.82636266162442,142712.630607147,4.82636266162442,2,2.41318133081221,"Baja","Alta","Baja demanda / Alta oferta"
"13121051003","PEDRO AGUIRRE CERDA",1,"13121",1706,101174,451,0.32572516744925,146.902050519612,113,0.254988913525499,0.314855875831486,0.195121951219512,4343804.96060395,38440.7518637518,0.0168620396544567,2.47706820118269,73245.4114969294,2.47706820118269,0,NA,"Baja","Baja","Baja demanda / Baja oferta"
"13106111003","ESTACIÓN CENTRAL",1,"13106",2745,147041,724,0.360731453085618,261.169572033987,266,0.25,0.25,0.273480662983425,11772761.2489646,44258.5009359573,0.0186682625934263,4.87558215214325,219776.998445386,4.87558215214325,8,0.609447769017906,"Baja","Alta","Baja demanda / Alta oferta"
"13121071004","PEDRO AGUIRRE CERDA",1,"13121",3998,101174,451,0.32572516744925,146.902050519612,113,0.254988913525499,0.314855875831486,0.195121951219512,4343804.96060395,38440.7518637518,0.0395160812066341,5.80499335775404,171650.149569006,5.80499335775404,0,NA,"Baja","Baja","Baja demanda / Baja oferta"
"13121041004","PEDRO AGUIRRE CERDA",1,"13121",2836,101174,451,0.32572516744925,146.902050519612,113,0.254988913525499,0.314855875831486,0.195121951219512,4343804.96060395,38440.7518637518,0.0280309170340206,4.11779919024274,121760.836462656,4.11779919024274,1,4.11779919024274,"Baja","Baja","Baja demanda / Baja oferta"
"13121041002","PEDRO AGUIRRE CERDA",1,"13121",2810,101174,451,0.32572516744925,146.902050519612,113,0.254988913525499,0.314855875831486,0.195121951219512,4343804.96060395,38440.7518637518,0.0277739340146678,4.08004785775109,120644.552348401,4.08004785775109,1,4.08004785775109,"Baja","Baja","Baja demanda / Baja oferta"
"13121081001","PEDRO AGUIRRE CERDA",1,"13121",3313,101174,451,0.32572516744925,146.902050519612,113,0.254988913525499,0.314855875831486,0.195121951219512,4343804.96060395,38440.7518637518,0.0327455670429162,4.8103909440318,142240.356558808,4.8103909440318,0,NA,"Baja","Baja","Baja demanda / Baja oferta"
"13121081002","PEDRO AGUIRRE CERDA",1,"13121",2566,101174,451,0.32572516744925,146.902050519612,113,0.254988913525499,0.314855875831486,0.195121951219512,4343804.96060395,38440.7518637518,0.0253622472176646,3.72576612206025,110168.655276155,3.72576612206025,0,NA,"Baja","Baja","Baja demanda / Baja oferta"
"13121061002","PEDRO AGUIRRE CERDA",1,"13121",4844,101174,451,0.32572516744925,146.902050519612,113,0.254988913525499,0.314855875831486,0.195121951219512,4343804.96060395,38440.7518637518,0.0478779132978829,7.03336363805917,207972.317286709,7.03336363805917,0,NA,"Alta","Baja","Alta demanda / Baja oferta"
"13121021003","PEDRO AGUIRRE CERDA",1,"13121",3965,101174,451,0.32572516744925,146.902050519612,113,0.254988913525499,0.314855875831486,0.195121951219512,4343804.96060395,38440.7518637518,0.0391899104513017,5.75707820497618,170233.327423989,5.75707820497618,1,5.75707820497618,"Baja","Baja","Baja demanda / Baja oferta"
"13106111001","ESTACIÓN CENTRAL",1,"13106",1473,147041,724,0.360731453085618,261.169572033987,266,0.25,0.25,0.273480662983425,11772761.2489646,44258.5009359573,0.0100176141348331,2.61629599639599,117934.979493644,2.61629599639599,0,NA,"Baja","Baja","Baja demanda / Baja oferta"
"13106131004","ESTACIÓN CENTRAL",1,"13106",1430,147041,724,0.360731453085618,261.169572033987,266,0.25,0.25,0.273480662983425,11772761.2489646,44258.5009359573,0.00972517869165743,2.53992075685422,114492.206840401,2.53992075685422,13,0.195378519758017,"Baja","Alta","Baja demanda / Alta oferta"
"13106101002","ESTACIÓN CENTRAL",1,"13106",3147,147041,724,0.360731453085618,261.169572033987,266,0.25,0.25,0.273480662983425,11772761.2489646,44258.5009359573,0.0214021939459062,5.58960183344073,251962.919529191,5.58960183344073,1,5.58960183344073,"Baja","Baja","Baja demanda / Baja oferta"
"13106111002","ESTACIÓN CENTRAL",1,"13106",3293,147041,724,0.360731453085618,261.169572033987,266,0.25,0.25,0.273480662983425,11772761.2489646,44258.5009359573,0.0223951142878517,5.84892241421046,263652.333654155,5.84892241421046,0,NA,"Baja","Baja","Baja demanda / Baja oferta"
"13106131001","ESTACIÓN CENTRAL",1,"13106",2153,147041,724,0.360731453085618,261.169572033987,266,0.25,0.25,0.273480662983425,11772761.2489646,44258.5009359573,0.0146421746315653,3.82409048217283,172378.826103066,3.82409048217283,3,1.27469682739094,"Baja","Alta","Baja demanda / Alta oferta"
"13106101004","ESTACIÓN CENTRAL",1,"13106",4744,147041,724,0.360731453085618,261.169572033987,266,0.25,0.25,0.273480662983425,11772761.2489646,44258.5009359573,0.032263110288967,8.42614270665485,379825.894581023,8.42614270665485,1,8.42614270665485,"Alta","Baja","Alta demanda / Baja oferta"
"13106081001","ESTACIÓN CENTRAL",1,"13106",3198,147041,724,0.360731453085618,261.169572033987,266,0.25,0.25,0.273480662983425,11772761.2489646,44258.5009359573,0.0217490359831612,5.68018641987399,256046.208024897,5.68018641987399,0,NA,"Baja","Baja","Baja demanda / Baja oferta"
"13106081005","ESTACIÓN CENTRAL",1,"13106",4834,147041,724,0.360731453085618,261.169572033987,266,0.25,0.25,0.273480662983425,11772761.2489646,44258.5009359573,0.0328751844723581,8.58599785918413,387031.697808741,8.58599785918413,1,8.58599785918413,"Alta","Baja","Alta demanda / Baja oferta"
"13106091001","ESTACIÓN CENTRAL",1,"13106",2737,147041,724,0.360731453085618,261.169572033987,266,0.25,0.25,0.273480662983425,11772761.2489646,44258.5009359573,0.0186138559993471,4.86137280525175,219136.482602922,4.86137280525175,0,NA,"Baja","Baja","Baja demanda / Baja oferta"
"13105071002","EL BOSQUE",1,"13105",4283,162505,658,0.334405450692269,220.038786555513,194,0.281155015197568,0.297872340425532,0.199088145896657,7276054.02037109,37505.4330946964,0.0263561121196271,5.79936692912379,191768.495549364,5.79936692912379,0,NA,"Baja","Baja","Baja demanda / Baja oferta"
"13106091002","ESTACIÓN CENTRAL",1,"13106",2637,147041,724,0.360731453085618,261.169572033987,266,0.25,0.25,0.273480662983425,11772761.2489646,44258.5009359573,0.0179337735733571,4.6837559691081,211130.034572125,4.6837559691081,11,0.425795997191646,"Baja","Alta","Baja demanda / Alta oferta"
"13106081006","ESTACIÓN CENTRAL",1,"13106",2139,147041,724,0.360731453085618,261.169572033987,266,0.25,0.25,0.273480662983425,11772761.2489646,44258.5009359573,0.0145469630919267,3.79922412511271,171257.923378754,3.79922412511271,0,NA,"Baja","Baja","Baja demanda / Baja oferta"
"13106051001","ESTACIÓN CENTRAL",1,"13106",3138,147041,724,0.360731453085618,261.169572033987,266,0.25,0.25,0.273480662983425,11772761.2489646,44258.5009359573,0.0213409865275671,5.5736163181878,251242.339206419,5.5736163181878,0,NA,"Baja","Baja","Baja demanda / Baja oferta"
"13106081002","ESTACIÓN CENTRAL",1,"13106",2327,147041,724,0.360731453085618,261.169572033987,266,0.25,0.25,0.273480662983425,11772761.2489646,44258.5009359573,0.015825518052788,4.13314377706278,186310.045676653,4.13314377706278,0,NA,"Baja","Baja","Baja demanda / Baja oferta"
"13106081003","ESTACIÓN CENTRAL",1,"13106",4132,147041,724,0.360731453085618,261.169572033987,266,0.25,0.25,0.273480662983425,11772761.2489646,44258.5009359573,0.028101005841908,7.3391276694557,330826.432632544,7.3391276694557,6,1.22318794490928,"Alta","Alta","Alta demanda / Alta oferta"
"13106061002","ESTACIÓN CENTRAL",1,"13106",4868,147041,724,0.360731453085618,261.169572033987,266,0.25,0.25,0.273480662983425,11772761.2489646,44258.5009359573,0.0331064124971947,8.64638758347298,389753.890139212,8.64638758347298,0,NA,"Alta","Baja","Alta demanda / Baja oferta"
"13106051003","ESTACIÓN CENTRAL",1,"13106",2703,147041,724,0.360731453085618,261.169572033987,266,0.25,0.25,0.273480662983425,11772761.2489646,44258.5009359573,0.0183826279745105,4.80098308096291,216414.290272451,4.80098308096291,1,4.80098308096291,"Baja","Baja","Baja demanda / Baja oferta"
"13106041001","ESTACIÓN CENTRAL",1,"13106",5707,147041,724,0.360731453085618,261.169572033987,266,0.25,0.25,0.273480662983425,11772761.2489646,44258.5009359573,0.038812304051251,10.1365928387182,456927.989117601,10.1365928387182,1,10.1365928387182,"Alta","Baja","Alta demanda / Baja oferta"
"13106021001","ESTACIÓN CENTRAL",1,"13106",1738,147041,724,0.360731453085618,261.169572033987,266,0.25,0.25,0.273480662983425,11772761.2489646,44258.5009359573,0.0118198325637067,3.08698061217667,139152.066775257,3.08698061217667,0,NA,"Baja","Baja","Baja demanda / Baja oferta"
"13108011005","INDEPENDENCIA",1,"13108",6231,100281,428,0.380578394255289,162.887552741264,198,0.329439252336449,0.205607476635514,0.33411214953271,8073730.33690945,40776.415842977,0.0621353995273282,10.1210831676072,501664.460159779,10.1210831676072,7,1.44586902394388,"Alta","Alta","Alta demanda / Alta oferta"
"13106041002","ESTACIÓN CENTRAL",1,"13106",6001,147041,724,0.360731453085618,261.169572033987,266,0.25,0.25,0.273480662983425,11772761.2489646,44258.5009359573,0.0408117463836617,10.6587863369806,480466.946328145,10.6587863369806,0,NA,"Alta","Baja","Alta demanda / Baja oferta"
"13106141002","ESTACIÓN CENTRAL",1,"13106",5107,147041,724,0.360731453085618,261.169572033987,266,0.25,0.25,0.273480662983425,11772761.2489646,44258.5009359573,0.0347318094953108,9.0708918218563,408889.300932818,9.0708918218563,0,NA,"Alta","Baja","Alta demanda / Baja oferta"
"13106061004","ESTACIÓN CENTRAL",1,"13106",1593,147041,724,0.360731453085618,261.169572033987,266,0.25,0.25,0.273480662983425,11772761.2489646,44258.5009359573,0.0108337130460212,2.82943619976838,127542.717130601,2.82943619976838,0,NA,"Baja","Baja","Baja demanda / Baja oferta"
"13106031003","ESTACIÓN CENTRAL",1,"13106",2545,147041,724,0.360731453085618,261.169572033987,266,0.25,0.25,0.273480662983425,11772761.2489646,44258.5009359573,0.0173080977414463,4.52034847985594,203764.102383791,4.52034847985594,0,NA,"Baja","Baja","Baja demanda / Baja oferta"
"13106101001","ESTACIÓN CENTRAL",1,"13106",3871,147041,724,0.360731453085618,261.169572033987,266,0.25,0.25,0.273480662983425,11772761.2489646,44258.5009359573,0.0263259907100741,6.87554772712077,309929.603272163,6.87554772712077,5,1.37510954542415,"Alta","Alta","Alta demanda / Alta oferta"
"13114031007","LAS CONDES",1,"13114",1867,294838,1387,0.570161949135889,790.814623451478,1109,0.249459264599856,0.282624369142033,0.686373467916366,87392175.8250911,78802.6833409297,0.00633229095299792,5.00766828558025,553392.684340028,5.00766828558025,22,0.227621285708193,"Baja","Alta","Baja demanda / Alta oferta"
"13106031002","ESTACIÓN CENTRAL",1,"13106",2175,147041,724,0.360731453085618,261.169572033987,266,0.25,0.25,0.273480662983425,11772761.2489646,44258.5009359573,0.0147917927652832,3.86316618612443,174140.244669841,3.86316618612443,0,NA,"Baja","Baja","Baja demanda / Baja oferta"
"13106101005","ESTACIÓN CENTRAL",1,"13106",3377,147041,724,0.360731453085618,261.169572033987,266,0.25,0.25,0.273480662983425,11772761.2489646,44258.5009359573,0.0229663835256833,5.99812055657113,270377.750000025,5.99812055657113,5,1.19962411131422,"Alta","Alta","Alta demanda / Alta oferta"
"13119201002","MAIPÚ",1,"13119",4126,521627,2156,0.374540184138306,807.508637002187,879,0.26669758812616,0.343228200371058,0.285250463821892,37377991.1631458,42523.3119034651,0.00790986662883631,6.3872856203207,295654.924954306,6.3872856203207,1,6.3872856203207,"Alta","Baja","Alta demanda / Baja oferta"
"13106121002","ESTACIÓN CENTRAL",1,"13106",2846,147041,724,0.360731453085618,261.169572033987,266,0.25,0.25,0.273480662983425,11772761.2489646,44258.5009359573,0.0193551458436763,5.05497515664833,227863.510956491,5.05497515664833,40,0.126374378916208,"Baja","Alta","Baja demanda / Alta oferta"
"13106121001","ESTACIÓN CENTRAL",1,"13106",3444,147041,724,0.360731453085618,261.169572033987,266,0.25,0.25,0.273480662983425,11772761.2489646,44258.5009359573,0.0234220387510966,6.11712383678737,275742.070180659,6.11712383678737,0,NA,"Alta","Baja","Alta demanda / Baja oferta"
"13106111004","ESTACIÓN CENTRAL",1,"13106",2920,147041,724,0.360731453085618,261.169572033987,266,0.25,0.25,0.273480662983425,11772761.2489646,44258.5009359573,0.0198584068389089,5.18641161539464,233788.282499281,5.18641161539464,15,0.345760774359642,"Baja","Alta","Baja demanda / Alta oferta"
"13106131002","ESTACIÓN CENTRAL",1,"13106",4662,147041,724,0.360731453085618,261.169572033987,266,0.25,0.25,0.273480662983425,11772761.2489646,44258.5009359573,0.0317054426996552,8.28049690101705,373260.60719577,8.28049690101705,41,0.201963339049196,"Alta","Alta","Alta demanda / Alta oferta"
"13106131003","ESTACIÓN CENTRAL",1,"13106",4573,147041,724,0.360731453085618,261.169572033987,266,0.25,0.25,0.273480662983425,11772761.2489646,44258.5009359573,0.0311001693405241,8.1224179168492,366134.86844836,8.1224179168492,17,0.477789289226424,"Alta","Alta","Alta demanda / Alta oferta"
"13106011001","ESTACIÓN CENTRAL",1,"13106",1676,147041,724,0.360731453085618,261.169572033987,266,0.25,0.25,0.273480662983425,11772761.2489646,44258.5009359573,0.0113981814595929,2.97685817376761,134188.068996163,2.97685817376761,9,0.330762019307512,"Baja","Alta","Baja demanda / Alta oferta"
"13106101003","ESTACIÓN CENTRAL",1,"13106",5016,147041,724,0.360731453085618,261.169572033987,266,0.25,0.25,0.273480662983425,11772761.2489646,44258.5009359573,0.0341129344876599,8.90926050096558,401603.433224792,8.90926050096558,15,0.593950700064372,"Alta","Alta","Alta demanda / Alta oferta"
"13106051002","ESTACIÓN CENTRAL",1,"13106",1868,147041,724,0.360731453085618,261.169572033987,266,0.25,0.25,0.273480662983425,11772761.2489646,44258.5009359573,0.0127039397174938,3.31788249916342,149560.449215293,3.31788249916342,0,NA,"Baja","Baja","Baja demanda / Baja oferta"
"13106061001","ESTACIÓN CENTRAL",1,"13106",1772,147041,724,0.360731453085618,261.169572033987,266,0.25,0.25,0.273480662983425,11772761.2489646,44258.5009359573,0.0120510605885433,3.14737033646551,141874.259105728,3.14737033646551,1,3.14737033646551,"Baja","Baja","Baja demanda / Baja oferta"
"13106031001","ESTACIÓN CENTRAL",1,"13106",2951,147041,724,0.360731453085618,261.169572033987,266,0.25,0.25,0.273480662983425,11772761.2489646,44258.5009359573,0.0200692323909658,5.24147283459917,236270.281388828,5.24147283459917,0,NA,"Baja","Baja","Baja demanda / Baja oferta"
"13106071001","ESTACIÓN CENTRAL",1,"13106",2613,147041,724,0.360731453085618,261.169572033987,266,0.25,0.25,0.273480662983425,11772761.2489646,44258.5009359573,0.0177705537911195,4.64112792843362,209208.487044733,4.64112792843362,2,2.32056396421681,"Baja","Alta","Baja demanda / Alta oferta"
"13106081004","ESTACIÓN CENTRAL",1,"13106",2199,147041,724,0.360731453085618,261.169572033987,266,0.25,0.25,0.273480662983425,11772761.2489646,44258.5009359573,0.0149550125475208,3.90579422679891,176061.792197232,3.90579422679891,10,0.390579422679891,"Baja","Alta","Baja demanda / Alta oferta"
"13106021002","ESTACIÓN CENTRAL",1,"13106",1753,147041,724,0.360731453085618,261.169572033987,266,0.25,0.25,0.273480662983425,11772761.2489646,44258.5009359573,0.0119218449276052,3.11362313759822,140353.033979877,3.11362313759822,0,NA,"Baja","Baja","Baja demanda / Baja oferta"
"13129071002","SAN JOAQUÍN",1,"13129",2005,94492,533,0.359172454258464,191.438918119761,194,0.24765478424015,0.273921200750469,0.266416510318949,8068280.78411978,41589.076206803,0.0212187275113237,4.06209023864582,171198.651443087,4.06209023864582,0,NA,"Baja","Baja","Baja demanda / Baja oferta"
"13106071003","ESTACIÓN CENTRAL",1,"13106",5606,147041,724,0.360731453085618,261.169572033987,266,0.25,0.25,0.273480662983425,11772761.2489646,44258.5009359573,0.0381254208010011,9.95719983421312,448841.476606496,9.95719983421312,0,NA,"Alta","Baja","Alta demanda / Baja oferta"
"13106141001","ESTACIÓN CENTRAL",1,"13106",4740,147041,724,0.360731453085618,261.169572033987,266,0.25,0.25,0.273480662983425,11772761.2489646,44258.5009359573,0.0322359069919274,8.4190380332091,379505.636659792,8.4190380332091,0,NA,"Alta","Baja","Alta demanda / Baja oferta"
"13109041003","LA CISTERNA",1,"13109",2768,90119,372,0.391203180750278,145.527583239103,171,0.241935483870968,0.290322580645161,0.314516129032258,7419483.94857365,43388.7950208985,0.0307149435746069,4.46987150773797,227889.030833141,4.46987150773797,18,0.248326194874332,"Baja","Alta","Baja demanda / Alta oferta"
"13106071002","ESTACIÓN CENTRAL",1,"13106",4827,147041,724,0.360731453085618,261.169572033987,266,0.25,0.25,0.273480662983425,11772761.2489646,44258.5009359573,0.0328275787025387,8.57356468065408,386471.246446585,8.57356468065408,1,8.57356468065408,"Alta","Baja","Alta demanda / Baja oferta"
"13106061003","ESTACIÓN CENTRAL",1,"13106",3531,147041,724,0.360731453085618,261.169572033987,266,0.25,0.25,0.273480662983425,11772761.2489646,44258.5009359573,0.024013710461708,6.27165048423235,282707.679967452,6.27165048423235,5,1.25433009684647,"Alta","Alta","Alta demanda / Alta oferta"
"13109021001","LA CISTERNA",1,"13109",3473,90119,372,0.391203180750278,145.527583239103,171,0.241935483870968,0.290322580645161,0.314516129032258,7419483.94857365,43388.7950208985,0.0385379331772434,5.6083322783143,285931.576619761,5.6083322783143,0,NA,"Baja","Baja","Baja demanda / Baja oferta"
"13109021004","LA CISTERNA",1,"13109",3785,90119,372,0.391203180750278,145.527583239103,171,0.241935483870968,0.290322580645161,0.314516129032258,7419483.94857365,43388.7950208985,0.0420000221928783,6.11216172571829,311618.490499798,6.11216172571829,19,0.321692722406226,"Alta","Alta","Alta demanda / Alta oferta"
"13109031003","LA CISTERNA",1,"13109",5430,90119,372,0.391203180750278,145.527583239103,171,0.241935483870968,0.290322580645161,0.314516129032258,7419483.94857365,43388.7950208985,0.0602536645990302,8.76857019039639,447051.097335245,8.76857019039639,18,0.487142788355355,"Alta","Alta","Alta demanda / Alta oferta"
"13109021003","LA CISTERNA",1,"13109",3104,90119,372,0.391203180750278,145.527583239103,171,0.241935483870968,0.290322580645161,0.314516129032258,7419483.94857365,43388.7950208985,0.034443347129906,5.01245706648073,255551.861165488,5.01245706648073,1,5.01245706648073,"Baja","Baja","Baja demanda / Baja oferta"
"13109021005","LA CISTERNA",1,"13109",2226,90119,372,0.391203180750278,145.527583239103,171,0.241935483870968,0.290322580645161,0.314516129032258,7419483.94857365,43388.7950208985,0.0247006735538566,3.59462932667078,183266.250951796,3.59462932667078,0,NA,"Baja","Baja","Baja demanda / Baja oferta"
"13109021002","LA CISTERNA",1,"13109",3609,90119,372,0.391203180750278,145.527583239103,171,0.241935483870968,0.290322580645161,0.314516129032258,7419483.94857365,43388.7950208985,0.0400470489020073,5.82795024256732,297128.436516187,5.82795024256732,21,0.277521440122253,"Baja","Alta","Baja demanda / Alta oferta"
"13124101004","PUDAHUEL",1,"13124",2167,230293,1036,0.352639539826063,365.334563259802,362,0.283783783783784,0.318532818532819,0.253861003861004,15081859.6848739,41662.5958145688,0.00940975192472198,3.43770760980139,141916.558198129,3.43770760980139,8,0.429713451225173,"Baja","Alta","Baja demanda / Alta oferta"
"13109031001","LA CISTERNA",1,"13109",4993,90119,372,0.391203180750278,145.527583239103,171,0.241935483870968,0.290322580645161,0.314516129032258,7419483.94857365,43388.7950208985,0.0554045206893108,8.06288599643631,411072.951932758,8.06288599643631,17,0.474287411555077,"Alta","Alta","Alta demanda / Alta oferta"
"13109011001","LA CISTERNA",1,"13109",3616,90119,372,0.391203180750278,145.527583239103,171,0.241935483870968,0.290322580645161,0.314516129032258,7419483.94857365,43388.7950208985,0.0401247239760761,5.83925410837446,297704.745481445,5.83925410837446,0,NA,"Baja","Baja","Baja demanda / Baja oferta"
"13109031002","LA CISTERNA",1,"13109",5428,90119,372,0.391203180750278,145.527583239103,171,0.241935483870968,0.290322580645161,0.314516129032258,7419483.94857365,43388.7950208985,0.0602314717207248,8.76534051445149,446886.437630885,8.76534051445149,13,0.674256962650115,"Alta","Alta","Alta demanda / Alta oferta"
"13109011003","LA CISTERNA",1,"13109",4003,90119,372,0.391203180750278,145.527583239103,171,0.241935483870968,0.290322580645161,0.314516129032258,7419483.94857365,43388.7950208985,0.0444190459281617,6.46419640371211,329566.398274951,6.46419640371211,21,0.307818876367243,"Alta","Alta","Alta demanda / Alta oferta"
"13109041001","LA CISTERNA",1,"13109",3500,90119,372,0.391203180750278,145.527583239103,171,0.241935483870968,0.290322580645161,0.314516129032258,7419483.94857365,43388.7950208985,0.0388375370343657,5.65193290357041,288154.482628611,5.65193290357041,14,0.403709493112172,"Baja","Alta","Baja demanda / Alta oferta"
"13109041002","LA CISTERNA",1,"13109",4374,90119,372,0.391203180750278,145.527583239103,171,0.241935483870968,0.290322580645161,0.314516129032258,7419483.94857365,43388.7950208985,0.0485358248538044,7.06330129149057,360110.773433584,7.06330129149057,0,NA,"Alta","Baja","Alta demanda / Baja oferta"
"13109041004","LA CISTERNA",1,"13109",3015,90119,372,0.391203180750278,145.527583239103,171,0.241935483870968,0.290322580645161,0.314516129032258,7419483.94857365,43388.7950208985,0.0334557640453179,4.8687364869328,248224.504321503,4.8687364869328,2,2.4343682434664,"Baja","Alta","Baja demanda / Alta oferta"
"13109011002","LA CISTERNA",1,"13109",5167,90119,372,0.391203180750278,145.527583239103,171,0.241935483870968,0.290322580645161,0.314516129032258,7419483.94857365,43388.7950208985,0.0573353011018764,8.34386780364238,425398.346212009,8.34386780364238,13,0.641835984895568,"Alta","Alta","Alta demanda / Alta oferta"
"13109011004","LA CISTERNA",1,"13109",3776,90119,372,0.391203180750278,145.527583239103,171,0.241935483870968,0.290322580645161,0.314516129032258,7419483.94857365,43388.7950208985,0.0419001542405042,6.09762818396625,310877.521830181,6.09762818396625,19,0.320927799156119,"Alta","Alta","Alta demanda / Alta oferta"
"13109061001","LA CISTERNA",1,"13109",4047,90119,372,0.391203180750278,145.527583239103,171,0.241935483870968,0.290322580645161,0.314516129032258,7419483.94857365,43388.7950208985,0.0449072892508794,6.53524927449985,333188.911770854,6.53524927449985,0,NA,"Alta","Baja","Alta demanda / Baja oferta"
"13109061002","LA CISTERNA",1,"13109",5848,90119,372,0.391203180750278,145.527583239103,171,0.241935483870968,0.290322580645161,0.314516129032258,7419483.94857365,43388.7950208985,0.0648919761648487,9.44357246287994,481464.975546319,9.44357246287994,12,0.786964371906661,"Alta","Alta","Alta demanda / Alta oferta"
"13109061003","LA CISTERNA",1,"13109",3134,90119,372,0.391203180750278,145.527583239103,171,0.241935483870968,0.290322580645161,0.314516129032258,7419483.94857365,43388.7950208985,0.0347762403044863,5.06090220565419,258021.756730876,5.06090220565419,14,0.361493014689585,"Baja","Alta","Baja demanda / Alta oferta"
"13109051003","LA CISTERNA",1,"13109",3814,90119,372,0.391203180750278,145.527583239103,171,0.241935483870968,0.290322580645161,0.314516129032258,7419483.94857365,43388.7950208985,0.0423218189283059,6.1589920269193,314006.056213006,6.1589920269193,5,1.23179840538386,"Alta","Alta","Alta demanda / Alta oferta"
"13105051003","EL BOSQUE",1,"13105",4052,162505,658,0.334405450692269,220.038786555513,194,0.281155015197568,0.297872340425532,0.199088145896657,7276054.02037109,37505.4330946964,0.0249346173963878,5.48658295512716,181425.623153402,5.48658295512716,0,NA,"Baja","Baja","Baja demanda / Baja oferta"
"13109061004","LA CISTERNA",1,"13109",2045,90119,372,0.391203180750278,145.527583239103,171,0.241935483870968,0.290322580645161,0.314516129032258,7419483.94857365,43388.7950208985,0.0226922180672222,3.30234365365757,168364.547707288,3.30234365365757,0,NA,"Baja","Baja","Baja demanda / Baja oferta"
"13109051001","LA CISTERNA",1,"13109",5036,90119,372,0.391203180750278,145.527583239103,171,0.241935483870968,0.290322580645161,0.314516129032258,7419483.94857365,43388.7950208985,0.0558816675728759,8.1323240292516,414613.135576481,8.1323240292516,4,2.0330810073129,"Alta","Alta","Alta demanda / Alta oferta"
"13109051002","LA CISTERNA",1,"13109",3698,90119,372,0.391203180750278,145.527583239103,171,0.241935483870968,0.290322580645161,0.314516129032258,7419483.94857365,43388.7950208985,0.0410346319865955,5.97167082211525,304455.793360172,5.97167082211525,17,0.351274754242074,"Alta","Alta","Alta demanda / Alta oferta"
"13105021001","EL BOSQUE",1,"13105",3650,162505,658,0.334405450692269,220.038786555513,194,0.281155015197568,0.297872340425532,0.199088145896657,7276054.02037109,37505.4330946964,0.0224608473585428,4.94225759778236,163426.338724067,4.94225759778236,0,NA,"Baja","Baja","Baja demanda / Baja oferta"
"13105011001","EL BOSQUE",1,"13105",2852,162505,658,0.334405450692269,220.038786555513,194,0.281155015197568,0.297872340425532,0.199088145896657,7276054.02037109,37505.4330946964,0.0175502292237162,3.86173114215761,127696.415901654,3.86173114215761,0,NA,"Baja","Baja","Baja demanda / Baja oferta"
"13105091004","EL BOSQUE",1,"13105",3027,162505,658,0.334405450692269,220.038786555513,194,0.281155015197568,0.297872340425532,0.199088145896657,7276054.02037109,37505.4330946964,0.0186271191655641,4.09868869821567,135531.925292534,4.09868869821567,1,4.09868869821567,"Baja","Baja","Baja demanda / Baja oferta"
"13105021002","EL BOSQUE",1,"13105",4702,162505,658,0.334405450692269,220.038786555513,194,0.281155015197568,0.297872340425532,0.199088145896657,7276054.02037109,37505.4330946964,0.0289344943232516,6.36671102048566,210528.943748099,6.36671102048566,0,NA,"Alta","Baja","Alta demanda / Baja oferta"
"13105021003","EL BOSQUE",1,"13105",3333,162505,658,0.334405450692269,220.038786555513,194,0.281155015197568,0.297872340425532,0.199088145896657,7276054.02037109,37505.4330946964,0.0205101381495954,4.5130259105229,149232.87314173,4.5130259105229,1,4.5130259105229,"Baja","Baja","Baja demanda / Baja oferta"
"13105011002","EL BOSQUE",1,"13105",5693,162505,658,0.334405450692269,220.038786555513,194,0.281155015197568,0.297872340425532,0.199088145896657,7276054.02037109,37505.4330946964,0.0350327682225162,7.70856780936301,254900.314070168,7.70856780936301,16,0.481785488085188,"Alta","Alta","Alta demanda / Alta oferta"
"13105011005","EL BOSQUE",1,"13105",7053,162505,658,0.334405450692269,220.038786555513,194,0.281155015197568,0.297872340425532,0.199088145896657,7276054.02037109,37505.4330946964,0.0434017414848774,9.55006653072849,315793.415622149,9.55006653072849,0,NA,"Alta","Baja","Alta demanda / Baja oferta"
"13105031001","EL BOSQUE",1,"13105",3682,162505,658,0.334405450692269,220.038786555513,194,0.281155015197568,0.297872340425532,0.199088145896657,7276054.02037109,37505.4330946964,0.0226577643764807,4.98558697946155,164859.117584113,4.98558697946155,27,0.184651369609687,"Baja","Alta","Baja demanda / Alta oferta"
"13105031002","EL BOSQUE",1,"13105",1768,162505,658,0.334405450692269,220.038786555513,194,0.281155015197568,0.297872340425532,0.199088145896657,7276054.02037109,37505.4330946964,0.0108796652410695,2.39394833777513,79161.0320175754,2.39394833777513,6,0.398991389629188,"Baja","Alta","Baja demanda / Alta oferta"
"13105041001","EL BOSQUE",1,"13105",3448,162505,658,0.334405450692269,220.038786555513,194,0.281155015197568,0.297872340425532,0.199088145896657,7276054.02037109,37505.4330946964,0.0212178086828098,4.66874087593249,154381.922170023,4.66874087593249,0,NA,"Baja","Baja","Baja demanda / Baja oferta"
"13105041002","EL BOSQUE",1,"13105",5058,162505,658,0.334405450692269,220.038786555513,194,0.281155015197568,0.297872340425532,0.199088145896657,7276054.02037109,37505.4330946964,0.0311251961478108,6.84875039166662,226468.608566118,6.84875039166662,0,NA,"Alta","Baja","Alta demanda / Baja oferta"
"13105051001","EL BOSQUE",1,"13105",2557,162505,658,0.334405450692269,220.038786555513,194,0.281155015197568,0.297872340425532,0.199088145896657,7276054.02037109,37505.4330946964,0.0157349004646011,3.4622884048026,114487.9857856,3.4622884048026,11,0.314753491345691,"Baja","Alta","Baja demanda / Alta oferta"
"13105051002","EL BOSQUE",1,"13105",2862,162505,658,0.334405450692269,220.038786555513,194,0.281155015197568,0.297872340425532,0.199088145896657,7276054.02037109,37505.4330946964,0.0176117657918218,3.87527157393236,128144.159295419,3.87527157393236,0,NA,"Baja","Baja","Baja demanda / Baja oferta"
"13105051004","EL BOSQUE",1,"13105",4140,162505,658,0.334405450692269,220.038786555513,194,0.281155015197568,0.297872340425532,0.199088145896657,7276054.02037109,37505.4330946964,0.0254761391957171,5.60573875474492,185365.765018531,5.60573875474492,0,NA,"Baja","Baja","Baja demanda / Baja oferta"
"13105051005","EL BOSQUE",1,"13105",3977,162505,658,0.334405450692269,220.038786555513,194,0.281155015197568,0.297872340425532,0.199088145896657,7276054.02037109,37505.4330946964,0.0244730931355958,5.38502971681656,178067.547700168,5.38502971681656,0,NA,"Baja","Baja","Baja demanda / Baja oferta"
"13105091001","EL BOSQUE",1,"13105",3935,162505,658,0.334405450692269,220.038786555513,194,0.281155015197568,0.297872340425532,0.199088145896657,7276054.02037109,37505.4330946964,0.0242146395495523,5.32815990336263,176187.025446357,5.32815990336263,1,5.32815990336263,"Baja","Baja","Baja demanda / Baja oferta"
"13105061001","EL BOSQUE",1,"13105",4275,162505,658,0.334405450692269,220.038786555513,194,0.281155015197568,0.297872340425532,0.199088145896657,7276054.02037109,37505.4330946964,0.0263068828651426,5.788534583704,191410.300834352,5.788534583704,1,5.788534583704,"Baja","Baja","Baja demanda / Baja oferta"
"13105091002","EL BOSQUE",1,"13105",5386,162505,658,0.334405450692269,220.038786555513,194,0.281155015197568,0.297872340425532,0.199088145896657,7276054.02037109,37505.4330946964,0.0331435955816744,7.2928765538783,241154.591881596,7.2928765538783,2,3.64643827693915,"Alta","Alta","Alta demanda / Alta oferta"
"13105061002","EL BOSQUE",1,"13105",3975,162505,658,0.334405450692269,220.038786555513,194,0.281155015197568,0.297872340425532,0.199088145896657,7276054.02037109,37505.4330946964,0.0244607858219747,5.38232163046161,177977.999021415,5.38232163046161,0,NA,"Baja","Baja","Baja demanda / Baja oferta"
"13105061004","EL BOSQUE",1,"13105",5277,162505,658,0.334405450692269,220.038786555513,194,0.281155015197568,0.297872340425532,0.199088145896657,7276054.02037109,37505.4330946964,0.0324728469893234,7.14528584753356,236274.188889562,7.14528584753356,0,NA,"Alta","Baja","Alta demanda / Baja oferta"
"13105091003","EL BOSQUE",1,"13105",4352,162505,658,0.334405450692269,220.038786555513,194,0.281155015197568,0.297872340425532,0.199088145896657,7276054.02037109,37505.4330946964,0.0267807144395557,5.89279590836954,194857.924966339,5.89279590836954,3,1.96426530278985,"Baja","Alta","Baja demanda / Alta oferta"
"13105061005","EL BOSQUE",1,"13105",5166,162505,658,0.334405450692269,220.038786555513,194,0.281155015197568,0.297872340425532,0.199088145896657,7276054.02037109,37505.4330946964,0.0317897910833513,6.99498705483388,231304.237218775,6.99498705483388,0,NA,"Alta","Baja","Alta demanda / Baja oferta"
"13129071004","SAN JOAQUÍN",1,"13129",1037,94492,533,0.359172454258464,191.438918119761,194,0.24765478424015,0.273921200750469,0.266416510318949,8068280.78411978,41589.076206803,0.0109744740295475,2.10094143514998,88545.1379284195,2.10094143514998,6,0.350156905858331,"Baja","Alta","Baja demanda / Alta oferta"
"13105061003","EL BOSQUE",1,"13105",4648,162505,658,0.334405450692269,220.038786555513,194,0.281155015197568,0.297872340425532,0.199088145896657,7276054.02037109,37505.4330946964,0.0286021968554814,6.29359268890203,208111.129421771,6.29359268890203,0,NA,"Alta","Baja","Alta demanda / Baja oferta"
"13105081001","EL BOSQUE",1,"13105",2762,162505,658,0.334405450692269,220.038786555513,194,0.281155015197568,0.297872340425532,0.199088145896657,7276054.02037109,37505.4330946964,0.0169964001107658,3.7398672561849,123666.725357773,3.7398672561849,0,NA,"Baja","Baja","Baja demanda / Baja oferta"
"13105071004","EL BOSQUE",1,"13105",4616,162505,658,0.334405450692269,220.038786555513,194,0.281155015197568,0.297872340425532,0.199088145896657,7276054.02037109,37505.4330946964,0.0284052798375435,6.25026330722284,206678.350561724,6.25026330722284,0,NA,"Alta","Baja","Alta demanda / Baja oferta"
"13105071003","EL BOSQUE",1,"13105",3901,162505,658,0.334405450692269,220.038786555513,194,0.281155015197568,0.297872340425532,0.199088145896657,7276054.02037109,37505.4330946964,0.0240054152179933,5.28212243532849,174664.697907558,5.28212243532849,0,NA,"Baja","Baja","Baja demanda / Baja oferta"
"13105081004","EL BOSQUE",1,"13105",5442,162505,658,0.334405450692269,220.038786555513,194,0.281155015197568,0.297872340425532,0.199088145896657,7276054.02037109,37505.4330946964,0.0334882003630658,7.36870297181688,243661.954886677,7.36870297181688,3,2.45623432393896,"Alta","Alta","Alta demanda / Alta oferta"
"13105081005","EL BOSQUE",1,"13105",4957,162505,658,0.334405450692269,220.038786555513,194,0.281155015197568,0.297872340425532,0.199088145896657,7276054.02037109,37505.4330946964,0.0305036768099443,6.71199203074169,221946.400289096,6.71199203074169,0,NA,"Alta","Baja","Alta demanda / Baja oferta"
"13105071005","EL BOSQUE",1,"13105",3630,162505,658,0.334405450692269,220.038786555513,194,0.281155015197568,0.297872340425532,0.199088145896657,7276054.02037109,37505.4330946964,0.0223377742223316,4.91517673423287,162530.851936538,4.91517673423287,0,NA,"Baja","Baja","Baja demanda / Baja oferta"
"13105101001","EL BOSQUE",1,"13105",5091,162505,658,0.334405450692269,220.038786555513,194,0.281155015197568,0.297872340425532,0.199088145896657,7276054.02037109,37505.4330946964,0.0313282668225593,6.89343381652328,227946.161765541,6.89343381652328,11,0.626675801502117,"Alta","Alta","Alta demanda / Alta oferta"
"13105101002","EL BOSQUE",1,"13105",6389,162505,658,0.334405450692269,220.038786555513,194,0.281155015197568,0.297872340425532,0.199088145896657,7276054.02037109,37505.4330946964,0.0393157133626658,8.65098186088534,286063.254276182,8.65098186088534,0,NA,"Alta","Baja","Alta demanda / Baja oferta"
"13105101003","EL BOSQUE",1,"13105",5573,162505,658,0.334405450692269,220.038786555513,194,0.281155015197568,0.297872340425532,0.199088145896657,7276054.02037109,37505.4330946964,0.0342943294052491,7.54608262806605,249527.393344993,7.54608262806605,1,7.54608262806605,"Alta","Baja","Alta demanda / Baja oferta"
"13105081002","EL BOSQUE",1,"13105",3636,162505,658,0.334405450692269,220.038786555513,194,0.281155015197568,0.297872340425532,0.199088145896657,7276054.02037109,37505.4330946964,0.022374696163195,4.92330099329771,162799.497972796,4.92330099329771,1,4.92330099329771,"Baja","Baja","Baja demanda / Baja oferta"
"13105081003","EL BOSQUE",1,"13105",4696,162505,658,0.334405450692269,220.038786555513,194,0.281155015197568,0.297872340425532,0.199088145896657,7276054.02037109,37505.4330946964,0.0288975723823882,6.35858676142081,210260.297711841,6.35858676142081,5,1.27171735228416,"Alta","Alta","Alta demanda / Alta oferta"
"13103071004","CERRO NAVIA",1,"13103",4004,132622,464,0.307584246275807,142.719090271975,92,0.247844827586207,0.286637931034483,0.133620689655172,3492788.4976752,37965.0923660347,0.030191069355009,4.30884195268497,105451.019775689,4.30884195268497,4,1.07721048817124,"Baja","Alta","Baja demanda / Alta oferta"
"13105011003","EL BOSQUE",1,"13105",525,162505,658,0.334405450692269,220.038786555513,194,0.281155015197568,0.297872340425532,0.199088145896657,7276054.02037109,37505.4330946964,0.00323066982554383,0.710872668174175,23506.5281726398,0.710872668174175,9,0.0789858520193528,"Baja","Alta","Baja demanda / Alta oferta"
"13116051001","LO ESPEJO",1,"13116",2104,98804,361,0.316507917019257,114.259358043952,90,0.263157894736842,0.28808864265928,0.141274238227147,3270795.70495298,36342.1744994776,0.0212946844257318,2.43311697223265,69650.5623580126,2.43311697223265,0,NA,"Baja","Baja","Baja demanda / Baja oferta"
"13116051002","LO ESPEJO",1,"13116",3505,98804,361,0.316507917019257,114.259358043952,90,0.263157894736842,0.28808864265928,0.141274238227147,3270795.70495298,36342.1744994776,0.0354742722966681,4.05326757969365,116029.097464275,4.05326757969365,14,0.289519112835261,"Baja","Alta","Baja demanda / Alta oferta"
"13116041002","LO ESPEJO",1,"13116",3726,98804,361,0.316507917019257,114.259358043952,90,0.263157894736842,0.28808864265928,0.141274238227147,3270795.70495298,36342.1744994776,0.0377110238451885,4.30883737573139,123345.054822222,4.30883737573139,2,2.1544186878657,"Baja","Alta","Baja demanda / Alta oferta"
"13116061001","LO ESPEJO",1,"13116",2805,98804,361,0.316507917019257,114.259358043952,90,0.263157894736842,0.28808864265928,0.141274238227147,3270795.70495298,36342.1744994776,0.0283895388850654,3.24377048817138,92856.3818508675,3.24377048817138,5,0.648754097634276,"Baja","Alta","Baja demanda / Alta oferta"
"13116041003","LO ESPEJO",1,"13116",3904,98804,361,0.316507917019257,114.259358043952,90,0.263157894736842,0.28808864265928,0.141274238227147,3270795.70495298,36342.1744994776,0.0395125703412817,4.51468092186134,129237.545363917,4.51468092186134,2,2.25734046093067,"Baja","Alta","Baja demanda / Alta oferta"
"13116061002","LO ESPEJO",1,"13116",4115,98804,361,0.316507917019257,114.259358043952,90,0.263157894736842,0.28808864265928,0.141274238227147,3270795.70495298,36342.1744994776,0.0416481114124934,4.75868647373448,136222.463927387,4.75868647373448,0,NA,"Baja","Baja","Baja demanda / Baja oferta"
"13124011004","PUDAHUEL",1,"13124",2754,230293,1036,0.352639539826063,365.334563259802,362,0.283783783783784,0.318532818532819,0.253861003861004,15081859.6848739,41662.5958145688,0.0119586787266656,4.36891866977066,180359.114572057,4.36891866977066,0,NA,"Baja","Baja","Baja demanda / Baja oferta"
"13116041004","LO ESPEJO",1,"13116",4436,98804,361,0.316507917019257,114.259358043952,90,0.263157894736842,0.28808864265928,0.141274238227147,3270795.70495298,36342.1744994776,0.0448969677340998,5.12989871141827,146848.809230106,5.12989871141827,0,NA,"Baja","Baja","Baja demanda / Baja oferta"
"13116041001","LO ESPEJO",1,"13116",3888,98804,361,0.316507917019257,114.259358043952,90,0.263157894736842,0.28808864265928,0.141274238227147,3270795.70495298,36342.1744994776,0.039350633577588,4.49617813119798,128707.883292753,4.49617813119798,0,NA,"Baja","Baja","Baja demanda / Baja oferta"
"13119011004","MAIPÚ",1,"13119",3391,521627,2156,0.374540184138306,807.508637002187,879,0.26669758812616,0.343228200371058,0.285250463821892,37377991.1631458,42523.3119034651,0.00650081379989916,5.24946329096158,242987.360765887,5.24946329096158,8,0.656182911370198,"Baja","Alta","Baja demanda / Alta oferta"
"13116061003","LO ESPEJO",1,"13116",3537,98804,361,0.316507917019257,114.259358043952,90,0.263157894736842,0.28808864265928,0.141274238227147,3270795.70495298,36342.1744994776,0.0357981458240557,4.09027316102038,117088.421606602,4.09027316102038,0,NA,"Baja","Baja","Baja demanda / Baja oferta"
"13116071001","LO ESPEJO",1,"13116",3115,98804,361,0.316507917019257,114.259358043952,90,0.263157894736842,0.28808864265928,0.141274238227147,3270795.70495298,36342.1744994776,0.0315270636816323,3.6022620572741,103118.584479662,3.6022620572741,0,NA,"Baja","Baja","Baja demanda / Baja oferta"
"13116031003","LO ESPEJO",1,"13116",4228,98804,361,0.316507917019257,114.259358043952,90,0.263157894736842,0.28808864265928,0.141274238227147,3270795.70495298,36342.1744994776,0.0427917898060807,4.88936243279451,139963.20230498,4.88936243279451,6,0.814893738799085,"Baja","Alta","Baja demanda / Alta oferta"
"13116031004","LO ESPEJO",1,"13116",2829,98804,361,0.316507917019257,114.259358043952,90,0.263157894736842,0.28808864265928,0.141274238227147,3270795.70495298,36342.1744994776,0.028632444030606,3.27152467416643,93650.8749576129,3.27152467416643,0,NA,"Baja","Baja","Baja demanda / Baja oferta"
"13116071003","LO ESPEJO",1,"13116",5479,98804,361,0.316507917019257,114.259358043952,90,0.263157894736842,0.28808864265928,0.141274238227147,3270795.70495298,36342.1744994776,0.055453220517388,6.33604937778645,181376.155494083,6.33604937778645,0,NA,"Alta","Baja","Alta demanda / Baja oferta"
"13116021001","LO ESPEJO",1,"13116",6216,98804,361,0.316507917019257,114.259358043952,90,0.263157894736842,0.28808864265928,0.141274238227147,3270795.70495298,36342.1744994776,0.0629124326950326,7.18833417271775,205773.714647056,7.18833417271775,0,NA,"Alta","Baja","Alta demanda / Baja oferta"
"13116071002","LO ESPEJO",1,"13116",3107,98804,361,0.316507917019257,114.259358043952,90,0.263157894736842,0.28808864265928,0.141274238227147,3270795.70495298,36342.1744994776,0.0314460952997854,3.59301066194242,102853.75344408,3.59301066194242,0,NA,"Baja","Baja","Baja demanda / Baja oferta"
"13116031001","LO ESPEJO",1,"13116",5012,98804,361,0.316507917019257,114.259358043952,90,0.263157894736842,0.28808864265928,0.141274238227147,3270795.70495298,36342.1744994776,0.0507266912270758,5.79599917529945,165916.643791996,5.79599917529945,21,0.275999960728545,"Baja","Alta","Baja demanda / Alta oferta"
"13116031002","LO ESPEJO",1,"13116",4329,98804,361,0.316507917019257,114.259358043952,90,0.263157894736842,0.28808864265928,0.141274238227147,3270795.70495298,36342.1744994776,0.0438140156268977,5.00616129885701,143306.6941292,5.00616129885701,7,0.715165899836715,"Baja","Alta","Baja demanda / Alta oferta"
"13116071004","LO ESPEJO",1,"13116",5471,98804,361,0.316507917019257,114.259358043952,90,0.263157894736842,0.28808864265928,0.141274238227147,3270795.70495298,36342.1744994776,0.0553722521355411,6.32679798245476,181111.324458501,6.32679798245476,0,NA,"Alta","Baja","Alta demanda / Baja oferta"
"13116021002","LO ESPEJO",1,"13116",5533,98804,361,0.316507917019257,114.259358043952,90,0.263157894736842,0.28808864265928,0.141274238227147,3270795.70495298,36342.1744994776,0.0559997570948545,6.39849629627531,183163.76498426,6.39849629627531,0,NA,"Alta","Baja","Alta demanda / Baja oferta"
"13104061001","CONCHALÍ",1,"13104",3266,126955,462,0.339245703882818,156.731515193862,132,0.205627705627706,0.326839826839827,0.214285714285714,5205880.27398654,39438.4869241404,0.0257256508211571,4.03202023254817,133924.658145327,4.03202023254817,0,NA,"Baja","Baja","Baja demanda / Baja oferta"
"13116011004","LO ESPEJO",1,"13116",5173,98804,361,0.316507917019257,114.259358043952,90,0.263157894736842,0.28808864265928,0.141274238227147,3270795.70495298,36342.1744994776,0.0523561799117445,5.98218350634957,171246.368383079,5.98218350634957,0,NA,"Alta","Baja","Alta demanda / Baja oferta"
"13116011001","LO ESPEJO",1,"13116",4898,98804,361,0.316507917019257,114.259358043952,90,0.263157894736842,0.28808864265928,0.141274238227147,3270795.70495298,36342.1744994776,0.0495728917857577,5.66416679182297,162142.801534955,5.66416679182297,1,5.66416679182297,"Baja","Baja","Baja demanda / Baja oferta"
"13103071002","CERRO NAVIA",1,"13103",3727,132622,464,0.307584246275807,142.719090271975,92,0.247844827586207,0.286637931034483,0.133620689655172,3492788.4976752,37965.0923660347,0.0281024264450845,4.01075273667754,98155.8318441545,4.01075273667754,5,0.802150547335508,"Baja","Alta","Baja demanda / Alta oferta"
"13103091003","CERRO NAVIA",1,"13103",6253,132622,464,0.307584246275807,142.719090271975,92,0.247844827586207,0.286637931034483,0.133620689655172,3492788.4976752,37965.0923660347,0.0471490401290887,6.72906811442036,164681.625039307,6.72906811442036,0,NA,"Alta","Baja","Alta demanda / Baja oferta"
"13116011005","LO ESPEJO",1,"13116",3080,98804,361,0.316507917019257,114.259358043952,90,0.263157894736842,0.28808864265928,0.141274238227147,3270795.70495298,36342.1744994776,0.0311728270110522,3.56178720269799,101959.948698992,3.56178720269799,7,0.508826743242569,"Baja","Alta","Baja demanda / Alta oferta"
"13116011003","LO ESPEJO",1,"13116",4529,98804,361,0.316507917019257,114.259358043952,90,0.263157894736842,0.28808864265928,0.141274238227147,3270795.70495298,36342.1744994776,0.0458382251730699,5.23744618214908,149927.470018745,5.23744618214908,0,NA,"Baja","Baja","Baja demanda / Baja oferta"
"13116011002","LO ESPEJO",1,"13116",3600,98804,361,0.316507917019257,114.259358043952,90,0.263157894736842,0.28808864265928,0.141274238227147,3270795.70495298,36342.1744994776,0.0364357718311,4.16312789925739,119173.966011809,4.16312789925739,3,1.38770929975246,"Baja","Alta","Baja demanda / Alta oferta"
"13103081001","CERRO NAVIA",1,"13103",3622,132622,464,0.307584246275807,142.719090271975,92,0.247844827586207,0.286637931034483,0.133620689655172,3492788.4976752,37965.0923660347,0.0273107025983623,3.89775862952671,95390.5078989878,3.89775862952671,0,NA,"Baja","Baja","Baja demanda / Baja oferta"
"13103091004","CERRO NAVIA",1,"13103",4157,132622,464,0.307584246275807,142.719090271975,92,0.247844827586207,0.286637931034483,0.133620689655172,3492788.4976752,37965.0923660347,0.03134472410309,4.47349050881903,109480.491810075,4.47349050881903,0,NA,"Baja","Baja","Baja demanda / Baja oferta"
"13116071005","LO ESPEJO",1,"13116",32,98804,361,0.316507917019257,114.259358043952,90,0.263157894736842,0.28808864265928,0.141274238227147,3270795.70495298,36342.1744994776,0.000323873527387555,0.0370055813267323,1059.32414232719,0.0370055813267323,0,NA,"Baja","Baja","Baja demanda / Baja oferta"
"13105011004","EL BOSQUE",1,"13105",3495,162505,658,0.334405450692269,220.038786555513,194,0.281155015197568,0.297872340425532,0.199088145896657,7276054.02037109,37505.4330946964,0.0215070305529061,4.73238090527379,156486.316120716,4.73238090527379,0,NA,"Baja","Baja","Baja demanda / Baja oferta"
"13103011002","CERRO NAVIA",1,"13103",2451,132622,464,0.307584246275807,142.719090271975,92,0.247844827586207,0.286637931034483,0.133620689655172,3492788.4976752,37965.0923660347,0.0184810966506311,2.63760530120651,64550.561805748,2.63760530120651,6,0.439600883534418,"Baja","Alta","Baja demanda / Alta oferta"
"13103011005","CERRO NAVIA",1,"13103",4812,132622,464,0.307584246275807,142.719090271975,92,0.247844827586207,0.286637931034483,0.133620689655172,3492788.4976752,37965.0923660347,0.0362835728612146,5.17835851056945,126730.84594421,5.17835851056945,3,1.72611950352315,"Baja","Alta","Baja demanda / Alta oferta"
"13103061001","CERRO NAVIA",1,"13103",2611,132622,464,0.307584246275807,142.719090271975,92,0.247844827586207,0.286637931034483,0.133620689655172,3492788.4976752,37965.0923660347,0.0196875329884936,2.8097867978173,68764.3887698115,2.8097867978173,1,2.8097867978173,"Baja","Baja","Baja demanda / Baja oferta"
"13103081002","CERRO NAVIA",1,"13103",3918,132622,464,0.307584246275807,142.719090271975,92,0.247844827586207,0.286637931034483,0.133620689655172,3492788.4976752,37965.0923660347,0.0295426098234079,4.21629439825667,103186.087782505,4.21629439825667,0,NA,"Baja","Baja","Baja demanda / Baja oferta"
"13103071003","CERRO NAVIA",1,"13103",4796,132622,464,0.307584246275807,142.719090271975,92,0.247844827586207,0.286637931034483,0.133620689655172,3492788.4976752,37965.0923660347,0.0361629292274283,5.16114036090837,126309.463247804,5.16114036090837,0,NA,"Baja","Baja","Baja demanda / Baja oferta"
"13103011003","CERRO NAVIA",1,"13103",3591,132622,464,0.307584246275807,142.719090271975,92,0.247844827586207,0.286637931034483,0.133620689655172,3492788.4976752,37965.0923660347,0.0270769555579014,3.86439846455837,94574.0789247005,3.86439846455837,0,NA,"Baja","Baja","Baja demanda / Baja oferta"
"13103011004","CERRO NAVIA",1,"13103",4038,132622,464,0.307584246275807,142.719090271975,92,0.247844827586207,0.286637931034483,0.133620689655172,3492788.4976752,37965.0923660347,0.0304474370768048,4.34543052071476,106346.458005553,4.34543052071476,7,0.620775788673537,"Baja","Alta","Baja demanda / Alta oferta"
"13103071005","CERRO NAVIA",1,"13103",3337,132622,464,0.307584246275807,142.719090271975,92,0.247844827586207,0.286637931034483,0.133620689655172,3492788.4976752,37965.0923660347,0.0251617378715447,3.59106033868875,87884.6286192497,3.59106033868875,2,1.79553016934437,"Baja","Alta","Baja demanda / Alta oferta"
"13114141002","LAS CONDES",1,"13114",3924,294838,1387,0.570161949135889,790.814623451478,1109,0.249459264599856,0.282624369142033,0.686373467916366,87392175.8250911,78802.6833409297,0.0133090035884113,10.5249546612838,1163102.78165521,10.5249546612838,0,NA,"Alta","Baja","Alta demanda / Baja oferta"
"13103061003","CERRO NAVIA",1,"13103",2446,132622,464,0.307584246275807,142.719090271975,92,0.247844827586207,0.286637931034483,0.133620689655172,3492788.4976752,37965.0923660347,0.0184433955150729,2.63222462943742,64418.879713121,2.63222462943742,0,NA,"Baja","Baja","Baja demanda / Baja oferta"
"13103051001","CERRO NAVIA",1,"13103",5092,132622,464,0.307584246275807,142.719090271975,92,0.247844827586207,0.286637931034483,0.133620689655172,3492788.4976752,37965.0923660347,0.0383948364524739,5.47967612963833,134105.043131321,5.47967612963833,0,NA,"Baja","Baja","Baja demanda / Baja oferta"
"13103021002","CERRO NAVIA",1,"13103",2610,132622,464,0.307584246275807,142.719090271975,92,0.247844827586207,0.286637931034483,0.133620689655172,3492788.4976752,37965.0923660347,0.019679992761382,2.80871066346348,68738.0523512861,2.80871066346348,0,NA,"Baja","Baja","Baja demanda / Baja oferta"
"13103021003","CERRO NAVIA",1,"13103",1716,132622,464,0.307584246275807,142.719090271975,92,0.247844827586207,0.286637931034483,0.133620689655172,3492788.4976752,37965.0923660347,0.0129390297235753,1.8466465511507,45193.2941895812,1.8466465511507,0,NA,"Baja","Baja","Baja demanda / Baja oferta"
"13103021004","CERRO NAVIA",1,"13103",3227,132622,464,0.307584246275807,142.719090271975,92,0.247844827586207,0.286637931034483,0.133620689655172,3492788.4976752,37965.0923660347,0.0243323128892642,3.47268555976883,84987.622581456,3.47268555976883,4,0.868171389942207,"Baja","Alta","Baja demanda / Alta oferta"
"13103051002","CERRO NAVIA",1,"13103",5047,132622,464,0.307584246275807,142.719090271975,92,0.247844827586207,0.286637931034483,0.133620689655172,3492788.4976752,37965.0923660347,0.0380555262324501,5.43125008371654,132919.904297678,5.43125008371654,4,1.35781252092914,"Baja","Alta","Baja demanda / Alta oferta"
"13124061015","PUDAHUEL",1,"13124",3568,230293,1036,0.352639539826063,365.334563259802,362,0.283783783783784,0.318532818532819,0.253861003861004,15081859.6848739,41662.5958145688,0.0154933063532109,5.66024031000062,233667.872473893,5.66024031000062,5,1.13204806200012,"Baja","Alta","Baja demanda / Alta oferta"
"13103021005","CERRO NAVIA",1,"13103",3899,132622,464,0.307584246275807,142.719090271975,92,0.247844827586207,0.286637931034483,0.133620689655172,3492788.4976752,37965.0923660347,0.0293993455082867,4.19584784553414,102685.695830523,4.19584784553414,6,0.69930797425569,"Baja","Alta","Baja demanda / Alta oferta"
"13103031001","CERRO NAVIA",1,"13103",3609,132622,464,0.307584246275807,142.719090271975,92,0.247844827586207,0.286637931034483,0.133620689655172,3492788.4976752,37965.0923660347,0.0272126796459109,3.88376888292709,95048.1344581576,3.88376888292709,1,3.88376888292709,"Baja","Baja","Baja demanda / Baja oferta"
"13103041003","CERRO NAVIA",1,"13103",4905,132622,464,0.307584246275807,142.719090271975,92,0.247844827586207,0.286637931034483,0.133620689655172,3492788.4976752,37965.0923660347,0.0369848139825972,5.27843900547447,129180.132867072,5.27843900547447,0,NA,"Baja","Baja","Baja demanda / Baja oferta"
"13103061002","CERRO NAVIA",1,"13103",2669,132622,464,0.307584246275807,142.719090271975,92,0.247844827586207,0.286637931034483,0.133620689655172,3492788.4976752,37965.0923660347,0.0201248661609688,2.87220259033871,70291.9010442845,2.87220259033871,0,NA,"Baja","Baja","Baja demanda / Baja oferta"
"13103041002","CERRO NAVIA",1,"13103",3447,132622,464,0.307584246275807,142.719090271975,92,0.247844827586207,0.286637931034483,0.133620689655172,3492788.4976752,37965.0923660347,0.0259911628538252,3.70943511760866,90781.6346570433,3.70943511760866,5,0.741887023521733,"Baja","Alta","Baja demanda / Alta oferta"
"13103041001","CERRO NAVIA",1,"13103",2930,132622,464,0.307584246275807,142.719090271975,92,0.247844827586207,0.286637931034483,0.133620689655172,3492788.4976752,37965.0923660347,0.022092865437107,3.15307365668505,77165.7062794131,3.15307365668505,2,1.57653682834253,"Baja","Alta","Baja demanda / Alta oferta"
"13103071001","CERRO NAVIA",1,"13103",2597,132622,464,0.307584246275807,142.719090271975,92,0.247844827586207,0.286637931034483,0.133620689655172,3492788.4976752,37965.0923660347,0.0195819698089306,2.79472091686385,68395.6789104559,2.79472091686385,0,NA,"Baja","Baja","Baja demanda / Baja oferta"
"13103031002","CERRO NAVIA",1,"13103",3731,132622,464,0.307584246275807,142.719090271975,92,0.247844827586207,0.286637931034483,0.133620689655172,3492788.4976752,37965.0923660347,0.0281325873535311,4.01505727409281,98261.1775182561,4.01505727409281,1,4.01505727409281,"Baja","Baja","Baja demanda / Baja oferta"
"13103031003","CERRO NAVIA",1,"13103",3417,132622,464,0.307584246275807,142.719090271975,92,0.247844827586207,0.286637931034483,0.133620689655172,3492788.4976752,37965.0923660347,0.0257649560404759,3.67715108699414,89991.5421012814,3.67715108699414,0,NA,"Baja","Baja","Baja demanda / Baja oferta"
"13103091001","CERRO NAVIA",1,"13103",3214,132622,464,0.307584246275807,142.719090271975,92,0.247844827586207,0.286637931034483,0.133620689655172,3492788.4976752,37965.0923660347,0.0242342899368129,3.4586958131692,84645.2491406258,3.4586958131692,0,NA,"Baja","Baja","Baja demanda / Baja oferta"
"13103091002","CERRO NAVIA",1,"13103",2430,132622,464,0.307584246275807,142.719090271975,92,0.247844827586207,0.286637931034483,0.133620689655172,3492788.4976752,37965.0923660347,0.0183227518812867,2.61500647977634,63997.4970167146,2.61500647977634,0,NA,"Baja","Baja","Baja demanda / Baja oferta"
"13104081004","CONCHALÍ",1,"13104",4251,126955,462,0.339245703882818,156.731515193862,132,0.205627705627706,0.326839826839827,0.214285714285714,5205880.27398654,39438.4869241404,0.0334843054625655,5.24804593036199,174315.285295709,5.24804593036199,0,NA,"Baja","Baja","Baja demanda / Baja oferta"
"13103091005","CERRO NAVIA",1,"13103",4771,132622,464,0.307584246275807,142.719090271975,92,0.247844827586207,0.286637931034483,0.133620689655172,3492788.4976752,37965.0923660347,0.0359744235496373,5.13423700206293,125651.052784669,5.13423700206293,0,NA,"Baja","Baja","Baja demanda / Baja oferta"
"13103061004","CERRO NAVIA",1,"13103",2954,132622,464,0.307584246275807,142.719090271975,92,0.247844827586207,0.286637931034483,0.133620689655172,3492788.4976752,37965.0923660347,0.0222738308877863,3.17890088117667,77797.7803240226,3.17890088117667,5,0.635780176235335,"Baja","Alta","Baja demanda / Alta oferta"
"13103081003","CERRO NAVIA",1,"13103",5545,132622,464,0.307584246275807,142.719090271975,92,0.247844827586207,0.286637931034483,0.133620689655172,3492788.4976752,37965.0923660347,0.0418105593340471,5.96716499191762,146035.440723326,5.96716499191762,1,5.96716499191762,"Alta","Baja","Alta demanda / Baja oferta"
"13103021001","CERRO NAVIA",1,"13103",5120,132622,464,0.307584246275807,142.719090271975,92,0.247844827586207,0.286637931034483,0.133620689655172,3492788.4976752,37965.0923660347,0.0386059628115999,5.50980789154522,134842.462850032,5.50980789154522,0,NA,"Baja","Baja","Baja demanda / Baja oferta"
"13103011006","CERRO NAVIA",1,"13103",3415,132622,464,0.307584246275807,142.719090271975,92,0.247844827586207,0.286637931034483,0.133620689655172,3492788.4976752,37965.0923660347,0.0257498755862527,3.67499881828651,89938.8692642306,3.67499881828651,0,NA,"Baja","Baja","Baja demanda / Baja oferta"
"13104041003","CONCHALÍ",1,"13104",2819,126955,462,0.339245703882818,156.731515193862,132,0.205627705627706,0.326839826839827,0.214285714285714,5205880.27398654,39438.4869241404,0.0222047182072388,3.48017912907327,115595.104504494,3.48017912907327,5,0.696035825814654,"Baja","Alta","Baja demanda / Alta oferta"
"13103011001","CERRO NAVIA",1,"13103",2293,132622,464,0.307584246275807,142.719090271975,92,0.247844827586207,0.286637931034483,0.133620689655172,3492788.4976752,37965.0923660347,0.0172897407669919,2.46757607330336,60389.4076787352,2.46757607330336,0,NA,"Baja","Baja","Baja demanda / Baja oferta"
"13104021001","CONCHALÍ",1,"13104",1831,126955,462,0.339245703882818,156.731515193862,132,0.205627705627706,0.326839826839827,0.214285714285714,5205880.27398654,39438.4869241404,0.0144224331456028,2.2604497996925,75081.4602155831,2.2604497996925,7,0.322921399956071,"Baja","Alta","Baja demanda / Alta oferta"
"13104101002","CONCHALÍ",1,"13104",4178,126955,462,0.339245703882818,156.731515193862,132,0.205627705627706,0.326839826839827,0.214285714285714,5205880.27398654,39438.4869241404,0.0329092985703596,5.15792422889965,171321.868258168,5.15792422889965,0,NA,"Baja","Baja","Baja demanda / Baja oferta"
"13104081001","CONCHALÍ",1,"13104",2521,126955,462,0.339245703882818,156.731515193862,132,0.205627705627706,0.326839826839827,0.214285714285714,5205880.27398654,39438.4869241404,0.0198574297979599,3.11228506009,103375.402077272,3.11228506009,0,NA,"Baja","Baja","Baja demanda / Baja oferta"
"13104021002","CONCHALÍ",1,"13104",3909,126955,462,0.339245703882818,156.731515193862,132,0.205627705627706,0.326839826839827,0.214285714285714,5205880.27398654,39438.4869241404,0.0307904375566145,4.82583193173019,160291.331503394,4.82583193173019,0,NA,"Baja","Baja","Baja demanda / Baja oferta"
"13104021003","CONCHALÍ",1,"13104",4126,126955,462,0.339245703882818,156.731515193862,132,0.205627705627706,0.326839826839827,0.214285714285714,5205880.27398654,39438.4869241404,0.0324997046197472,5.09372794840592,169189.571190331,5.09372794840592,15,0.339581863227062,"Baja","Alta","Baja demanda / Alta oferta"
"13104031002","CONCHALÍ",1,"13104",4251,126955,462,0.339245703882818,156.731515193862,132,0.205627705627706,0.326839826839827,0.214285714285714,5205880.27398654,39438.4869241404,0.0334843054625655,5.24804593036199,174315.285295709,5.24804593036199,0,NA,"Baja","Baja","Baja demanda / Baja oferta"
"13104031001","CONCHALÍ",1,"13104",4469,126955,462,0.339245703882818,156.731515193862,132,0.205627705627706,0.326839826839827,0.214285714285714,5205880.27398654,39438.4869241404,0.0352014493324406,5.51717649089338,183254.530695489,5.51717649089338,10,0.551717649089338,"Baja","Alta","Baja demanda / Alta oferta"
"13104021004","CONCHALÍ",1,"13104",3941,126955,462,0.339245703882818,156.731515193862,132,0.205627705627706,0.326839826839827,0.214285714285714,5205880.27398654,39438.4869241404,0.031042495372376,4.86533733511094,161603.514314371,4.86533733511094,3,1.62177911170365,"Baja","Alta","Baja demanda / Alta oferta"
"13104081003","CONCHALÍ",1,"13104",2849,126955,462,0.339245703882818,156.731515193862,132,0.205627705627706,0.326839826839827,0.214285714285714,5205880.27398654,39438.4869241404,0.0224410224095152,3.51721544474272,116825.275889785,3.51721544474272,2,1.75860772237136,"Baja","Alta","Baja demanda / Alta oferta"
"13104031005","CONCHALÍ",1,"13104",2957,126955,462,0.339245703882818,156.731515193862,132,0.205627705627706,0.326839826839827,0.214285714285714,5205880.27398654,39438.4869241404,0.0232917175377102,3.65054618115277,121253.892876832,3.65054618115277,0,NA,"Baja","Baja","Baja demanda / Baja oferta"
"13104081002","CONCHALÍ",1,"13104",3681,126955,462,0.339245703882818,156.731515193862,132,0.205627705627706,0.326839826839827,0.214285714285714,5205880.27398654,39438.4869241404,0.0289945256193139,4.54435593264232,150942.028975184,4.54435593264232,0,NA,"Baja","Baja","Baja demanda / Baja oferta"
"13104031004","CONCHALÍ",1,"13104",2439,126955,462,0.339245703882818,156.731515193862,132,0.205627705627706,0.326839826839827,0.214285714285714,5205880.27398654,39438.4869241404,0.0192115316450711,3.01105246392682,100012.933624144,3.01105246392682,12,0.250921038660568,"Baja","Alta","Baja demanda / Alta oferta"
"13104011001","CONCHALÍ",1,"13104",3349,126955,462,0.339245703882818,156.731515193862,132,0.205627705627706,0.326839826839827,0.214285714285714,5205880.27398654,39438.4869241404,0.0263794257807885,4.134487372567,137328.132311299,4.134487372567,5,0.8268974745134,"Baja","Alta","Baja demanda / Alta oferta"
"13104031003","CONCHALÍ",1,"13104",2826,126955,462,0.339245703882818,156.731515193862,132,0.205627705627706,0.326839826839827,0.214285714285714,5205880.27398654,39438.4869241404,0.0222598558544366,3.48882093606281,115882.144494395,3.48882093606281,6,0.581470156010468,"Baja","Alta","Baja demanda / Alta oferta"
"13104071003","CONCHALÍ",1,"13104",1331,126955,462,0.339245703882818,156.731515193862,132,0.205627705627706,0.326839826839827,0.214285714285714,5205880.27398654,39438.4869241404,0.0104840297743295,1.64317787186822,54578.6037940694,1.64317787186822,0,NA,"Baja","Baja","Baja demanda / Baja oferta"
"13104071002","CONCHALÍ",1,"13104",3717,126955,462,0.339245703882818,156.731515193862,132,0.205627705627706,0.326839826839827,0.214285714285714,5205880.27398654,39438.4869241404,0.0292780906620456,4.58879951144567,152418.234637533,4.58879951144567,0,NA,"Baja","Baja","Baja demanda / Baja oferta"
"13104071001","CONCHALÍ",1,"13104",12,126955,462,0.339245703882818,156.731515193862,132,0.205627705627706,0.326839826839827,0.214285714285714,5205880.27398654,39438.4869241404,9.45216809105589e-05,0.0148145262677826,492.068554116328,0.0148145262677826,0,NA,"Baja","Baja","Baja demanda / Baja oferta"
"13104011002","CONCHALÍ",1,"13104",3661,126955,462,0.339245703882818,156.731515193862,132,0.205627705627706,0.326839826839827,0.214285714285714,5205880.27398654,39438.4869241404,0.028836989484463,4.51966505552935,150121.914718323,4.51966505552935,4,1.12991626388234,"Baja","Alta","Baja demanda / Alta oferta"
"13104041001","CONCHALÍ",1,"13104",3036,126955,462,0.339245703882818,156.731515193862,132,0.205627705627706,0.326839826839827,0.214285714285714,5205880.27398654,39438.4869241404,0.0239139852703714,3.748075145749,124493.344191431,3.748075145749,0,NA,"Baja","Baja","Baja demanda / Baja oferta"
"13104041002","CONCHALÍ",1,"13104",3800,126955,462,0.339245703882818,156.731515193862,132,0.205627705627706,0.326839826839827,0.214285714285714,5205880.27398654,39438.4869241404,0.029931865621677,4.6912666514645,155821.708803504,4.6912666514645,5,0.938253330292899,"Baja","Alta","Baja demanda / Alta oferta"
"13104041004","CONCHALÍ",1,"13104",2817,126955,462,0.339245703882818,156.731515193862,132,0.205627705627706,0.326839826839827,0.214285714285714,5205880.27398654,39438.4869241404,0.0221889645937537,3.47771004136197,115513.093078808,3.47771004136197,0,NA,"Baja","Baja","Baja demanda / Baja oferta"
"13104011003","CONCHALÍ",1,"13104",2199,126955,462,0.339245703882818,156.731515193862,132,0.205627705627706,0.326839826839827,0.214285714285714,5205880.27398654,39438.4869241404,0.0173210980268599,2.71476193857116,90171.5625418171,2.71476193857116,1,2.71476193857116,"Baja","Baja","Baja demanda / Baja oferta"
"13104071004","CONCHALÍ",1,"13104",1579,126955,462,0.339245703882818,156.731515193862,132,0.205627705627706,0.326839826839827,0.214285714285714,5205880.27398654,39438.4869241404,0.012437477846481,1.94934474806906,64748.0205791402,1.94934474806906,1,1.94934474806906,"Baja","Baja","Baja demanda / Baja oferta"
"13124061014","PUDAHUEL",1,"13124",3789,230293,1036,0.352639539826063,365.334563259802,362,0.283783783783784,0.318532818532819,0.253861003861004,15081859.6848739,41662.5958145688,0.0164529534115236,6.01083254893283,248141.134754366,6.01083254893283,5,1.20216650978657,"Alta","Alta","Alta demanda / Alta oferta"
"13104091001","CONCHALÍ",1,"13104",5009,126955,462,0.339245703882818,156.731515193862,132,0.205627705627706,0.326839826839827,0.214285714285714,5205880.27398654,39438.4869241404,0.0394549249734158,6.18383017294359,205397.615630724,6.18383017294359,5,1.23676603458872,"Alta","Alta","Alta demanda / Alta oferta"
"13104091002","CONCHALÍ",1,"13104",3387,126955,462,0.339245703882818,156.731515193862,132,0.205627705627706,0.326839826839827,0.214285714285714,5205880.27398654,39438.4869241404,0.0266787444370052,4.18140003908164,138886.349399334,4.18140003908164,11,0.38012727628015,"Baja","Alta","Baja demanda / Alta oferta"
"13104101003","CONCHALÍ",1,"13104",3627,126955,462,0.339245703882818,156.731515193862,132,0.205627705627706,0.326839826839827,0.214285714285714,5205880.27398654,39438.4869241404,0.0285691780552164,4.4776905644373,148727.72048166,4.4776905644373,5,0.895538112887459,"Baja","Alta","Baja demanda / Alta oferta"
"13104051001","CONCHALÍ",1,"13104",2928,126955,462,0.339245703882818,156.731515193862,132,0.205627705627706,0.326839826839827,0.214285714285714,5205880.27398654,39438.4869241404,0.0230632901421764,3.61474440933896,120064.727204384,3.61474440933896,0,NA,"Baja","Baja","Baja demanda / Baja oferta"
"13104101001","CONCHALÍ",1,"13104",3161,126955,462,0.339245703882818,156.731515193862,132,0.205627705627706,0.326839826839827,0.214285714285714,5205880.27398654,39438.4869241404,0.0248985861131897,3.90239312770507,129619.058296809,3.90239312770507,7,0.557484732529296,"Baja","Alta","Baja demanda / Alta oferta"
"13104051003","CONCHALÍ",1,"13104",2926,126955,462,0.339245703882818,156.731515193862,132,0.205627705627706,0.326839826839827,0.214285714285714,5205880.27398654,39438.4869241404,0.0230475365286913,3.61227532162766,119982.715778698,3.61227532162766,0,NA,"Baja","Baja","Baja demanda / Baja oferta"
"13104051004","CONCHALÍ",1,"13104",3367,126955,462,0.339245703882818,156.731515193862,132,0.205627705627706,0.326839826839827,0.214285714285714,5205880.27398654,39438.4869241404,0.0265212083021543,4.15670916196867,138066.235142473,4.15670916196867,0,NA,"Baja","Baja","Baja demanda / Baja oferta"
"13104051002","CONCHALÍ",1,"13104",3911,126955,462,0.339245703882818,156.731515193862,132,0.205627705627706,0.326839826839827,0.214285714285714,5205880.27398654,39438.4869241404,0.0308061911700996,4.82830101944149,160373.34292908,4.82830101944149,0,NA,"Baja","Baja","Baja demanda / Baja oferta"
"13104091003","CONCHALÍ",1,"13104",3952,126955,462,0.339245703882818,156.731515193862,132,0.205627705627706,0.326839826839827,0.214285714285714,5205880.27398654,39438.4869241404,0.0311291402465441,4.87891731752308,162054.577155644,4.87891731752308,10,0.487891731752308,"Baja","Alta","Baja demanda / Alta oferta"
"13104061003","CONCHALÍ",1,"13104",2977,126955,462,0.339245703882818,156.731515193862,132,0.205627705627706,0.326839826839827,0.214285714285714,5205880.27398654,39438.4869241404,0.0234492536725611,3.67523705826574,122074.007133692,3.67523705826574,0,NA,"Baja","Baja","Baja demanda / Baja oferta"
"13104051005","CONCHALÍ",1,"13104",3274,126955,462,0.339245703882818,156.731515193862,132,0.205627705627706,0.326839826839827,0.214285714285714,5205880.27398654,39438.4869241404,0.0257886652750975,4.04189658339336,134252.703848072,4.04189658339336,7,0.577413797627623,"Baja","Alta","Baja demanda / Alta oferta"
"13104051006","CONCHALÍ",1,"13104",5053,126955,462,0.339245703882818,156.731515193862,132,0.205627705627706,0.326839826839827,0.214285714285714,5205880.27398654,39438.4869241404,0.0398015044700878,6.23815010259213,207201.866995817,6.23815010259213,0,NA,"Alta","Baja","Alta demanda / Baja oferta"
"13104061002","CONCHALÍ",1,"13104",3413,126955,462,0.339245703882818,156.731515193862,132,0.205627705627706,0.326839826839827,0.214285714285714,5205880.27398654,39438.4869241404,0.0268835414123114,4.21349817932851,139952.497933252,4.21349817932851,0,NA,"Baja","Baja","Baja demanda / Baja oferta"
"13119081002","MAIPÚ",1,"13119",2225,521627,2156,0.374540184138306,807.508637002187,879,0.26669758812616,0.343228200371058,0.285250463821892,37377991.1631458,42523.3119034651,0.00426550006038798,3.44442813989664,159435.82356358,3.44442813989664,0,NA,"Baja","Baja","Baja demanda / Baja oferta"
"13108051001","INDEPENDENCIA",1,"13108",1739,100281,428,0.380578394255289,162.887552741264,198,0.329439252336449,0.205607476635514,0.33411214953271,8073730.33690945,40776.415842977,0.0173412710284102,2.82467719924071,140008.745982644,2.82467719924071,11,0.25678883629461,"Baja","Alta","Baja demanda / Alta oferta"
"13108041001","INDEPENDENCIA",1,"13108",1919,100281,428,0.380578394255289,162.887552741264,198,0.329439252336449,0.205607476635514,0.33411214953271,8073730.33690945,40776.415842977,0.0191362272015636,3.1170532175635,154500.738091256,3.1170532175635,2,1.55852660878175,"Baja","Alta","Baja demanda / Alta oferta"
"13108031003","INDEPENDENCIA",1,"13108",3494,100281,428,0.380578394255289,162.887552741264,198,0.329439252336449,0.205607476635514,0.33411214953271,8073730.33690945,40776.415842977,0.0348420937166562,5.67534337788789,281305.669041609,5.67534337788789,6,0.945890562981315,"Baja","Alta","Baja demanda / Alta oferta"
"13108061002","INDEPENDENCIA",1,"13108",7802,100281,428,0.380578394255289,162.887552741264,198,0.329439252336449,0.205607476635514,0.33411214953271,8073730.33690945,40776.415842977,0.0778013781274618,12.6728760830799,628147.346841052,12.6728760830799,20,0.633643804153997,"Alta","Alta","Alta demanda / Alta oferta"
"13108031005","INDEPENDENCIA",1,"13108",4721,100281,428,0.380578394255289,162.887552741264,198,0.329439252336449,0.205607476635514,0.33411214953271,8073730.33690945,40776.415842977,0.0470777116303188,7.66837323612156,380092.74858198,7.66837323612156,0,NA,"Alta","Baja","Alta demanda / Baja oferta"
"13108051002","INDEPENDENCIA",1,"13108",2018,100281,428,0.380578394255289,162.887552741264,198,0.329439252336449,0.205607476635514,0.33411214953271,8073730.33690945,40776.415842977,0.020123453096798,3.27786002764103,162471.333750992,3.27786002764103,12,0.273155002303419,"Baja","Alta","Baja demanda / Alta oferta"
"13108011004","INDEPENDENCIA",1,"13108",5169,100281,428,0.380578394255289,162.887552741264,198,0.329439252336449,0.205607476635514,0.33411214953271,8073730.33690945,40776.415842977,0.0515451581057229,8.39606465950272,416161.706718969,8.39606465950272,14,0.599718904250194,"Alta","Alta","Alta demanda / Alta oferta"
"13108051004","INDEPENDENCIA",1,"13108",1515,100281,428,0.380578394255289,162.887552741264,198,0.329439252336449,0.205607476635514,0.33411214953271,8073730.33690945,40776.415842977,0.0151075477907081,2.46083148755013,121974.266914149,2.46083148755013,0,NA,"Baja","Baja","Baja demanda / Baja oferta"
"13108051003","INDEPENDENCIA",1,"13108",5617,100281,428,0.380578394255289,162.887552741264,198,0.329439252336449,0.205607476635514,0.33411214953271,8073730.33690945,40776.415842977,0.056012604581127,9.12375608288388,452230.664855959,9.12375608288388,1,9.12375608288388,"Alta","Baja","Alta demanda / Baja oferta"
"13108031004","INDEPENDENCIA",1,"13108",2835,100281,428,0.380578394255289,162.887552741264,198,0.329439252336449,0.205607476635514,0.33411214953271,8073730.33690945,40776.415842977,0.0282705597271667,4.60492228858391,228248.875710636,4.60492228858391,0,NA,"Baja","Baja","Baja demanda / Baja oferta"
"13108041002","INDEPENDENCIA",1,"13108",5689,100281,428,0.380578394255289,162.887552741264,198,0.329439252336449,0.205607476635514,0.33411214953271,8073730.33690945,40776.415842977,0.0567305870503884,9.24070649021299,458027.461699403,9.24070649021299,12,0.770058874184416,"Alta","Alta","Alta demanda / Alta oferta"
"13125011006","QUILICURA",1,"13125",2927,210410,818,0.34338151239067,280.886077135568,274,0.332518337408313,0.311735941320293,0.226161369193154,11336456.4376851,41373.9286046903,0.0139109357920251,3.9073881839067,157700.717613728,3.9073881839067,10,0.39073881839067,"Baja","Alta","Baja demanda / Alta oferta"
"13108031001","INDEPENDENCIA",1,"13108",2375,100281,428,0.380578394255289,162.887552741264,198,0.329439252336449,0.205607476635514,0.33411214953271,8073730.33690945,40776.415842977,0.0236834495068857,3.85773913064789,191213.784766406,3.85773913064789,0,NA,"Baja","Baja","Baja demanda / Baja oferta"
"13108061001","INDEPENDENCIA",1,"13108",5167,100281,428,0.380578394255289,162.887552741264,198,0.329439252336449,0.205607476635514,0.33411214953271,8073730.33690945,40776.415842977,0.0515252141482434,8.39281603707691,416000.684584429,8.39281603707691,30,0.27976053456923,"Alta","Alta","Alta demanda / Alta oferta"
"13108051005","INDEPENDENCIA",1,"13108",6769,100281,428,0.380578394255289,162.887552741264,198,0.329439252336449,0.205607476635514,0.33411214953271,8073730.33690945,40776.415842977,0.067500324089309,10.9949626001497,544979.414351074,10.9949626001497,1,10.9949626001497,"Alta","Baja","Alta demanda / Baja oferta"
"13128071007","RENCA",1,"13128",4930,147151,491,0.306179861587608,150.334312039516,107,0.297352342158859,0.260692464358452,0.14867617107943,3901369.14067989,36461.3938381299,0.0335030003193998,5.03665050427664,130707.571566295,5.03665050427664,5,1.00733010085533,"Baja","Alta","Baja demanda / Alta oferta"
"13108031002","INDEPENDENCIA",1,"13108",3092,100281,428,0.380578394255289,162.887552741264,198,0.329439252336449,0.205607476635514,0.33411214953271,8073730.33690945,40776.415842977,0.0308333582632802,5.02237027030033,248940.219999043,5.02237027030033,5,1.00447405406007,"Baja","Alta","Baja demanda / Alta oferta"
"13108021002","INDEPENDENCIA",1,"13108",2721,100281,428,0.380578394255289,162.887552741264,198,0.329439252336449,0.205607476635514,0.33411214953271,8073730.33690945,40776.415842977,0.0271337541508362,4.41975081031281,219070.614041849,4.41975081031281,1,4.41975081031281,"Baja","Baja","Baja demanda / Baja oferta"
"13108021001","INDEPENDENCIA",1,"13108",2658,100281,428,0.380578394255289,162.887552741264,198,0.329439252336449,0.205607476635514,0.33411214953271,8073730.33690945,40776.415842977,0.0265055194902324,4.31741920389983,213998.416803834,4.31741920389983,0,NA,"Baja","Baja","Baja demanda / Baja oferta"
"13108021004","INDEPENDENCIA",1,"13108",4866,100281,428,0.380578394255289,162.887552741264,198,0.329439252336449,0.205607476635514,0.33411214953271,8073730.33690945,40776.415842977,0.0485236485475813,7.90389836199269,391766.853336139,7.90389836199269,20,0.395194918099635,"Alta","Alta","Alta demanda / Alta oferta"
"13108071001","INDEPENDENCIA",1,"13108",3478,100281,428,0.380578394255289,162.887552741264,198,0.329439252336449,0.205607476635514,0.33411214953271,8073730.33690945,40776.415842977,0.0346825420568203,5.64935439848142,280017.491965288,5.64935439848142,21,0.269016876118163,"Baja","Alta","Baja demanda / Alta oferta"
"13108021005","INDEPENDENCIA",1,"13108",3263,100281,428,0.380578394255289,162.887552741264,198,0.329439252336449,0.205607476635514,0.33411214953271,8073730.33690945,40776.415842977,0.0325385666277759,5.30012748770698,262707.612502224,5.30012748770698,2,2.65006374385349,"Baja","Alta","Baja demanda / Alta oferta"
"13108021003","INDEPENDENCIA",1,"13108",3723,100281,428,0.380578394255289,162.887552741264,198,0.329439252336449,0.205607476635514,0.33411214953271,8073730.33690945,40776.415842977,0.037125676848057,6.04731064564299,299742.703446454,6.04731064564299,0,NA,"Alta","Baja","Alta demanda / Baja oferta"
"13108011002","INDEPENDENCIA",1,"13108",2604,100281,428,0.380578394255289,162.887552741264,198,0.329439252336449,0.205607476635514,0.33411214953271,8073730.33690945,40776.415842977,0.0259670326382864,4.229706398403,209650.819171251,4.229706398403,0,NA,"Baja","Baja","Baja demanda / Baja oferta"
"13108011003","INDEPENDENCIA",1,"13108",5789,100281,428,0.380578394255289,162.887552741264,198,0.329439252336449,0.205607476635514,0.33411214953271,8073730.33690945,40776.415842977,0.0577277849243625,9.40313761150343,466078.56842641,9.40313761150343,17,0.553125741853143,"Alta","Alta","Alta demanda / Alta oferta"
"13108071002","INDEPENDENCIA",1,"13108",1612,100281,428,0.380578394255289,162.887552741264,198,0.329439252336449,0.205607476635514,0.33411214953271,8073730.33690945,40776.415842977,0.016074829728463,2.61838967520185,129783.840439346,2.61838967520185,10,0.261838967520185,"Baja","Alta","Baja demanda / Alta oferta"
"13124021001","PUDAHUEL",1,"13124",7042,230293,1036,0.352639539826063,365.334563259802,362,0.283783783783784,0.318532818532819,0.253861003861004,15081859.6848739,41662.5958145688,0.0305784370345603,11.1713599391884,461179.696737991,11.1713599391884,0,NA,"Alta","Baja","Alta demanda / Baja oferta"
"13124021003","PUDAHUEL",1,"13124",4495,230293,1036,0.352639539826063,365.334563259802,362,0.283783783783784,0.318532818532819,0.253861003861004,15081859.6848739,41662.5958145688,0.0195186132448663,7.13082404525022,294376.986202395,7.13082404525022,2,3.56541202262511,"Alta","Alta","Alta demanda / Alta oferta"
"13124041005","PUDAHUEL",1,"13124",2122,230293,1036,0.352639539826063,365.334563259802,362,0.283783783783784,0.318532818532819,0.253861003861004,15081859.6848739,41662.5958145688,0.00921434867755425,3.36632004983781,138969.513842377,3.36632004983781,0,NA,"Baja","Baja","Baja demanda / Baja oferta"
"13124041001","PUDAHUEL",1,"13124",3821,230293,1036,0.352639539826063,365.334563259802,362,0.283783783783784,0.318532818532819,0.253861003861004,15081859.6848739,41662.5958145688,0.0165919068317317,6.06159703601804,250236.810740679,6.06159703601804,1,6.06159703601804,"Alta","Baja","Alta demanda / Baja oferta"
"13124101002","PUDAHUEL",1,"13124",2400,230293,1036,0.352639539826063,365.334563259802,362,0.283783783783784,0.318532818532819,0.253861003861004,15081859.6848739,41662.5958145688,0.0104215065156127,3.80733653139055,157175.69897347,3.80733653139055,1,3.80733653139055,"Baja","Baja","Baja demanda / Baja oferta"
"13124101003","PUDAHUEL",1,"13124",3508,230293,1036,0.352639539826063,365.334563259802,362,0.283783783783784,0.318532818532819,0.253861003861004,15081859.6848739,41662.5958145688,0.0152327686903206,5.56505689671586,229738.479999556,5.56505689671586,2,2.78252844835793,"Baja","Alta","Baja demanda / Alta oferta"
"13124101001","PUDAHUEL",1,"13124",4475,230293,1036,0.352639539826063,365.334563259802,362,0.283783783783784,0.318532818532819,0.253861003861004,15081859.6848739,41662.5958145688,0.0194317673572362,7.09909624082197,293067.18871095,7.09909624082197,2,3.54954812041098,"Alta","Alta","Alta demanda / Alta oferta"
"13124041004","PUDAHUEL",1,"13124",4159,230293,1036,0.352639539826063,365.334563259802,362,0.283783783783784,0.318532818532819,0.253861003861004,15081859.6848739,41662.5958145688,0.0180596023326805,6.59779693085554,272372.38834611,6.59779693085554,1,6.59779693085554,"Alta","Baja","Alta demanda / Baja oferta"
"13124021006","PUDAHUEL",1,"13124",5452,230293,1036,0.352639539826063,365.334563259802,362,0.283783783783784,0.318532818532819,0.253861003861004,15081859.6848739,41662.5958145688,0.0236741889679669,8.6489994871422,357050.796168067,8.6489994871422,1,8.6489994871422,"Alta","Baja","Alta demanda / Baja oferta"
"13124031002","PUDAHUEL",1,"13124",3860,230293,1036,0.352639539826063,365.334563259802,362,0.283783783783784,0.318532818532819,0.253861003861004,15081859.6848739,41662.5958145688,0.0167612563126105,6.12346625465314,252790.915848998,6.12346625465314,3,2.04115541821771,"Alta","Alta","Alta demanda / Alta oferta"
"13124031004","PUDAHUEL",1,"13124",1820,230293,1036,0.352639539826063,365.334563259802,362,0.283783783783784,0.318532818532819,0.253861003861004,15081859.6848739,41662.5958145688,0.00790297577433965,2.88723020297117,119191.571721548,2.88723020297117,0,NA,"Baja","Baja","Baja demanda / Baja oferta"
"13124031001","PUDAHUEL",1,"13124",2310,230293,1036,0.352639539826063,365.334563259802,362,0.283783783783784,0.318532818532819,0.253861003861004,15081859.6848739,41662.5958145688,0.0100307000212772,3.66456141146341,151281.610261965,3.66456141146341,1,3.66456141146341,"Baja","Baja","Baja demanda / Baja oferta"
"13124091003","PUDAHUEL",1,"13124",3332,230293,1036,0.352639539826063,365.334563259802,362,0.283783783783784,0.318532818532819,0.253861003861004,15081859.6848739,41662.5958145688,0.0144685248791757,5.28585221774722,218212.262074835,5.28585221774722,1,5.28585221774722,"Baja","Baja","Baja demanda / Baja oferta"
"13124051004","PUDAHUEL",1,"13124",1846,230293,1036,0.352639539826063,365.334563259802,362,0.283783783783784,0.318532818532819,0.253861003861004,15081859.6848739,41662.5958145688,0.00801587542825878,2.9284763487279,120894.308460428,2.9284763487279,1,2.9284763487279,"Baja","Baja","Baja demanda / Baja oferta"
"13124051003","PUDAHUEL",1,"13124",4469,230293,1036,0.352639539826063,365.334563259802,362,0.283783783783784,0.318532818532819,0.253861003861004,15081859.6848739,41662.5958145688,0.0194057135909472,7.08957789949349,292674.249463516,7.08957789949349,4,1.77239447487337,"Alta","Alta","Alta demanda / Alta oferta"
"13124021004","PUDAHUEL",1,"13124",5089,230293,1036,0.352639539826063,365.334563259802,362,0.283783783783784,0.318532818532819,0.253861003861004,15081859.6848739,41662.5958145688,0.0220979361074805,8.07313983676938,333277.971698329,8.07313983676938,1,8.07313983676938,"Alta","Baja","Alta demanda / Baja oferta"
"13124051002","PUDAHUEL",1,"13124",1306,230293,1036,0.352639539826063,365.334563259802,362,0.283783783783784,0.318532818532819,0.253861003861004,15081859.6848739,41662.5958145688,0.00567103646224592,2.07182562916502,85529.7761913968,2.07182562916502,0,NA,"Baja","Baja","Baja demanda / Baja oferta"
"13124011001","PUDAHUEL",1,"13124",2029,230293,1036,0.352639539826063,365.334563259802,362,0.283783783783784,0.318532818532819,0.253861003861004,15081859.6848739,41662.5958145688,0.00881051530007425,3.21878575924643,132878.955507155,3.21878575924643,3,1.07292858641548,"Baja","Alta","Baja demanda / Alta oferta"
"13124051001","PUDAHUEL",1,"13124",3973,230293,1036,0.352639539826063,365.334563259802,362,0.283783783783784,0.318532818532819,0.253861003861004,15081859.6848739,41662.5958145688,0.0172519355777206,6.30272834967277,260191.271675666,6.30272834967277,0,NA,"Alta","Baja","Alta demanda / Baja oferta"
"13124031003","PUDAHUEL",1,"13124",2260,230293,1036,0.352639539826063,365.334563259802,362,0.283783783783784,0.318532818532819,0.253861003861004,15081859.6848739,41662.5958145688,0.00981358530220198,3.58524190039277,148007.116533351,3.58524190039277,8,0.448155237549096,"Baja","Alta","Baja demanda / Alta oferta"
"13124091002","PUDAHUEL",1,"13124",2801,230293,1036,0.352639539826063,365.334563259802,362,0.283783783783784,0.318532818532819,0.253861003861004,15081859.6848739,41662.5958145688,0.0121627665625963,4.44347901017706,183437.138676954,4.44347901017706,1,4.44347901017706,"Baja","Baja","Baja demanda / Baja oferta"
"13124091001","PUDAHUEL",1,"13124",6717,230293,1036,0.352639539826063,365.334563259802,362,0.283783783783784,0.318532818532819,0.253861003861004,15081859.6848739,41662.5958145688,0.0291671913605711,10.6557831172293,439895.487502,10.6557831172293,0,NA,"Alta","Baja","Alta demanda / Baja oferta"
"13124011003","PUDAHUEL",1,"13124",3176,230293,1036,0.352639539826063,365.334563259802,362,0.283783783783784,0.318532818532819,0.253861003861004,15081859.6848739,41662.5958145688,0.0137911269556608,5.03837534320683,207995.841641559,5.03837534320683,0,NA,"Baja","Baja","Baja demanda / Baja oferta"
"13124091005","PUDAHUEL",1,"13124",2461,230293,1036,0.352639539826063,365.334563259802,362,0.283783783783784,0.318532818532819,0.253861003861004,15081859.6848739,41662.5958145688,0.0106863864728845,3.90410633489673,161170.581322379,3.90410633489673,0,NA,"Baja","Baja","Baja demanda / Baja oferta"
"13124071001","PUDAHUEL",1,"13124",5903,230293,1036,0.352639539826063,365.334563259802,362,0.283783783783784,0.318532818532819,0.253861003861004,15081859.6848739,41662.5958145688,0.0256325637340258,9.36446147699934,386586.729600165,9.36446147699934,2,4.68223073849967,"Alta","Alta","Alta demanda / Alta oferta"
"13124091004","PUDAHUEL",1,"13124",3255,230293,1036,0.352639539826063,365.334563259802,362,0.283783783783784,0.318532818532819,0.253861003861004,15081859.6848739,41662.5958145688,0.0141341682117998,5.16370017069844,213169.541732769,5.16370017069844,0,NA,"Baja","Baja","Baja demanda / Baja oferta"
"13128031003","RENCA",1,"13128",2498,147151,491,0.306179861587608,150.334312039516,107,0.297352342158859,0.260692464358452,0.14867617107943,3901369.14067989,36461.3938381299,0.0169757595938866,2.55203913989514,66228.7046191897,2.55203913989514,0,NA,"Baja","Baja","Baja demanda / Baja oferta"
"13124061003","PUDAHUEL",1,"13124",2460,230293,1036,0.352639539826063,365.334563259802,362,0.283783783783784,0.318532818532819,0.253861003861004,15081859.6848739,41662.5958145688,0.010682044178503,3.90251994467532,161105.091447807,3.90251994467532,5,0.780503988935063,"Baja","Alta","Baja demanda / Alta oferta"
"13124061004","PUDAHUEL",1,"13124",4441,230293,1036,0.352639539826063,365.334563259802,362,0.283783783783784,0.318532818532819,0.253861003861004,15081859.6848739,41662.5958145688,0.019284129348265,7.04515897329393,290840.532975492,7.04515897329393,6,1.17419316221566,"Alta","Alta","Alta demanda / Alta oferta"
"13124071003","PUDAHUEL",1,"13124",1955,230293,1036,0.352639539826063,365.334563259802,362,0.283783783783784,0.318532818532819,0.253861003861004,15081859.6848739,41662.5958145688,0.00848918551584286,3.10139288286189,128032.704788806,3.10139288286189,0,NA,"Baja","Baja","Baja demanda / Baja oferta"
"13124061005","PUDAHUEL",1,"13124",2554,230293,1036,0.352639539826063,365.334563259802,362,0.283783783783784,0.318532818532819,0.253861003861004,15081859.6848739,41662.5958145688,0.0110902198503645,4.05164062548811,167261.139657601,4.05164062548811,1,4.05164062548811,"Baja","Baja","Baja demanda / Baja oferta"
"13124061006","PUDAHUEL",1,"13124",3246,230293,1036,0.352639539826063,365.334563259802,362,0.283783783783784,0.318532818532819,0.253861003861004,15081859.6848739,41662.5958145688,0.0140950875623662,5.14942265870572,212580.132861619,5.14942265870572,2,2.57471132935286,"Baja","Alta","Baja demanda / Alta oferta"
"13124061002","PUDAHUEL",1,"13124",5571,230293,1036,0.352639539826063,365.334563259802,362,0.283783783783784,0.318532818532819,0.253861003861004,15081859.6848739,41662.5958145688,0.024190921999366,8.83777992349032,364844.091242168,8.83777992349032,27,0.327325182351493,"Alta","Alta","Alta demanda / Alta oferta"
"13124061018","PUDAHUEL",1,"13124",4940,230293,1036,0.352639539826063,365.334563259802,362,0.283783783783784,0.318532818532819,0.253861003861004,15081859.6848739,41662.5958145688,0.0214509342446362,7.83676769377889,323519.98038706,7.83676769377889,0,NA,"Alta","Baja","Alta demanda / Baja oferta"
"13124061016","PUDAHUEL",1,"13124",2866,230293,1036,0.352639539826063,365.334563259802,362,0.283783783783784,0.318532818532819,0.253861003861004,15081859.6848739,41662.5958145688,0.0124450156973942,4.54659437456888,187693.980524152,4.54659437456888,5,0.909318874913777,"Baja","Alta","Baja demanda / Alta oferta"
"13124061017","PUDAHUEL",1,"13124",4214,230293,1036,0.352639539826063,365.334563259802,362,0.283783783783784,0.318532818532819,0.253861003861004,15081859.6848739,41662.5958145688,0.0182984285236633,6.68504839303324,275974.331447585,6.68504839303324,0,NA,"Alta","Baja","Alta demanda / Baja oferta"
"13124061019","PUDAHUEL",1,"13124",2901,230293,1036,0.352639539826063,365.334563259802,362,0.283783783783784,0.318532818532819,0.253861003861004,15081859.6848739,41662.5958145688,0.0125969960007469,4.60211803231833,189986.126134182,4.60211803231833,0,NA,"Baja","Baja","Baja demanda / Baja oferta"
"13124061024","PUDAHUEL",1,"13124",4680,230293,1036,0.352639539826063,365.334563259802,362,0.283783783783784,0.318532818532819,0.253861003861004,15081859.6848739,41662.5958145688,0.0203219377054448,7.42430623621157,306492.612998267,7.42430623621157,0,NA,"Alta","Baja","Alta demanda / Baja oferta"
"13119201010","MAIPÚ",1,"13119",3872,521627,2156,0.374540184138306,807.508637002187,879,0.26669758812616,0.343228200371058,0.285250463821892,37377991.1631458,42523.3119034651,0.0074229286444145,5.99407899221564,277454.161275587,5.99407899221564,1,5.99407899221564,"Alta","Baja","Alta demanda / Baja oferta"
"13124061012","PUDAHUEL",1,"13124",4669,230293,1036,0.352639539826063,365.334563259802,362,0.283783783783784,0.318532818532819,0.253861003861004,15081859.6848739,41662.5958145688,0.0202741724672482,7.40685594377603,305772.224377972,7.40685594377603,1,7.40685594377603,"Alta","Baja","Alta demanda / Baja oferta"
"13124061023","PUDAHUEL",1,"13124",3480,230293,1036,0.352639539826063,365.334563259802,362,0.283783783783784,0.318532818532819,0.253861003861004,15081859.6848739,41662.5958145688,0.0151111844476384,5.5206379705163,227904.763511532,5.5206379705163,0,NA,"Baja","Baja","Baja demanda / Baja oferta"
"13124061022","PUDAHUEL",1,"13124",5067,230293,1036,0.352639539826063,365.334563259802,362,0.283783783783784,0.318532818532819,0.253861003861004,15081859.6848739,41662.5958145688,0.0220024056310874,8.0382392518983,331837.194457739,8.0382392518983,1,8.0382392518983,"Alta","Baja","Alta demanda / Baja oferta"
"13113031002","LA REINA",1,"13113",2396,92787,448,0.502507385592121,225.12330874527,298,0.232142857142857,0.292410714285714,0.580357142857143,19674234.8559277,66020.922335328,0.0258225829049328,5.81326530390752,508039.560658313,5.81326530390752,1,5.81326530390752,"Baja","Baja","Baja demanda / Baja oferta"
"13124061007","PUDAHUEL",1,"13124",3297,230293,1036,0.352639539826063,365.334563259802,362,0.283783783783784,0.318532818532819,0.253861003861004,15081859.6848739,41662.5958145688,0.014316544575823,5.23032855999777,215920.116464805,5.23032855999777,0,NA,"Baja","Baja","Baja demanda / Baja oferta"
"13124061021","PUDAHUEL",1,"13124",3557,230293,1036,0.352639539826063,365.334563259802,362,0.283783783783784,0.318532818532819,0.253861003861004,15081859.6848739,41662.5958145688,0.0154455411150144,5.64279001756508,232947.483853597,5.64279001756508,5,1.12855800351302,"Baja","Alta","Baja demanda / Alta oferta"
"13124061011","PUDAHUEL",1,"13124",3480,230293,1036,0.352639539826063,365.334563259802,362,0.283783783783784,0.318532818532819,0.253861003861004,15081859.6848739,41662.5958145688,0.0151111844476384,5.5206379705163,227904.763511532,5.5206379705163,0,NA,"Baja","Baja","Baja demanda / Baja oferta"
"13124061008","PUDAHUEL",1,"13124",3295,230293,1036,0.352639539826063,365.334563259802,362,0.283783783783784,0.318532818532819,0.253861003861004,15081859.6848739,41662.5958145688,0.01430785998706,5.22715577955494,215789.13671566,5.22715577955494,0,NA,"Baja","Baja","Baja demanda / Baja oferta"
"13124061010","PUDAHUEL",1,"13124",4270,230293,1036,0.352639539826063,365.334563259802,362,0.283783783783784,0.318532818532819,0.253861003861004,15081859.6848739,41662.5958145688,0.0185415970090276,6.77388624543236,279641.764423633,6.77388624543236,0,NA,"Alta","Baja","Alta demanda / Baja oferta"
"13124061009","PUDAHUEL",1,"13124",4538,230293,1036,0.352639539826063,365.334563259802,362,0.283783783783784,0.318532818532819,0.253861003861004,15081859.6848739,41662.5958145688,0.0197053319032711,7.19903882477097,297193.050809003,7.19903882477097,0,NA,"Alta","Baja","Alta demanda / Baja oferta"
"13124061020","PUDAHUEL",1,"13124",4386,230293,1036,0.352639539826063,365.334563259802,362,0.283783783783784,0.318532818532819,0.253861003861004,15081859.6848739,41662.5958145688,0.0190453031572822,6.95790751111623,287238.589874017,6.95790751111623,15,0.463860500741082,"Alta","Alta","Alta demanda / Alta oferta"
"13124021005","PUDAHUEL",1,"13124",3641,230293,1036,0.352639539826063,365.334563259802,362,0.283783783783784,0.318532818532819,0.253861003861004,15081859.6848739,41662.5958145688,0.0158102938430608,5.77604679616375,238448.633317669,5.77604679616375,2,2.88802339808187,"Baja","Alta","Baja demanda / Alta oferta"
"13124021002","PUDAHUEL",1,"13124",4179,230293,1036,0.352639539826063,365.334563259802,362,0.283783783783784,0.318532818532819,0.253861003861004,15081859.6848739,41662.5958145688,0.0181464482203106,6.6295247352838,273682.185837555,6.6295247352838,1,6.6295247352838,"Alta","Baja","Alta demanda / Baja oferta"
"13119201004","MAIPÚ",1,"13119",4568,521627,2156,0.374540184138306,807.508637002187,879,0.26669758812616,0.343228200371058,0.285250463821892,37377991.1631458,42523.3119034651,0.00875721540487743,7.07152707552713,327327.120017273,7.07152707552713,17,0.415972180913361,"Alta","Alta","Alta demanda / Alta oferta"
"13124061001","PUDAHUEL",1,"13124",4416,230293,1036,0.352639539826063,365.334563259802,362,0.283783783783784,0.318532818532819,0.253861003861004,15081859.6848739,41662.5958145688,0.0191755719887274,7.00549921775862,289203.286111185,7.00549921775862,6,1.16758320295977,"Alta","Alta","Alta demanda / Alta oferta"
"13124061013","PUDAHUEL",1,"13124",5103,230293,1036,0.352639539826063,365.334563259802,362,0.283783783783784,0.318532818532819,0.253861003861004,15081859.6848739,41662.5958145688,0.0221587282288215,8.09534929986916,334194.829942341,8.09534929986916,0,NA,"Alta","Baja","Alta demanda / Baja oferta"
"13113051003","LA REINA",1,"13113",3589,92787,448,0.502507385592121,225.12330874527,298,0.232142857142857,0.292410714285714,0.580357142857143,19674234.8559277,66020.922335328,0.0386799874982487,8.70776676783143,760999.158264893,8.70776676783143,19,0.458303514096391,"Alta","Alta","Alta demanda / Alta oferta"
"13124071002","PUDAHUEL",1,"13124",5609,230293,1036,0.352639539826063,365.334563259802,362,0.283783783783784,0.318532818532819,0.253861003861004,15081859.6848739,41662.5958145688,0.0243559291858632,8.898062751904,367332.706475915,8.898062751904,0,NA,"Alta","Baja","Alta demanda / Baja oferta"
"13113051001","LA REINA",1,"13113",3216,92787,448,0.502507385592121,225.12330874527,298,0.232142857142857,0.292410714285714,0.580357142857143,19674234.8559277,66020.922335328,0.0346600278056193,7.80278014080409,681909.52716074,7.80278014080409,0,NA,"Alta","Baja","Alta demanda / Baja oferta"
"13113031004","LA REINA",1,"13113",2382,92787,448,0.502507385592121,225.12330874527,298,0.232142857142857,0.292410714285714,0.580357142857143,19674234.8559277,66020.922335328,0.0256716996993113,5.77929797742392,505071.0490351,5.77929797742392,12,0.481608164785327,"Baja","Alta","Baja demanda / Alta oferta"
"13128061001","RENCA",1,"13128",2261,147151,491,0.306179861587608,150.334312039516,107,0.297352342158859,0.260692464358452,0.14867617107943,3901369.14067989,36461.3938381299,0.0153651691120006,2.30991212782343,59945.196614887,2.30991212782343,5,0.461982425564685,"Baja","Alta","Baja demanda / Alta oferta"
"13113031001","LA REINA",1,"13113",3871,92787,448,0.502507385592121,225.12330874527,298,0.232142857142857,0.292410714285714,0.580357142857143,19674234.8559277,66020.922335328,0.0417192063543384,9.39196577271536,820793.463818167,9.39196577271536,62,0.151483318914764,"Alta","Alta","Alta demanda / Alta oferta"
"13113031003","LA REINA",1,"13113",4243,92787,448,0.502507385592121,225.12330874527,298,0.232142857142857,0.292410714285714,0.580357142857143,19674234.8559277,66020.922335328,0.0457283886751377,10.2945261621367,899671.058377805,10.2945261621367,142,0.072496663113639,"Alta","Alta","Alta demanda / Alta oferta"
"13114121007","LAS CONDES",1,"13114",3376,294838,1387,0.570161949135889,790.814623451478,1109,0.249459264599856,0.282624369142033,0.686373467916366,87392175.8250911,78802.6833409297,0.0114503557886026,9.05510880134918,1000671.5063374,9.05510880134918,0,NA,"Alta","Baja","Alta demanda / Baja oferta"
"13113061002","LA REINA",1,"13113",4854,92787,448,0.502507385592121,225.12330874527,298,0.232142857142857,0.292410714285714,0.580357142857143,19674234.8559277,66020.922335328,0.0523133628633322,11.7769573393853,1029225.38707656,11.7769573393853,1,11.7769573393853,"Alta","Baja","Alta demanda / Baja oferta"
"13113051004","LA REINA",1,"13113",3444,92787,448,0.502507385592121,225.12330874527,298,0.232142857142857,0.292410714285714,0.580357142857143,19674234.8559277,66020.922335328,0.0371172685828834,8.35596231496557,730253.859310195,8.35596231496557,0,NA,"Alta","Baja","Alta demanda / Baja oferta"
"13113021001","LA REINA",1,"13113",2057,92787,448,0.502507385592121,225.12330874527,298,0.232142857142857,0.292410714285714,0.580357142857143,19674234.8559277,66020.922335328,0.022169053854527,4.99077075548321,436159.172067675,4.99077075548321,11,0.453706432316655,"Baja","Alta","Baja demanda / Alta oferta"
"13113041004","LA REINA",1,"13113",2897,92787,448,0.502507385592121,225.12330874527,298,0.232142857142857,0.292410714285714,0.580357142857143,19674234.8559277,66020.922335328,0.0312220461918157,7.0288103444992,614269.869460405,7.0288103444992,1,7.0288103444992,"Alta","Baja","Alta demanda / Baja oferta"
"13113041001","LA REINA",1,"13113",2300,92787,448,0.502507385592121,225.12330874527,298,0.232142857142857,0.292410714285714,0.580357142857143,19674234.8559277,66020.922335328,0.0247879552092427,5.58034649373427,487684.052384858,5.58034649373427,0,NA,"Baja","Baja","Baja demanda / Baja oferta"
"13114111004","LAS CONDES",1,"13114",2945,294838,1387,0.570161949135889,790.814623451478,1109,0.249459264599856,0.282624369142033,0.686373467916366,87392175.8250911,78802.6833409297,0.00998853607743914,7.89908039691153,872919.901114827,7.89908039691153,31,0.254809045061662,"Alta","Alta","Alta demanda / Alta oferta"
"13113071004","LA REINA",1,"13113",2128,92787,448,0.502507385592121,225.12330874527,298,0.232142857142857,0.292410714285714,0.580357142857143,19674234.8559277,66020.922335328,0.0229342472544645,5.16303362550718,451213.766728251,5.16303362550718,3,1.72101120850239,"Baja","Alta","Baja demanda / Alta oferta"
"13113051002","LA REINA",1,"13113",4084,92787,448,0.502507385592121,225.12330874527,298,0.232142857142857,0.292410714285714,0.580357142857143,19674234.8559277,66020.922335328,0.0440147865541509,9.90875438278728,865957.247799895,9.90875438278728,13,0.762211875599021,"Alta","Alta","Alta demanda / Alta oferta"
"13113041003","LA REINA",1,"13113",3037,92787,448,0.502507385592121,225.12330874527,298,0.232142857142857,0.292410714285714,0.580357142857143,19674234.8559277,66020.922335328,0.0327308782480304,7.3684836093352,643954.985692527,7.3684836093352,9,0.818720401037245,"Alta","Alta","Alta demanda / Alta oferta"
"13113061003","LA REINA",1,"13113",907,92787,448,0.502507385592121,225.12330874527,298,0.232142857142857,0.292410714285714,0.580357142857143,19674234.8559277,66020.922335328,0.0097750762499057,2.20059750861608,192317.145875246,2.20059750861608,1,2.20059750861608,"Baja","Baja","Baja demanda / Baja oferta"
"13114121004","LAS CONDES",1,"13114",2215,294838,1387,0.570161949135889,790.814623451478,1109,0.249459264599856,0.282624369142033,0.686373467916366,87392175.8250911,78802.6833409297,0.00751260013973775,5.94107405064823,656542.472315566,5.94107405064823,13,0.45700569620371,"Alta","Alta","Alta demanda / Alta oferta"
"13113041002","LA REINA",1,"13113",2624,92787,448,0.502507385592121,225.12330874527,298,0.232142857142857,0.292410714285714,0.580357142857143,19674234.8559277,66020.922335328,0.0282798236821969,6.36644747806901,556383.892807768,6.36644747806901,1,6.36644747806901,"Alta","Baja","Alta demanda / Baja oferta"
"13113021003","LA REINA",1,"13113",2061,92787,448,0.502507385592121,225.12330874527,298,0.232142857142857,0.292410714285714,0.580357142857143,19674234.8559277,66020.922335328,0.0222121633418475,5.0004757059071,437007.318245735,5.0004757059071,16,0.312529731619194,"Baja","Alta","Baja demanda / Alta oferta"
"13113021002","LA REINA",1,"13113",2253,92787,448,0.502507385592121,225.12330874527,298,0.232142857142857,0.292410714285714,0.580357142857143,19674234.8559277,66020.922335328,0.0242814187332277,5.46631332625361,477718.334792645,5.46631332625361,19,0.287700701381769,"Baja","Alta","Baja demanda / Alta oferta"
"13113071001","LA REINA",1,"13113",4184,92787,448,0.502507385592121,225.12330874527,298,0.232142857142857,0.292410714285714,0.580357142857143,19674234.8559277,66020.922335328,0.0450925237371615,10.1513781433844,887160.902251411,10.1513781433844,7,1.45019687762635,"Alta","Alta","Alta demanda / Alta oferta"
"13113071002","LA REINA",1,"13113",5322,92787,448,0.502507385592121,225.12330874527,298,0.232142857142857,0.292410714285714,0.580357142857143,19674234.8559277,66020.922335328,0.0573571728798215,12.9124365389799,1128458.48990966,12.9124365389799,22,0.586928933589995,"Alta","Alta","Alta demanda / Alta oferta"
"13113071003","LA REINA",1,"13113",4722,92787,448,0.502507385592121,225.12330874527,298,0.232142857142857,0.292410714285714,0.580357142857143,19674234.8559277,66020.922335328,0.0508907497817582,11.456693975397,1001236.56320056,11.456693975397,0,NA,"Alta","Baja","Alta demanda / Baja oferta"
"13113071006","LA REINA",1,"13113",4086,92787,448,0.502507385592121,225.12330874527,298,0.232142857142857,0.292410714285714,0.580357142857143,19674234.8559277,66020.922335328,0.0440363412978111,9.91360685799922,866381.320888925,9.91360685799922,0,NA,"Alta","Baja","Alta demanda / Baja oferta"
"13113011001","LA REINA",1,"13113",2242,92787,448,0.502507385592121,225.12330874527,298,0.232142857142857,0.292410714285714,0.580357142857143,19674234.8559277,66020.922335328,0.0241628676430966,5.43962471258792,475385.932802979,5.43962471258792,3,1.81320823752931,"Baja","Alta","Baja demanda / Alta oferta"
"13113011004","LA REINA",1,"13113",3667,92787,448,0.502507385592121,225.12330874527,298,0.232142857142857,0.292410714285714,0.580357142857143,19674234.8559277,66020.922335328,0.0395206225009969,8.8970133010972,777538.008737075,8.8970133010972,23,0.386826665265096,"Alta","Alta","Alta demanda / Alta oferta"
"13113011002","LA REINA",1,"13113",2061,92787,448,0.502507385592121,225.12330874527,298,0.232142857142857,0.292410714285714,0.580357142857143,19674234.8559277,66020.922335328,0.0222121633418475,5.0004757059071,437007.318245735,5.0004757059071,0,NA,"Baja","Baja","Baja demanda / Baja oferta"
"13114091001","LAS CONDES",1,"13114",3551,294838,1387,0.570161949135889,790.814623451478,1109,0.249459264599856,0.282624369142033,0.686373467916366,87392175.8250911,78802.6833409297,0.0120439020750378,9.52449388435751,1052542.80776188,9.52449388435751,10,0.952449388435751,"Alta","Alta","Alta demanda / Alta oferta"
"13113011003","LA REINA",1,"13113",3349,92787,448,0.502507385592121,225.12330874527,298,0.232142857142857,0.292410714285714,0.580357142857143,19674234.8559277,66020.922335328,0.0360934182590234,8.12546974239828,710110.387581256,8.12546974239828,0,NA,"Alta","Baja","Alta demanda / Baja oferta"
"13113071005","LA REINA",1,"13113",4987,92787,448,0.502507385592121,225.12330874527,298,0.232142857142857,0.292410714285714,0.580357142857143,19674234.8559277,66020.922335328,0.0537467533167362,12.0996469409795,1057426.24749708,12.0996469409795,0,NA,"Alta","Baja","Alta demanda / Baja oferta"
"13113061001","LA REINA",1,"13113",5715,92787,448,0.502507385592121,225.12330874527,298,0.232142857142857,0.292410714285714,0.580357142857143,19674234.8559277,66020.922335328,0.061592680009053,13.8659479181267,1211788.85190411,13.8659479181267,4,3.46648697953167,"Alta","Alta","Alta demanda / Alta oferta"
"13114041001","LAS CONDES",1,"13114",4788,294838,1387,0.570161949135889,790.814623451478,1109,0.249459264599856,0.282624369142033,0.686373467916366,87392175.8250911,78802.6833409297,0.0162394263968688,12.8423758711078,1419198.80697378,12.8423758711078,13,0.987875067008291,"Alta","Alta","Alta demanda / Alta oferta"
"13114021001","LAS CONDES",1,"13114",3851,294838,1387,0.570161949135889,790.814623451478,1109,0.249459264599856,0.282624369142033,0.686373467916366,87392175.8250911,78802.6833409297,0.0130614099946411,10.3291540266575,1141465.03877528,10.3291540266575,0,NA,"Alta","Baja","Alta demanda / Baja oferta"
"13114041003","LAS CONDES",1,"13114",6315,294838,1387,0.570161949135889,790.814623451478,1109,0.249459264599856,0.282624369142033,0.686373467916366,87392175.8250911,78802.6833409297,0.0214185417076496,16.9380959954147,1871812.96283196,16.9380959954147,17,0.996358587965572,"Alta","Alta","Alta demanda / Alta oferta"
"13114031001","LAS CONDES",1,"13114",2984,294838,1387,0.570161949135889,790.814623451478,1109,0.249459264599856,0.282624369142033,0.686373467916366,87392175.8250911,78802.6833409297,0.0101208121069876,8.00368621541053,884479.791146568,8.00368621541053,15,0.533579081027369,"Alta","Alta","Alta demanda / Alta oferta"
"13114161002","LAS CONDES",1,"13114",2250,294838,1387,0.570161949135889,790.814623451478,1109,0.249459264599856,0.282624369142033,0.686373467916366,87392175.8250911,78802.6833409297,0.00763130939702481,6.0349510672499,666916.732600462,6.0349510672499,0,NA,"Alta","Baja","Alta demanda / Baja oferta"
"13114151003","LAS CONDES",1,"13114",4675,294838,1387,0.570161949135889,790.814623451478,1109,0.249459264599856,0.282624369142033,0.686373467916366,87392175.8250911,78802.6833409297,0.0158561650804849,12.5392872175081,1385704.7666254,12.5392872175081,12,1.04494060145901,"Alta","Alta","Alta demanda / Alta oferta"
"13114021002","LAS CONDES",1,"13114",3987,294838,1387,0.570161949135889,790.814623451478,1109,0.249459264599856,0.282624369142033,0.686373467916366,87392175.8250911,78802.6833409297,0.013522680251528,10.6939332911668,1181776.45016802,10.6939332911668,31,0.344965590037639,"Alta","Alta","Alta demanda / Alta oferta"
"13114041002","LAS CONDES",1,"13114",5015,294838,1387,0.570161949135889,790.814623451478,1109,0.249459264599856,0.282624369142033,0.686373467916366,87392175.8250911,78802.6833409297,0.017009340722702,13.4512353787814,1486483.29510725,13.4512353787814,5,2.69024707575629,"Alta","Alta","Alta demanda / Alta oferta"
"13114161001","LAS CONDES",1,"13114",3820,294838,1387,0.570161949135889,790.814623451478,1109,0.249459264599856,0.282624369142033,0.686373467916366,87392175.8250911,78802.6833409297,0.0129562675096154,10.2460058119532,1132276.40823723,10.2460058119532,3,3.41533527065105,"Alta","Alta","Alta demanda / Alta oferta"
"13114161003","LAS CONDES",1,"13114",4475,294838,1387,0.570161949135889,790.814623451478,1109,0.249459264599856,0.282624369142033,0.686373467916366,87392175.8250911,78802.6833409297,0.015177826467416,12.0028471226415,1326423.27928314,12.0028471226415,1,12.0028471226415,"Alta","Baja","Alta demanda / Baja oferta"
"13114031002","LAS CONDES",1,"13114",2884,294838,1387,0.570161949135889,790.814623451478,1109,0.249459264599856,0.282624369142033,0.686373467916366,87392175.8250911,78802.6833409297,0.00978164280045313,7.7354661679772,854839.047475436,7.7354661679772,4,1.9338665419943,"Alta","Alta","Alta demanda / Alta oferta"
"13114011002","LAS CONDES",1,"13114",4031,294838,1387,0.570161949135889,790.814623451478,1109,0.249459264599856,0.282624369142033,0.686373467916366,87392175.8250911,78802.6833409297,0.0136719147464031,10.8119501120375,1194818.37738332,10.8119501120375,1,10.8119501120375,"Alta","Baja","Alta demanda / Baja oferta"
"13114161004","LAS CONDES",1,"13114",4046,294838,1387,0.570161949135889,790.814623451478,1109,0.249459264599856,0.282624369142033,0.686373467916366,87392175.8250911,78802.6833409297,0.0137227901423833,10.8521831191525,1199264.48893399,10.8521831191525,3,3.61739437305083,"Alta","Alta","Alta demanda / Alta oferta"
"13114031006","LAS CONDES",1,"13114",2483,294838,1387,0.570161949135889,790.814623451478,1109,0.249459264599856,0.282624369142033,0.686373467916366,87392175.8250911,78802.6833409297,0.00842157388125004,6.65990377776955,735979.665354198,6.65990377776955,6,1.10998396296159,"Alta","Alta","Alta demanda / Alta oferta"
"13114071003","LAS CONDES",1,"13114",4105,294838,1387,0.570161949135889,790.814623451478,1109,0.249459264599856,0.282624369142033,0.686373467916366,87392175.8250911,78802.6833409297,0.0139229000332386,11.0104329471381,1216752.52769995,11.0104329471381,0,NA,"Alta","Baja","Alta demanda / Baja oferta"
"13114011009","LAS CONDES",1,"13114",3665,294838,1387,0.570161949135889,790.814623451478,1109,0.249459264599856,0.282624369142033,0.686373467916366,87392175.8250911,78802.6833409297,0.0124305550844871,9.8302647384315,1086333.25554697,9.8302647384315,0,NA,"Alta","Baja","Alta demanda / Baja oferta"
"13114131001","LAS CONDES",1,"13114",2297,294838,1387,0.570161949135889,790.814623451478,1109,0.249459264599856,0.282624369142033,0.686373467916366,87392175.8250911,78802.6833409297,0.00779071897109599,6.16101448954356,680847.882125894,6.16101448954356,1,6.16101448954356,"Alta","Baja","Alta demanda / Baja oferta"
"13114011004","LAS CONDES",1,"13114",1386,294838,1387,0.570161949135889,790.814623451478,1109,0.249459264599856,0.282624369142033,0.686373467916366,87392175.8250911,78802.6833409297,0.00470088658856728,3.71752985742594,410820.707281884,3.71752985742594,9,0.413058873047326,"Baja","Alta","Baja demanda / Alta oferta"
"13114071001","LAS CONDES",1,"13114",5419,294838,1387,0.570161949135889,790.814623451478,1109,0.249459264599856,0.282624369142033,0.686373467916366,87392175.8250911,78802.6833409297,0.0183795847211011,14.5348443704121,1606231.89953862,14.5348443704121,1,14.5348443704121,"Alta","Baja","Alta demanda / Baja oferta"
"13114051003","LAS CONDES",1,"13114",2838,294838,1387,0.570161949135889,790.814623451478,1109,0.249459264599856,0.282624369142033,0.686373467916366,87392175.8250911,78802.6833409297,0.00962562491944729,7.61208494615787,841204.305386716,7.61208494615787,4,1.90302123653947,"Alta","Alta","Alta demanda / Alta oferta"
"13114061001","LAS CONDES",1,"13114",3652,294838,1387,0.570161949135889,790.814623451478,1109,0.249459264599856,0.282624369142033,0.686373467916366,87392175.8250911,78802.6833409297,0.0123864630746376,9.79539613226517,1082479.95886973,9.79539613226517,31,0.315980520395651,"Alta","Alta","Alta demanda / Alta oferta"
"13114051004","LAS CONDES",1,"13114",3036,294838,1387,0.570161949135889,790.814623451478,1109,0.249459264599856,0.282624369142033,0.686373467916366,87392175.8250911,78802.6833409297,0.0102971801463855,8.14316064007586,899892.977855556,8.14316064007586,4,2.03579016001897,"Alta","Alta","Alta demanda / Alta oferta"
"13114011007","LAS CONDES",1,"13114",2731,294838,1387,0.570161949135889,790.814623451478,1109,0.249459264599856,0.282624369142033,0.686373467916366,87392175.8250911,78802.6833409297,0.00926271376145544,7.32508949540421,809488.709658605,7.32508949540421,15,0.488339299693614,"Alta","Alta","Alta demanda / Alta oferta"
"13114061002","LAS CONDES",1,"13114",3141,294838,1387,0.570161949135889,790.814623451478,1109,0.249459264599856,0.282624369142033,0.686373467916366,87392175.8250911,78802.6833409297,0.0106533079182466,8.42479168988086,931015.758710245,8.42479168988086,17,0.495575981757698,"Alta","Alta","Alta demanda / Alta oferta"
"13114111003","LAS CONDES",1,"13114",3878,294838,1387,0.570161949135889,790.814623451478,1109,0.249459264599856,0.282624369142033,0.686373467916366,87392175.8250911,78802.6833409297,0.0131529857074054,10.4015734394645,1149468.03956648,10.4015734394645,1,10.4015734394645,"Alta","Baja","Alta demanda / Baja oferta"
"13114111006","LAS CONDES",1,"13114",3072,294838,1387,0.570161949135889,790.814623451478,1109,0.249459264599856,0.282624369142033,0.686373467916366,87392175.8250911,78802.6833409297,0.0104192810967379,8.23971985715186,910563.645577164,8.23971985715186,12,0.686643321429322,"Alta","Alta","Alta demanda / Alta oferta"
"13114131003","LAS CONDES",1,"13114",2101,294838,1387,0.570161949135889,790.814623451478,1109,0.249459264599856,0.282624369142033,0.686373467916366,87392175.8250911,78802.6833409297,0.0071259471302885,5.63530319657424,622752.024530476,5.63530319657424,14,0.40252165689816,"Baja","Alta","Baja demanda / Alta oferta"
"13114101001","LAS CONDES",1,"13114",3895,294838,1387,0.570161949135889,790.814623451478,1109,0.249459264599856,0.282624369142033,0.686373467916366,87392175.8250911,78802.6833409297,0.0132106444895163,10.4471708475282,1154506.96599058,10.4471708475282,11,0.949742804320742,"Alta","Alta","Alta demanda / Alta oferta"
"13114051002","LAS CONDES",1,"13114",4211,294838,1387,0.570161949135889,790.814623451478,1109,0.249459264599856,0.282624369142033,0.686373467916366,87392175.8250911,78802.6833409297,0.0142824194981651,11.2947461974175,1248171.71599135,11.2947461974175,21,0.53784505701988,"Alta","Alta","Alta demanda / Alta oferta"
"13114131004","LAS CONDES",1,"13114",2684,294838,1387,0.570161949135889,790.814623451478,1109,0.249459264599856,0.282624369142033,0.686373467916366,87392175.8250911,78802.6833409297,0.00910330418738426,7.19902607311055,795557.560133173,7.19902607311055,1,7.19902607311055,"Alta","Baja","Alta demanda / Baja oferta"
"13114131006","LAS CONDES",1,"13114",3333,294838,1387,0.570161949135889,790.814623451478,1109,0.249459264599856,0.282624369142033,0.686373467916366,87392175.8250911,78802.6833409297,0.0113045129867927,8.93977418095285,987925.986558817,8.93977418095285,12,0.744981181746071,"Alta","Alta","Alta demanda / Alta oferta"
"13114111001","LAS CONDES",1,"13114",3428,294838,1387,0.570161949135889,790.814623451478,1109,0.249459264599856,0.282624369142033,0.686373467916366,87392175.8250911,78802.6833409297,0.0116267238280005,9.19458322601451,1016084.69304639,9.19458322601451,0,NA,"Alta","Baja","Alta demanda / Baja oferta"
"13114111005","LAS CONDES",1,"13114",2721,294838,1387,0.570161949135889,790.814623451478,1109,0.249459264599856,0.282624369142033,0.686373467916366,87392175.8250911,78802.6833409297,0.009228796830802,7.29826749066088,806524.635291492,7.29826749066088,0,NA,"Alta","Baja","Alta demanda / Baja oferta"
"13114131007","LAS CONDES",1,"13114",2764,294838,1387,0.570161949135889,790.814623451478,1109,0.249459264599856,0.282624369142033,0.686373467916366,87392175.8250911,78802.6833409297,0.00937463963261181,7.41360211105721,819270.155070078,7.41360211105721,23,0.322330526567705,"Alta","Alta","Alta demanda / Alta oferta"
"13114141001","LAS CONDES",1,"13114",5711,294838,1387,0.570161949135889,790.814623451478,1109,0.249459264599856,0.282624369142033,0.686373467916366,87392175.8250911,78802.6833409297,0.0193699590961816,15.3180469089174,1692782.87105833,15.3180469089174,0,NA,"Alta","Baja","Alta demanda / Baja oferta"
"13114081005","LAS CONDES",1,"13114",3140,294838,1387,0.570161949135889,790.814623451478,1109,0.249459264599856,0.282624369142033,0.686373467916366,87392175.8250911,78802.6833409297,0.0106499162251813,8.42210948940652,930719.351273533,8.42210948940652,1,8.42210948940652,"Alta","Baja","Alta demanda / Baja oferta"
"13114101004","LAS CONDES",1,"13114",4361,294838,1387,0.570161949135889,790.814623451478,1109,0.249459264599856,0.282624369142033,0.686373467916366,87392175.8250911,78802.6833409297,0.0147911734579667,11.6970762685675,1292632.83149805,11.6970762685675,9,1.29967514095194,"Alta","Alta","Alta demanda / Alta oferta"
"13114131008","LAS CONDES",1,"13114",2919,294838,1387,0.570161949135889,790.814623451478,1109,0.249459264599856,0.282624369142033,0.686373467916366,87392175.8250911,78802.6833409297,0.00990035205774018,7.82934318457887,865213.307760332,7.82934318457887,64,0.122333487259045,"Alta","Alta","Alta demanda / Alta oferta"
"13114101005","LAS CONDES",1,"13114",4812,294838,1387,0.570161949135889,790.814623451478,1109,0.249459264599856,0.282624369142033,0.686373467916366,87392175.8250911,78802.6833409297,0.0163208270304371,12.9067486824918,1426312.58545485,12.9067486824918,6,2.1511247804153,"Alta","Alta","Alta demanda / Alta oferta"
"13114121001","LAS CONDES",1,"13114",3193,294838,1387,0.570161949135889,790.814623451478,1109,0.249459264599856,0.282624369142033,0.686373467916366,87392175.8250911,78802.6833409297,0.0108296759576445,8.56426611454619,946428.945419233,8.56426611454619,13,0.658789701118938,"Alta","Alta","Alta demanda / Alta oferta"
"13114091003","LAS CONDES",1,"13114",4011,294838,1387,0.570161949135889,790.814623451478,1109,0.249459264599856,0.282624369142033,0.686373467916366,87392175.8250911,78802.6833409297,0.0136040808850962,10.7583061025508,1188890.22864909,10.7583061025508,6,1.7930510170918,"Alta","Alta","Alta demanda / Alta oferta"
"13114141004","LAS CONDES",1,"13114",3190,294838,1387,0.570161949135889,790.814623451478,1109,0.249459264599856,0.282624369142033,0.686373467916366,87392175.8250911,78802.6833409297,0.0108195008784485,8.55621951312319,945539.723109099,8.55621951312319,0,NA,"Alta","Baja","Alta demanda / Baja oferta"
"13119081001","MAIPÚ",1,"13119",3136,521627,2156,0.374540184138306,807.508637002187,879,0.26669758812616,0.343228200371058,0.285250463821892,37377991.1631458,42523.3119034651,0.00601195873679852,4.85470860526556,224714.940537252,4.85470860526556,18,0.269706033625865,"Baja","Alta","Baja demanda / Alta oferta"
"13114121005","LAS CONDES",1,"13114",3392,294838,1387,0.570161949135889,790.814623451478,1109,0.249459264599856,0.282624369142033,0.686373467916366,87392175.8250911,78802.6833409297,0.0115046228776481,9.09802400893851,1005414.02532478,9.09802400893851,4,2.27450600223463,"Alta","Alta","Alta demanda / Alta oferta"
"13114091002","LAS CONDES",1,"13114",3977,294838,1387,0.570161949135889,790.814623451478,1109,0.249459264599856,0.282624369142033,0.686373467916366,87392175.8250911,78802.6833409297,0.0134887633208745,10.6671112864235,1178812.3758009,10.6671112864235,12,0.888925940535291,"Alta","Alta","Alta demanda / Alta oferta"
"13114121006","LAS CONDES",1,"13114",2714,294838,1387,0.570161949135889,790.814623451478,1109,0.249459264599856,0.282624369142033,0.686373467916366,87392175.8250911,78802.6833409297,0.00920505497934459,7.27949208734054,804449.783234512,7.27949208734054,0,NA,"Alta","Baja","Alta demanda / Baja oferta"
"13114121002","LAS CONDES",1,"13114",3708,294838,1387,0.570161949135889,790.814623451478,1109,0.249459264599856,0.282624369142033,0.686373467916366,87392175.8250911,78802.6833409297,0.0125763978862969,9.94559935882783,1099078.77532556,9.94559935882783,0,NA,"Alta","Baja","Alta demanda / Baja oferta"
"13114141003","LAS CONDES",1,"13114",6260,294838,1387,0.570161949135889,790.814623451478,1109,0.249459264599856,0.282624369142033,0.686373467916366,87392175.8250911,78802.6833409297,0.0212319985890557,16.7905749693264,1855510.55381284,16.7905749693264,1,16.7905749693264,"Alta","Baja","Alta demanda / Baja oferta"
"13114011005","LAS CONDES",1,"13114",2220,294838,1387,0.570161949135889,790.814623451478,1109,0.249459264599856,0.282624369142033,0.686373467916366,87392175.8250911,78802.6833409297,0.00752955860506448,5.9544850530199,658024.509499122,5.9544850530199,2,2.97724252650995,"Alta","Alta","Alta demanda / Alta oferta"
"13114021004","LAS CONDES",1,"13114",3885,294838,1387,0.570161949135889,790.814623451478,1109,0.249459264599856,0.282624369142033,0.686373467916366,87392175.8250911,78802.6833409297,0.0131767275588628,10.4203488427848,1151542.89162346,10.4203488427848,0,NA,"Alta","Baja","Alta demanda / Baja oferta"
"13114021003","LAS CONDES",1,"13114",2600,294838,1387,0.570161949135889,790.814623451478,1109,0.249459264599856,0.282624369142033,0.686373467916366,87392175.8250911,78802.6833409297,0.00881840196989533,6.97372123326655,770659.335449422,6.97372123326655,2,3.48686061663327,"Alta","Alta","Alta demanda / Alta oferta"
"13114031005","LAS CONDES",1,"13114",2984,294838,1387,0.570161949135889,790.814623451478,1109,0.249459264599856,0.282624369142033,0.686373467916366,87392175.8250911,78802.6833409297,0.0101208121069876,8.00368621541053,884479.791146568,8.00368621541053,1,8.00368621541053,"Alta","Baja","Alta demanda / Baja oferta"
"13114031003","LAS CONDES",1,"13114",3432,294838,1387,0.570161949135889,790.814623451478,1109,0.249459264599856,0.282624369142033,0.686373467916366,87392175.8250911,78802.6833409297,0.0116402906002618,9.20531202791185,1017270.32279324,9.20531202791185,14,0.657522287707989,"Alta","Alta","Alta demanda / Alta oferta"
"13114031004","LAS CONDES",1,"13114",2963,294838,1387,0.570161949135889,790.814623451478,1109,0.249459264599856,0.282624369142033,0.686373467916366,87392175.8250911,78802.6833409297,0.0100495865526153,7.94736000544953,878255.23497563,7.94736000544953,16,0.496710000340596,"Alta","Alta","Alta demanda / Alta oferta"
"13114071002","LAS CONDES",1,"13114",4397,294838,1387,0.570161949135889,790.814623451478,1109,0.249459264599856,0.282624369142033,0.686373467916366,87392175.8250911,78802.6833409297,0.0149132744083191,11.7936354856435,1303303.49921966,11.7936354856435,0,NA,"Alta","Baja","Alta demanda / Baja oferta"
"13114081003","LAS CONDES",1,"13114",3899,294838,1387,0.570161949135889,790.814623451478,1109,0.249459264599856,0.282624369142033,0.686373467916366,87392175.8250911,78802.6833409297,0.0132242112617777,10.4578996494255,1155692.59573742,10.4578996494255,4,2.61447491235637,"Alta","Alta","Alta demanda / Alta oferta"
"13101271003","SANTIAGO",1,"13101",3410,404495,1503,0.444418532708825,667.961054661364,909,0.294078509647372,0.236859614105123,0.497671324018629,46571551.1915076,51233.8296936278,0.0084302648982064,5.63108863248062,392610.51326479,5.63108863248062,19,0.296373085920033,"Baja","Alta","Baja demanda / Alta oferta"
"13114081001","LAS CONDES",1,"13114",3379,294838,1387,0.570161949135889,790.814623451478,1109,0.249459264599856,0.282624369142033,0.686373467916366,87392175.8250911,78802.6833409297,0.0114605308677986,9.06315540277218,1001560.72864754,9.06315540277218,2,4.53157770138609,"Alta","Alta","Alta demanda / Alta oferta"
"13114081004","LAS CONDES",1,"13114",4108,294838,1387,0.570161949135889,790.814623451478,1109,0.249459264599856,0.282624369142033,0.686373467916366,87392175.8250911,78802.6833409297,0.0139330751124346,11.0184795485611,1217641.75001009,11.0184795485611,0,NA,"Alta","Baja","Alta demanda / Baja oferta"
"13114091004","LAS CONDES",1,"13114",4121,294838,1387,0.570161949135889,790.814623451478,1109,0.249459264599856,0.282624369142033,0.686373467916366,87392175.8250911,78802.6833409297,0.0139771671222841,11.0533481547275,1221495.04668733,11.0533481547275,4,2.76333703868187,"Alta","Alta","Alta demanda / Alta oferta"
"13114101003","LAS CONDES",1,"13114",3748,294838,1387,0.570161949135889,790.814623451478,1109,0.249459264599856,0.282624369142033,0.686373467916366,87392175.8250911,78802.6833409297,0.0127120656089107,10.0528873778012,1110935.07279401,10.0528873778012,0,NA,"Alta","Baja","Alta demanda / Baja oferta"
"13114111002","LAS CONDES",1,"13114",3739,294838,1387,0.570161949135889,790.814623451478,1109,0.249459264599856,0.282624369142033,0.686373467916366,87392175.8250911,78802.6833409297,0.0126815403713226,10.0287475735322,1108267.40586361,10.0287475735322,9,1.11430528594802,"Alta","Alta","Alta demanda / Alta oferta"
"13114111007","LAS CONDES",1,"13114",2915,294838,1387,0.570161949135889,790.814623451478,1109,0.249459264599856,0.282624369142033,0.686373467916366,87392175.8250911,78802.6833409297,0.00988678528547881,7.81861438268154,864027.678013487,7.81861438268154,4,1.95465359567038,"Alta","Alta","Alta demanda / Alta oferta"
"13114121003","LAS CONDES",1,"13114",3321,294838,1387,0.570161949135889,790.814623451478,1109,0.249459264599856,0.282624369142033,0.686373467916366,87392175.8250911,78802.6833409297,0.0112638126700086,8.90758777526085,984369.097318281,8.90758777526085,1,8.90758777526085,"Alta","Baja","Alta demanda / Baja oferta"
"13114131005","LAS CONDES",1,"13114",3310,294838,1387,0.570161949135889,790.814623451478,1109,0.249459264599856,0.282624369142033,0.686373467916366,87392175.8250911,78802.6833409297,0.0112265040462898,8.87808357004318,981108.615514457,8.87808357004318,63,0.140921961429257,"Alta","Alta","Alta demanda / Alta oferta"
"13114151001","LAS CONDES",1,"13114",7115,294838,1387,0.570161949135889,790.814623451478,1109,0.249459264599856,0.282624369142033,0.686373467916366,87392175.8250911,78802.6833409297,0.0241318961599251,19.0838563748813,2108938.91220102,19.0838563748813,3,6.36128545829378,"Alta","Alta","Alta demanda / Alta oferta"
"13114011003","LAS CONDES",1,"13114",3176,294838,1387,0.570161949135889,790.814623451478,1109,0.249459264599856,0.282624369142033,0.686373467916366,87392175.8250911,78802.6833409297,0.0107720171755337,8.51866870648252,941390.018995141,8.51866870648252,42,0.202825445392441,"Alta","Alta","Alta demanda / Alta oferta"
"13119071005","MAIPÚ",1,"13119",4564,521627,2156,0.374540184138306,807.508637002187,879,0.26669758812616,0.343228200371058,0.285250463821892,37377991.1631458,42523.3119034651,0.00874954709016213,7.06533484516327,327040.493817608,7.06533484516327,0,NA,"Alta","Baja","Alta demanda / Baja oferta"
"13114011008","LAS CONDES",1,"13114",3909,294838,1387,0.570161949135889,790.814623451478,1109,0.249459264599856,0.282624369142033,0.686373467916366,87392175.8250911,78802.6833409297,0.0132581281924311,10.4847216541688,1158656.67010454,10.4847216541688,0,NA,"Alta","Baja","Alta demanda / Baja oferta"
"13114011006","LAS CONDES",1,"13114",1775,294838,1387,0.570161949135889,790.814623451478,1109,0.249459264599856,0.282624369142033,0.686373467916366,87392175.8250911,78802.6833409297,0.00602025519098624,4.76090584194159,526123.200162587,4.76090584194159,2,2.38045292097079,"Baja","Alta","Baja demanda / Alta oferta"
"13114011001","LAS CONDES",1,"13114",3999,294838,1387,0.570161949135889,790.814623451478,1109,0.249459264599856,0.282624369142033,0.686373467916366,87392175.8250911,78802.6833409297,0.0135633805683121,10.7261196968588,1185333.33940855,10.7261196968588,55,0.195020358124706,"Alta","Alta","Alta demanda / Alta oferta"
"13114081002","LAS CONDES",1,"13114",3870,294838,1387,0.570161949135889,790.814623451478,1109,0.249459264599856,0.282624369142033,0.686373467916366,87392175.8250911,78802.6833409297,0.0131258521628827,10.3801158356698,1147096.78007279,10.3801158356698,0,NA,"Alta","Baja","Alta demanda / Baja oferta"
"13114101002","LAS CONDES",1,"13114",3481,294838,1387,0.570161949135889,790.814623451478,1109,0.249459264599856,0.282624369142033,0.686373467916366,87392175.8250911,78802.6833409297,0.0118064835604637,9.33673985115418,1031794.28719209,9.33673985115418,2,4.66836992557709,"Alta","Alta","Alta demanda / Alta oferta"
"13132041007","VITACURA",1,"13132",4000,85384,540,0.621885108499663,335.817958589818,475,0.205555555555556,0.264814814814815,0.772222222222222,44445488.1761086,93569.4487918075,0.0468471844842125,15.7321258591688,2082145.98407704,15.7321258591688,0,NA,"Alta","Baja","Alta demanda / Baja oferta"
"13132041002","VITACURA",1,"13132",3131,85384,540,0.621885108499663,335.817958589818,475,0.205555555555556,0.264814814814815,0.772222222222222,44445488.1761086,93569.4487918075,0.0366696336550173,12.3143215162644,1629799.76903631,12.3143215162644,7,1.75918878803777,"Alta","Alta","Alta demanda / Alta oferta"
"13114131009","LAS CONDES",1,"13114",2501,294838,1387,0.570161949135889,790.814623451478,1109,0.249459264599856,0.282624369142033,0.686373467916366,87392175.8250911,78802.6833409297,0.00848262435642624,6.70818338630755,741314.999215002,6.70818338630755,70,0.095831191232965,"Alta","Alta","Alta demanda / Alta oferta"
"13114131010","LAS CONDES",1,"13114",2364,294838,1387,0.570161949135889,790.814623451478,1109,0.249459264599856,0.282624369142033,0.686373467916366,87392175.8250911,78802.6833409297,0.00801796240647406,6.34072192132389,700707.180385552,6.34072192132389,70,0.0905817417331985,"Alta","Alta","Alta demanda / Alta oferta"
"13114131002","LAS CONDES",1,"13114",1890,294838,1387,0.570161949135889,790.814623451478,1109,0.249459264599856,0.282624369142033,0.686373467916366,87392175.8250911,78802.6833409297,0.00641029989350084,5.06935889648991,560210.055384388,5.06935889648991,0,NA,"Baja","Baja","Baja demanda / Baja oferta"
"13114151002","LAS CONDES",1,"13114",5370,294838,1387,0.570161949135889,790.814623451478,1109,0.249459264599856,0.282624369142033,0.686373467916366,87392175.8250911,78802.6833409297,0.0182133917608992,14.4034165471698,1591707.93513977,14.4034165471698,7,2.05763093530997,"Alta","Alta","Alta demanda / Alta oferta"
"13114071004","LAS CONDES",1,"13114",6609,294838,1387,0.570161949135889,790.814623451478,1109,0.249459264599856,0.282624369142033,0.686373467916366,87392175.8250911,78802.6833409297,0.0224156994688609,17.7266629348687,1958956.74922509,17.7266629348687,7,2.53238041926696,"Alta","Alta","Alta demanda / Alta oferta"
"13132041005","VITACURA",1,"13132",3257,85384,540,0.621885108499663,335.817958589818,475,0.205555555555556,0.264814814814815,0.772222222222222,44445488.1761086,93569.4487918075,0.03814531996627,12.8098834808282,1695387.36753473,12.8098834808282,18,0.711660193379346,"Alta","Alta","Alta demanda / Alta oferta"
"13132041008","VITACURA",1,"13132",3448,85384,540,0.621885108499663,335.817958589818,475,0.205555555555556,0.264814814814815,0.772222222222222,44445488.1761086,93569.4487918075,0.0403822730253912,13.5610924906035,1794809.83827441,13.5610924906035,13,1.04316096081566,"Alta","Alta","Alta demanda / Alta oferta"
"13132021003","VITACURA",1,"13132",4013,85384,540,0.621885108499663,335.817958589818,475,0.205555555555556,0.264814814814815,0.772222222222222,44445488.1761086,93569.4487918075,0.0469994378337862,15.7832552682111,2088912.95852529,15.7832552682111,23,0.686228489922223,"Alta","Alta","Alta demanda / Alta oferta"
"13132041001","VITACURA",1,"13132",3520,85384,540,0.621885108499663,335.817958589818,475,0.205555555555556,0.264814814814815,0.772222222222222,44445488.1761086,93569.4487918075,0.041225522346107,13.8442707560686,1832288.4659878,13.8442707560686,30,0.461475691868952,"Alta","Alta","Alta demanda / Alta oferta"
"13132041006","VITACURA",1,"13132",2726,85384,540,0.621885108499663,335.817958589818,475,0.205555555555556,0.264814814814815,0.772222222222222,44445488.1761086,93569.4487918075,0.0319263562259908,10.7214437730236,1418982.48814851,10.7214437730236,27,0.397090510111984,"Alta","Alta","Alta demanda / Alta oferta"
"13132021001","VITACURA",1,"13132",2281,85384,540,0.621885108499663,335.817958589818,475,0.205555555555556,0.264814814814815,0.772222222222222,44445488.1761086,93569.4487918075,0.0267146069521222,8.97124477119103,1187343.74741993,8.97124477119103,2,4.48562238559551,"Alta","Alta","Alta demanda / Alta oferta"
"13132011006","VITACURA",1,"13132",2090,85384,540,0.621885108499663,335.817958589818,475,0.205555555555556,0.264814814814815,0.772222222222222,44445488.1761086,93569.4487918075,0.024477653893001,8.22003576141572,1087921.27668026,8.22003576141572,4,2.05500894035393,"Alta","Alta","Alta demanda / Alta oferta"
"13132021005","VITACURA",1,"13132",4191,85384,540,0.621885108499663,335.817958589818,475,0.205555555555556,0.264814814814815,0.772222222222222,44445488.1761086,93569.4487918075,0.0490841375433336,16.4833348689441,2181568.45481672,16.4833348689441,24,0.686805619539339,"Alta","Alta","Alta demanda / Alta oferta"
"13132021007","VITACURA",1,"13132",3156,85384,540,0.621885108499663,335.817958589818,475,0.205555555555556,0.264814814814815,0.772222222222222,44445488.1761086,93569.4487918075,0.0369624285580437,12.4126473028842,1642813.18143679,12.4126473028842,10,1.24126473028842,"Alta","Alta","Alta demanda / Alta oferta"
"13132051003","VITACURA",1,"13132",2767,85384,540,0.621885108499663,335.817958589818,475,0.205555555555556,0.264814814814815,0.772222222222222,44445488.1761086,93569.4487918075,0.032406539866954,10.88269806308,1440324.4844853,10.88269806308,4,2.72067451577001,"Alta","Alta","Alta demanda / Alta oferta"
"13132011001","VITACURA",1,"13132",2673,85384,540,0.621885108499663,335.817958589818,475,0.205555555555556,0.264814814814815,0.772222222222222,44445488.1761086,93569.4487918075,0.031305631031575,10.5129931053896,1391394.05385948,10.5129931053896,130,0.0808691777337659,"Alta","Alta","Alta demanda / Alta oferta"
"13132051001","VITACURA",1,"13132",3030,85384,540,0.621885108499663,335.817958589818,475,0.205555555555556,0.264814814814815,0.772222222222222,44445488.1761086,93569.4487918075,0.035486742246791,11.9170853383204,1577225.58293836,11.9170853383204,54,0.220686765524452,"Alta","Alta","Alta demanda / Alta oferta"
"13132031003","VITACURA",1,NA,NA,NA,NA,NA,NA,NA,NA,NA,NA,NA,NA,NA,NA,NA,NA,1,NA,NA,"Baja",NA
"13132021004","VITACURA",1,"13132",3068,85384,540,0.621885108499663,335.817958589818,475,0.205555555555556,0.264814814814815,0.772222222222222,44445488.1761086,93569.4487918075,0.035931790499391,12.0665405339825,1597005.96978709,12.0665405339825,32,0.377079391686953,"Alta","Alta","Alta demanda / Alta oferta"
"13132011003","VITACURA",1,"13132",3373,85384,540,0.621885108499663,335.817958589818,475,0.205555555555556,0.264814814814815,0.772222222222222,44445488.1761086,93569.4487918075,0.0395038883163122,13.2661151307441,1755769.60107297,13.2661151307441,118,0.112424704497832,"Alta","Alta","Alta demanda / Alta oferta"
"13132021002","VITACURA",1,"13132",3344,85384,540,0.621885108499663,335.817958589818,475,0.205555555555556,0.264814814814815,0.772222222222222,44445488.1761086,93569.4487918075,0.0391642462288017,13.1520572182651,1740674.04268841,13.1520572182651,24,0.548002384094381,"Alta","Alta","Alta demanda / Alta oferta"
"13132011005","VITACURA",1,"13132",2708,85384,540,0.621885108499663,335.817958589818,475,0.205555555555556,0.264814814814815,0.772222222222222,44445488.1761086,93569.4487918075,0.0317155438958119,10.6506492066573,1409612.83122016,10.6506492066573,2,5.32532460332865,"Alta","Alta","Alta demanda / Alta oferta"
"13132011002","VITACURA",1,"13132",2441,85384,540,0.621885108499663,335.817958589818,475,0.205555555555556,0.264814814814815,0.772222222222222,44445488.1761086,93569.4487918075,0.0285884943314907,9.60052980555778,1270629.58678302,9.60052980555778,68,0.141184261846438,"Alta","Alta","Alta demanda / Alta oferta"
"13132021006","VITACURA",1,"13132",4388,85384,540,0.621885108499663,335.817958589818,475,0.205555555555556,0.264814814814815,0.772222222222222,44445488.1761086,93569.4487918075,0.0513913613791811,17.2581420675082,2284114.14453252,17.2581420675082,20,0.862907103375411,"Alta","Alta","Alta demanda / Alta oferta"
"13132041004","VITACURA",1,"13132",3924,85384,540,0.621885108499663,335.817958589818,475,0.205555555555556,0.264814814814815,0.772222222222222,44445488.1761086,93569.4487918075,0.0459570879790125,15.4332154678446,2042585.21037958,15.4332154678446,5,3.08664309356893,"Alta","Alta","Alta demanda / Alta oferta"
"13132031002","VITACURA",1,"13132",5650,85384,540,0.621885108499663,335.817958589818,475,0.205555555555556,0.264814814814815,0.772222222222222,44445488.1761086,93569.4487918075,0.0661716480839502,22.221627776076,2941031.20250882,22.221627776076,6,3.703604629346,"Alta","Alta","Alta demanda / Alta oferta"
"13132031001","VITACURA",1,"13132",5187,85384,540,0.621885108499663,335.817958589818,475,0.205555555555556,0.264814814814815,0.772222222222222,44445488.1761086,93569.4487918075,0.0607490864799026,20.4006342078772,2700022.80485191,20.4006342078772,2,10.2003171039386,"Alta","Alta","Alta demanda / Alta oferta"
"13132051002","VITACURA",1,"13132",3011,85384,540,0.621885108499663,335.817958589818,475,0.205555555555556,0.264814814814815,0.772222222222222,44445488.1761086,93569.4487918075,0.035264218120491,11.8423577404893,1567335.38951399,11.8423577404893,78,0.151825099237043,"Alta","Alta","Alta demanda / Alta oferta"
"13120071002","ÑUÑOA",1,"13120",3955,208237,1019,0.538759543303381,548.995974626145,776,0.212953876349362,0.267909715407262,0.680078508341511,51172398.0854831,65943.8119658287,0.0189927822625182,10.4269610090733,971906.214688483,10.4269610090733,18,0.579275611615185,"Alta","Alta","Alta demanda / Alta oferta"
"13115011010","LO BARNECHEA",1,"13115",8155,105833,542,0.463522288992068,251.229080633701,309,0.354243542435424,0.311808118081181,0.452029520295203,22928828.3175734,74203.3278885872,0.077055360804286,19.3585474527589,1766789.13883015,19.3585474527589,0,NA,"Alta","Baja","Alta demanda / Baja oferta"
"13115041003","LO BARNECHEA",1,"13115",4505,105833,542,0.463522288992068,251.229080633701,309,0.354243542435424,0.311808118081181,0.452029520295203,22928828.3175734,74203.3278885872,0.0425670632033487,10.6940841538539,976012.884172879,10.6940841538539,1,10.6940841538539,"Alta","Baja","Alta demanda / Baja oferta"
"13115041004","LO BARNECHEA",1,"13115",6675,105833,542,0.463522288992068,251.229080633701,309,0.354243542435424,0.311808118081181,0.452029520295203,22928828.3175734,74203.3278885872,0.0630710647907552,15.84528562197,1446145.61639378,15.84528562197,0,NA,"Alta","Baja","Alta demanda / Baja oferta"
"13117021004","LO PRADO",1,"13117",3461,96249,353,0.344016392203279,121.437786447758,113,0.269121813031161,0.320113314447592,0.218130311614731,4205899.02375965,37220.3453430057,0.0359588151565211,4.366758915892,151239.145562366,4.366758915892,0,NA,"Baja","Baja","Baja demanda / Baja oferta"
"13115041001","LO BARNECHEA",1,"13115",5275,105833,542,0.463522288992068,251.229080633701,309,0.354243542435424,0.311808118081181,0.452029520295203,22928828.3175734,74203.3278885872,0.0498426766698478,12.5219298360887,1142834.17625126,12.5219298360887,6,2.08698830601478,"Alta","Alta","Alta demanda / Alta oferta"
"13115021004","LO BARNECHEA",1,"13115",1240,105833,542,0.463522288992068,251.229080633701,309,0.354243542435424,0.311808118081181,0.452029520295203,22928828.3175734,74203.3278885872,0.0117165723356609,2.94354369606634,268647.275554799,2.94354369606634,2,1.47177184803317,"Baja","Alta","Baja demanda / Alta oferta"
"13115011004","LO BARNECHEA",1,"13115",5076,105833,542,0.463522288992068,251.229080633701,309,0.354243542435424,0.311808118081181,0.452029520295203,22928828.3175734,74203.3278885872,0.0479623557869474,12.0495385493812,1099720.62154529,12.0495385493812,23,0.52389298040788,"Alta","Alta","Alta demanda / Alta oferta"
"13115011003","LO BARNECHEA",1,"13115",2801,105833,542,0.463522288992068,251.229080633701,309,0.354243542435424,0.311808118081181,0.452029520295203,22928828.3175734,74203.3278885872,0.0264662250904727,6.64908539732405,606839.531313704,6.64908539732405,14,0.474934671237432,"Alta","Alta","Alta demanda / Alta oferta"
"13115011006","LO BARNECHEA",1,"13115",4823,105833,542,0.463522288992068,251.229080633701,309,0.354243542435424,0.311808118081181,0.452029520295203,22928828.3175734,74203.3278885872,0.0455717970765262,11.4489606823613,1044907.91129097,11.4489606823613,1,11.4489606823613,"Alta","Baja","Alta demanda / Baja oferta"
"13115041002","LO BARNECHEA",1,"13115",3665,105833,542,0.463522288992068,251.229080633701,309,0.354243542435424,0.311808118081181,0.452029520295203,22928828.3175734,74203.3278885872,0.0346300303308042,8.70007068232511,794026.02008737,8.70007068232511,8,1.08750883529064,"Alta","Alta","Alta demanda / Alta oferta"
"13132011004","VITACURA",1,"13132",1871,85384,540,0.621885108499663,335.817958589818,475,0.205555555555556,0.264814814814815,0.772222222222222,44445488.1761086,93569.4487918075,0.0219127705424904,7.35870187062622,973923.784052037,7.35870187062622,21,0.350414374791725,"Alta","Alta","Alta demanda / Alta oferta"
"13115021003","LO BARNECHEA",1,"13115",4030,105833,542,0.463522288992068,251.229080633701,309,0.354243542435424,0.311808118081181,0.452029520295203,22928828.3175734,74203.3278885872,0.0380788600908979,9.56651701221561,873103.645553097,9.56651701221561,4,2.3916292530539,"Alta","Alta","Alta demanda / Alta oferta"
"13117011004","LO PRADO",1,"13117",2754,96249,353,0.344016392203279,121.437786447758,113,0.269121813031161,0.320113314447592,0.218130311614731,4205899.02375965,37220.3453430057,0.0286132842938628,3.47473390764709,120344.584478115,3.47473390764709,0,NA,"Baja","Baja","Baja demanda / Baja oferta"
"13117041003","LO PRADO",1,"13117",3909,96249,353,0.344016392203279,121.437786447758,113,0.269121813031161,0.320113314447592,0.218130311614731,4205899.02375965,37220.3453430057,0.0406134089704828,4.93200248547294,170815.897140505,4.93200248547294,2,2.46600124273647,"Baja","Alta","Baja demanda / Alta oferta"
"13115011002","LO BARNECHEA",1,"13115",3910,105833,542,0.463522288992068,251.229080633701,309,0.354243542435424,0.311808118081181,0.452029520295203,22928828.3175734,74203.3278885872,0.036944998251963,9.28165794485435,847105.52211231,9.28165794485435,4,2.32041448621359,"Alta","Alta","Alta demanda / Alta oferta"
"13115011012","LO BARNECHEA",1,"13115",5638,105833,542,0.463522288992068,251.229080633701,309,0.354243542435424,0.311808118081181,0.452029520295203,22928828.3175734,74203.3278885872,0.0532726087326259,13.3836285148565,1221478.49965964,13.3836285148565,2,6.69181425742824,"Alta","Alta","Alta demanda / Alta oferta"
"13115021002","LO BARNECHEA",1,"13115",5058,105833,542,0.463522288992068,251.229080633701,309,0.354243542435424,0.311808118081181,0.452029520295203,22928828.3175734,74203.3278885872,0.0477922765111071,12.0068096892771,1095820.90302917,12.0068096892771,0,NA,"Alta","Baja","Alta demanda / Baja oferta"
"13117021001","LO PRADO",1,"13117",3017,96249,353,0.344016392203279,121.437786447758,113,0.269121813031161,0.320113314447592,0.218130311614731,4205899.02375965,37220.3453430057,0.0313457802158983,3.80656216389661,131837.186409031,3.80656216389661,0,NA,"Baja","Baja","Baja demanda / Baja oferta"
"13115011001","LO BARNECHEA",1,"13115",5242,105833,542,0.463522288992068,251.229080633701,309,0.354243542435424,0.311808118081181,0.452029520295203,22928828.3175734,74203.3278885872,0.0495308646641407,12.4435935925643,1135684.69230505,12.4435935925643,19,0.654925978556017,"Alta","Alta","Alta demanda / Alta oferta"
"13115011009","LO BARNECHEA",1,"13115",4404,105833,542,0.463522288992068,251.229080633701,309,0.354243542435424,0.311808118081181,0.452029520295203,22928828.3175734,74203.3278885872,0.0416127294889118,10.4543277721582,954131.130276884,10.4543277721582,8,1.30679097151977,"Alta","Alta","Alta demanda / Alta oferta"
"13115011005","LO BARNECHEA",1,"13115",2451,105833,542,0.463522288992068,251.229080633701,309,0.354243542435424,0.311808118081181,0.452029520295203,22928828.3175734,74203.3278885872,0.0231591280602459,5.81824645085371,531011.671278075,5.81824645085371,36,0.161617956968159,"Baja","Alta","Baja demanda / Alta oferta"
"13117011003","LO PRADO",1,"13117",3356,96249,353,0.344016392203279,121.437786447758,113,0.269121813031161,0.320113314447592,0.218130311614731,4205899.02375965,37220.3453430057,0.0348678947313738,4.23427995427147,146650.844411239,4.23427995427147,0,NA,"Baja","Baja","Baja demanda / Baja oferta"
"13117061001","LO PRADO",1,"13117",2850,96249,353,0.344016392203279,121.437786447758,113,0.269121813031161,0.320113314447592,0.218130311614731,4205899.02375965,37220.3453430057,0.0296106972539974,3.59585752970014,124539.60267343,3.59585752970014,0,NA,"Baja","Baja","Baja demanda / Baja oferta"
"13117011002","LO PRADO",1,"13117",3864,96249,353,0.344016392203279,121.437786447758,113,0.269121813031161,0.320113314447592,0.218130311614731,4205899.02375965,37220.3453430057,0.0401458716454197,4.87522578763556,168849.482361451,4.87522578763556,9,0.541691754181729,"Baja","Alta","Baja demanda / Alta oferta"
"13117021002","LO PRADO",1,"13117",2181,96249,353,0.344016392203279,121.437786447758,113,0.269121813031161,0.320113314447592,0.218130311614731,4205899.02375965,37220.3453430057,0.0226599756880591,2.7517772885179,95305.5696248251,2.7517772885179,1,2.7517772885179,"Baja","Baja","Baja demanda / Baja oferta"
"13117021005","LO PRADO",1,"13117",3922,96249,353,0.344016392203279,121.437786447758,113,0.269121813031161,0.320113314447592,0.218130311614731,4205899.02375965,37220.3453430057,0.0407484753088344,4.94840464262595,171383.972521121,4.94840464262595,0,NA,"Baja","Baja","Baja demanda / Baja oferta"
"13117061003","LO PRADO",1,"13117",1834,96249,353,0.344016392203279,121.437786447758,113,0.269121813031161,0.320113314447592,0.218130311614731,4205899.02375965,37220.3453430057,0.0190547434259057,2.31396586297195,80142.3267730074,2.31396586297195,0,NA,"Baja","Baja","Baja demanda / Baja oferta"
"13117011001","LO PRADO",1,"13117",3432,96249,353,0.344016392203279,121.437786447758,113,0.269121813031161,0.320113314447592,0.218130311614731,4205899.02375965,37220.3453430057,0.0356575133248138,4.33016948839681,149971.900482531,4.33016948839681,3,1.4433898294656,"Baja","Alta","Baja demanda / Alta oferta"
"13117021003","LO PRADO",1,"13117",3091,96249,353,0.344016392203279,121.437786447758,113,0.269121813031161,0.320113314447592,0.218130311614731,4205899.02375965,37220.3453430057,0.0321146193726688,3.89992828922917,135070.84626792,3.89992828922917,0,NA,"Baja","Baja","Baja demanda / Baja oferta"
"13117031006","LO PRADO",1,"13117",2450,96249,353,0.344016392203279,121.437786447758,113,0.269121813031161,0.320113314447592,0.218130311614731,4205899.02375965,37220.3453430057,0.0254548099201031,3.09117577114574,107060.360192949,3.09117577114574,0,NA,"Baja","Baja","Baja demanda / Baja oferta"
"13117061002","LO PRADO",1,"13117",3328,96249,353,0.344016392203279,121.437786447758,113,0.269121813031161,0.320113314447592,0.218130311614731,4205899.02375965,37220.3453430057,0.0345769826180012,4.19895223117266,145427.297437606,4.19895223117266,0,NA,"Baja","Baja","Baja demanda / Baja oferta"
"13117031002","LO PRADO",1,"13117",2303,96249,353,0.344016392203279,121.437786447758,113,0.269121813031161,0.320113314447592,0.218130311614731,4205899.02375965,37220.3453430057,0.0239275213248969,2.90570522487699,100636.738581372,2.90570522487699,6,0.484284204146166,"Baja","Alta","Baja demanda / Alta oferta"
"13117031003","LO PRADO",1,"13117",2485,96249,353,0.344016392203279,121.437786447758,113,0.269121813031161,0.320113314447592,0.218130311614731,4205899.02375965,37220.3453430057,0.0258184500618188,3.13533542501925,108589.793909991,3.13533542501925,0,NA,"Baja","Baja","Baja demanda / Baja oferta"
"13117071003","LO PRADO",1,"13117",2736,96249,353,0.344016392203279,121.437786447758,113,0.269121813031161,0.320113314447592,0.218130311614731,4205899.02375965,37220.3453430057,0.0284262693638375,3.45202322851214,119558.018566493,3.45202322851214,0,NA,"Baja","Baja","Baja demanda / Baja oferta"
"13117051002","LO PRADO",1,"13117",4026,96249,353,0.344016392203279,121.437786447758,113,0.269121813031161,0.320113314447592,0.218130311614731,4205899.02375965,37220.3453430057,0.0418290060156469,5.0796218998501,175928.575566046,5.0796218998501,0,NA,"Baja","Baja","Baja demanda / Baja oferta"
"13117071004","LO PRADO",1,"13117",2836,96249,353,0.344016392203279,121.437786447758,113,0.269121813031161,0.320113314447592,0.218130311614731,4205899.02375965,37220.3453430057,0.0294652411973111,3.57819366815074,123927.829186613,3.57819366815074,0,NA,"Baja","Baja","Baja demanda / Baja oferta"
"13117051004","LO PRADO",1,"13117",4012,96249,353,0.344016392203279,121.437786447758,113,0.269121813031161,0.320113314447592,0.218130311614731,4205899.02375965,37220.3453430057,0.0416835499589606,5.06195803830069,175316.802079229,5.06195803830069,0,NA,"Baja","Baja","Baja demanda / Baja oferta"
"13117051001","LO PRADO",1,"13117",4222,96249,353,0.344016392203279,121.437786447758,113,0.269121813031161,0.320113314447592,0.218130311614731,4205899.02375965,37220.3453430057,0.0438653908092552,5.32691596154176,184493.404381482,5.32691596154176,0,NA,"Baja","Baja","Baja demanda / Baja oferta"
"13117031004","LO PRADO",1,"13117",2738,96249,353,0.344016392203279,121.437786447758,113,0.269121813031161,0.320113314447592,0.218130311614731,4205899.02375965,37220.3453430057,0.028447048800507,3.45454663730491,119645.414778896,3.45454663730491,6,0.575757772884152,"Baja","Alta","Baja demanda / Alta oferta"
"13117031001","LO PRADO",1,"13117",4081,96249,353,0.344016392203279,121.437786447758,113,0.269121813031161,0.320113314447592,0.218130311614731,4205899.02375965,37220.3453430057,0.0424004405240574,5.14901564165133,178331.971407112,5.14901564165133,0,NA,"Baja","Baja","Baja demanda / Baja oferta"
"13117031005","LO PRADO",1,"13117",3205,96249,353,0.344016392203279,121.437786447758,113,0.269121813031161,0.320113314447592,0.218130311614731,4205899.02375965,37220.3453430057,0.0332990472628287,4.04376259041718,140052.430374858,4.04376259041718,0,NA,"Baja","Baja","Baja demanda / Baja oferta"
"13117051003","LO PRADO",1,"13117",3431,96249,353,0.344016392203279,121.437786447758,113,0.269121813031161,0.320113314447592,0.218130311614731,4205899.02375965,37220.3453430057,0.035647123606479,4.32890778400042,149928.20237633,4.32890778400042,1,4.32890778400042,"Baja","Baja","Baja demanda / Baja oferta"
"13117041002","LO PRADO",1,"13117",2703,96249,353,0.344016392203279,121.437786447758,113,0.269121813031161,0.320113314447592,0.218130311614731,4205899.02375965,37220.3453430057,0.0280834086587913,3.4103869834314,118115.981061853,3.4103869834314,0,NA,"Baja","Baja","Baja demanda / Baja oferta"
"13117041001","LO PRADO",1,"13117",4241,96249,353,0.344016392203279,121.437786447758,113,0.269121813031161,0.320113314447592,0.218130311614731,4205899.02375965,37220.3453430057,0.0440627954576151,5.35088834507309,185323.668399305,5.35088834507309,7,0.764412620724727,"Baja","Alta","Baja demanda / Alta oferta"
"13117041004","LO PRADO",1,"13117",3104,96249,353,0.344016392203279,121.437786447758,113,0.269121813031161,0.320113314447592,0.218130311614731,4205899.02375965,37220.3453430057,0.0322496857110204,3.91633044638219,135638.921648536,3.91633044638219,1,3.91633044638219,"Baja","Baja","Baja demanda / Baja oferta"
"13117041005","LO PRADO",1,"13117",2811,96249,353,0.344016392203279,121.437786447758,113,0.269121813031161,0.320113314447592,0.218130311614731,4205899.02375965,37220.3453430057,0.0292054982389427,3.54665105824109,122835.376531583,3.54665105824109,4,0.886662764560273,"Baja","Alta","Baja demanda / Alta oferta"
"13117071002","LO PRADO",1,"13117",2370,96249,353,0.344016392203279,121.437786447758,113,0.269121813031161,0.320113314447592,0.218130311614731,4205899.02375965,37220.3453430057,0.0246236324533242,2.99023941943486,103564.511696853,2.99023941943486,0,NA,"Baja","Baja","Baja demanda / Baja oferta"
"13117071001","LO PRADO",1,"13117",1148,96249,353,0.344016392203279,121.437786447758,113,0.269121813031161,0.320113314447592,0.218130311614731,4205899.02375965,37220.3453430057,0.0119273966482769,1.44843664705115,50165.4259189818,1.44843664705115,0,NA,"Baja","Baja","Baja demanda / Baja oferta"
"13126021001","QUINTA NORMAL",1,"13126",4199,110026,461,0.367452699939771,169.395694672234,180,0.27114967462039,0.284164859002169,0.288503253796095,7613417.90972688,42296.7661651493,0.0381637067602203,6.46476761791497,290556.248549826,6.46476761791497,0,NA,"Alta","Baja","Alta demanda / Baja oferta"
"13126091003","QUINTA NORMAL",1,"13126",2143,110026,461,0.367452699939771,169.395694672234,180,0.27114967462039,0.284164859002169,0.288503253796095,7613417.90972688,42296.7661651493,0.0194772144765783,3.29935627654008,148288.173527573,3.29935627654008,6,0.549892712756679,"Baja","Alta","Baja demanda / Alta oferta"
"13126091001","QUINTA NORMAL",1,"13126",2725,110026,461,0.367452699939771,169.395694672234,180,0.27114967462039,0.284164859002169,0.288503253796095,7613417.90972688,42296.7661651493,0.0247668732844964,4.19540170488647,188560.556632121,4.19540170488647,1,4.19540170488647,"Baja","Baja","Baja demanda / Baja oferta"
"13126061004","QUINTA NORMAL",1,"13126",3575,110026,461,0.367452699939771,169.395694672234,180,0.27114967462039,0.284164859002169,0.288503253796095,7613417.90972688,42296.7661651493,0.0324923199970916,5.50405911741987,247377.610994434,5.50405911741987,0,NA,"Baja","Baja","Baja demanda / Baja oferta"
"13126021003","QUINTA NORMAL",1,"13126",2915,110026,461,0.367452699939771,169.395694672234,180,0.27114967462039,0.284164859002169,0.288503253796095,7613417.90972688,42296.7661651493,0.0264937378437824,4.48792512651158,201707.898195462,4.48792512651158,2,2.24396256325579,"Baja","Alta","Baja demanda / Alta oferta"
"13126091002","QUINTA NORMAL",1,"13126",4283,110026,461,0.367452699939771,169.395694672234,180,0.27114967462039,0.284164859002169,0.288503253796095,7613417.90972688,42296.7661651493,0.0389271626706415,6.59409376221239,296368.757451514,6.59409376221239,1,6.59409376221239,"Alta","Baja","Alta demanda / Baja oferta"
"13126061001","QUINTA NORMAL",1,"13126",4535,110026,461,0.367452699939771,169.395694672234,180,0.27114967462039,0.284164859002169,0.288503253796095,7613417.90972688,42296.7661651493,0.041217530401905,6.98207219510464,313806.284156576,6.98207219510464,0,NA,"Alta","Baja","Alta demanda / Baja oferta"
"13126091004","QUINTA NORMAL",1,"13126",3962,110026,461,0.367452699939771,169.395694672234,180,0.27114967462039,0.284164859002169,0.288503253796095,7613417.90972688,42296.7661651493,0.036009670441532,6.09988313936154,274156.669862922,6.09988313936154,1,6.09988313936154,"Alta","Baja","Alta demanda / Baja oferta"
"13126081001","QUINTA NORMAL",1,"13126",5822,110026,461,0.367452699939771,169.395694672234,180,0.27114967462039,0.284164859002169,0.288503253796095,7613417.90972688,42296.7661651493,0.052914765600858,8.96353347737579,402862.224114572,8.96353347737579,13,0.689502575182753,"Alta","Alta","Alta demanda / Alta oferta"
"13126021002","QUINTA NORMAL",1,"13126",3154,110026,461,0.367452699939771,169.395694672234,180,0.27114967462039,0.284164859002169,0.288503253796095,7613417.90972688,42296.7661651493,0.0286659516841474,4.85588879897685,218245.869951453,4.85588879897685,0,NA,"Baja","Baja","Baja demanda / Baja oferta"
"13126021005","QUINTA NORMAL",1,"13126",2553,110026,461,0.367452699939771,169.395694672234,180,0.27114967462039,0.284164859002169,0.288503253796095,7613417.90972688,42296.7661651493,0.0232036064203007,3.93059102846795,176658.752690571,3.93059102846795,5,0.78611820569359,"Baja","Alta","Baja demanda / Alta oferta"
"13126021004","QUINTA NORMAL",1,"13126",2809,110026,461,0.367452699939771,169.395694672234,180,0.27114967462039,0.284164859002169,0.288503253796095,7613417.90972688,42296.7661651493,0.0255303291949176,4.32472784918389,194373.065533808,4.32472784918389,0,NA,"Baja","Baja","Baja demanda / Baja oferta"
"13126041001","QUINTA NORMAL",1,"13126",4146,110026,461,0.367452699939771,169.395694672234,180,0.27114967462039,0.284164859002169,0.288503253796095,7613417.90972688,42296.7661651493,0.0376820024357879,6.38316897925112,286888.832219,6.38316897925112,3,2.12772299308371,"Alta","Alta","Alta demanda / Alta oferta"
"13126021006","QUINTA NORMAL",1,"13126",127,110026,461,0.367452699939771,169.395694672234,180,0.27114967462039,0.284164859002169,0.288503253796095,7613417.90972688,42296.7661651493,0.00115427262647011,0.195528813402048,8787.959887075,0.195528813402048,0,NA,"Baja","Baja","Baja demanda / Baja oferta"
"13126011001","QUINTA NORMAL",1,"13126",3474,110026,461,0.367452699939771,169.395694672234,180,0.27114967462039,0.284164859002169,0.288503253796095,7613417.90972688,42296.7661651493,0.0315743551524185,5.34855982487178,240388.7610055,5.34855982487178,8,0.668569978108973,"Baja","Alta","Baja demanda / Alta oferta"
"13126041002","QUINTA NORMAL",1,"13126",2166,110026,461,0.367452699939771,169.395694672234,180,0.27114967462039,0.284164859002169,0.288503253796095,7613417.90972688,42296.7661651493,0.0196862559758602,3.33476700652627,149879.693822082,3.33476700652627,1,3.33476700652627,"Baja","Baja","Baja demanda / Baja oferta"
"13126011002","QUINTA NORMAL",1,"13126",3404,110026,461,0.367452699939771,169.395694672234,180,0.27114967462039,0.284164859002169,0.288503253796095,7613417.90972688,42296.7661651493,0.0309381418937342,5.24078803795727,235545.003587428,5.24078803795727,13,0.403137541381328,"Baja","Alta","Baja demanda / Alta oferta"
"13126081003","QUINTA NORMAL",1,"13126",5206,110026,461,0.367452699939771,169.395694672234,180,0.27114967462039,0.284164859002169,0.288503253796095,7613417.90972688,42296.7661651493,0.047316088924436,8.01514175252806,360237.158835531,8.01514175252806,7,1.14502025036115,"Alta","Alta","Alta demanda / Alta oferta"
"13126011003","QUINTA NORMAL",1,"13126",2084,110026,461,0.367452699939771,169.395694672234,180,0.27114967462039,0.284164859002169,0.288503253796095,7613417.90972688,42296.7661651493,0.0189409775871158,3.2085200561407,144205.577989483,3.2085200561407,18,0.178251114230039,"Baja","Alta","Baja demanda / Alta oferta"
"13126031003","QUINTA NORMAL",1,"13126",4508,110026,461,0.367452699939771,169.395694672234,180,0.27114967462039,0.284164859002169,0.288503253796095,7613417.90972688,42296.7661651493,0.0409721338592696,6.94050307729476,311937.977723891,6.94050307729476,0,NA,"Alta","Baja","Alta demanda / Baja oferta"
"13126071001","QUINTA NORMAL",1,"13126",4914,110026,461,0.367452699939771,169.395694672234,180,0.27114967462039,0.284164859002169,0.288503253796095,7613417.90972688,42296.7661651493,0.0446621707596386,7.56557944139894,340031.770748713,7.56557944139894,4,1.89139486034974,"Alta","Alta","Alta demanda / Alta oferta"
"13126071002","QUINTA NORMAL",1,"13126",3743,110026,461,0.367452699939771,169.395694672234,180,0.27114967462039,0.284164859002169,0.288503253796095,7613417.90972688,42296.7661651493,0.0340192318179339,5.7627114060147,259002.628797809,5.7627114060147,22,0.261941427546123,"Baja","Alta","Baja demanda / Alta oferta"
"13126061002","QUINTA NORMAL",1,"13126",4638,110026,461,0.367452699939771,169.395694672234,180,0.27114967462039,0.284164859002169,0.288503253796095,7613417.90972688,42296.7661651493,0.0421536727682548,7.14065068156457,320933.527214597,7.14065068156457,13,0.549280821658813,"Alta","Alta","Alta demanda / Alta oferta"
"13126031002","QUINTA NORMAL",1,"13126",4647,110026,461,0.367452699939771,169.395694672234,180,0.27114967462039,0.284164859002169,0.288503253796095,7613417.90972688,42296.7661651493,0.0422354716157999,7.15450705416786,321556.296025492,7.15450705416786,12,0.596208921180655,"Alta","Alta","Alta demanda / Alta oferta"
"13126061003","QUINTA NORMAL",1,"13126",2457,110026,461,0.367452699939771,169.395694672234,180,0.27114967462039,0.284164859002169,0.288503253796095,7613417.90972688,42296.7661651493,0.0223310853798193,3.78278972069947,170015.885374357,3.78278972069947,0,NA,"Baja","Baja","Baja demanda / Baja oferta"
"13126051002","QUINTA NORMAL",1,"13126",5460,110026,461,0.367452699939771,169.395694672234,180,0.27114967462039,0.284164859002169,0.288503253796095,7613417.90972688,42296.7661651493,0.0496246341773763,8.40619937933216,377813.078609681,8.40619937933216,6,1.40103322988869,"Alta","Alta","Alta demanda / Alta oferta"
"13126051001","QUINTA NORMAL",1,"13126",5742,110026,461,0.367452699939771,169.395694672234,180,0.27114967462039,0.284164859002169,0.288503253796095,7613417.90972688,42296.7661651493,0.0521876647337902,8.84036572090206,397326.50135106,8.84036572090206,1,8.84036572090206,"Alta","Baja","Alta demanda / Baja oferta"
"13126031001","QUINTA NORMAL",1,"13126",5396,110026,461,0.367452699939771,169.395694672234,180,0.27114967462039,0.284164859002169,0.288503253796095,7613417.90972688,42296.7661651493,0.049042953483722,8.30766517415317,373384.500398872,8.30766517415317,1,8.30766517415317,"Alta","Baja","Alta demanda / Baja oferta"
"13119211001","MAIPÚ",1,"13119",3548,521627,2156,0.374540184138306,807.508637002187,879,0.26669758812616,0.343228200371058,0.285250463821892,37377991.1631458,42523.3119034651,0.00680179515247485,5.49250833274305,254237.439102733,5.49250833274305,10,0.549250833274305,"Baja","Alta","Baja demanda / Alta oferta"
"13126081002","QUINTA NORMAL",1,"13126",4997,110026,461,0.367452699939771,169.395694672234,180,0.27114967462039,0.284164859002169,0.288503253796095,7613417.90972688,42296.7661651493,0.0454165379092215,7.69336598874044,345775.083115857,7.69336598874044,2,3.84668299437022,"Alta","Alta","Alta demanda / Alta oferta"
"13119201009","MAIPÚ",1,"13119",5253,521627,2156,0.374540184138306,807.508637002187,879,0.26669758812616,0.343228200371058,0.285250463821892,37377991.1631458,42523.3119034651,0.0100704142998733,8.13194652533801,376411.85670988,8.13194652533801,1,8.13194652533801,"Alta","Baja","Alta demanda / Baja oferta"
"13119201006","MAIPÚ",1,"13119",4449,521627,2156,0.374540184138306,807.508637002187,879,0.26669758812616,0.343228200371058,0.285250463821892,37377991.1631458,42523.3119034651,0.00852908304209713,6.88730822220232,318799.990577243,6.88730822220232,0,NA,"Alta","Baja","Alta demanda / Baja oferta"
"13119201007","MAIPÚ",1,"13119",4461,521627,2156,0.374540184138306,807.508637002187,879,0.26669758812616,0.343228200371058,0.285250463821892,37377991.1631458,42523.3119034651,0.00855208798624304,6.9058849132939,319659.869176238,6.9058849132939,0,NA,"Alta","Baja","Alta demanda / Baja oferta"
"13119201001","MAIPÚ",1,"13119",3774,521627,2156,0.374540184138306,807.508637002187,879,0.26669758812616,0.343228200371058,0.285250463821892,37377991.1631458,42523.3119034651,0.00723505493388954,5.84236934830109,270431.819383798,5.84236934830109,0,NA,"Baja","Baja","Baja demanda / Baja oferta"
"13119201008","MAIPÚ",1,"13119",5118,521627,2156,0.374540184138306,807.508637002187,879,0.26669758812616,0.343228200371058,0.285250463821892,37377991.1631458,42523.3119034651,0.00981160867823176,7.92295875055776,366738.222471191,7.92295875055776,5,1.58459175011155,"Alta","Alta","Alta demanda / Alta oferta"
"13119221001","MAIPÚ",1,"13119",2850,521627,2156,0.374540184138306,807.508637002187,879,0.26669758812616,0.343228200371058,0.285250463821892,37377991.1631458,42523.3119034651,0.00546367423465426,4.41196413424963,204221.167261214,4.41196413424963,0,NA,"Baja","Baja","Baja demanda / Baja oferta"
"13119201011","MAIPÚ",1,"13119",4308,521627,2156,0.374540184138306,807.508637002187,879,0.26669758812616,0.343228200371058,0.285250463821892,37377991.1631458,42523.3119034651,0.00825877494838266,6.66903210187629,308696.417039057,6.66903210187629,11,0.606275645625117,"Alta","Alta","Alta demanda / Alta oferta"
"13119211002","MAIPÚ",1,"13119",2294,521627,2156,0.374540184138306,807.508637002187,879,0.26669758812616,0.343228200371058,0.285250463821892,37377991.1631458,42523.3119034651,0.00439777848922698,3.55124411367321,164380.125507799,3.55124411367321,0,NA,"Baja","Baja","Baja demanda / Baja oferta"
"13119221002","MAIPÚ",1,"13119",3571,521627,2156,0.374540184138306,807.508637002187,879,0.26669758812616,0.343228200371058,0.285250463821892,37377991.1631458,42523.3119034651,0.00684588796208785,5.52811365733524,255885.539750806,5.52811365733524,2,2.76405682866762,"Baja","Alta","Baja demanda / Alta oferta"
"13119221003","MAIPÚ",1,"13119",4028,521627,2156,0.374540184138306,807.508637002187,879,0.26669758812616,0.343228200371058,0.285250463821892,37377991.1631458,42523.3119034651,0.00772199291831136,6.23557597640615,288632.583062516,6.23557597640615,6,1.03926266273436,"Alta","Alta","Alta demanda / Alta oferta"
"13119201003","MAIPÚ",1,"13119",3958,521627,2156,0.374540184138306,807.508637002187,879,0.26669758812616,0.343228200371058,0.285250463821892,37377991.1631458,42523.3119034651,0.00758779741079354,6.12721194503862,283616.624568381,6.12721194503862,0,NA,"Alta","Baja","Alta demanda / Baja oferta"
"13119211003","MAIPÚ",1,"13119",4464,521627,2156,0.374540184138306,807.508637002187,879,0.26669758812616,0.343228200371058,0.285250463821892,37377991.1631458,42523.3119034651,0.00855783922227952,6.9105290860668,319874.838825986,6.9105290860668,3,2.3035096953556,"Alta","Alta","Alta demanda / Alta oferta"
"13119141012","MAIPÚ",1,"13119",2712,521627,2156,0.374540184138306,807.508637002187,879,0.26669758812616,0.343228200371058,0.285250463821892,37377991.1631458,42523.3119034651,0.00519911737697627,4.19833218669649,194332.563372777,4.19833218669649,1,4.19833218669649,"Baja","Baja","Baja demanda / Baja oferta"
"13119221004","MAIPÚ",1,"13119",3282,521627,2156,0.374540184138306,807.508637002187,879,0.26669758812616,0.343228200371058,0.285250463821892,37377991.1631458,42523.3119034651,0.00629185222390712,5.08072501354642,235176.79682502,5.08072501354642,0,NA,"Baja","Baja","Baja demanda / Baja oferta"
"13119021010","MAIPÚ",1,"13119",5100,521627,2156,0.374540184138306,807.508637002187,879,0.26669758812616,0.343228200371058,0.285250463821892,37377991.1631458,42523.3119034651,0.00977710126201289,7.8950937139204,365448.404572699,7.8950937139204,6,1.31584895232007,"Alta","Alta","Alta demanda / Alta oferta"
"13119201005","MAIPÚ",1,"13119",2638,521627,2156,0.374540184138306,807.508637002187,879,0.26669758812616,0.343228200371058,0.285250463821892,37377991.1631458,42523.3119034651,0.00505725355474314,4.0837759249651,189029.978678977,4.0837759249651,15,0.272251728331007,"Baja","Alta","Baja demanda / Alta oferta"
"13119071008","MAIPÚ",1,"13119",4420,521627,2156,0.374540184138306,807.508637002187,879,0.26669758812616,0.343228200371058,0.285250463821892,37377991.1631458,42523.3119034651,0.00847348776041118,6.84241455206435,316721.950629673,6.84241455206435,0,NA,"Alta","Baja","Alta demanda / Baja oferta"
"13119211004","MAIPÚ",1,"13119",3112,521627,2156,0.374540184138306,807.508637002187,879,0.26669758812616,0.343228200371058,0.285250463821892,37377991.1631458,42523.3119034651,0.00596594884850669,4.81755522308241,222995.183339263,4.81755522308241,0,NA,"Baja","Baja","Baja demanda / Baja oferta"
"13119121003","MAIPÚ",1,"13119",4945,521627,2156,0.374540184138306,807.508637002187,879,0.26669758812616,0.343228200371058,0.285250463821892,37377991.1631458,42523.3119034651,0.00947995406679485,7.65514478732086,354341.639335686,7.65514478732086,8,0.956893098415107,"Alta","Alta","Alta demanda / Alta oferta"
"13119211005","MAIPÚ",1,"13119",4059,521627,2156,0.374540184138306,807.508637002187,879,0.26669758812616,0.343228200371058,0.285250463821892,37377991.1631458,42523.3119034651,0.00778142235735497,6.28356576172606,290853.936109919,6.28356576172606,5,1.25671315234521,"Alta","Alta","Alta demanda / Alta oferta"
"13119141001","MAIPÚ",1,"13119",4494,521627,2156,0.374540184138306,807.508637002187,879,0.26669758812616,0.343228200371058,0.285250463821892,37377991.1631458,42523.3119034651,0.0086153515826443,6.95697081379574,322024.535323473,6.95697081379574,6,1.15949513563262,"Alta","Alta","Alta demanda / Alta oferta"
"13119141003","MAIPÚ",1,"13119",4752,521627,2156,0.374540184138306,807.508637002187,879,0.26669758812616,0.343228200371058,0.285250463821892,37377991.1631458,42523.3119034651,0.00910995788178143,7.35636967226465,340511.925201856,7.35636967226465,6,1.22606161204411,"Alta","Alta","Alta demanda / Alta oferta"
"13119021003","MAIPÚ",1,"13119",4740,521627,2156,0.374540184138306,807.508637002187,879,0.26669758812616,0.343228200371058,0.285250463821892,37377991.1631458,42523.3119034651,0.00908695293763551,7.33779298117308,339652.046602862,7.33779298117308,1,7.33779298117308,"Alta","Baja","Alta demanda / Baja oferta"
"13119021007","MAIPÚ",1,"13119",3347,521627,2156,0.374540184138306,807.508637002187,879,0.26669758812616,0.343228200371058,0.285250463821892,37377991.1631458,42523.3119034651,0.00641646233803082,5.18134875695913,239834.472569574,5.18134875695913,10,0.518134875695913,"Baja","Alta","Baja demanda / Alta oferta"
"13119021008","MAIPÚ",1,"13119",4305,521627,2156,0.374540184138306,807.508637002187,879,0.26669758812616,0.343228200371058,0.285250463821892,37377991.1631458,42523.3119034651,0.00825302371234618,6.66438792910339,308481.447389308,6.66438792910339,0,NA,"Alta","Baja","Alta demanda / Baja oferta"
"13119021005","MAIPÚ",1,"13119",5306,521627,2156,0.374540184138306,807.508637002187,879,0.26669758812616,0.343228200371058,0.285250463821892,37377991.1631458,42523.3119034651,0.0101720194698511,8.21399357765914,380209.65385544,8.21399357765914,10,0.821399357765914,"Alta","Alta","Alta demanda / Alta oferta"
"13119141007","MAIPÚ",1,"13119",4592,521627,2156,0.374540184138306,807.508637002187,879,0.26669758812616,0.343228200371058,0.285250463821892,37377991.1631458,42523.3119034651,0.00880322529316926,7.10868045771029,329046.877215262,7.10868045771029,1,7.10868045771029,"Alta","Baja","Alta demanda / Baja oferta"
"13119141004","MAIPÚ",1,"13119",5299,521627,2156,0.374540184138306,807.508637002187,879,0.26669758812616,0.343228200371058,0.285250463821892,37377991.1631458,42523.3119034651,0.0101585999190993,8.20315717452239,379708.058006026,8.20315717452239,1,8.20315717452239,"Alta","Baja","Alta demanda / Baja oferta"
"13119021004","MAIPÚ",1,"13119",5176,521627,2156,0.374540184138306,807.508637002187,879,0.26669758812616,0.343228200371058,0.285250463821892,37377991.1631458,42523.3119034651,0.00992279924160367,8.01274609083372,370894.302366332,8.01274609083372,2,4.00637304541686,"Alta","Alta","Alta demanda / Alta oferta"
"13119141005","MAIPÚ",1,"13119",2198,521627,2156,0.374540184138306,807.508637002187,879,0.26669758812616,0.343228200371058,0.285250463821892,37377991.1631458,42523.3119034651,0.00421373893605967,3.4026305849406,157501.096715842,3.4026305849406,7,0.486090083562942,"Baja","Alta","Baja demanda / Alta oferta"
"13119111003","MAIPÚ",1,"13119",2810,521627,2156,0.374540184138306,807.508637002187,879,0.26669758812616,0.343228200371058,0.285250463821892,37377991.1631458,42523.3119034651,0.00538699108750122,4.35004183061104,201354.905264566,4.35004183061104,0,NA,"Baja","Baja","Baja demanda / Baja oferta"
"13119011001","MAIPÚ",1,"13119",2649,521627,2156,0.374540184138306,807.508637002187,879,0.26669758812616,0.343228200371058,0.285250463821892,37377991.1631458,42523.3119034651,0.00507834142021023,4.10080455846571,189818.200728055,4.10080455846571,56,0.0732286528297449,"Baja","Alta","Baja demanda / Alta oferta"
"13119141008","MAIPÚ",1,"13119",3809,521627,2156,0.374540184138306,807.508637002187,879,0.26669758812616,0.343228200371058,0.285250463821892,37377991.1631458,42523.3119034651,0.00730215268764845,5.89655136398486,272939.798630865,5.89655136398486,0,NA,"Baja","Baja","Baja demanda / Baja oferta"
"13119141009","MAIPÚ",1,"13119",6274,521627,2156,0.374540184138306,807.508637002187,879,0.26669758812616,0.343228200371058,0.285250463821892,37377991.1631458,42523.3119034651,0.0120277516309547,9.71251332571305,449573.194174337,9.71251332571305,1,9.71251332571305,"Alta","Baja","Alta demanda / Baja oferta"
"13119141002","MAIPÚ",1,"13119",4763,521627,2156,0.374540184138306,807.508637002187,879,0.26669758812616,0.343228200371058,0.285250463821892,37377991.1631458,42523.3119034651,0.00913104574724851,7.37339830576527,341300.147250935,7.37339830576527,0,NA,"Alta","Baja","Alta demanda / Baja oferta"
"13119021009","MAIPÚ",1,"13119",5129,521627,2156,0.374540184138306,807.508637002187,879,0.26669758812616,0.343228200371058,0.285250463821892,37377991.1631458,42523.3119034651,0.00983269654369885,7.93998738405838,367526.44452027,7.93998738405838,0,NA,"Alta","Baja","Alta demanda / Baja oferta"
"13119111001","MAIPÚ",1,"13119",2602,521627,2156,0.374540184138306,807.508637002187,879,0.26669758812616,0.343228200371058,0.285250463821892,37377991.1631458,42523.3119034651,0.0049882387223054,4.02804585169037,186450.342881993,4.02804585169037,0,NA,"Baja","Baja","Baja demanda / Baja oferta"
"13119101001","MAIPÚ",1,"13119",5271,521627,2156,0.374540184138306,807.508637002187,879,0.26669758812616,0.343228200371058,0.285250463821892,37377991.1631458,42523.3119034651,0.0101049217160922,8.15981156197538,377701.674608372,8.15981156197538,47,0.173613011956923,"Alta","Alta","Alta demanda / Alta oferta"
"13119011002","MAIPÚ",1,"13119",4740,521627,2156,0.374540184138306,807.508637002187,879,0.26669758812616,0.343228200371058,0.285250463821892,37377991.1631458,42523.3119034651,0.00908695293763551,7.33779298117308,339652.046602862,7.33779298117308,16,0.458612061323317,"Alta","Alta","Alta demanda / Alta oferta"
"13119021006","MAIPÚ",1,"13119",5450,521627,2156,0.374540184138306,807.508637002187,879,0.26669758812616,0.343228200371058,0.285250463821892,37377991.1631458,42523.3119034651,0.010448078799602,8.43691387075807,390528.197043375,8.43691387075807,2,4.21845693537904,"Alta","Alta","Alta demanda / Alta oferta"
"13119071014","MAIPÚ",1,"13119",4076,521627,2156,0.374540184138306,807.508637002187,879,0.26669758812616,0.343228200371058,0.285250463821892,37377991.1631458,42523.3119034651,0.00781401269489501,6.30988274077246,292072.097458495,6.30988274077246,0,NA,"Alta","Baja","Alta demanda / Baja oferta"
"13119121002","MAIPÚ",1,"13119",2576,521627,2156,0.374540184138306,807.508637002187,879,0.26669758812616,0.343228200371058,0.285250463821892,37377991.1631458,42523.3119034651,0.00493839467665592,3.98779635432528,184587.272584171,3.98779635432528,0,NA,"Baja","Baja","Baja demanda / Baja oferta"
"13119111002","MAIPÚ",1,"13119",5025,521627,2156,0.374540184138306,807.508637002187,879,0.26669758812616,0.343228200371058,0.285250463821892,37377991.1631458,42523.3119034651,0.00963332036110094,7.77898939459804,360074.163328983,7.77898939459804,1,7.77898939459804,"Alta","Baja","Alta demanda / Baja oferta"
"13119021001","MAIPÚ",1,"13119",4203,521627,2156,0.374540184138306,807.508637002187,879,0.26669758812616,0.343228200371058,0.285250463821892,37377991.1631458,42523.3119034651,0.00805748168710592,6.50648605482499,301172.479297854,6.50648605482499,2,3.25324302741249,"Alta","Alta","Alta demanda / Alta oferta"
"13119091001","MAIPÚ",1,"13119",3361,521627,2156,0.374540184138306,807.508637002187,879,0.26669758812616,0.343228200371058,0.285250463821892,37377991.1631458,42523.3119034651,0.00644330143953438,5.20302156323264,240837.664268401,5.20302156323264,31,0.167839405265569,"Baja","Alta","Baja demanda / Alta oferta"
"13119071015","MAIPÚ",1,"13119",4087,521627,2156,0.374540184138306,807.508637002187,879,0.26669758812616,0.343228200371058,0.285250463821892,37377991.1631458,42523.3119034651,0.0078351005603621,6.32691137427307,292860.319507573,6.32691137427307,0,NA,"Alta","Baja","Alta demanda / Baja oferta"
"13119011005","MAIPÚ",1,"13119",2201,521627,2156,0.374540184138306,807.508637002187,879,0.26669758812616,0.343228200371058,0.285250463821892,37377991.1631458,42523.3119034651,0.00421949017209615,3.40727475771349,157716.06636559,3.40727475771349,19,0.179330250405973,"Baja","Alta","Baja demanda / Alta oferta"
"13119011003","MAIPÚ",1,"13119",2477,521627,2156,0.374540184138306,807.508637002187,879,0.26669758812616,0.343228200371058,0.285250463821892,37377991.1631458,42523.3119034651,0.00474860388745215,3.83453865281977,177493.274142466,3.83453865281977,3,1.27817955093992,"Baja","Alta","Baja demanda / Alta oferta"
"13119101002","MAIPÚ",1,"13119",3265,521627,2156,0.374540184138306,807.508637002187,879,0.26669758812616,0.343228200371058,0.285250463821892,37377991.1631458,42523.3119034651,0.00625926188636708,5.05440803450002,233958.635476444,5.05440803450002,29,0.174289932224139,"Baja","Alta","Baja demanda / Alta oferta"
"13119071002","MAIPÚ",1,"13119",5327,521627,2156,0.374540184138306,807.508637002187,879,0.26669758812616,0.343228200371058,0.285250463821892,37377991.1631458,42523.3119034651,0.0102122781221064,8.2465027870694,381714.44140368,8.2465027870694,0,NA,"Alta","Baja","Alta demanda / Baja oferta"
"13119021002","MAIPÚ",1,"13119",3414,521627,2156,0.374540184138306,807.508637002187,879,0.26669758812616,0.343228200371058,0.285250463821892,37377991.1631458,42523.3119034651,0.00654490660951216,5.28506861555377,244635.46141396,5.28506861555377,2,2.64253430777689,"Baja","Alta","Baja demanda / Alta oferta"
"13119071003","MAIPÚ",1,"13119",4808,521627,2156,0.374540184138306,807.508637002187,879,0.26669758812616,0.343228200371058,0.285250463821892,37377991.1631458,42523.3119034651,0.00921731428779569,7.44306089735868,344524.691997165,7.44306089735868,0,NA,"Alta","Baja","Alta demanda / Baja oferta"
"13119071010","MAIPÚ",1,"13119",5347,521627,2156,0.374540184138306,807.508637002187,879,0.26669758812616,0.343228200371058,0.285250463821892,37377991.1631458,42523.3119034651,0.0102506196956829,8.2774639388887,383147.572402005,8.2774639388887,0,NA,"Alta","Baja","Alta demanda / Baja oferta"
"13119071012","MAIPÚ",1,"13119",4597,521627,2156,0.374540184138306,807.508637002187,879,0.26669758812616,0.343228200371058,0.285250463821892,37377991.1631458,42523.3119034651,0.00881281068656339,7.11642074566511,329405.159964843,7.11642074566511,0,NA,"Alta","Baja","Alta demanda / Baja oferta"
"13119071011","MAIPÚ",1,"13119",4393,521627,2156,0.374540184138306,807.508637002187,879,0.26669758812616,0.343228200371058,0.285250463821892,37377991.1631458,42523.3119034651,0.00842172663608287,6.8006169971083,314787.223781935,6.8006169971083,1,6.8006169971083,"Alta","Baja","Alta demanda / Baja oferta"
"13119151001","MAIPÚ",1,"13119",1321,521627,2156,0.374540184138306,807.508637002187,879,0.26669758812616,0.343228200371058,0.285250463821892,37377991.1631458,42523.3119034651,0.00253246093472922,2.04498407766448,94658.3024393208,2.04498407766448,0,NA,"Baja","Baja","Baja demanda / Baja oferta"
"13119041001","MAIPÚ",1,"13119",440,521627,2156,0.374540184138306,807.508637002187,879,0.26669758812616,0.343228200371058,0.285250463821892,37377991.1631458,42523.3119034651,0.000843514618683465,0.681145340024505,31528.8819631349,0.681145340024505,5,0.136229068004901,"Baja","Alta","Baja demanda / Alta oferta"
"13119031001","MAIPÚ",1,"13119",2708,521627,2156,0.374540184138306,807.508637002187,879,0.26669758812616,0.343228200371058,0.285250463821892,37377991.1631458,42523.3119034651,0.00519144906226096,4.19213995633264,194045.937173112,4.19213995633264,10,0.419213995633264,"Baja","Alta","Baja demanda / Alta oferta"
"13125011003","QUILICURA",1,"13125",3237,210410,818,0.34338151239067,280.886077135568,274,0.332518337408313,0.311735941320293,0.226161369193154,11336456.4376851,41373.9286046903,0.0153842497980134,4.32122157543764,174402.877661645,4.32122157543764,7,0.617317367919663,"Baja","Alta","Baja demanda / Alta oferta"
"13125011007","QUILICURA",1,"13125",9046,210410,818,0.34338151239067,280.886077135568,274,0.332518337408313,0.311735941320293,0.226161369193154,11336456.4376851,41373.9286046903,0.042992253219904,12.0759253541578,487379.805785371,12.0759253541578,0,NA,"Alta","Baja","Alta demanda / Baja oferta"
"13119131001","MAIPÚ",1,"13119",2153,521627,2156,0.374540184138306,807.508637002187,879,0.26669758812616,0.343228200371058,0.285250463821892,37377991.1631458,42523.3119034651,0.0041274703955125,3.33296799334718,154276.551969612,3.33296799334718,0,NA,"Baja","Baja","Baja demanda / Baja oferta"
"13119031004","MAIPÚ",1,"13119",3017,521627,2156,0.374540184138306,807.508637002187,879,0.26669758812616,0.343228200371058,0.285250463821892,37377991.1631458,42523.3119034651,0.00578382637401822,4.67048975194075,216187.811097222,4.67048975194075,7,0.667212821705822,"Baja","Alta","Baja demanda / Alta oferta"
"13119031003","MAIPÚ",1,"13119",2867,521627,2156,0.374540184138306,807.508637002187,879,0.26669758812616,0.343228200371058,0.285250463821892,37377991.1631458,42523.3119034651,0.00549626457219431,4.43828111329604,205439.32860979,4.43828111329604,5,0.887656222659207,"Baja","Alta","Baja demanda / Alta oferta"
"13119071009","MAIPÚ",1,"13119",5508,521627,2156,0.374540184138306,807.508637002187,879,0.26669758812616,0.343228200371058,0.285250463821892,37377991.1631458,42523.3119034651,0.0105592693629739,8.52670121103403,394684.276938515,8.52670121103403,0,NA,"Alta","Baja","Alta demanda / Baja oferta"
"13119071007","MAIPÚ",1,"13119",4293,521627,2156,0.374540184138306,807.508637002187,879,0.26669758812616,0.343228200371058,0.285250463821892,37377991.1631458,42523.3119034651,0.00823001876820027,6.64581123801182,307621.568790313,6.64581123801182,0,NA,"Alta","Baja","Alta demanda / Baja oferta"
"13119071001","MAIPÚ",1,"13119",4200,521627,2156,0.374540184138306,807.508637002187,879,0.26669758812616,0.343228200371058,0.285250463821892,37377991.1631458,42523.3119034651,0.00805173045106944,6.50184188205209,300957.509648105,6.50184188205209,0,NA,"Alta","Baja","Alta demanda / Baja oferta"
"13119071013","MAIPÚ",1,"13119",5464,521627,2156,0.374540184138306,807.508637002187,879,0.26669758812616,0.343228200371058,0.285250463821892,37377991.1631458,42523.3119034651,0.0104749179011056,8.45858667703158,391531.388742202,8.45858667703158,0,NA,"Alta","Baja","Alta demanda / Baja oferta"
"13119091002","MAIPÚ",1,"13119",4267,521627,2156,0.374540184138306,807.508637002187,879,0.26669758812616,0.343228200371058,0.285250463821892,37377991.1631458,42523.3119034651,0.00818017472255079,6.60556174064673,305758.498492492,6.60556174064673,13,0.508120133895902,"Alta","Alta","Alta demanda / Alta oferta"
"13119081003","MAIPÚ",1,"13119",4130,521627,2156,0.374540184138306,807.508637002187,879,0.26669758812616,0.343228200371058,0.285250463821892,37377991.1631458,42523.3119034651,0.00791753494355162,6.39347785068456,295941.55115397,6.39347785068456,2,3.19673892534228,"Alta","Alta","Alta demanda / Alta oferta"
"13119081004","MAIPÚ",1,"13119",3263,521627,2156,0.374540184138306,807.508637002187,879,0.26669758812616,0.343228200371058,0.285250463821892,37377991.1631458,42523.3119034651,0.00625542772900943,5.05131191931809,233815.322376611,5.05131191931809,0,NA,"Baja","Baja","Baja demanda / Baja oferta"
"13119171004","MAIPÚ",1,"13119",4401,521627,2156,0.374540184138306,807.508637002187,879,0.26669758812616,0.343228200371058,0.285250463821892,37377991.1631458,42523.3119034651,0.00843706326551348,6.81300145783601,315360.476181265,6.81300145783601,1,6.81300145783601,"Alta","Baja","Alta demanda / Baja oferta"
"13119171001","MAIPÚ",1,"13119",5543,521627,2156,0.374540184138306,807.508637002187,879,0.26669758812616,0.343228200371058,0.285250463821892,37377991.1631458,42523.3119034651,0.0106263671167328,8.5808832267178,397192.256185583,8.5808832267178,0,NA,"Alta","Baja","Alta demanda / Baja oferta"
"13119061001","MAIPÚ",1,"13119",4723,521627,2156,0.374540184138306,807.508637002187,879,0.26669758812616,0.343228200371058,0.285250463821892,37377991.1631458,42523.3119034651,0.00905436260009547,7.31147600212667,338433.885254286,7.31147600212667,10,0.731147600212667,"Alta","Alta","Alta demanda / Alta oferta"
"13119031005","MAIPÚ",1,"13119",2327,521627,2156,0.374540184138306,807.508637002187,879,0.26669758812616,0.343228200371058,0.285250463821892,37377991.1631458,42523.3119034651,0.00446104208562824,3.60233001417505,166744.791655034,3.60233001417505,1,3.60233001417505,"Baja","Baja","Baja demanda / Baja oferta"
"13119031002","MAIPÚ",1,"13119",2885,521627,2156,0.374540184138306,807.508637002187,879,0.26669758812616,0.343228200371058,0.285250463821892,37377991.1631458,42523.3119034651,0.00553077198841318,4.4661461499334,206729.146508282,4.4661461499334,0,NA,"Baja","Baja","Baja demanda / Baja oferta"
"13119181003","MAIPÚ",1,"13119",2995,521627,2156,0.374540184138306,807.508637002187,879,0.26669758812616,0.343228200371058,0.285250463821892,37377991.1631458,42523.3119034651,0.00574165064308404,4.63643248493953,214611.366999066,4.63643248493953,2,2.31821624246976,"Baja","Alta","Baja demanda / Alta oferta"
"13119181001","MAIPÚ",1,"13119",3454,521627,2156,0.374540184138306,807.508637002187,879,0.26669758812616,0.343228200371058,0.285250463821892,37377991.1631458,42523.3119034651,0.0066215897566652,5.34699091919236,247501.723410609,5.34699091919236,0,NA,"Baja","Baja","Baja demanda / Baja oferta"
"13119181004","MAIPÚ",1,"13119",5093,521627,2156,0.374540184138306,807.508637002187,879,0.26669758812616,0.343228200371058,0.285250463821892,37377991.1631458,42523.3119034651,0.00976368171126111,7.88425731078364,364946.808723286,7.88425731078364,0,NA,"Alta","Baja","Alta demanda / Baja oferta"
"13119051001","MAIPÚ",1,"13119",88,521627,2156,0.374540184138306,807.508637002187,879,0.26669758812616,0.343228200371058,0.285250463821892,37377991.1631458,42523.3119034651,0.000168702923736693,0.136229068004901,6305.77639262697,0.136229068004901,4,0.0340572670012252,"Baja","Alta","Baja demanda / Alta oferta"
"13119181008","MAIPÚ",1,"13119",4885,521627,2156,0.374540184138306,807.508637002187,879,0.26669758812616,0.343228200371058,0.285250463821892,37377991.1631458,42523.3119034651,0.00936492934606529,7.56226133186297,350042.246340713,7.56226133186297,2,3.78113066593148,"Alta","Alta","Alta demanda / Alta oferta"
"13119181006","MAIPÚ",1,"13119",4362,521627,2156,0.374540184138306,807.508637002187,879,0.26669758812616,0.343228200371058,0.285250463821892,37377991.1631458,42523.3119034651,0.00836229719703926,6.75262721178839,312565.870734532,6.75262721178839,6,1.1254378686314,"Alta","Alta","Alta demanda / Alta oferta"
"13119161001","MAIPÚ",1,"13119",4468,521627,2156,0.374540184138306,807.508637002187,879,0.26669758812616,0.343228200371058,0.285250463821892,37377991.1631458,42523.3119034651,0.00856550753699483,6.91672131643065,320161.465025651,6.91672131643065,0,NA,"Alta","Baja","Alta demanda / Baja oferta"
"13119171003","MAIPÚ",1,"13119",3084,521627,2156,0.374540184138306,807.508637002187,879,0.26669758812616,0.343228200371058,0.285250463821892,37377991.1631458,42523.3119034651,0.00591227064549956,4.77420961053539,220988.799941609,4.77420961053539,0,NA,"Baja","Baja","Baja demanda / Baja oferta"
"13119181007","MAIPÚ",1,"13119",3155,521627,2156,0.374540184138306,807.508637002187,879,0.26669758812616,0.343228200371058,0.285250463821892,37377991.1631458,42523.3119034651,0.00604838323169621,4.88412169949389,226076.41498566,4.88412169949389,1,4.88412169949389,"Baja","Baja","Baja demanda / Baja oferta"
"13119161002","MAIPÚ",1,"13119",5015,521627,2156,0.374540184138306,807.508637002187,879,0.26669758812616,0.343228200371058,0.285250463821892,37377991.1631458,42523.3119034651,0.00961414957431268,7.76350881868839,359357.597829821,7.76350881868839,13,0.597192986052953,"Alta","Alta","Alta demanda / Alta oferta"
"13119171005","MAIPÚ",1,"13119",4571,521627,2156,0.374540184138306,807.508637002187,879,0.26669758812616,0.343228200371058,0.285250463821892,37377991.1631458,42523.3119034651,0.00876296664091391,7.07617124830003,327542.089667021,7.07617124830003,9,0.786241249811114,"Alta","Alta","Alta demanda / Alta oferta"
"13119051006","MAIPÚ",1,"13119",5053,521627,2156,0.374540184138306,807.508637002187,879,0.26669758812616,0.343228200371058,0.285250463821892,37377991.1631458,42523.3119034651,0.00968699856410807,7.82233500714505,362080.546726637,7.82233500714505,0,NA,"Alta","Baja","Alta demanda / Baja oferta"
"13119171002","MAIPÚ",1,"13119",3626,521627,2156,0.374540184138306,807.508637002187,879,0.26669758812616,0.343228200371058,0.285250463821892,37377991.1631458,42523.3119034651,0.00695132728942329,5.61325682483831,259826.649996198,5.61325682483831,2,2.80662841241915,"Baja","Alta","Baja demanda / Alta oferta"
"13119181002","MAIPÚ",1,"13119",5549,521627,2156,0.374540184138306,807.508637002187,879,0.26669758812616,0.343228200371058,0.285250463821892,37377991.1631458,42523.3119034651,0.0106378695888058,8.59017157226359,397622.19548508,8.59017157226359,2,4.29508578613179,"Alta","Alta","Alta demanda / Alta oferta"
"13119061002","MAIPÚ",1,"13119",4734,521627,2156,0.374540184138306,807.508637002187,879,0.26669758812616,0.343228200371058,0.285250463821892,37377991.1631458,42523.3119034651,0.00907545046556256,7.32850463562729,339222.107303365,7.32850463562729,8,0.916063079453411,"Alta","Alta","Alta demanda / Alta oferta"
"13119181005","MAIPÚ",1,"13119",5149,521627,2156,0.374540184138306,807.508637002187,879,0.26669758812616,0.343228200371058,0.285250463821892,37377991.1631458,42523.3119034651,0.00987103811727537,7.97094853587767,368959.575518594,7.97094853587767,0,NA,"Alta","Baja","Alta demanda / Baja oferta"
"13119161003","MAIPÚ",1,"13119",5240,521627,2156,0.374540184138306,807.508637002187,879,0.26669758812616,0.343228200371058,0.285250463821892,37377991.1631458,42523.3119034651,0.0100454922770485,8.11182177665547,375480.32156097,8.11182177665547,0,NA,"Alta","Baja","Alta demanda / Baja oferta"
"13119191001","MAIPÚ",1,"13119",4165,521627,2156,0.374540184138306,807.508637002187,879,0.26669758812616,0.343228200371058,0.285250463821892,37377991.1631458,42523.3119034651,0.00798463269731053,6.44765986636833,298449.530401038,6.44765986636833,0,NA,"Alta","Baja","Alta demanda / Baja oferta"
"13119191008","MAIPÚ",1,"13119",4098,521627,2156,0.374540184138306,807.508637002187,879,0.26669758812616,0.343228200371058,0.285250463821892,37377991.1631458,42523.3119034651,0.00785618842582918,6.34394000777368,293648.541556651,6.34394000777368,0,NA,"Alta","Baja","Alta demanda / Baja oferta"
"13119191010","MAIPÚ",1,"13119",4130,521627,2156,0.374540184138306,807.508637002187,879,0.26669758812616,0.343228200371058,0.285250463821892,37377991.1631458,42523.3119034651,0.00791753494355162,6.39347785068456,295941.55115397,6.39347785068456,0,NA,"Alta","Baja","Alta demanda / Baja oferta"
"13119051003","MAIPÚ",1,"13119",2455,521627,2156,0.374540184138306,807.508637002187,879,0.26669758812616,0.343228200371058,0.285250463821892,37377991.1631458,42523.3119034651,0.00470642815651797,3.80048138581854,175916.830044309,3.80048138581854,0,NA,"Baja","Baja","Baja demanda / Baja oferta"
"13119191002","MAIPÚ",1,"13119",4439,521627,2156,0.374540184138306,807.508637002187,879,0.26669758812616,0.343228200371058,0.285250463821892,37377991.1631458,42523.3119034651,0.00850991225530887,6.87182764629268,318083.425078081,6.87182764629268,1,6.87182764629268,"Alta","Baja","Alta demanda / Baja oferta"
"13119191006","MAIPÚ",1,"13119",5639,521627,2156,0.374540184138306,807.508637002187,879,0.26669758812616,0.343228200371058,0.285250463821892,37377991.1631458,42523.3119034651,0.0108104066699001,8.72949675545042,404071.28497754,8.72949675545042,0,NA,"Alta","Baja","Alta demanda / Baja oferta"
"13119191007","MAIPÚ",1,"13119",3930,521627,2156,0.374540184138306,807.508637002187,879,0.26669758812616,0.343228200371058,0.285250463821892,37377991.1631458,42523.3119034651,0.00753411920778641,6.0838663324916,281610.241170727,6.0838663324916,0,NA,"Alta","Baja","Alta demanda / Baja oferta"
"13119191003","MAIPÚ",1,"13119",4229,521627,2156,0.374540184138306,807.508637002187,879,0.26669758812616,0.343228200371058,0.285250463821892,37377991.1631458,42523.3119034651,0.0081073257327554,6.54673555219007,303035.549595676,6.54673555219007,0,NA,"Alta","Baja","Alta demanda / Baja oferta"
"13119051002","MAIPÚ",1,"13119",4119,521627,2156,0.374540184138306,807.508637002187,879,0.26669758812616,0.343228200371058,0.285250463821892,37377991.1631458,42523.3119034651,0.00789644707808453,6.37644921718394,295153.329104892,6.37644921718394,0,NA,"Alta","Baja","Alta demanda / Baja oferta"
"13119191005","MAIPÚ",1,"13119",4437,521627,2156,0.374540184138306,807.508637002187,879,0.26669758812616,0.343228200371058,0.285250463821892,37377991.1631458,42523.3119034651,0.00850607809795122,6.86873153111075,317940.111978249,6.86873153111075,0,NA,"Alta","Baja","Alta demanda / Baja oferta"
"13119191009","MAIPÚ",1,"13119",3357,521627,2156,0.374540184138306,807.508637002187,879,0.26669758812616,0.343228200371058,0.285250463821892,37377991.1631458,42523.3119034651,0.00643563312481908,5.19682933286878,240551.038068736,5.19682933286878,0,NA,"Baja","Baja","Baja demanda / Baja oferta"
"13119191004","MAIPÚ",1,"13119",5262,521627,2156,0.374540184138306,807.508637002187,879,0.26669758812616,0.343228200371058,0.285250463821892,37377991.1631458,42523.3119034651,0.0100876680079827,8.14587904365669,377056.765659126,8.14587904365669,0,NA,"Alta","Baja","Alta demanda / Baja oferta"
"13119051007","MAIPÚ",1,"13119",4268,521627,2156,0.374540184138306,807.508637002187,879,0.26669758812616,0.343228200371058,0.285250463821892,37377991.1631458,42523.3119034651,0.00818209180122961,6.6071097982377,305830.155042408,6.6071097982377,0,NA,"Alta","Baja","Alta demanda / Baja oferta"
"13119051008","MAIPÚ",1,"13119",4975,521627,2156,0.374540184138306,807.508637002187,879,0.26669758812616,0.343228200371058,0.285250463821892,37377991.1631458,42523.3119034651,0.00953746642715964,7.7015865150498,356491.335833173,7.7015865150498,6,1.2835977525083,"Alta","Alta","Alta demanda / Alta oferta"
"13119231006","MAIPÚ",1,"13119",2830,521627,2156,0.374540184138306,807.508637002187,879,0.26669758812616,0.343228200371058,0.285250463821892,37377991.1631458,42523.3119034651,0.00542533266107774,4.38100298243034,202788.03626289,4.38100298243034,0,NA,"Baja","Baja","Baja demanda / Baja oferta"
"13119051004","MAIPÚ",1,"13119",3231,521627,2156,0.374540184138306,807.508637002187,879,0.26669758812616,0.343228200371058,0.285250463821892,37377991.1631458,42523.3119034651,0.00619408121128699,5.00177407640722,231522.312779293,5.00177407640722,2,2.50088703820361,"Baja","Alta","Baja demanda / Alta oferta"
"13119231004","MAIPÚ",1,"13119",3339,521627,2156,0.374540184138306,807.508637002187,879,0.26669758812616,0.343228200371058,0.285250463821892,37377991.1631458,42523.3119034651,0.00640112570860021,5.16896429623141,239261.220170244,5.16896429623141,1,5.16896429623141,"Baja","Baja","Baja demanda / Baja oferta"
"13119231002","MAIPÚ",1,"13119",4950,521627,2156,0.374540184138306,807.508637002187,879,0.26669758812616,0.343228200371058,0.285250463821892,37377991.1631458,42523.3119034651,0.00948953946018899,7.66288507527568,354699.922085267,7.66288507527568,1,7.66288507527568,"Alta","Baja","Alta demanda / Baja oferta"
"13119231001","MAIPÚ",1,"13119",3720,521627,2156,0.374540184138306,807.508637002187,879,0.26669758812616,0.343228200371058,0.285250463821892,37377991.1631458,42523.3119034651,0.00713153268523293,5.758774238389,266562.365688322,5.758774238389,4,1.43969355959725,"Baja","Alta","Baja demanda / Alta oferta"
"13119231007","MAIPÚ",1,"13119",3500,521627,2156,0.374540184138306,807.508637002187,879,0.26669758812616,0.343228200371058,0.285250463821892,37377991.1631458,42523.3119034651,0.0067097753758912,5.41820156837674,250797.924706755,5.41820156837674,0,NA,"Baja","Baja","Baja demanda / Baja oferta"
"13119231003","MAIPÚ",1,"13119",814,521627,2156,0.374540184138306,807.508637002187,879,0.26669758812616,0.343228200371058,0.285250463821892,37377991.1631458,42523.3119034651,0.00156050204456441,1.26011887904533,58328.4316317995,1.26011887904533,1,1.26011887904533,"Baja","Baja","Baja demanda / Baja oferta"
"13119231005","MAIPÚ",1,"13119",2725,521627,2156,0.374540184138306,807.508637002187,879,0.26669758812616,0.343228200371058,0.285250463821892,37377991.1631458,42523.3119034651,0.00522403939980101,4.21845693537904,195264.098521687,4.21845693537904,0,NA,"Baja","Baja","Baja demanda / Baja oferta"
"13119231008","MAIPÚ",1,"13119",5206,521627,2156,0.374540184138306,807.508637002187,879,0.26669758812616,0.343228200371058,0.285250463821892,37377991.1631458,42523.3119034651,0.00998031160196846,8.05918781856266,373043.998863818,8.05918781856266,1,8.05918781856266,"Alta","Baja","Alta demanda / Baja oferta"
"13119071006","MAIPÚ",1,"13119",5989,521627,2156,0.374540184138306,807.508637002187,879,0.26669758812616,0.343228200371058,0.285250463821892,37377991.1631458,42523.3119034651,0.0114813842074893,9.27131691228809,429151.077448215,9.27131691228809,0,NA,"Alta","Baja","Alta demanda / Baja oferta"
"13119071004","MAIPÚ",1,"13119",5065,521627,2156,0.374540184138306,807.508637002187,879,0.26669758812616,0.343228200371058,0.285250463821892,37377991.1631458,42523.3119034651,0.00971000350825398,7.84091169823663,362940.425325632,7.84091169823663,1,7.84091169823663,"Alta","Baja","Alta demanda / Baja oferta"
"13119141011","MAIPÚ",1,"13119",4821,521627,2156,0.374540184138306,807.508637002187,879,0.26669758812616,0.343228200371058,0.285250463821892,37377991.1631458,42523.3119034651,0.00924223631062042,7.46318564604122,345456.227146075,7.46318564604122,12,0.621932137170102,"Alta","Alta","Alta demanda / Alta oferta"
"13118061005","MACUL",1,"13118",2032,116534,503,0.406879168219753,204.660221614536,245,0.288270377733598,0.288270377733598,0.365805168986084,12146605.113038,49577.9800532162,0.0174369711843754,3.56865438688054,211800.00334403,3.56865438688054,10,0.356865438688054,"Baja","Alta","Baja demanda / Alta oferta"
"13119141010","MAIPÚ",1,"13119",4689,521627,2156,0.374540184138306,807.508637002187,879,0.26669758812616,0.343228200371058,0.285250463821892,37377991.1631458,42523.3119034651,0.00898918192501538,7.25884204403387,335997.562557135,7.25884204403387,4,1.81471051100847,"Alta","Alta","Alta demanda / Alta oferta"
"13119051009","MAIPÚ",1,"13119",4273,521627,2156,0.374540184138306,807.508637002187,879,0.26669758812616,0.343228200371058,0.285250463821892,37377991.1631458,42523.3119034651,0.00819167719462374,6.61485008619252,306188.437791989,6.61485008619252,0,NA,"Alta","Baja","Alta demanda / Baja oferta"
"13119051005","MAIPÚ",1,"13119",5589,521627,2156,0.374540184138306,807.508637002187,879,0.26669758812616,0.343228200371058,0.285250463821892,37377991.1631458,42523.3119034651,0.0107145527359588,8.65209387590218,400488.457481729,8.65209387590218,0,NA,"Alta","Baja","Alta demanda / Baja oferta"
"13119141006","MAIPÚ",1,"13119",3377,521627,2156,0.374540184138306,807.508637002187,879,0.26669758812616,0.343228200371058,0.285250463821892,37377991.1631458,42523.3119034651,0.0064739746983956,5.22779048468808,241984.16906706,5.22779048468808,1,5.22779048468808,"Baja","Baja","Baja demanda / Baja oferta"
"13118041004","MACUL",1,"13118",3358,116534,503,0.406879168219753,204.660221614536,245,0.288270377733598,0.288270377733598,0.365805168986084,12146605.113038,49577.9800532162,0.0288156246245731,5.8974121216264,350012.013400222,5.8974121216264,15,0.393160808108427,"Baja","Alta","Baja demanda / Alta oferta"
"13102041003","CERRILLOS",1,"13102",3141,80832,320,0.345496379014413,110.558841284612,105,0.278125,0.3125,0.21875,4321973.77360613,41161.654986725,0.0388583729216152,4.29613668441913,167944.868652227,4.29613668441913,1,4.29613668441913,"Baja","Baja","Baja demanda / Baja oferta"
"13102011002","CERRILLOS",1,"13102",3353,80832,320,0.345496379014413,110.558841284612,105,0.278125,0.3125,0.21875,4321973.77360613,41161.654986725,0.0414810965954078,4.58610197480336,179280.211585775,4.58610197480336,16,0.28663137342521,"Baja","Alta","Baja demanda / Alta oferta"
"13102041004","CERRILLOS",1,"13102",3747,80832,320,0.345496379014413,110.558841284612,105,0.278125,0.3125,0.21875,4321973.77360613,41161.654986725,0.0463554038004751,5.12499973146084,200346.839490575,5.12499973146084,0,NA,"Baja","Baja","Baja demanda / Baja oferta"
"13102041006","CERRILLOS",1,"13102",4722,80832,320,0.345496379014413,110.558841284612,105,0.278125,0.3125,0.21875,4321973.77360613,41161.654986725,0.058417458432304,6.45856651506754,252478.723265144,6.45856651506754,0,NA,"Alta","Baja","Alta demanda / Baja oferta"
"13120021001","ÑUÑOA",1,"13120",4004,208237,1019,0.538759543303381,548.995974626145,776,0.212953876349362,0.267909715407262,0.680078508341511,51172398.0854831,65943.8119658287,0.0192280910693104,10.5561445967964,983947.530622677,10.5561445967964,18,0.586452477599798,"Alta","Alta","Alta demanda / Alta oferta"
"13118051001","MACUL",1,"13118",43,116534,503,0.406879168219753,204.660221614536,245,0.288270377733598,0.288270377733598,0.365805168986084,12146605.113038,49577.9800532162,0.00036899102407881,0.0755177847617437,4481.98825974079,0.0755177847617437,5,0.0151035569523487,"Baja","Alta","Baja demanda / Alta oferta"
"13102041002","CERRILLOS",1,"13102",4691,80832,320,0.345496379014413,110.558841284612,105,0.278125,0.3125,0.21875,4321973.77360613,41161.654986725,0.0580339469517023,6.41616593015286,250821.196704107,6.41616593015286,10,0.641616593015286,"Alta","Alta","Alta demanda / Alta oferta"
"13120111006","ÑUÑOA",1,"13120",1999,208237,1019,0.538759543303381,548.995974626145,776,0.212953876349362,0.267909715407262,0.680078508341511,51172398.0854831,65943.8119658287,0.00959963887301488,5.27016309914983,491236.541886796,5.27016309914983,6,0.878360516524972,"Baja","Alta","Baja demanda / Alta oferta"
"13102041005","CERRILLOS",1,"13102",2619,80832,320,0.345496379014413,110.558841284612,105,0.278125,0.3125,0.21875,4321973.77360613,41161.654986725,0.0324005344418052,3.58216554488816,140034.260108304,3.58216554488816,0,NA,"Baja","Baja","Baja demanda / Baja oferta"
"13118061006","MACUL",1,"13118",2678,116534,503,0.406879168219753,204.660221614536,245,0.288270377733598,0.288270377733598,0.365805168986084,12146605.113038,49577.9800532162,0.022980417732164,4.70317738585929,279134.059525252,4.70317738585929,0,NA,"Baja","Baja","Baja demanda / Baja oferta"
"13102031001","CERRILLOS",1,"13102",5765,80832,320,0.345496379014413,110.558841284612,105,0.278125,0.3125,0.21875,4321973.77360613,41161.654986725,0.0713207640538401,7.88514103332579,308246.471754247,7.88514103332579,0,NA,"Alta","Baja","Alta demanda / Baja oferta"
"13102031006","CERRILLOS",1,"13102",3368,80832,320,0.345496379014413,110.558841284612,105,0.278125,0.3125,0.21875,4321973.77360613,41161.654986725,0.0416666666666667,4.60661838685885,180082.240566922,4.60661838685885,0,NA,"Baja","Baja","Baja demanda / Baja oferta"
"13120111005","ÑUÑOA",1,"13120",2769,208237,1019,0.538759543303381,548.995974626145,776,0.212953876349362,0.267909715407262,0.680078508341511,51172398.0854831,65943.8119658287,0.0132973486940361,7.30019090622606,680457.220852695,7.30019090622606,14,0.521442207587576,"Alta","Alta","Alta demanda / Alta oferta"
"13102041001","CERRILLOS",1,"13102",4765,80832,320,0.345496379014413,110.558841284612,105,0.278125,0.3125,0.21875,4321973.77360613,41161.654986725,0.0589494259699129,6.5173802296266,254777.873011099,6.5173802296266,5,1.30347604592532,"Alta","Alta","Alta demanda / Alta oferta"
"13118011002","MACUL",1,"13118",5344,116534,503,0.406879168219753,204.660221614536,245,0.288270377733598,0.288270377733598,0.365805168986084,12146605.113038,49577.9800532162,0.0458578612250502,9.3852800410874,557017.33162918,9.3852800410874,1,9.3852800410874,"Alta","Baja","Alta demanda / Baja oferta"
"13102031002","CERRILLOS",1,"13102",4343,80832,320,0.345496379014413,110.558841284612,105,0.278125,0.3125,0.21875,4321973.77360613,41161.654986725,0.0537287212984956,5.94018517046555,232214.124341491,5.94018517046555,5,1.18803703409311,"Alta","Alta","Alta demanda / Alta oferta"
"13102031007","CERRILLOS",1,"13102",4168,80832,320,0.345496379014413,110.558841284612,105,0.278125,0.3125,0.21875,4321973.77360613,41161.654986725,0.0515637371338084,5.70082702981819,222857.11956144,5.70082702981819,0,NA,"Baja","Baja","Baja demanda / Baja oferta"
"13118051002","MACUL",1,"13118",2391,116534,503,0.406879168219753,204.660221614536,245,0.288270377733598,0.288270377733598,0.365805168986084,12146605.113038,49577.9800532162,0.0205176171761031,4.19914007826347,249219.39369861,4.19914007826347,18,0.233285559903526,"Baja","Alta","Baja demanda / Alta oferta"
"13102031005","CERRILLOS",1,"13102",4297,80832,320,0.345496379014413,110.558841284612,105,0.278125,0.3125,0.21875,4321973.77360613,41161.654986725,0.053159639746635,5.87726817349539,229754.568799306,5.87726817349539,0,NA,"Baja","Baja","Baja demanda / Baja oferta"
"13102031003","CERRILLOS",1,"13102",4034,80832,320,0.345496379014413,110.558841284612,105,0.278125,0.3125,0.21875,4321973.77360613,41161.654986725,0.0499059778305622,5.5175470821225,215692.327329858,5.5175470821225,0,NA,"Baja","Baja","Baja demanda / Baja oferta"
"13102031004","CERRILLOS",1,"13102",3156,80832,320,0.345496379014413,110.558841284612,105,0.278125,0.3125,0.21875,4321973.77360613,41161.654986725,0.0390439429928741,4.31665309647462,168746.897633375,4.31665309647462,0,NA,"Baja","Baja","Baja demanda / Baja oferta"
"13102021001","CERRILLOS",1,"13102",2850,80832,320,0.345496379014413,110.558841284612,105,0.278125,0.3125,0.21875,4321973.77360613,41161.654986725,0.0352583135391924,3.89811829054267,152385.506417971,3.89811829054267,0,NA,"Baja","Baja","Baja demanda / Baja oferta"
"13102021002","CERRILLOS",1,"13102",3877,80832,320,0.345496379014413,110.558841284612,105,0.278125,0.3125,0.21875,4321973.77360613,41161.654986725,0.0479636777513856,5.30280863594173,207297.757327184,5.30280863594173,1,5.30280863594173,"Baja","Baja","Baja demanda / Baja oferta"
"13118051003","MACUL",1,"13118",2330,116534,503,0.406879168219753,204.660221614536,245,0.288270377733598,0.288270377733598,0.365805168986084,12146605.113038,49577.9800532162,0.0199941647931076,4.09201019755495,242861.224306884,4.09201019755495,0,NA,"Baja","Baja","Baja demanda / Baja oferta"
"13120111002","ÑUÑOA",1,"13120",3251,208237,1019,0.538759543303381,548.995974626145,776,0.212953876349362,0.267909715407262,0.680078508341511,51172398.0854831,65943.8119658287,0.0156120189975845,8.57093558546079,798904.451062518,8.57093558546079,35,0.244883873870308,"Alta","Alta","Alta demanda / Alta oferta"
"13102021004","CERRILLOS",1,"13102",2660,80832,320,0.345496379014413,110.558841284612,105,0.278125,0.3125,0.21875,4321973.77360613,41161.654986725,0.0329077593032462,3.63824373783982,142226.472656773,3.63824373783982,0,NA,"Baja","Baja","Baja demanda / Baja oferta"
"13102011003","CERRILLOS",1,"13102",4648,80832,320,0.345496379014413,110.558841284612,105,0.278125,0.3125,0.21875,4321973.77360613,41161.654986725,0.0575019794140934,6.3573522155938,248522.046958151,6.3573522155938,1,6.3573522155938,"Alta","Baja","Alta demanda / Baja oferta"
"13102011004","CERRILLOS",1,"13102",5609,80832,320,0.345496379014413,110.558841284612,105,0.278125,0.3125,0.21875,4321973.77360613,41161.654986725,0.0693908353127474,7.67177034794871,299905.370350316,7.67177034794871,0,NA,"Alta","Baja","Alta demanda / Baja oferta"
"13102011001","CERRILLOS",1,"13102",2520,80832,320,0.345496379014413,110.558841284612,105,0.278125,0.3125,0.21875,4321973.77360613,41161.654986725,0.0311757719714964,3.44675722532194,134740.868832733,3.44675722532194,76,0.045352068754236,"Baja","Alta","Baja demanda / Alta oferta"
"13102021003","CERRILLOS",1,"13102",2377,80832,320,0.345496379014413,110.558841284612,105,0.278125,0.3125,0.21875,4321973.77360613,41161.654986725,0.0294066706254949,3.25116743039296,127094.859212462,3.25116743039296,15,0.21674449535953,"Baja","Alta","Baja demanda / Alta oferta"
"13118051005","MACUL",1,"13118",3792,116534,503,0.406879168219753,204.660221614536,245,0.288270377733598,0.288270377733598,0.365805168986084,12146605.113038,49577.9800532162,0.0325398596117871,6.65961487945424,395248.825138071,6.65961487945424,0,NA,"Alta","Baja","Alta demanda / Baja oferta"
"13120011007","ÑUÑOA",1,"13120",3302,208237,1019,0.538759543303381,548.995974626145,776,0.212953876349362,0.267909715407262,0.680078508341511,51172398.0854831,65943.8119658287,0.0158569322454703,8.70539197268272,811437.24927974,8.70539197268272,8,1.08817399658534,"Alta","Alta","Alta demanda / Alta oferta"
"13118011003","MACUL",1,"13118",4911,116534,503,0.406879168219753,204.660221614536,245,0.288270377733598,0.288270377733598,0.365805168986084,12146605.113038,49577.9800532162,0.0421422074244426,8.62483351081217,511884.752176442,8.62483351081217,12,0.718736125901014,"Alta","Alta","Alta demanda / Alta oferta"
"13118061001","MACUL",1,"13118",4146,116534,503,0.406879168219753,204.660221614536,245,0.288270377733598,0.288270377733598,0.365805168986084,12146605.113038,49577.9800532162,0.0355775996704824,7.28131943307417,432147.0540671,7.28131943307417,2,3.64065971653709,"Alta","Alta","Alta demanda / Alta oferta"
"13118011001","MACUL",1,"13118",4848,116534,503,0.406879168219753,204.660221614536,245,0.288270377733598,0.288270377733598,0.365805168986084,12146605.113038,49577.9800532162,0.0416015926682342,8.51419117499845,505318.118214496,8.51419117499845,14,0.60815651249989,"Alta","Alta","Alta demanda / Alta oferta"
"13118061003","MACUL",1,"13118",3715,116534,503,0.406879168219753,204.660221614536,245,0.288270377733598,0.288270377733598,0.365805168986084,12146605.113038,49577.9800532162,0.0318791082430879,6.52438535790414,387222.939184582,6.52438535790414,5,1.30487707158083,"Alta","Alta","Alta demanda / Alta oferta"
"13118011004","MACUL",1,"13118",3070,116534,503,0.406879168219753,204.660221614536,245,0.288270377733598,0.288270377733598,0.365805168986084,12146605.113038,49577.9800532162,0.0263442428819057,5.39161858647798,319993.11528847,5.39161858647798,0,NA,"Baja","Baja","Baja demanda / Baja oferta"
"13118051004","MACUL",1,"13118",3006,116534,503,0.406879168219753,204.660221614536,245,0.288270377733598,0.288270377733598,0.365805168986084,12146605.113038,49577.9800532162,0.0257950469390907,5.27922002311166,313322.249041414,5.27922002311166,31,0.170297420100376,"Baja","Alta","Baja demanda / Alta oferta"
"13118061004","MACUL",1,"13118",3312,116534,503,0.406879168219753,204.660221614536,245,0.288270377733598,0.288270377733598,0.365805168986084,12146605.113038,49577.9800532162,0.0284208900406748,5.81662565420686,345217.328285151,5.81662565420686,0,NA,"Baja","Baja","Baja demanda / Baja oferta"
"13118041002","MACUL",1,"13118",3530,116534,503,0.406879168219753,204.660221614536,245,0.288270377733598,0.288270377733598,0.365805168986084,12146605.113038,49577.9800532162,0.0302915887208883,6.19948326067338,367939.966439185,6.19948326067338,10,0.619948326067338,"Alta","Alta","Alta demanda / Alta oferta"
"13118021001","MACUL",1,"13118",4676,116534,503,0.406879168219753,204.660221614536,245,0.288270377733598,0.288270377733598,0.365805168986084,12146605.113038,49577.9800532162,0.0401256285719189,8.21212003595148,487390.165175533,8.21212003595148,6,1.36868667265858,"Alta","Alta","Alta demanda / Alta oferta"
"13118021004","MACUL",1,"13118",4209,116534,503,0.406879168219753,204.660221614536,245,0.288270377733598,0.288270377733598,0.365805168986084,12146605.113038,49577.9800532162,0.0361182144266909,7.39196176888789,438713.688029046,7.39196176888789,16,0.461997610555493,"Alta","Alta","Alta demanda / Alta oferta"
"13118041001","MACUL",1,"13118",3073,116534,503,0.406879168219753,204.660221614536,245,0.288270377733598,0.288270377733598,0.365805168986084,12146605.113038,49577.9800532162,0.0263699864417252,5.39688726913578,320305.812143801,5.39688726913578,11,0.49062611537598,"Baja","Alta","Baja demanda / Alta oferta"
"13120011005","ÑUÑOA",1,"13120",3766,208237,1019,0.538759543303381,548.995974626145,776,0.212953876349362,0.267909715407262,0.680078508341511,51172398.0854831,65943.8119658287,0.0180851625791766,9.92868145642735,925461.138942308,9.92868145642735,14,0.709191532601954,"Alta","Alta","Alta demanda / Alta oferta"
"13118021007","MACUL",1,"13118",5045,116534,503,0.406879168219753,204.660221614536,245,0.288270377733598,0.288270377733598,0.365805168986084,12146605.113038,49577.9800532162,0.0432920864297115,8.8601680028604,525851.878381216,8.8601680028604,5,1.77203360057208,"Alta","Alta","Alta demanda / Alta oferta"
"13118021002","MACUL",1,"13118",5322,116534,503,0.406879168219753,204.660221614536,245,0.288270377733598,0.288270377733598,0.365805168986084,12146605.113038,49577.9800532162,0.0456690751197076,9.34664303493023,554724.221356755,9.34664303493023,1,9.34664303493023,"Alta","Baja","Alta demanda / Baja oferta"
"13118041005","MACUL",1,"13118",3429,116534,503,0.406879168219753,204.660221614536,245,0.288270377733598,0.288270377733598,0.365805168986084,12146605.113038,49577.9800532162,0.0294248888736334,6.02210427786091,357412.50564305,6.02210427786091,6,1.00368404631015,"Alta","Alta","Alta demanda / Alta oferta"
"13118041003","MACUL",1,"13118",3955,116534,503,0.406879168219753,204.660221614536,245,0.288270377733598,0.288270377733598,0.365805168986084,12146605.113038,49577.9800532162,0.033938593028644,6.94587997052782,412238.687611042,6.94587997052782,16,0.434117498157989,"Alta","Alta","Alta demanda / Alta oferta"
"13118021005","MACUL",1,"13118",2865,116534,503,0.406879168219753,204.660221614536,245,0.288270377733598,0.288270377733598,0.365805168986084,12146605.113038,49577.9800532162,0.0245850996275765,5.03159193819525,298625.496840869,5.03159193819525,5,1.00631838763905,"Baja","Alta","Baja demanda / Alta oferta"
"13120011004","ÑUÑOA",1,"13120",3110,208237,1019,0.538759543303381,548.995974626145,776,0.212953876349362,0.267909715407262,0.680078508341511,51172398.0854831,65943.8119658287,0.0149349059004884,8.19920322078839,764254.950109022,8.19920322078839,13,0.630707940060645,"Alta","Alta","Alta demanda / Alta oferta"
"13118031004","MACUL",1,"13118",3104,116534,503,0.406879168219753,204.660221614536,245,0.288270377733598,0.288270377733598,0.365805168986084,12146605.113038,49577.9800532162,0.0266360032265262,5.45133032326634,323537.012982219,5.45133032326634,12,0.454277526938861,"Baja","Alta","Baja demanda / Alta oferta"
"13118031001","MACUL",1,"13118",4746,116534,503,0.406879168219753,204.660221614536,245,0.288270377733598,0.288270377733598,0.365805168986084,12146605.113038,49577.9800532162,0.0407263116343728,8.33505596463339,494686.42513325,8.33505596463339,55,0.151546472084243,"Alta","Alta","Alta demanda / Alta oferta"
"13118021003","MACUL",1,"13118",2690,116534,503,0.406879168219753,204.660221614536,245,0.288270377733598,0.288270377733598,0.365805168986084,12146605.113038,49577.9800532162,0.0230833919714418,4.72425211649048,280384.846946575,4.72425211649048,0,NA,"Baja","Baja","Baja demanda / Baja oferta"
"13118021006","MACUL",1,"13118",2525,116534,503,0.406879168219753,204.660221614536,245,0.288270377733598,0.288270377733598,0.365805168986084,12146605.113038,49577.9800532162,0.021667496181372,4.43447457031169,263186.519903383,4.43447457031169,0,NA,"Baja","Baja","Baja demanda / Baja oferta"
"13118031005","MACUL",1,"13118",3789,116534,503,0.406879168219753,204.660221614536,245,0.288270377733598,0.288270377733598,0.365805168986084,12146605.113038,49577.9800532162,0.0325141160519677,6.65434619679644,394936.12828274,6.65434619679644,7,0.950620885256634,"Alta","Alta","Alta demanda / Alta oferta"
"13118031003","MACUL",1,"13118",3373,116534,503,0.406879168219753,204.660221614536,245,0.288270377733598,0.288270377733598,0.365805168986084,12146605.113038,49577.9800532162,0.0289443424236703,5.92375553491538,351575.497676876,5.92375553491538,10,0.592375553491538,"Baja","Alta","Baja demanda / Alta oferta"
"13120011003","ÑUÑOA",1,"13120",4074,208237,1019,0.538759543303381,548.995974626145,776,0.212953876349362,0.267909715407262,0.680078508341511,51172398.0854831,65943.8119658287,0.0195642465075851,10.7406925792578,1001149.41052867,10.7406925792578,14,0.767192327089846,"Alta","Alta","Alta demanda / Alta oferta"
"13118031002","MACUL",1,"13118",4531,116534,503,0.406879168219753,204.660221614536,245,0.288270377733598,0.288270377733598,0.365805168986084,12146605.113038,49577.9800532162,0.0388813565139788,7.95746704082467,472276.483834547,7.95746704082467,6,1.32624450680411,"Alta","Alta","Alta demanda / Alta oferta"
"13120011001","ÑUÑOA",1,"13120",2289,208237,1019,0.538759543303381,548.995974626145,776,0.212953876349362,0.267909715407262,0.680078508341511,51172398.0854831,65943.8119658287,0.0109922828315813,6.03471902649023,562501.472925901,6.03471902649023,8,0.754339878311279,"Alta","Alta","Alta demanda / Alta oferta"
"13118061002","MACUL",1,"13118",3632,116534,503,0.406879168219753,204.660221614536,245,0.288270377733598,0.288270377733598,0.365805168986084,12146605.113038,49577.9800532162,0.0311668697547497,6.37861847103845,378571.659520431,6.37861847103845,0,NA,"Alta","Baja","Alta demanda / Baja oferta"
"13120021002","ÑUÑOA",1,"13120",4334,208237,1019,0.538759543303381,548.995974626145,776,0.212953876349362,0.267909715407262,0.680078508341511,51172398.0854831,65943.8119658287,0.0208128238497481,11.4261565141147,1065042.10732235,11.4261565141147,40,0.285653912852869,"Alta","Alta","Alta demanda / Alta oferta"
"13118031006","MACUL",1,"13118",2779,116534,503,0.406879168219753,204.660221614536,245,0.288270377733598,0.288270377733598,0.365805168986084,12146605.113038,49577.9800532162,0.0238471175794189,4.88055636867176,289661.520321387,4.88055636867176,24,0.203356515361323,"Baja","Alta","Baja demanda / Alta oferta"
"13120021004","ÑUÑOA",1,"13120",3107,208237,1019,0.538759543303381,548.995974626145,776,0.212953876349362,0.267909715407262,0.680078508341511,51172398.0854831,65943.8119658287,0.014920499238848,8.19129402154004,763517.72668448,8.19129402154004,2,4.09564701077002,"Alta","Alta","Alta demanda / Alta oferta"
"13120021003","ÑUÑOA",1,"13120",4492,208237,1019,0.538759543303381,548.995974626145,776,0.212953876349362,0.267909715407262,0.680078508341511,51172398.0854831,65943.8119658287,0.0215715746961395,11.8427076745278,1103869.20768158,11.8427076745278,4,2.96067691863195,"Alta","Alta","Alta demanda / Alta oferta"
"13120031001","ÑUÑOA",1,"13120",3162,208237,1019,0.538759543303381,548.995974626145,776,0.212953876349362,0.267909715407262,0.680078508341511,51172398.0854831,65943.8119658287,0.015184621368921,8.33629600775977,777033.489467758,8.33629600775977,3,2.77876533591992,"Alta","Alta","Alta demanda / Alta oferta"
"13120011002","ÑUÑOA",1,"13120",3865,208237,1019,0.538759543303381,548.995974626145,776,0.212953876349362,0.267909715407262,0.680078508341511,51172398.0854831,65943.8119658287,0.0185605824133079,10.1896850316229,949789.511952209,10.1896850316229,7,1.45566929023184,"Alta","Alta","Alta demanda / Alta oferta"
"13120111003","ÑUÑOA",1,"13120",2490,208237,1019,0.538759543303381,548.995974626145,776,0.212953876349362,0.267909715407262,0.680078508341511,51172398.0854831,65943.8119658287,0.0119575291614843,6.56463537612961,611895.442370246,6.56463537612961,10,0.656463537612961,"Alta","Alta","Alta demanda / Alta oferta"
"13120031002","ÑUÑOA",1,"13120",3612,208237,1019,0.538759543303381,548.995974626145,776,0.212953876349362,0.267909715407262,0.680078508341511,51172398.0854831,65943.8119658287,0.0173456206149724,9.52267589501211,887617.003149128,9.52267589501211,22,0.432848904318732,"Alta","Alta","Alta demanda / Alta oferta"
"13120101002","ÑUÑOA",1,"13120",3444,208237,1019,0.538759543303381,548.995974626145,776,0.212953876349362,0.267909715407262,0.680078508341511,51172398.0854831,65943.8119658287,0.0165388475631132,9.07976073710457,846332.49137475,9.07976073710457,12,0.756646728092047,"Alta","Alta","Alta demanda / Alta oferta"
"13120111001","ÑUÑOA",1,"13120",4210,208237,1019,0.538759543303381,548.995974626145,776,0.212953876349362,0.267909715407262,0.680078508341511,51172398.0854831,65943.8119658287,0.0202173485019473,11.099242945183,1034570.20577459,11.099242945183,61,0.181954802380049,"Alta","Alta","Alta demanda / Alta oferta"
"13120041001","ÑUÑOA",1,"13120",5705,208237,1019,0.538759543303381,548.995974626145,776,0.212953876349362,0.267909715407262,0.680078508341511,51172398.0854831,65943.8119658287,0.0273966682193846,15.0406605706102,1401953.21233825,15.0406605706102,21,0.716221931933819,"Alta","Alta","Alta demanda / Alta oferta"
"13120101003","ÑUÑOA",1,"13120",3492,208237,1019,0.538759543303381,548.995974626145,776,0.212953876349362,0.267909715407262,0.680078508341511,51172398.0854831,65943.8119658287,0.0167693541493587,9.20630792507815,858128.066167429,9.20630792507815,6,1.53438465417969,"Alta","Alta","Alta demanda / Alta oferta"
"13120101005","ÑUÑOA",1,"13120",3430,208237,1019,0.538759543303381,548.995974626145,776,0.212953876349362,0.267909715407262,0.680078508341511,51172398.0854831,65943.8119658287,0.0164716164754583,9.04285114061227,842892.115393552,9.04285114061227,9,1.00476123784581,"Alta","Alta","Alta demanda / Alta oferta"
"13120101006","ÑUÑOA",1,"13120",3623,208237,1019,0.538759543303381,548.995974626145,776,0.212953876349362,0.267909715407262,0.680078508341511,51172398.0854831,65943.8119658287,0.017398445040987,9.55167629225605,890320.155705784,9.55167629225605,12,0.795973024354671,"Alta","Alta","Alta demanda / Alta oferta"
"13120041004","ÑUÑOA",1,"13120",2950,208237,1019,0.538759543303381,548.995974626145,776,0.212953876349362,0.267909715407262,0.680078508341511,51172398.0854831,65943.8119658287,0.0141665506130035,7.77737926087644,724936.367466757,7.77737926087644,0,NA,"Alta","Baja","Alta demanda / Baja oferta"
"13120051002","ÑUÑOA",1,"13120",4876,208237,1019,0.538759543303381,548.995974626145,776,0.212953876349362,0.267909715407262,0.680078508341511,51172398.0854831,65943.8119658287,0.0234156273861033,12.8550851783165,1198233.80602302,12.8550851783165,9,1.42834279759072,"Alta","Alta","Alta demanda / Alta oferta"
"13120051004","ÑUÑOA",1,"13120",2497,208237,1019,0.538759543303381,548.995974626145,776,0.212953876349362,0.267909715407262,0.680078508341511,51172398.0854831,65943.8119658287,0.0119911447053117,6.58309017437576,613615.630360845,6.58309017437576,35,0.18808829069645,"Alta","Alta","Alta demanda / Alta oferta"
"13120051001","ÑUÑOA",1,"13120",2466,208237,1019,0.538759543303381,548.995974626145,776,0.212953876349362,0.267909715407262,0.680078508341511,51172398.0854831,65943.8119658287,0.0118422758683615,6.50136178214282,605997.654973906,6.50136178214282,2,3.25068089107141,"Alta","Alta","Alta demanda / Alta oferta"
"13120071003","ÑUÑOA",1,"13120",4227,208237,1019,0.538759543303381,548.995974626145,776,0.212953876349362,0.267909715407262,0.680078508341511,51172398.0854831,65943.8119658287,0.0202989862512426,11.1440617409236,1038747.80518033,11.1440617409236,0,NA,"Alta","Baja","Alta demanda / Baja oferta"
"13120101008","ÑUÑOA",1,"13120",3530,208237,1019,0.538759543303381,548.995974626145,776,0.212953876349362,0.267909715407262,0.680078508341511,51172398.0854831,65943.8119658287,0.0169518385301363,9.30649111555724,867466.229544967,9.30649111555724,2,4.65324555777862,"Alta","Alta","Alta demanda / Alta oferta"
"13120071004","ÑUÑOA",1,"13120",3028,208237,1019,0.538759543303381,548.995974626145,776,0.212953876349362,0.267909715407262,0.680078508341511,51172398.0854831,65943.8119658287,0.0145411238156524,7.98301844133352,744104.176504861,7.98301844133352,5,1.5966036882667,"Alta","Alta","Alta demanda / Alta oferta"
"13120101007","ÑUÑOA",1,"13120",3264,208237,1019,0.538759543303381,548.995974626145,776,0.212953876349362,0.267909715407262,0.680078508341511,51172398.0854831,65943.8119658287,0.0156744478646926,8.60520878220363,802099.085902202,8.60520878220363,2,4.30260439110182,"Alta","Alta","Alta demanda / Alta oferta"
"13120041003","ÑUÑOA",1,"13120",3045,208237,1019,0.538759543303381,548.995974626145,776,0.212953876349362,0.267909715407262,0.680078508341511,51172398.0854831,65943.8119658287,0.0146227615649476,8.02783723707416,748281.775910602,8.02783723707416,4,2.00695930926854,"Alta","Alta","Alta demanda / Alta oferta"
"13120041002","ÑUÑOA",1,"13120",3816,208237,1019,0.538759543303381,548.995974626145,776,0.212953876349362,0.267909715407262,0.680078508341511,51172398.0854831,65943.8119658287,0.0183252736065157,10.0605014438998,937748.196018016,10.0605014438998,20,0.503025072194992,"Alta","Alta","Alta demanda / Alta oferta"
"13120051003","ÑUÑOA",1,"13120",3642,208237,1019,0.538759543303381,548.995974626145,776,0.212953876349362,0.267909715407262,0.680078508341511,51172398.0854831,65943.8119658287,0.0174896872313758,9.6017678874956,894989.237394552,9.6017678874956,36,0.266715774652655,"Alta","Alta","Alta demanda / Alta oferta"
"13120091002","ÑUÑOA",1,"13120",3959,208237,1019,0.538759543303381,548.995974626145,776,0.212953876349362,0.267909715407262,0.680078508341511,51172398.0854831,65943.8119658287,0.0190119911447053,10.4375066080711,972889.17925454,10.4375066080711,0,NA,"Alta","Baja","Alta demanda / Baja oferta"
"13120091003","ÑUÑOA",1,"13120",3632,208237,1019,0.538759543303381,548.995974626145,776,0.212953876349362,0.267909715407262,0.680078508341511,51172398.0854831,65943.8119658287,0.017441665025908,9.5754038900011,892531.825979411,9.5754038900011,0,NA,"Alta","Baja","Alta demanda / Baja oferta"
"13120071006","ÑUÑOA",1,"13120",3898,208237,1019,0.538759543303381,548.995974626145,776,0.212953876349362,0.267909715407262,0.680078508341511,51172398.0854831,65943.8119658287,0.0187190556913517,10.2766862233547,957898.969622176,10.2766862233547,6,1.71278103722578,"Alta","Alta","Alta demanda / Alta oferta"
"13120081003","ÑUÑOA",1,"13120",1792,208237,1019,0.538759543303381,548.995974626145,776,0.212953876349362,0.267909715407262,0.680078508341511,51172398.0854831,65943.8119658287,0.00860557921983125,4.72442835101376,440368.125593366,4.72442835101376,5,0.944885670202752,"Baja","Alta","Baja demanda / Alta oferta"
"13120071005","ÑUÑOA",1,"13120",3216,208237,1019,0.538759543303381,548.995974626145,776,0.212953876349362,0.267909715407262,0.680078508341511,51172398.0854831,65943.8119658287,0.0154439412784472,8.47866159423005,790303.511109522,8.47866159423005,11,0.770787417657277,"Alta","Alta","Alta demanda / Alta oferta"
"13120041005","ÑUÑOA",1,"13120",4336,208237,1019,0.538759543303381,548.995974626145,776,0.212953876349362,0.267909715407262,0.680078508341511,51172398.0854831,65943.8119658287,0.0208224282908417,11.4314293136136,1065533.58960538,11.4314293136136,8,1.42892866420171,"Alta","Alta","Alta demanda / Alta oferta"
"13120061001","ÑUÑOA",1,"13120",3850,208237,1019,0.538759543303381,548.995974626145,776,0.212953876349362,0.267909715407262,0.680078508341511,51172398.0854831,65943.8119658287,0.0184885491051062,10.1501390353811,946103.394829497,10.1501390353811,13,0.780779925798548,"Alta","Alta","Alta demanda / Alta oferta"
"13120061002","ÑUÑOA",1,"13120",3225,208237,1019,0.538759543303381,548.995974626145,776,0.212953876349362,0.267909715407262,0.680078508341511,51172398.0854831,65943.8119658287,0.0154871612633682,8.50238919197509,792515.18138315,8.50238919197509,0,NA,"Alta","Baja","Alta demanda / Baja oferta"
"13120061005","ÑUÑOA",1,"13120",3888,208237,1019,0.538759543303381,548.995974626145,776,0.212953876349362,0.267909715407262,0.680078508341511,51172398.0854831,65943.8119658287,0.0186710334858839,10.2503222258602,955441.558207035,10.2503222258602,0,NA,"Alta","Baja","Alta demanda / Baja oferta"
"13120021006","ÑUÑOA",1,"13120",3619,208237,1019,0.538759543303381,548.995974626145,776,0.212953876349362,0.267909715407262,0.680078508341511,51172398.0854831,65943.8119658287,0.0173792361587998,9.54113069325826,889337.191139727,9.54113069325826,7,1.36301867046546,"Alta","Alta","Alta demanda / Alta oferta"
"13120061003","ÑUÑOA",1,"13120",3104,208237,1019,0.538759543303381,548.995974626145,776,0.212953876349362,0.267909715407262,0.680078508341511,51172398.0854831,65943.8119658287,0.0149060925772077,8.18338482229169,762780.503259937,8.18338482229169,5,1.63667696445834,"Alta","Alta","Alta demanda / Alta oferta"
"13120081001","ÑUÑOA",1,"13120",2961,208237,1019,0.538759543303381,548.995974626145,776,0.212953876349362,0.267909715407262,0.680078508341511,51172398.0854831,65943.8119658287,0.014219375039018,7.80637965812039,727639.520023413,7.80637965812039,0,NA,"Alta","Baja","Alta demanda / Baja oferta"
"13120081002","ÑUÑOA",1,"13120",2991,208237,1019,0.538759543303381,548.995974626145,776,0.212953876349362,0.267909715407262,0.680078508341511,51172398.0854831,65943.8119658287,0.0143634416554215,7.88547165060388,735011.754268838,7.88547165060388,0,NA,"Alta","Baja","Alta demanda / Baja oferta"
"13120061004","ÑUÑOA",1,"13120",3017,208237,1019,0.538759543303381,548.995974626145,776,0.212953876349362,0.267909715407262,0.680078508341511,51172398.0854831,65943.8119658287,0.0144882993896378,7.95401804408957,741401.023948206,7.95401804408957,0,NA,"Alta","Baja","Alta demanda / Baja oferta"
"13120081004","ÑUÑOA",1,"13120",2713,208237,1019,0.538759543303381,548.995974626145,776,0.212953876349362,0.267909715407262,0.680078508341511,51172398.0854831,65943.8119658287,0.0130284243434164,7.15255252025688,666695.716927903,7.15255252025688,3,2.38418417341896,"Alta","Alta","Alta demanda / Alta oferta"
"13120071007","ÑUÑOA",1,"13120",2289,208237,1019,0.538759543303381,548.995974626145,776,0.212953876349362,0.267909715407262,0.680078508341511,51172398.0854831,65943.8119658287,0.0109922828315813,6.03471902649023,562501.472925901,6.03471902649023,18,0.335262168138346,"Alta","Alta","Alta demanda / Alta oferta"
"13120011006","ÑUÑOA",1,"13120",4378,208237,1019,0.538759543303381,548.995974626145,776,0.212953876349362,0.267909715407262,0.680078508341511,51172398.0854831,65943.8119658287,0.0210241215538065,11.5421581030905,1075854.71754897,11.5421581030905,65,0.17757166312447,"Alta","Alta","Alta demanda / Alta oferta"
"13120011009","ÑUÑOA",1,"13120",3507,208237,1019,0.538759543303381,548.995974626145,776,0.212953876349362,0.267909715407262,0.680078508341511,51172398.0854831,65943.8119658287,0.0168413874575604,9.24585392131989,861814.183290142,9.24585392131989,38,0.243311945297892,"Alta","Alta","Alta demanda / Alta oferta"
"13120091001","ÑUÑOA",1,"13120",5061,208237,1019,0.538759543303381,548.995974626145,776,0.212953876349362,0.267909715407262,0.680078508341511,51172398.0854831,65943.8119658287,0.0243040381872578,13.3428191319646,1243695.91720314,13.3428191319646,0,NA,"Alta","Baja","Alta demanda / Baja oferta"
"13120031003","ÑUÑOA",1,"13120",2757,208237,1019,0.538759543303381,548.995974626145,776,0.212953876349362,0.267909715407262,0.680078508341511,51172398.0854831,65943.8119658287,0.0132397220474748,7.26855410923266,677508.327154525,7.26855410923266,6,1.21142568487211,"Alta","Alta","Alta demanda / Alta oferta"
"13120111007","ÑUÑOA",1,"13120",3001,208237,1019,0.538759543303381,548.995974626145,776,0.212953876349362,0.267909715407262,0.680078508341511,51172398.0854831,65943.8119658287,0.0144114638608893,7.91183564809838,737469.165683979,7.91183564809838,15,0.527455709873225,"Alta","Alta","Alta demanda / Alta oferta"
"13120071001","ÑUÑOA",1,"13120",2247,208237,1019,0.538759543303381,548.995974626145,776,0.212953876349362,0.267909715407262,0.680078508341511,51172398.0854831,65943.8119658287,0.0107905895686165,5.92399023701335,552180.344982306,5.92399023701335,2,2.96199511850667,"Baja","Alta","Baja demanda / Alta oferta"
"13120101001","ÑUÑOA",1,"13120",2672,208237,1019,0.538759543303381,548.995974626145,776,0.212953876349362,0.267909715407262,0.680078508341511,51172398.0854831,65943.8119658287,0.0128315333009984,7.04446013052944,656620.330125822,7.04446013052944,17,0.414380007678203,"Alta","Alta","Alta demanda / Alta oferta"
"13120101004","ÑUÑOA",1,"13120",3389,208237,1019,0.538759543303381,548.995974626145,776,0.212953876349362,0.267909715407262,0.680078508341511,51172398.0854831,65943.8119658287,0.0162747254330402,8.93475875088484,832816.728591471,8.93475875088484,11,0.812250795534985,"Alta","Alta","Alta demanda / Alta oferta"
"13120111004","ÑUÑOA",1,"13120",3545,208237,1019,0.538759543303381,548.995974626145,776,0.212953876349362,0.267909715407262,0.680078508341511,51172398.0854831,65943.8119658287,0.017023871838338,9.34603711179898,871152.346667679,9.34603711179898,40,0.233650927794975,"Alta","Alta","Alta demanda / Alta oferta"
"13123011008","PROVIDENCIA",1,"13123",1660,142079,890,0.600100532423786,534.08947385717,777,0.247191011235955,0.238202247191011,0.780898876404494,65151071.0164854,83849.5122477289,0.0116836407913907,6.24010956301003,761201.710931001,6.24010956301003,13,0.480008427923848,"Alta","Alta","Alta demanda / Alta oferta"
"13123041009","PROVIDENCIA",1,"13123",3338,142079,890,0.600100532423786,534.08947385717,777,0.247191011235955,0.238202247191011,0.780898876404494,65151071.0164854,83849.5122477289,0.0234939716636519,12.5478829646551,1530657.41631788,12.5478829646551,9,1.39420921829501,"Alta","Alta","Alta demanda / Alta oferta"
"13129061003","SAN JOAQUÍN",1,"13129",3683,94492,533,0.359172454258464,191.438918119761,194,0.24765478424015,0.273921200750469,0.266416510318949,8068280.78411978,41589.076206803,0.0389768446006011,7.46168496206113,314476.126316653,7.46168496206113,0,NA,"Alta","Baja","Alta demanda / Baja oferta"
"13123041006","PROVIDENCIA",1,"13123",2704,142079,890,0.600100532423786,534.08947385717,777,0.247191011235955,0.238202247191011,0.780898876404494,65151071.0164854,83849.5122477289,0.0190316654818798,10.1646122038428,1239933.38937194,10.1646122038428,0,NA,"Alta","Baja","Alta demanda / Baja oferta"
"13129031004","SAN JOAQUÍN",1,"13129",3539,94492,533,0.359172454258464,191.438918119761,194,0.24765478424015,0.273921200750469,0.266416510318949,8068280.78411978,41589.076206803,0.037452906066122,7.16994381773943,302180.562322735,7.16994381773943,0,NA,"Alta","Baja","Alta demanda / Baja oferta"
"13123011007","PROVIDENCIA",1,"13123",1655,142079,890,0.600100532423786,534.08947385717,777,0.247191011235955,0.238202247191011,0.780898876404494,65151071.0164854,83849.5122477289,0.01164844910226,6.22131405227807,758908.934693257,6.22131405227807,12,0.518442837689839,"Alta","Alta","Alta demanda / Alta oferta"
"13101181002","SANTIAGO",1,"13101",4060,404495,1503,0.444418532708825,667.961054661364,909,0.294078509647372,0.236859614105123,0.497671324018629,46571551.1915076,51233.8296936278,0.0100372068876006,6.70446329849599,467448.294385644,6.70446329849599,8,0.838057912311999,"Alta","Alta","Alta demanda / Alta oferta"
"13129021001","SAN JOAQUÍN",1,"13129",2327,94492,533,0.359172454258464,191.438918119761,194,0.24765478424015,0.273921200750469,0.266416510318949,8068280.78411978,41589.076206803,0.0246264234009228,4.71445585303183,198692.898707263,4.71445585303183,6,0.785742642171972,"Baja","Alta","Baja demanda / Alta oferta"
"13101111014","SANTIAGO",1,"13101",1894,404495,1503,0.444418532708825,667.961054661364,909,0.294078509647372,0.236859614105123,0.497671324018629,46571551.1915076,51233.8296936278,0.00468238173525013,3.12764864220478,218065.780681382,3.12764864220478,2,1.56382432110239,"Baja","Alta","Baja demanda / Alta oferta"
"13101111006","SANTIAGO",1,"13101",1677,404495,1503,0.444418532708825,667.961054661364,909,0.294078509647372,0.236859614105123,0.497671324018629,46571551.1915076,51233.8296936278,0.00414591033263699,2.76930663831965,193081.475291804,2.76930663831965,2,1.38465331915982,"Baja","Alta","Baja demanda / Alta oferta"
"13101271001","SANTIAGO",1,"13101",3997,404495,1503,0.444418532708825,667.961054661364,909,0.294078509647372,0.236859614105123,0.497671324018629,46571551.1915076,51233.8296936278,0.00988145712555161,6.6004285231745,460194.786369315,6.6004285231745,41,0.160986061540841,"Alta","Alta","Alta demanda / Alta oferta"
"13128101002","RENCA",1,"13128",2333,147151,491,0.306179861587608,150.334312039516,107,0.297352342158859,0.260692464358452,0.14867617107943,3901369.14067989,36461.3938381299,0.0158544624229533,2.38346970111104,61854.110438979,2.38346970111104,0,NA,"Baja","Baja","Baja demanda / Baja oferta"
"13123041001","PROVIDENCIA",1,"13123",3557,142079,890,0.600100532423786,534.08947385717,777,0.247191011235955,0.238202247191011,0.780898876404494,65151071.0164854,83849.5122477289,0.0250353676475763,13.3711263347149,1631081.01553107,13.3711263347149,14,0.955080452479633,"Alta","Alta","Alta demanda / Alta oferta"
"13123021006","PROVIDENCIA",1,"13123",2842,142079,890,0.600100532423786,534.08947385717,777,0.247191011235955,0.238202247191011,0.780898876404494,65151071.0164854,83849.5122477289,0.020002956101887,10.6833683000449,1303214.01353368,10.6833683000449,3,3.56112276668163,"Alta","Alta","Alta demanda / Alta oferta"
"13128091002","RENCA",1,"13128",3107,147151,491,0.306179861587608,150.334312039516,107,0.297352342158859,0.260692464358452,0.14867617107943,3901369.14067989,36461.3938381299,0.0211143655156948,3.17421361395285,82374.9340479673,3.17421361395285,0,NA,"Baja","Baja","Baja demanda / Baja oferta"
"13128021005","RENCA",1,"13128",163,147151,491,0.306179861587608,150.334312039516,107,0.297352342158859,0.260692464358452,0.14867617107943,3901369.14067989,36461.3938381299,0.00110770569007346,0.166526172859451,4321.56879620813,0.166526172859451,0,NA,"Baja","Baja","Baja demanda / Baja oferta"
"13128021001","RENCA",1,"13128",2838,147151,491,0.306179861587608,150.334312039516,107,0.297352342158859,0.260692464358452,0.14867617107943,3901369.14067989,36461.3938381299,0.0192863113400521,2.89939434708664,75243.0198996238,2.89939434708664,0,NA,"Baja","Baja","Baja demanda / Baja oferta"
"13128071005","RENCA",1,"13128",4122,147151,491,0.306179861587608,150.334312039516,107,0.297352342158859,0.260692464358452,0.14867617107943,3901369.14067989,36461.3938381299,0.0280120420520418,4.21117107071568,109285.316429263,4.21117107071568,1,4.21117107071568,"Baja","Baja","Baja demanda / Baja oferta"
"13128071002","RENCA",1,"13128",2759,147151,491,0.306179861587608,150.334312039516,107,0.297352342158859,0.260692464358452,0.14867617107943,3901369.14067989,36461.3938381299,0.0187494478460901,2.81868534306273,73148.5172315229,2.81868534306273,0,NA,"Baja","Baja","Baja demanda / Baja oferta"
"13128021002","RENCA",1,"13128",2867,147151,491,0.306179861587608,150.334312039516,107,0.297352342158859,0.260692464358452,0.14867617107943,3901369.14067989,36461.3938381299,0.0194833878125191,2.92902170299415,76011.8879676608,2.92902170299415,0,NA,"Baja","Baja","Baja demanda / Baja oferta"
"13128021006","RENCA",1,"13128",4839,147151,491,0.306179861587608,150.334312039516,107,0.297352342158859,0.260692464358452,0.14867617107943,3901369.14067989,36461.3938381299,0.032884587940279,4.9436819047048,128294.916594179,4.9436819047048,0,NA,"Baja","Baja","Baja demanda / Baja oferta"
"13128081002","RENCA",1,"13128",2895,147151,491,0.306179861587608,150.334312039516,107,0.297352342158859,0.260692464358452,0.14867617107943,3901369.14067989,36461.3938381299,0.0196736685445563,2.95762742593933,76754.2433436966,2.95762742593933,0,NA,"Baja","Baja","Baja demanda / Baja oferta"
"13125041012","QUILICURA",1,"13125",4275,210410,818,0.34338151239067,280.886077135568,274,0.332518337408313,0.311735941320293,0.226161369193154,11336456.4376851,41373.9286046903,0.0203174754051614,5.70689596385416,230328.174854351,5.70689596385416,50,0.114137919277083,"Baja","Alta","Baja demanda / Alta oferta"
"13128081001","RENCA",1,"13128",2882,147151,491,0.306179861587608,150.334312039516,107,0.297352342158859,0.260692464358452,0.14867617107943,3901369.14067989,36461.3938381299,0.0195853239189676,2.94434619742906,76409.57834768,2.94434619742906,0,NA,"Baja","Baja","Baja demanda / Baja oferta"
"13128061005","RENCA",1,"13128",2527,147151,491,0.306179861587608,150.334312039516,107,0.297352342158859,0.260692464358452,0.14867617107943,3901369.14067989,36461.3938381299,0.0171728360663536,2.58166649580265,66997.5726872267,2.58166649580265,8,0.322708311975332,"Baja","Alta","Baja demanda / Alta oferta"
"13128071006","RENCA",1,"13128",5111,147151,491,0.306179861587608,150.334312039516,107,0.297352342158859,0.260692464358452,0.14867617107943,3901369.14067989,36461.3938381299,0.0347330293372114,5.221566070458,135506.368818526,5.221566070458,5,1.0443132140916,"Baja","Alta","Baja demanda / Alta oferta"
"13128021004","RENCA",1,"13128",4241,147151,491,0.306179861587608,150.334312039516,107,0.297352342158859,0.260692464358452,0.14867617107943,3901369.14067989,36461.3938381299,0.0288207351631997,4.33274539323271,112440.326777415,4.33274539323271,0,NA,"Baja","Baja","Baja demanda / Baja oferta"
"13128101001","RENCA",1,"13128",2509,147151,491,0.306179861587608,150.334312039516,107,0.297352342158859,0.260692464358452,0.14867617107943,3901369.14067989,36461.3938381299,0.0170505127386154,2.56327710248075,66520.3442312037,2.56327710248075,0,NA,"Baja","Baja","Baja demanda / Baja oferta"
"13128011001","RENCA",1,"13128",3768,147151,491,0.306179861587608,150.334312039516,107,0.297352342158859,0.260692464358452,0.14867617107943,3901369.14067989,36461.3938381299,0.0256063499398577,3.8495130020516,99899.8234608113,3.8495130020516,0,NA,"Baja","Baja","Baja demanda / Baja oferta"
"13128011003","RENCA",1,"13128",3656,147151,491,0.306179861587608,150.334312039516,107,0.297352342158859,0.260692464358452,0.14867617107943,3901369.14067989,36461.3938381299,0.0248452270117091,3.73509011027087,96930.4019566683,3.73509011027087,4,0.933772527567718,"Baja","Alta","Baja demanda / Alta oferta"
"13128021003","RENCA",1,"13128",2865,147151,491,0.306179861587608,150.334312039516,107,0.297352342158859,0.260692464358452,0.14867617107943,3901369.14067989,36461.3938381299,0.0194697963316593,2.92697843706949,75958.8625836583,2.92697843706949,0,NA,"Baja","Baja","Baja demanda / Baja oferta"
"13128091004","RENCA",1,"13128",3789,147151,491,0.306179861587608,150.334312039516,107,0.297352342158859,0.260692464358452,0.14867617107943,3901369.14067989,36461.3938381299,0.0257490604888856,3.87096729426049,100456.589992838,3.87096729426049,0,NA,"Baja","Baja","Baja demanda / Baja oferta"
"13128081003","RENCA",1,"13128",2263,147151,491,0.306179861587608,150.334312039516,107,0.297352342158859,0.260692464358452,0.14867617107943,3901369.14067989,36461.3938381299,0.0153787605928604,2.31195539374808,59998.2219988896,2.31195539374808,0,NA,"Baja","Baja","Baja demanda / Baja oferta"
"13128071008","RENCA",1,"13128",2802,147151,491,0.306179861587608,150.334312039516,107,0.297352342158859,0.260692464358452,0.14867617107943,3901369.14067989,36461.3938381299,0.0190416646845757,2.86261556044283,74288.5629875778,2.86261556044283,10,0.286261556044283,"Baja","Alta","Baja demanda / Alta oferta"
"13125021011","QUILICURA",1,"13125",3412,210410,818,0.34338151239067,280.886077135568,274,0.332518337408313,0.311735941320293,0.226161369193154,11336456.4376851,41373.9286046903,0.0162159593175229,4.55483719968898,183831.516398373,4.55483719968898,0,NA,"Baja","Baja","Baja demanda / Baja oferta"
"13128071003","RENCA",1,"13128",3881,147151,491,0.306179861587608,150.334312039516,107,0.297352342158859,0.260692464358452,0.14867617107943,3901369.14067989,36461.3938381299,0.0263742686084362,3.96495752679466,102895.757656956,3.96495752679466,7,0.566422503827808,"Baja","Alta","Baja demanda / Alta oferta"
"13128031002","RENCA",1,"13128",3697,147151,491,0.306179861587608,150.334312039516,107,0.297352342158859,0.260692464358452,0.14867617107943,3901369.14067989,36461.3938381299,0.0251238523693349,3.77697706172632,98017.4223287206,3.77697706172632,1,3.77697706172632,"Baja","Baja","Baja demanda / Baja oferta"
"13128051001","RENCA",1,"13128",3820,147151,491,0.306179861587608,150.334312039516,107,0.297352342158859,0.260692464358452,0.14867617107943,3901369.14067989,36461.3938381299,0.0259597284422124,3.90263791609265,101278.483444878,3.90263791609265,6,0.650439652682109,"Baja","Alta","Baja demanda / Alta oferta"
"13128071001","RENCA",1,"13128",4894,147151,491,0.306179861587608,150.334312039516,107,0.297352342158859,0.260692464358452,0.14867617107943,3901369.14067989,36461.3938381299,0.0332583536639235,4.99987171763284,129753.114654249,4.99987171763284,5,0.999974343526568,"Baja","Alta","Baja demanda / Alta oferta"
"13128061002","RENCA",1,"13128",5608,147151,491,0.306179861587608,150.334312039516,107,0.297352342158859,0.260692464358452,0.14867617107943,3901369.14067989,36461.3938381299,0.038110512330871,5.72931765273497,148683.176743161,5.72931765273497,11,0.520847059339543,"Baja","Alta","Baja demanda / Alta oferta"
"13128091003","RENCA",1,"13128",3686,147151,491,0.306179861587608,150.334312039516,107,0.297352342158859,0.260692464358452,0.14867617107943,3901369.14067989,36461.3938381299,0.025049099224606,3.76573909914071,97725.7827167066,3.76573909914071,0,NA,"Baja","Baja","Baja demanda / Baja oferta"
"13128041001","RENCA",1,"13128",1185,147151,491,0.306179861587608,150.334312039516,107,0.297352342158859,0.260692464358452,0.14867617107943,3901369.14067989,36461.3938381299,0.00805295240942977,1.21063506035858,31417.5400215131,1.21063506035858,0,NA,"Baja","Baja","Baja demanda / Baja oferta"
"13128031001","RENCA",1,"13128",1486,147151,491,0.306179861587608,150.334312039516,107,0.297352342158859,0.260692464358452,0.14867617107943,3901369.14067989,36461.3938381299,0.0100984702788292,1.51814658201929,39397.8603138975,1.51814658201929,0,NA,"Baja","Baja","Baja demanda / Baja oferta"
"13125021016","QUILICURA",1,"13125",3848,210410,818,0.34338151239067,280.886077135568,274,0.332518337408313,0.311735941320293,0.226161369193154,11336456.4376851,41373.9286046903,0.0182881041775581,5.13687384068089,207322.296336735,5.13687384068089,3,1.71229128022696,"Baja","Alta","Baja demanda / Alta oferta"
"13128061003","RENCA",1,"13128",2882,147151,491,0.306179861587608,150.334312039516,107,0.297352342158859,0.260692464358452,0.14867617107943,3901369.14067989,36461.3938381299,0.0195853239189676,2.94434619742906,76409.57834768,2.94434619742906,5,0.588869239485813,"Baja","Alta","Baja demanda / Alta oferta"
"13128011002","RENCA",1,"13128",3280,147151,491,0.306179861587608,150.334312039516,107,0.297352342158859,0.260692464358452,0.14867617107943,3901369.14067989,36461.3938381299,0.0222900286100672,3.35095611643558,86961.6297641882,3.35095611643558,17,0.197115065672681,"Baja","Alta","Baja demanda / Alta oferta"
"13128091001","RENCA",1,"13128",3578,147151,491,0.306179861587608,150.334312039516,107,0.297352342158859,0.260692464358452,0.14867617107943,3901369.14067989,36461.3938381299,0.024315159258177,3.6554027392093,94862.4119805687,3.6554027392093,0,NA,"Baja","Baja","Baja demanda / Baja oferta"
"13125041005","QUILICURA",1,"13125",6191,210410,818,0.34338151239067,280.886077135568,274,0.332518337408313,0.311735941320293,0.226161369193154,11336456.4376851,41373.9286046903,0.0294235064873343,8.26465331280026,333558.299537611,8.26465331280026,15,0.550976887520017,"Alta","Alta","Alta demanda / Alta oferta"
"13128061004","RENCA",1,"13128",2524,147151,491,0.306179861587608,150.334312039516,107,0.297352342158859,0.260692464358452,0.14867617107943,3901369.14067989,36461.3938381299,0.0171524488450639,2.57860159691567,66918.0346112229,2.57860159691567,0,NA,"Baja","Baja","Baja demanda / Baja oferta"
"13125021002","QUILICURA",1,"13125",4230,210410,818,0.34338151239067,280.886077135568,274,0.332518337408313,0.311735941320293,0.226161369193154,11336456.4376851,41373.9286046903,0.0201036072430018,5.64682337476096,227903.667750621,5.64682337476096,0,NA,"Baja","Baja","Baja demanda / Baja oferta"
"13128101003","RENCA",1,"13128",3930,147151,491,0.306179861587608,150.334312039516,107,0.297352342158859,0.260692464358452,0.14867617107943,3901369.14067989,36461.3938381299,0.0267072598895013,4.01501754194872,104194.879565018,4.01501754194872,5,0.803003508389745,"Baja","Alta","Baja demanda / Alta oferta"
"13128101004","RENCA",1,"13128",1634,147151,491,0.306179861587608,150.334312039516,107,0.297352342158859,0.260692464358452,0.14867617107943,3901369.14067989,36461.3938381299,0.0111042398624542,1.66934826044382,43321.7387300864,1.66934826044382,13,0.128411404649525,"Baja","Alta","Baja demanda / Alta oferta"
"13125021001","QUILICURA",1,"13125",5170,210410,818,0.34338151239067,280.886077135568,274,0.332518337408313,0.311735941320293,0.226161369193154,11336456.4376851,41373.9286046903,0.0245710755192244,6.90167301359673,278548.927250759,6.90167301359673,0,NA,"Alta","Baja","Alta demanda / Baja oferta"
"13128051002","RENCA",1,"13128",3761,147151,491,0.306179861587608,150.334312039516,107,0.297352342158859,0.260692464358452,0.14867617107943,3901369.14067989,36461.3938381299,0.0255587797568484,3.84236157131531,99714.2346168024,3.84236157131531,6,0.640393595219218,"Baja","Alta","Baja demanda / Alta oferta"
"13128041002","RENCA",1,"13128",3345,147151,491,0.306179861587608,150.334312039516,107,0.297352342158859,0.260692464358452,0.14867617107943,3901369.14067989,36461.3938381299,0.0227317517380106,3.41736225898689,88684.9547442712,3.41736225898689,6,0.569560376497815,"Baja","Alta","Baja demanda / Alta oferta"
"13125021005","QUILICURA",1,"13125",4041,210410,818,0.34338151239067,280.886077135568,274,0.332518337408313,0.311735941320293,0.226161369193154,11336456.4376851,41373.9286046903,0.0192053609619315,5.39451850056951,217720.737914955,5.39451850056951,0,NA,"Baja","Baja","Baja demanda / Baja oferta"
"13128041003","RENCA",1,"13128",1422,147151,491,0.306179861587608,150.334312039516,107,0.297352342158859,0.260692464358452,0.14867617107943,3901369.14067989,36461.3938381299,0.00966354289131572,1.4527620724303,37701.0480258157,1.4527620724303,0,NA,"Baja","Baja","Baja demanda / Baja oferta"
"13125041004","QUILICURA",1,"13125",4863,210410,818,0.34338151239067,280.886077135568,274,0.332518337408313,0.311735941320293,0.226161369193154,11336456.4376851,41373.9286046903,0.0231120193907134,6.49184446133866,262008.401009757,6.49184446133866,1,6.49184446133866,"Alta","Baja","Alta demanda / Baja oferta"
"13128071004","RENCA",1,"13128",6454,147151,491,0.306179861587608,150.334312039516,107,0.297352342158859,0.260692464358452,0.14867617107943,3901369.14067989,36461.3938381299,0.0438597087345652,6.59361913886439,171112.914176241,6.59361913886439,0,NA,"Alta","Baja","Alta demanda / Baja oferta"
"13128071009","RENCA",1,"13128",1401,147151,491,0.306179861587608,150.334312039516,107,0.297352342158859,0.260692464358452,0.14867617107943,3901369.14067989,36461.3938381299,0.00952083234228785,1.43130778022142,37144.2814937889,1.43130778022142,0,NA,"Baja","Baja","Baja demanda / Baja oferta"
"13128071010","RENCA",1,"13128",6861,147151,491,0.306179861587608,150.334312039516,107,0.297352342158859,0.260692464358452,0.14867617107943,3901369.14067989,36461.3938381299,0.0466255750895339,7.00942375453186,181903.579820761,7.00942375453186,0,NA,"Alta","Baja","Alta demanda / Baja oferta"
"13128081004","RENCA",1,"13128",5633,147151,491,0.306179861587608,150.334312039516,107,0.297352342158859,0.260692464358452,0.14867617107943,3901369.14067989,36461.3938381299,0.0382804058416185,5.75485847679317,149345.994043193,5.75485847679317,0,NA,"Baja","Baja","Baja demanda / Baja oferta"
"13125031001","QUILICURA",1,"13125",662,210410,818,0.34338151239067,280.886077135568,274,0.332518337408313,0.311735941320293,0.226161369193154,11336456.4376851,41373.9286046903,0.0031462382966589,0.883734532882212,35667.1933926504,0.883734532882212,42,0.0210412984019574,"Baja","Alta","Baja demanda / Alta oferta"
"13125041013","QUILICURA",1,"13125",5197,210410,818,0.34338151239067,280.886077135568,274,0.332518337408313,0.311735941320293,0.226161369193154,11336456.4376851,41373.9286046903,0.0246993964165201,6.93771656705265,280003.631512997,6.93771656705265,0,NA,"Alta","Baja","Alta demanda / Baja oferta"
"13125021014","QUILICURA",1,"13125",5771,210410,818,0.34338151239067,280.886077135568,274,0.332518337408313,0.311735941320293,0.226161369193154,11336456.4376851,41373.9286046903,0.0274274036405114,7.70397581459704,310929.566569464,7.70397581459704,0,NA,"Alta","Baja","Alta demanda / Baja oferta"
"13123041005","PROVIDENCIA",1,"13123",3556,142079,890,0.600100532423786,534.08947385717,777,0.247191011235955,0.238202247191011,0.780898876404494,65151071.0164854,83849.5122477289,0.0250283293097502,13.3673672325685,1630622.46028352,13.3673672325685,3,4.45578907752282,"Alta","Alta","Alta demanda / Alta oferta"
"13125041014","QUILICURA",1,"13125",4217,210410,818,0.34338151239067,280.886077135568,274,0.332518337408313,0.311735941320293,0.226161369193154,11336456.4376851,41373.9286046903,0.0200418231072668,5.62946907124515,227203.254587321,5.62946907124515,1,5.62946907124515,"Baja","Baja","Baja demanda / Baja oferta"
"13125041011","QUILICURA",1,"13125",4957,210410,818,0.34338151239067,280.886077135568,274,0.332518337408313,0.311735941320293,0.226161369193154,11336456.4376851,41373.9286046903,0.0235587662183356,6.61732942522224,267072.92695977,6.61732942522224,23,0.287709975009663,"Alta","Alta","Alta demanda / Alta oferta"
"13125021009","QUILICURA",1,"13125",6326,210410,818,0.34338151239067,280.886077135568,274,0.332518337408313,0.311735941320293,0.226161369193154,11336456.4376851,41373.9286046903,0.030065110973813,8.44487108007987,340831.820848801,8.44487108007987,2,4.22243554003993,"Alta","Alta","Alta demanda / Alta oferta"
"13125021004","QUILICURA",1,"13125",6455,210410,818,0.34338151239067,280.886077135568,274,0.332518337408313,0.311735941320293,0.226161369193154,11336456.4376851,41373.9286046903,0.0306781997053372,8.61707916881371,347782.07454616,8.61707916881371,0,NA,"Alta","Baja","Alta demanda / Baja oferta"
"13101031003","SANTIAGO",1,"13101",4955,404495,1503,0.444418532708825,667.961054661364,909,0.294078509647372,0.236859614105123,0.497671324018629,46571551.1915076,51233.8296936278,0.0122498423960741,8.18241764631715,570494.162236666,8.18241764631715,5,1.63648352926343,"Alta","Alta","Alta demanda / Alta oferta"
"13125041006","QUILICURA",1,"13125",4746,210410,818,0.34338151239067,280.886077135568,274,0.332518337408313,0.311735941320293,0.226161369193154,11336456.4376851,41373.9286046903,0.0225559621690984,6.33565572969634,255704.682540059,6.33565572969634,36,0.175990436936009,"Alta","Alta","Alta demanda / Alta oferta"
"13125041007","QUILICURA",1,"13125",5299,210410,818,0.34338151239067,280.886077135568,274,0.332518337408313,0.311735941320293,0.226161369193154,11336456.4376851,41373.9286046903,0.0251841642507485,7.07388110233057,285499.180948118,7.07388110233057,3,2.35796036744352,"Alta","Alta","Alta demanda / Alta oferta"
"13125021007","QUILICURA",1,"13125",5361,210410,818,0.34338151239067,280.886077135568,274,0.332518337408313,0.311735941320293,0.226161369193154,11336456.4376851,41373.9286046903,0.0254788270519462,7.15664778063676,288839.612957702,7.15664778063676,8,0.894580972579595,"Alta","Alta","Alta demanda / Alta oferta"
"13125021010","QUILICURA",1,"13125",5311,210410,818,0.34338151239067,280.886077135568,274,0.332518337408313,0.311735941320293,0.226161369193154,11336456.4376851,41373.9286046903,0.0252411957606578,7.08990045942209,286145.71617578,7.08990045942209,2,3.54495022971105,"Alta","Alta","Alta demanda / Alta oferta"
"13125041003","QUILICURA",1,"13125",6819,210410,818,0.34338151239067,280.886077135568,274,0.332518337408313,0.311735941320293,0.226161369193154,11336456.4376851,41373.9286046903,0.032408155505917,9.1029996672565,367393.643118554,9.1029996672565,6,1.51716661120942,"Alta","Alta","Alta demanda / Alta oferta"
"13125041010","QUILICURA",1,"13125",5741,210410,818,0.34338151239067,280.886077135568,274,0.332518337408313,0.311735941320293,0.226161369193154,11336456.4376851,41373.9286046903,0.0272848248657383,7.66392742186824,309313.228500311,7.66392742186824,1,7.66392742186824,"Alta","Baja","Alta demanda / Baja oferta"
"13125021020","QUILICURA",1,"13125",4660,210410,818,0.34338151239067,280.886077135568,274,0.332518337408313,0.311735941320293,0.226161369193154,11336456.4376851,41373.9286046903,0.0221472363480823,6.22085033720711,251071.180075152,6.22085033720711,0,NA,"Alta","Baja","Alta demanda / Baja oferta"
"13125021015","QUILICURA",1,"13125",3834,210410,818,0.34338151239067,280.886077135568,274,0.332518337408313,0.311735941320293,0.226161369193154,11336456.4376851,41373.9286046903,0.0182215674159973,5.11818459074078,206568.005237797,5.11818459074078,4,1.2795461476852,"Baja","Alta","Baja demanda / Alta oferta"
"13125021017","QUILICURA",1,"13125",4269,210410,818,0.34338151239067,280.886077135568,274,0.332518337408313,0.311735941320293,0.226161369193154,11336456.4376851,41373.9286046903,0.0202889596502067,5.6988862853084,230004.90724052,5.6988862853084,0,NA,"Baja","Baja","Baja demanda / Baja oferta"
"13125041008","QUILICURA",1,"13125",2936,210410,818,0.34338151239067,280.886077135568,274,0.332518337408313,0.311735941320293,0.226161369193154,11336456.4376851,41373.9286046903,0.013953709424457,3.91940270172534,158185.619034474,3.91940270172534,4,0.979850675431334,"Baja","Alta","Baja demanda / Alta oferta"
"13125041002","QUILICURA",1,"13125",4194,210410,818,0.34338151239067,280.886077135568,274,0.332518337408313,0.311735941320293,0.226161369193154,11336456.4376851,41373.9286046903,0.0199325127132741,5.5987653034864,225964.062067637,5.5987653034864,24,0.233281887645267,"Baja","Alta","Baja demanda / Alta oferta"
"13125021019","QUILICURA",1,"13125",4332,210410,818,0.34338151239067,280.886077135568,274,0.332518337408313,0.311735941320293,0.226161369193154,11336456.4376851,41373.9286046903,0.0205883750772302,5.78298791003888,233399.217185742,5.78298791003888,0,NA,"Baja","Baja","Baja demanda / Baja oferta"
"13125021012","QUILICURA",1,"13125",5306,210410,818,0.34338151239067,280.886077135568,274,0.332518337408313,0.311735941320293,0.226161369193154,11336456.4376851,41373.9286046903,0.0252174326315289,7.08322572730063,285876.326497588,7.08322572730063,17,0.416660336900037,"Alta","Alta","Alta demanda / Alta oferta"
"13125011002","QUILICURA",1,"13125",5434,210410,818,0.34338151239067,280.886077135568,274,0.332518337408313,0.311735941320293,0.226161369193154,11336456.4376851,41373.9286046903,0.0258257687372273,7.25409886961018,292772.702259308,7.25409886961018,0,NA,"Alta","Baja","Alta demanda / Baja oferta"
"13125021018","QUILICURA",1,"13125",4659,210410,818,0.34338151239067,280.886077135568,274,0.332518337408313,0.311735941320293,0.226161369193154,11336456.4376851,41373.9286046903,0.0221424837222565,6.21951539078282,251017.302139514,6.21951539078282,0,NA,"Alta","Baja","Alta demanda / Baja oferta"
"13125041001","QUILICURA",1,"13125",3878,210410,818,0.34338151239067,280.886077135568,274,0.332518337408313,0.311735941320293,0.226161369193154,11336456.4376851,41373.9286046903,0.0184306829523312,5.17692223340969,208938.634405889,5.17692223340969,33,0.156876431315445,"Baja","Alta","Baja demanda / Alta oferta"
"13125021006","QUILICURA",1,"13125",3675,210410,818,0.34338151239067,280.886077135568,274,0.332518337408313,0.311735941320293,0.226161369193154,11336456.4376851,41373.9286046903,0.0174658999097001,4.90592810927814,198001.413471284,4.90592810927814,0,NA,"Baja","Baja","Baja demanda / Baja oferta"
"13125011001","QUILICURA",1,"13125",4083,210410,818,0.34338151239067,280.886077135568,274,0.332518337408313,0.311735941320293,0.226161369193154,11336456.4376851,41373.9286046903,0.0194049712466138,5.45058625038983,219983.61121177,5.45058625038983,40,0.136264656259746,"Baja","Alta","Baja demanda / Alta oferta"
"13125011005","QUILICURA",1,"13125",4985,210410,818,0.34338151239067,280.886077135568,274,0.332518337408313,0.311735941320293,0.226161369193154,11336456.4376851,41373.9286046903,0.0236918397414572,6.65470792510245,268581.509157647,6.65470792510245,8,0.831838490637807,"Alta","Alta","Alta demanda / Alta oferta"
"13125011008","QUILICURA",1,"13125",4381,210410,818,0.34338151239067,280.886077135568,274,0.332518337408313,0.311735941320293,0.226161369193154,11336456.4376851,41373.9286046903,0.0208212537426928,5.84840028482926,236039.236032026,5.84840028482926,0,NA,"Baja","Baja","Baja demanda / Baja oferta"
"13125011004","QUILICURA",1,"13125",4377,210410,818,0.34338151239067,280.886077135568,274,0.332518337408313,0.311735941320293,0.226161369193154,11336456.4376851,41373.9286046903,0.0208022432393898,5.84306049913209,235823.724289472,5.84306049913209,0,NA,"Baja","Baja","Baja demanda / Baja oferta"
"13125021003","QUILICURA",1,"13125",4703,210410,818,0.34338151239067,280.886077135568,274,0.332518337408313,0.311735941320293,0.226161369193154,11336456.4376851,41373.9286046903,0.0223515992585904,6.27825303345172,253387.931307605,6.27825303345172,12,0.523187752787644,"Alta","Alta","Alta demanda / Alta oferta"
"13125021021","QUILICURA",1,"13125",4148,210410,818,0.34338151239067,280.886077135568,274,0.332518337408313,0.311735941320293,0.226161369193154,11336456.4376851,41373.9286046903,0.0197138919252887,5.5373577679689,223485.677028269,5.5373577679689,0,NA,"Baja","Baja","Baja demanda / Baja oferta"
"13125021008","QUILICURA",1,"13125",4719,210410,818,0.34338151239067,280.886077135568,274,0.332518337408313,0.311735941320293,0.226161369193154,11336456.4376851,41373.9286046903,0.0224276412718027,6.29961217624042,254249.978277821,6.29961217624042,0,NA,"Alta","Baja","Alta demanda / Baja oferta"
"13125021013","QUILICURA",1,"13125",3877,210410,818,0.34338151239067,280.886077135568,274,0.332518337408313,0.311735941320293,0.226161369193154,11336456.4376851,41373.9286046903,0.0184259303265054,5.1755872869854,208884.75647025,5.1755872869854,1,5.1755872869854,"Baja","Baja","Baja demanda / Baja oferta"
"13125041009","QUILICURA",1,"13125",4971,210410,818,0.34338151239067,280.886077135568,274,0.332518337408313,0.311735941320293,0.226161369193154,11336456.4376851,41373.9286046903,0.0236253029798964,6.63601867516235,267827.218058709,6.63601867516235,0,NA,"Alta","Baja","Alta demanda / Baja oferta"
"13125041015","QUILICURA",1,"13125",4153,210410,818,0.34338151239067,280.886077135568,274,0.332518337408313,0.311735941320293,0.226161369193154,11336456.4376851,41373.9286046903,0.0197376550544176,5.54403250009037,223755.066706461,5.54403250009037,20,0.277201625004519,"Baja","Alta","Baja demanda / Alta oferta"
"13101031007","SANTIAGO",1,"13101",2973,404495,1503,0.444418532708825,667.961054661364,909,0.294078509647372,0.236859614105123,0.497671324018629,46571551.1915076,51233.8296936278,0.00734990543764447,4.90945058779029,342296.497342,4.90945058779029,6,0.818241764631715,"Baja","Alta","Baja demanda / Alta oferta"
"13129021002","SAN JOAQUÍN",1,"13129",4585,94492,533,0.359172454258464,191.438918119761,194,0.24765478424015,0.273921200750469,0.266416510318949,8068280.78411978,41589.076206803,0.0485226262540744,9.28911907440952,391494.173000775,9.28911907440952,0,NA,"Alta","Baja","Alta demanda / Baja oferta"
"13129011003","SAN JOAQUÍN",1,"13129",4545,94492,533,0.359172454258464,191.438918119761,194,0.24765478424015,0.273921200750469,0.266416510318949,8068280.78411978,41589.076206803,0.0480993099944969,9.2080798676535,388078.73855802,9.2080798676535,0,NA,"Alta","Baja","Alta demanda / Baja oferta"
"13129071003","SAN JOAQUÍN",1,"13129",5394,94492,533,0.359172454258464,191.438918119761,194,0.24765478424015,0.273921200750469,0.266416510318949,8068280.78411978,41589.076206803,0.05708419760403,10.9281370310502,460571.334605491,10.9281370310502,0,NA,"Alta","Baja","Alta demanda / Baja oferta"
"13129011002","SAN JOAQUÍN",1,"13129",2969,94492,533,0.359172454258464,191.438918119761,194,0.24765478424015,0.273921200750469,0.266416510318949,8068280.78411978,41589.076206803,0.0314206493671422,6.01513512146606,253510.621513479,6.01513512146606,43,0.139886863289908,"Alta","Alta","Alta demanda / Alta oferta"
"13129011005","SAN JOAQUÍN",1,"13129",2232,94492,533,0.359172454258464,191.438918119761,194,0.24765478424015,0.273921200750469,0.266416510318949,8068280.78411978,41589.076206803,0.0236210472844262,4.52198773698627,190581.241905721,4.52198773698627,0,NA,"Baja","Baja","Baja demanda / Baja oferta"
"13129011004","SAN JOAQUÍN",1,"13129",2952,94492,533,0.359172454258464,191.438918119761,194,0.24765478424015,0.273921200750469,0.266416510318949,8068280.78411978,41589.076206803,0.0312407399568217,5.98069345859475,252059.061875308,5.98069345859475,11,0.543699405326795,"Alta","Alta","Alta demanda / Alta oferta"
"13129071001","SAN JOAQUÍN",1,"13129",5048,94492,533,0.359172454258464,191.438918119761,194,0.24765478424015,0.273921200750469,0.266416510318949,8068280.78411978,41589.076206803,0.0534225119586843,10.2271478926105,431027.826675662,10.2271478926105,0,NA,"Alta","Baja","Alta demanda / Baja oferta"
"13129071005","SAN JOAQUÍN",1,"13129",2275,94492,533,0.359172454258464,191.438918119761,194,0.24765478424015,0.273921200750469,0.266416510318949,8068280.78411978,41589.076206803,0.024076112263472,4.609104884249,194252.833931682,4.609104884249,0,NA,"Baja","Baja","Baja demanda / Baja oferta"
"13129021004","SAN JOAQUÍN",1,"13129",4595,94492,533,0.359172454258464,191.438918119761,194,0.24765478424015,0.273921200750469,0.266416510318949,8068280.78411978,41589.076206803,0.0486284553189688,9.30937887609853,392348.031611463,9.30937887609853,1,9.30937887609853,"Alta","Baja","Alta demanda / Baja oferta"
"13129021003","SAN JOAQUÍN",1,"13129",2220,94492,533,0.359172454258464,191.438918119761,194,0.24765478424015,0.273921200750469,0.266416510318949,8068280.78411978,41589.076206803,0.0234940524065529,4.49767597495946,189556.611572894,4.49767597495946,0,NA,"Baja","Baja","Baja demanda / Baja oferta"
"13129061001","SAN JOAQUÍN",1,"13129",4938,94492,533,0.359172454258464,191.438918119761,194,0.24765478424015,0.273921200750469,0.266416510318949,8068280.78411978,41589.076206803,0.0522583922448461,10.0042900740315,421635.381958086,10.0042900740315,5,2.00085801480629,"Alta","Alta","Alta demanda / Alta oferta"
"13129031002","SAN JOAQUÍN",1,"13129",4515,94492,533,0.359172454258464,191.438918119761,194,0.24765478424015,0.273921200750469,0.266416510318949,8068280.78411978,41589.076206803,0.0477818227998137,9.14730046258648,385517.162725954,9.14730046258648,8,1.14341255782331,"Alta","Alta","Alta demanda / Alta oferta"
"13129031001","SAN JOAQUÍN",1,"13129",2180,94492,533,0.359172454258464,191.438918119761,194,0.24765478424015,0.273921200750469,0.266416510318949,8068280.78411978,41589.076206803,0.0230707361469754,4.41663676820344,186141.177130139,4.41663676820344,0,NA,"Baja","Baja","Baja demanda / Baja oferta"
"13129061002","SAN JOAQUÍN",1,"13129",4528,94492,533,0.359172454258464,191.438918119761,194,0.24765478424015,0.273921200750469,0.266416510318949,8068280.78411978,41589.076206803,0.0479194005841764,9.17363820478218,386627.178919849,9.17363820478218,6,1.52893970079703,"Alta","Alta","Alta demanda / Alta oferta"
"13129031003","SAN JOAQUÍN",1,"13129",4116,94492,533,0.359172454258464,191.438918119761,194,0.24765478424015,0.273921200750469,0.266416510318949,8068280.78411978,41589.076206803,0.0435592431105279,8.33893437519511,351448.204159474,8.33893437519511,5,1.66778687503902,"Alta","Alta","Alta demanda / Alta oferta"
"13129051001","SAN JOAQUÍN",1,"13129",3692,94492,533,0.359172454258464,191.438918119761,194,0.24765478424015,0.273921200750469,0.266416510318949,8068280.78411978,41589.076206803,0.0390720907590061,7.47991878358124,315244.599066273,7.47991878358124,6,1.24665313059687,"Alta","Alta","Alta demanda / Alta oferta"
"13129051002","SAN JOAQUÍN",1,"13129",3756,94492,533,0.359172454258464,191.438918119761,194,0.24765478424015,0.273921200750469,0.266416510318949,8068280.78411978,41589.076206803,0.0397493967743301,7.60958151439088,320709.29417468,7.60958151439088,5,1.52191630287818,"Alta","Alta","Alta demanda / Alta oferta"
"13129041001","SAN JOAQUÍN",1,"13129",897,94492,533,0.359172454258464,191.438918119761,194,0.24765478424015,0.273921200750469,0.266416510318949,8068280.78411978,41589.076206803,0.00949286712102612,1.81730421150389,76591.1173787775,1.81730421150389,0,NA,"Baja","Baja","Baja demanda / Baja oferta"
"13129051004","SAN JOAQUÍN",1,"13129",2456,94492,533,0.359172454258464,191.438918119761,194,0.24765478424015,0.273921200750469,0.266416510318949,8068280.78411978,41589.076206803,0.0259916183380604,4.97580729482002,209707.674785148,4.97580729482002,0,NA,"Baja","Baja","Baja demanda / Baja oferta"
"13129041002","SAN JOAQUÍN",1,"13129",4488,94492,533,0.359172454258464,191.438918119761,194,0.24765478424015,0.273921200750469,0.266416510318949,8068280.78411978,41589.076206803,0.0474960843245989,9.09259899802616,383211.744477094,9.09259899802616,5,1.81851979960523,"Alta","Alta","Alta demanda / Alta oferta"
"13123041011","PROVIDENCIA",1,"13123",2076,142079,890,0.600100532423786,534.08947385717,777,0.247191011235955,0.238202247191011,0.780898876404494,65151071.0164854,83849.5122477289,0.0146115893270645,7.80389605590893,951960.6939113,7.80389605590893,10,0.780389605590893,"Alta","Alta","Alta demanda / Alta oferta"
"13129041003","SAN JOAQUÍN",1,"13129",2477,94492,533,0.359172454258464,191.438918119761,194,0.24765478424015,0.273921200750469,0.266416510318949,8068280.78411978,41589.076206803,0.0262138593743386,5.01835287836693,211500.777867594,5.01835287836693,6,0.836392146394489,"Baja","Alta","Baja demanda / Alta oferta"
"13123031003","PROVIDENCIA",1,"13123",2947,142079,890,0.600100532423786,534.08947385717,777,0.247191011235955,0.238202247191011,0.780898876404494,65151071.0164854,83849.5122477289,0.0207419815736316,11.078074025416,1351362.3145263,11.078074025416,53,0.209020264630491,"Alta","Alta","Alta demanda / Alta oferta"
"13129051003","SAN JOAQUÍN",1,"13129",4483,94492,533,0.359172454258464,191.438918119761,194,0.24765478424015,0.273921200750469,0.266416510318949,8068280.78411978,41589.076206803,0.0474431697921517,9.08246909718166,382784.81517175,9.08246909718166,1,9.08246909718166,"Alta","Baja","Alta demanda / Baja oferta"
"13130021001","SAN MIGUEL",1,"13130",3714,107954,475,0.442045650956007,209.971684204103,266,0.237894736842105,0.277894736842105,0.452631578947368,14335749.023454,53893.7933212558,0.0344035422494766,7.22376970870964,493200.547206294,7.22376970870964,5,1.44475394174193,"Alta","Alta","Alta demanda / Alta oferta"
"13129011001","SAN JOAQUÍN",1,"13129",2393,94492,533,0.359172454258464,191.438918119761,194,0.24765478424015,0.273921200750469,0.266416510318949,8068280.78411978,41589.076206803,0.0253248952292258,4.84817054417928,204328.365537809,4.84817054417928,0,NA,"Baja","Baja","Baja demanda / Baja oferta"
"13123031008","PROVIDENCIA",1,"13123",2085,142079,890,0.600100532423786,534.08947385717,777,0.247191011235955,0.238202247191011,0.780898876404494,65151071.0164854,83849.5122477289,0.0146749343674998,7.83772797522645,956087.691139239,7.83772797522645,0,NA,"Alta","Baja","Alta demanda / Baja oferta"
"13130061003","SAN MIGUEL",1,"13130",4843,107954,475,0.442045650956007,209.971684204103,266,0.237894736842105,0.277894736842105,0.452631578947368,14335749.023454,53893.7933212558,0.0448617003538544,9.41968677955863,643126.077038256,9.41968677955863,24,0.392486949148276,"Alta","Alta","Alta demanda / Alta oferta"
"13130011002","SAN MIGUEL",1,"13130",6605,107954,475,0.442045650956007,209.971684204103,266,0.237894736842105,0.277894736842105,0.452631578947368,14335749.023454,53893.7933212558,0.0611834670322545,12.8467956182087,877110.827759174,12.8467956182087,2,6.42339780910436,"Alta","Alta","Alta demanda / Alta oferta"
"13130021003","SAN MIGUEL",1,"13130",5626,107954,475,0.442045650956007,209.971684204103,266,0.237894736842105,0.277894736842105,0.452631578947368,14335749.023454,53893.7933212558,0.0521147896326213,10.942630151104,747104.544583363,10.942630151104,0,NA,"Alta","Baja","Alta demanda / Baja oferta"
"13101281001","SANTIAGO",1,"13101",1218,404495,1503,0.444418532708825,667.961054661364,909,0.294078509647372,0.236859614105123,0.497671324018629,46571551.1915076,51233.8296936278,0.00301116206628018,2.0113389895488,140234.488315693,2.0113389895488,19,0.105859946818358,"Baja","Alta","Baja demanda / Alta oferta"
"13130051002","SAN MIGUEL",1,"13130",4331,107954,475,0.442045650956007,209.971684204103,266,0.237894736842105,0.277894736842105,0.452631578947368,14335749.023454,53893.7933212558,0.0401189395483261,8.42384130544465,575135.048451928,8.42384130544465,25,0.336953652217786,"Alta","Alta","Alta demanda / Alta oferta"
"13130031002","SAN MIGUEL",1,"13130",5408,107954,475,0.442045650956007,209.971684204103,266,0.237894736842105,0.277894736842105,0.452631578947368,14335749.023454,53893.7933212558,0.0500954110083925,10.5186178203289,718155.239443091,10.5186178203289,8,1.31482722754112,"Alta","Alta","Alta demanda / Alta oferta"
"13130041002","SAN MIGUEL",1,"13130",4959,107954,475,0.442045650956007,209.971684204103,266,0.237894736842105,0.277894736842105,0.452631578947368,14335749.023454,53893.7933212558,0.0459362320988569,9.64530801978758,658530.294452346,9.64530801978758,13,0.741946770752891,"Alta","Alta","Alta demanda / Alta oferta"
"13130021002","SAN MIGUEL",1,"13130",5586,107954,475,0.442045650956007,209.971684204103,266,0.237894736842105,0.277894736842105,0.452631578947368,14335749.023454,53893.7933212558,0.0517442614446894,10.8648297234389,741792.745475056,10.8648297234389,7,1.55211853191984,"Alta","Alta","Alta demanda / Alta oferta"
"13130041001","SAN MIGUEL",1,"13130",4754,107954,475,0.442045650956007,209.971684204103,266,0.237894736842105,0.277894736842105,0.452631578947368,14335749.023454,53893.7933212558,0.0440372751357059,9.24658082800366,631307.324022273,9.24658082800366,32,0.288955650875114,"Alta","Alta","Alta demanda / Alta oferta"
"13130031003","SAN MIGUEL",1,"13130",3042,107954,475,0.442045650956007,209.971684204103,266,0.237894736842105,0.277894736842105,0.452631578947368,14335749.023454,53893.7933212558,0.0281786686922208,5.91672252393503,403962.322186738,5.91672252393503,0,NA,"Baja","Baja","Baja demanda / Baja oferta"
"13130071004","SAN MIGUEL",1,"13130",2894,107954,475,0.442045650956007,209.971684204103,266,0.237894736842105,0.277894736842105,0.452631578947368,14335749.023454,53893.7933212558,0.0268077143968727,5.62886094157396,384308.665486003,5.62886094157396,0,NA,"Baja","Baja","Baja demanda / Baja oferta"
"13130071002","SAN MIGUEL",1,"13130",5636,107954,475,0.442045650956007,209.971684204103,266,0.237894736842105,0.277894736842105,0.452631578947368,14335749.023454,53893.7933212558,0.0522074216796043,10.9620802580203,748432.49436044,10.9620802580203,7,1.56601146543148,"Alta","Alta","Alta demanda / Alta oferta"
"13130041003","SAN MIGUEL",1,"13130",5696,107954,475,0.442045650956007,209.971684204103,266,0.237894736842105,0.277894736842105,0.452631578947368,14335749.023454,53893.7933212558,0.0527632139615021,11.0787808995181,756400.1930229,11.0787808995181,0,NA,"Alta","Baja","Alta demanda / Baja oferta"
"13130041004","SAN MIGUEL",1,"13130",4423,107954,475,0.442045650956007,209.971684204103,266,0.237894736842105,0.277894736842105,0.452631578947368,14335749.023454,53893.7933212558,0.0409711543805695,8.60278228907451,587352.186401034,8.60278228907451,1,8.60278228907451,"Alta","Baja","Alta demanda / Baja oferta"
"13130031001","SAN MIGUEL",1,"13130",3633,107954,475,0.442045650956007,209.971684204103,266,0.237894736842105,0.277894736842105,0.452631578947368,14335749.023454,53893.7933212558,0.0336532226689145,7.0662238426877,482444.154011973,7.0662238426877,7,1.00946054895539,"Alta","Alta","Alta demanda / Alta oferta"
"13101101006","SANTIAGO",1,"13101",1296,404495,1503,0.444418532708825,667.961054661364,909,0.294078509647372,0.236859614105123,0.497671324018629,46571551.1915076,51233.8296936278,0.00320399510500748,2.14014394947064,149215.022050196,2.14014394947064,10,0.214014394947064,"Baja","Alta","Baja demanda / Alta oferta"
"13130051004","SAN MIGUEL",1,"13130",6097,107954,475,0.442045650956007,209.971684204103,266,0.237894736842105,0.277894736842105,0.452631578947368,14335749.023454,53893.7933212558,0.0564777590455194,11.8587301868612,809650.979083677,11.8587301868612,0,NA,"Alta","Baja","Alta demanda / Baja oferta"
"13130051003","SAN MIGUEL",1,"13130",4502,107954,475,0.442045650956007,209.971684204103,266,0.237894736842105,0.277894736842105,0.452631578947368,14335749.023454,53893.7933212558,0.041702947551735,8.75643813371319,597842.98963994,8.75643813371319,0,NA,"Alta","Baja","Alta demanda / Baja oferta"
"13130061004","SAN MIGUEL",1,"13130",3050,107954,475,0.442045650956007,209.971684204103,266,0.237894736842105,0.277894736842105,0.452631578947368,14335749.023454,53893.7933212558,0.0282527743298071,5.93228260946806,405024.6820084,5.93228260946806,20,0.296614130473403,"Alta","Alta","Alta demanda / Alta oferta"
"13130061002","SAN MIGUEL",1,"13130",4431,107954,475,0.442045650956007,209.971684204103,266,0.237894736842105,0.277894736842105,0.452631578947368,14335749.023454,53893.7933212558,0.0410452600181559,8.61834237460754,588414.546222695,8.61834237460754,5,1.72366847492151,"Alta","Alta","Alta demanda / Alta oferta"
"13111051002","LA GRANJA",1,"13111",1613,116571,430,0.319483969607446,137.378106931202,109,0.283720930232558,0.3,0.158139534883721,3838031.37971038,35211.2970615631,0.0138370606754682,1.90090920108799,53107.0730754034,1.90090920108799,0,NA,"Baja","Baja","Baja demanda / Baja oferta"
"13130061001","SAN MIGUEL",1,"13130",4059,107954,475,0.442045650956007,209.971684204103,266,0.237894736842105,0.277894736842105,0.452631578947368,14335749.023454,53893.7933212558,0.0375993478703892,7.8947983973216,539014.814515441,7.8947983973216,12,0.657899866443466,"Alta","Alta","Alta demanda / Alta oferta"
"13130071001","SAN MIGUEL",1,"13130",3174,107954,475,0.442045650956007,209.971684204103,266,0.237894736842105,0.277894736842105,0.452631578947368,14335749.023454,53893.7933212558,0.029401411712396,6.17346393523004,421491.259244151,6.17346393523004,1,6.17346393523004,"Alta","Baja","Alta demanda / Baja oferta"
"13130071003","SAN MIGUEL",1,"13130",2757,107954,475,0.442045650956007,209.971684204103,266,0.237894736842105,0.277894736842105,0.452631578947368,14335749.023454,53893.7933212558,0.025538655353206,5.3623944768208,366115.753540052,5.3623944768208,10,0.53623944768208,"Baja","Alta","Baja demanda / Alta oferta"
"13111041003","LA GRANJA",1,"13111",2218,116571,430,0.319483969607446,137.378106931202,109,0.283720930232558,0.3,0.158139534883721,3838031.37971038,35211.2970615631,0.0190270307366326,2.61389746312038,73026.3410299099,2.61389746312038,0,NA,"Baja","Baja","Baja demanda / Baja oferta"
"13130011001","SAN MIGUEL",1,"13130",4916,107954,475,0.442045650956007,209.971684204103,266,0.237894736842105,0.277894736842105,0.452631578947368,14335749.023454,53893.7933212558,0.0455379142968301,9.56167256004754,652820.110410916,9.56167256004754,7,1.36595322286393,"Alta","Alta","Alta demanda / Alta oferta"
"13130051001","SAN MIGUEL",1,"13130",3692,107954,475,0.442045650956007,209.971684204103,266,0.237894736842105,0.277894736842105,0.452631578947368,14335749.023454,53893.7933212558,0.0341997517461141,7.1809794734938,490279.057696725,7.1809794734938,12,0.598414956124483,"Alta","Alta","Alta demanda / Alta oferta"
"13111011002","LA GRANJA",1,"13111",4488,116571,430,0.319483969607446,137.378106931202,109,0.283720930232558,0.3,0.158139534883721,3838031.37971038,35211.2970615631,0.038500141544638,5.28907656198569,147764.751371612,5.28907656198569,0,NA,"Baja","Baja","Baja demanda / Baja oferta"
"13111021002","LA GRANJA",1,"13111",3741,116571,430,0.319483969607446,137.378106931202,109,0.283720930232558,0.3,0.158139534883721,3838031.37971038,35211.2970615631,0.0320920297501094,4.40874229464984,123170.217219519,4.40874229464984,0,NA,"Baja","Baja","Baja demanda / Baja oferta"
"13111011001","LA GRANJA",1,"13111",5094,116571,430,0.319483969607446,137.378106931202,109,0.283720930232558,0.3,0.158139534883721,3838031.37971038,35211.2970615631,0.0436986900687135,6.00324331701317,167716.943735961,6.00324331701317,6,1.00054055283553,"Alta","Alta","Alta demanda / Alta oferta"
"13111051005","LA GRANJA",1,"13111",3238,116571,430,0.319483969607446,137.378106931202,109,0.283720930232558,0.3,0.158139534883721,3838031.37971038,35211.2970615631,0.0277770629058685,3.81596031811713,106609.239068913,3.81596031811713,1,3.81596031811713,"Baja","Baja","Baja demanda / Baja oferta"
"13111051004","LA GRANJA",1,"13111",4526,116571,430,0.319483969607446,137.378106931202,109,0.283720930232558,0.3,0.158139534883721,3838031.37971038,35211.2970615631,0.0388261231352566,5.33385929579929,149015.878945614,5.33385929579929,0,NA,"Baja","Baja","Baja demanda / Baja oferta"
"13111051001","LA GRANJA",1,"13111",2928,116571,430,0.319483969607446,137.378106931202,109,0.283720930232558,0.3,0.158139534883721,3838031.37971038,35211.2970615631,0.0251177394034537,3.45062748963772,96402.6720178432,3.45062748963772,0,NA,"Baja","Baja","Baja demanda / Baja oferta"
"13111031002","LA GRANJA",1,"13111",3366,116571,430,0.319483969607446,137.378106931202,109,0.283720930232558,0.3,0.158139534883721,3838031.37971038,35211.2970615631,0.0288751061584785,3.96680742148927,110823.563528709,3.96680742148927,0,NA,"Baja","Baja","Baja demanda / Baja oferta"
"13111041001","LA GRANJA",1,"13111",3272,116571,430,0.319483969607446,137.378106931202,109,0.283720930232558,0.3,0.158139534883721,3838031.37971038,35211.2970615631,0.0280687306448431,3.85602907995035,107728.669003546,3.85602907995035,11,0.350548098177305,"Baja","Alta","Baja demanda / Alta oferta"
"13111051003","LA GRANJA",1,"13111",3392,116571,430,0.319483969607446,137.378106931202,109,0.283720930232558,0.3,0.158139534883721,3838031.37971038,35211.2970615631,0.0290981461941649,3.99744823936173,111679.598184605,3.99744823936173,0,NA,"Baja","Baja","Baja demanda / Baja oferta"
"13111041002","LA GRANJA",1,"13111",4295,116571,430,0.319483969607446,137.378106931202,109,0.283720930232558,0.3,0.158139534883721,3838031.37971038,35211.2970615631,0.036844498202812,5.06162741393238,141410.340272075,5.06162741393238,1,5.06162741393238,"Baja","Baja","Baja demanda / Baja oferta"
"13101071002","SANTIAGO",1,"13101",3511,404495,1503,0.444418532708825,667.961054661364,909,0.294078509647372,0.236859614105123,0.497671324018629,46571551.1915076,51233.8296936278,0.00867995896117381,5.79787454212301,404239.153100492,5.79787454212301,2,2.89893727106151,"Baja","Alta","Baja demanda / Alta oferta"
"13111031001","LA GRANJA",1,"13111",3621,116571,430,0.319483969607446,137.378106931202,109,0.283720930232558,0.3,0.158139534883721,3838031.37971038,35211.2970615631,0.0310626142007875,4.26732313523845,119219.28803846,4.26732313523845,1,4.26732313523845,"Baja","Baja","Baja demanda / Baja oferta"
"13111071003","LA GRANJA",1,"13111",5730,116571,430,0.319483969607446,137.378106931202,109,0.283720930232558,0.3,0.158139534883721,3838031.37971038,35211.2970615631,0.0491545924801194,6.75276486189349,188656.868395574,6.75276486189349,1,6.75276486189349,"Alta","Baja","Alta demanda / Baja oferta"
"13111031003","LA GRANJA",1,"13111",4942,116571,430,0.319483969607446,137.378106931202,109,0.283720930232558,0.3,0.158139534883721,3838031.37971038,35211.2970615631,0.0423947637062391,5.82411238175875,162712.433439953,5.82411238175875,0,NA,"Baja","Baja","Baja demanda / Baja oferta"
"13111061001","LA GRANJA",1,"13111",5904,116571,430,0.319483969607446,137.378106931202,109,0.283720930232558,0.3,0.158139534883721,3838031.37971038,35211.2970615631,0.0506472450266361,6.95782264304,194385.71570811,6.95782264304,0,NA,"Alta","Baja","Alta demanda / Baja oferta"
"13101091003","SANTIAGO",1,"13101",3210,404495,1503,0.444418532708825,667.961054661364,909,0.294078509647372,0.236859614105123,0.497671324018629,46571551.1915076,51233.8296936278,0.00793582120916204,5.30081950447589,369583.503689142,5.30081950447589,4,1.32520487611897,"Baja","Alta","Baja demanda / Alta oferta"
"13111021004","LA GRANJA",1,"13111",2838,116571,430,0.319483969607446,137.378106931202,109,0.283720930232558,0.3,0.158139534883721,3838031.37971038,35211.2970615631,0.0243456777414623,3.34456312007918,93439.4751320488,3.34456312007918,0,NA,"Baja","Baja","Baja demanda / Baja oferta"
"13111021003","LA GRANJA",1,"13111",4212,116571,430,0.319483969607446,137.378106931202,109,0.283720930232558,0.3,0.158139534883721,3838031.37971038,35211.2970615631,0.0361324857811977,4.96381249533951,138677.614255176,4.96381249533951,0,NA,"Baja","Baja","Baja demanda / Baja oferta"
"13101021008","SANTIAGO",1,"13101",1541,404495,1503,0.444418532708825,667.961054661364,909,0.294078509647372,0.236859614105123,0.497671324018629,46571551.1915076,51233.8296936278,0.00380968862408682,2.54472363127643,177423.108780364,2.54472363127643,6,0.424120605212739,"Baja","Alta","Baja demanda / Alta oferta"
"13111021001","LA GRANJA",1,"13111",4747,116571,430,0.319483969607446,137.378106931202,109,0.283720930232558,0.3,0.158139534883721,3838031.37971038,35211.2970615631,0.0407219634385911,5.59430624771525,156292.173520731,5.59430624771525,1,5.59430624771525,"Baja","Baja","Baja demanda / Baja oferta"
"13111061002","LA GRANJA",1,"13111",3914,116571,430,0.319483969607446,137.378106931202,109,0.283720930232558,0.3,0.158139534883721,3838031.37971038,35211.2970615631,0.0335761038337151,4.61262158280124,128866.140122212,4.61262158280124,0,NA,"Baja","Baja","Baja demanda / Baja oferta"
"13111061003","LA GRANJA",1,"13111",3015,116571,430,0.319483969607446,137.378106931202,109,0.283720930232558,0.3,0.158139534883721,3838031.37971038,35211.2970615631,0.025864065676712,3.55315638021097,99267.0956741111,3.55315638021097,0,NA,"Baja","Baja","Baja demanda / Baja oferta"
"13111011003","LA GRANJA",1,"13111",4091,116571,430,0.319483969607446,137.378106931202,109,0.283720930232558,0.3,0.158139534883721,3838031.37971038,35211.2970615631,0.0350944917689648,4.82121484293303,134693.760664275,4.82121484293303,0,NA,"Baja","Baja","Baja demanda / Baja oferta"
"13111071005","LA GRANJA",1,"13111",3820,116571,430,0.319483969607446,137.378106931202,109,0.283720930232558,0.3,0.158139534883721,3838031.37971038,35211.2970615631,0.0327697283200796,4.50184324126233,125771.245597049,4.50184324126233,1,4.50184324126233,"Baja","Baja","Baja demanda / Baja oferta"
"13111071002","LA GRANJA",1,"13111",2970,116571,430,0.319483969607446,137.378106931202,109,0.283720930232558,0.3,0.158139534883721,3838031.37971038,35211.2970615631,0.0254780348457163,3.50012419543171,97785.4972312139,3.50012419543171,6,0.583354032571951,"Baja","Alta","Baja demanda / Alta oferta"
"13111081002","LA GRANJA",1,"13111",4051,116571,430,0.319483969607446,137.378106931202,109,0.283720930232558,0.3,0.158139534883721,3838031.37971038,35211.2970615631,0.0347513532525242,4.77407512312924,133376.784270588,4.77407512312924,11,0.434006829375385,"Baja","Alta","Baja demanda / Alta oferta"
"13111071001","LA GRANJA",1,"13111",4353,116571,430,0.319483969607446,137.378106931202,109,0.283720930232558,0.3,0.158139534883721,3838031.37971038,35211.2970615631,0.0373420490516509,5.12998000764788,143319.956042921,5.12998000764788,13,0.394613846742145,"Baja","Alta","Baja demanda / Alta oferta"
"13111081004","LA GRANJA",1,"13111",2745,116571,430,0.319483969607446,137.378106931202,109,0.283720930232558,0.3,0.158139534883721,3838031.37971038,35211.2970615631,0.0235478806907378,3.23496327153536,90377.505016728,3.23496327153536,0,NA,"Baja","Baja","Baja demanda / Baja oferta"
"13111071004","LA GRANJA",1,"13111",5414,116571,430,0.319483969607446,137.378106931202,109,0.283720930232558,0.3,0.158139534883721,3838031.37971038,35211.2970615631,0.0464437982002385,6.38036107544352,178252.754885452,6.38036107544352,11,0.58003282504032,"Alta","Alta","Alta demanda / Alta oferta"
"13111081001","LA GRANJA",1,"13111",3567,116571,430,0.319483969607446,137.378106931202,109,0.283720930232558,0.3,0.158139534883721,3838031.37971038,35211.2970615631,0.0305993772035927,4.20368451350333,117441.369906983,4.20368451350333,0,NA,"Baja","Baja","Baja demanda / Baja oferta"
"13101061003","SANTIAGO",1,"13101",2864,404495,1503,0.444418532708825,667.961054661364,909,0.294078509647372,0.236859614105123,0.497671324018629,46571551.1915076,51233.8296936278,0.00708043362711529,4.72945391302771,329746.777123272,4.72945391302771,16,0.295590869564232,"Baja","Alta","Baja demanda / Alta oferta"
"13111081003","LA GRANJA",1,"13111",4207,116571,430,0.319483969607446,137.378106931202,109,0.283720930232558,0.3,0.158139534883721,3838031.37971038,35211.2970615631,0.0360895934666426,4.95792003036403,138512.992205965,4.95792003036403,6,0.826320005060672,"Baja","Alta","Baja demanda / Alta oferta"
"13131011001","SAN RAMÓN",1,"13131",2268,82900,343,0.328385636103034,112.636273183341,93,0.247813411078717,0.349854227405248,0.154518950437318,3443696.09999912,37028.9903225712,0.0273582629674306,3.08153278142119,94213.5434836913,3.08153278142119,3,1.02717759380706,"Baja","Alta","Baja demanda / Alta oferta"
"13101101005","SANTIAGO",1,"13101",1805,404495,1503,0.444418532708825,667.961054661364,909,0.294078509647372,0.236859614105123,0.497671324018629,46571551.1915076,51233.8296936278,0.00446235429362538,2.98067888024268,207818.761420219,2.98067888024268,0,NA,"Baja","Baja","Baja demanda / Baja oferta"
"13131031003","SAN RAMÓN",1,"13131",3366,82900,343,0.328385636103034,112.636273183341,93,0.247813411078717,0.349854227405248,0.154518950437318,3443696.09999912,37028.9903225712,0.0406031363088058,4.57338595337907,139824.862154367,4.57338595337907,2,2.28669297668954,"Baja","Alta","Baja demanda / Alta oferta"
"13131011002","SAN RAMÓN",1,"13131",3986,82900,343,0.328385636103034,112.636273183341,93,0.247813411078717,0.349854227405248,0.154518950437318,3443696.09999912,37028.9903225712,0.0480820265379976,5.41578027634254,165579.887268957,5.41578027634254,0,NA,"Baja","Baja","Baja demanda / Baja oferta"
"13131011004","SAN RAMÓN",1,"13131",3727,82900,343,0.328385636103034,112.636273183341,93,0.247813411078717,0.349854227405248,0.154518950437318,3443696.09999912,37028.9903225712,0.0449577804583836,5.06387684142716,154820.933229152,5.06387684142716,2,2.53193842071358,"Baja","Alta","Baja demanda / Alta oferta"
"13131021001","SAN RAMÓN",1,"13131",938,82900,343,0.328385636103034,112.636273183341,93,0.247813411078717,0.349854227405248,0.154518950437318,3443696.09999912,37028.9903225712,0.0113148371531966,1.27446108861247,38964.8605765884,1.27446108861247,0,NA,"Baja","Baja","Baja demanda / Baja oferta"
"13131011003","SAN RAMÓN",1,"13131",3661,82900,343,0.328385636103034,112.636273183341,93,0.247813411078717,0.349854227405248,0.154518950437318,3443696.09999912,37028.9903225712,0.04416164053076,4.97420260704717,152079.269265341,4.97420260704717,0,NA,"Baja","Baja","Baja demanda / Baja oferta"
"13131061002","SAN RAMÓN",1,"13131",3408,82900,343,0.328385636103034,112.636273183341,93,0.247813411078717,0.349854227405248,0.154518950437318,3443696.09999912,37028.9903225712,0.0411097708082027,4.63045137525724,141569.557404065,4.63045137525724,0,NA,"Baja","Baja","Baja demanda / Baja oferta"
"13123031002","PROVIDENCIA",1,"13123",1858,142079,890,0.600100532423786,534.08947385717,777,0.247191011235955,0.238202247191011,0.780898876404494,65151071.0164854,83849.5122477289,0.0130772316809662,6.98441178799556,851995.649945663,6.98441178799556,35,0.199554622514159,"Alta","Alta","Alta demanda / Alta oferta"
"13131021002","SAN RAMÓN",1,"13131",3622,82900,343,0.328385636103034,112.636273183341,93,0.247813411078717,0.349854227405248,0.154518950437318,3443696.09999912,37028.9903225712,0.0436911942098914,4.92121328673173,150459.195104907,4.92121328673173,3,1.64040442891058,"Baja","Alta","Baja demanda / Alta oferta"
"13131061001","SAN RAMÓN",1,"13131",3827,82900,343,0.328385636103034,112.636273183341,93,0.247813411078717,0.349854227405248,0.154518950437318,3443696.09999912,37028.9903225712,0.0461640530759952,5.19974689351804,158974.969537957,5.19974689351804,1,5.19974689351804,"Baja","Baja","Baja demanda / Baja oferta"
"13131031001","SAN RAMÓN",1,"13131",2322,82900,343,0.328385636103034,112.636273183341,93,0.247813411078717,0.349854227405248,0.154518950437318,3443696.09999912,37028.9903225712,0.0280096501809409,3.15490260955027,96456.7230904459,3.15490260955027,0,NA,"Baja","Baja","Baja demanda / Baja oferta"
"13131031002","SAN RAMÓN",1,"13131",4624,82900,343,0.328385636103034,112.636273183341,93,0.247813411078717,0.349854227405248,0.154518950437318,3443696.09999912,37028.9903225712,0.0557780458383595,6.28263120868236,192082.638919131,6.28263120868236,7,0.89751874409748,"Alta","Alta","Alta demanda / Alta oferta"
"13123071001","PROVIDENCIA",1,"13123",3000,142079,890,0.600100532423786,534.08947385717,777,0.247191011235955,0.238202247191011,0.780898876404494,65151071.0164854,83849.5122477289,0.0211150134784169,11.2773064391748,1375665.74264639,11.2773064391748,124,0.0909460196707641,"Alta","Alta","Alta demanda / Alta oferta"
"13131051001","SAN RAMÓN",1,"13131",4090,82900,343,0.328385636103034,112.636273183341,93,0.247813411078717,0.349854227405248,0.154518950437318,3443696.09999912,37028.9903225712,0.0493365500603136,5.55708513051705,169900.085030114,5.55708513051705,1,5.55708513051705,"Baja","Baja","Baja demanda / Baja oferta"
"13131071001","SAN RAMÓN",1,"13131",4083,82900,343,0.328385636103034,112.636273183341,93,0.247813411078717,0.349854227405248,0.154518950437318,3443696.09999912,37028.9903225712,0.0492521109770808,5.54757422687069,169609.302488497,5.54757422687069,0,NA,"Baja","Baja","Baja demanda / Baja oferta"
"13131071002","SAN RAMÓN",1,"13131",3173,82900,343,0.328385636103034,112.636273183341,93,0.247813411078717,0.349854227405248,0.154518950437318,3443696.09999912,37028.9903225712,0.0382750301568154,4.31115675284367,131807.572078374,4.31115675284367,0,NA,"Baja","Baja","Baja demanda / Baja oferta"
"13131051002","SAN RAMÓN",1,"13131",4883,82900,343,0.328385636103034,112.636273183341,93,0.247813411078717,0.349854227405248,0.154518950437318,3443696.09999912,37028.9903225712,0.0589022919179735,6.63453464359775,202841.592958935,6.63453464359775,0,NA,"Alta","Baja","Alta demanda / Baja oferta"
"13131071003","SAN RAMÓN",1,"13131",4033,82900,343,0.328385636103034,112.636273183341,93,0.247813411078717,0.349854227405248,0.154518950437318,3443696.09999912,37028.9903225712,0.048648974668275,5.47963920082525,167532.284334095,5.47963920082525,1,5.47963920082525,"Baja","Baja","Baja demanda / Baja oferta"
"13123031001","PROVIDENCIA",1,"13123",1831,142079,890,0.600100532423786,534.08947385717,777,0.247191011235955,0.238202247191011,0.780898876404494,65151071.0164854,83849.5122477289,0.0128871965596605,6.88291603004299,839614.658261845,6.88291603004299,43,0.160067814652163,"Alta","Alta","Alta demanda / Alta oferta"
"13131051004","SAN RAMÓN",1,"13131",4721,82900,343,0.328385636103034,112.636273183341,93,0.247813411078717,0.349854227405248,0.154518950437318,3443696.09999912,37028.9903225712,0.0569481302774427,6.41442515921052,196112.054138671,6.41442515921052,1,6.41442515921052,"Alta","Baja","Alta demanda / Baja oferta"
"13131071004","SAN RAMÓN",1,"13131",2912,82900,343,0.328385636103034,112.636273183341,93,0.247813411078717,0.349854227405248,0.154518950437318,3443696.09999912,37028.9903225712,0.0351266586248492,3.95653591688647,120965.537312394,3.95653591688647,0,NA,"Baja","Baja","Baja demanda / Baja oferta"
"13131051003","SAN RAMÓN",1,"13131",4753,82900,343,0.328385636103034,112.636273183341,93,0.247813411078717,0.349854227405248,0.154518950437318,3443696.09999912,37028.9903225712,0.0573341375150784,6.4579035758796,197441.345757489,6.4579035758796,0,NA,"Alta","Baja","Alta demanda / Baja oferta"
"13131041001","SAN RAMÓN",1,"13131",4949,82900,343,0.328385636103034,112.636273183341,93,0.247813411078717,0.349854227405248,0.154518950437318,3443696.09999912,37028.9903225712,0.0596984318455971,6.72420887797773,205583.256922746,6.72420887797773,0,NA,"Alta","Baja","Alta demanda / Baja oferta"
"13131041002","SAN RAMÓN",1,"13131",5051,82900,343,0.328385636103034,112.636273183341,93,0.247813411078717,0.349854227405248,0.154518950437318,3443696.09999912,37028.9903225712,0.0609288299155609,6.86279633111043,209820.373957727,6.86279633111043,0,NA,"Alta","Baja","Alta demanda / Baja oferta"
"13131041003","SAN RAMÓN",1,"13131",4205,82900,343,0.328385636103034,112.636273183341,93,0.247813411078717,0.349854227405248,0.154518950437318,3443696.09999912,37028.9903225712,0.0507237635705669,5.71333569042157,174677.226785239,5.71333569042157,0,NA,"Baja","Baja","Baja demanda / Baja oferta"
"13123071002","PROVIDENCIA",1,"13123",3211,142079,890,0.600100532423786,534.08947385717,777,0.247191011235955,0.238202247191011,0.780898876404494,65151071.0164854,83849.5122477289,0.0226001027597323,12.0704769920634,1472420.89987918,12.0704769920634,93,0.129790075183477,"Alta","Alta","Alta demanda / Alta oferta"
"13123081004","PROVIDENCIA",1,"13123",1922,142079,890,0.600100532423786,534.08947385717,777,0.247191011235955,0.238202247191011,0.780898876404494,65151071.0164854,83849.5122477289,0.0135276853018391,7.22499432536462,881343.185788786,7.22499432536462,23,0.314130188059332,"Alta","Alta","Alta demanda / Alta oferta"
"13123021002","PROVIDENCIA",1,"13123",2328,142079,890,0.600100532423786,534.08947385717,777,0.247191011235955,0.238202247191011,0.780898876404494,65151071.0164854,83849.5122477289,0.0163852504592515,8.75118979679961,1067516.6162936,8.75118979679961,27,0.324118140622208,"Alta","Alta","Alta demanda / Alta oferta"
"13123031009","PROVIDENCIA",1,"13123",3142,142079,890,0.600100532423786,534.08947385717,777,0.247191011235955,0.238202247191011,0.780898876404494,65151071.0164854,83849.5122477289,0.0221144574497287,11.8110989439624,1440780.58779832,11.8110989439624,44,0.268434066908235,"Alta","Alta","Alta demanda / Alta oferta"
"13123081002","PROVIDENCIA",1,"13123",2178,142079,890,0.600100532423786,534.08947385717,777,0.247191011235955,0.238202247191011,0.780898876404494,65151071.0164854,83849.5122477289,0.0153294997853307,8.18732447484087,998733.329161277,8.18732447484087,131,0.0624986601132891,"Alta","Alta","Alta demanda / Alta oferta"
"13123031011","PROVIDENCIA",1,"13123",2863,142079,890,0.600100532423786,534.08947385717,777,0.247191011235955,0.238202247191011,0.780898876404494,65151071.0164854,83849.5122477289,0.0201507611962359,10.7623094451191,1312843.6737322,10.7623094451191,19,0.566437339216795,"Alta","Alta","Alta demanda / Alta oferta"
"13123031006","PROVIDENCIA",1,"13123",1612,142079,890,0.600100532423786,534.08947385717,777,0.247191011235955,0.238202247191011,0.780898876404494,65151071.0164854,83849.5122477289,0.011345800575736,6.05967265998323,739191.059048659,6.05967265998323,25,0.242386906399329,"Alta","Alta","Alta demanda / Alta oferta"
"13123081001","PROVIDENCIA",1,"13123",1481,142079,890,0.600100532423786,534.08947385717,777,0.247191011235955,0.238202247191011,0.780898876404494,65151071.0164854,83849.5122477289,0.0104237783205118,5.56723027880594,679120.321619767,5.56723027880594,23,0.242053490382867,"Baja","Alta","Baja demanda / Alta oferta"
"13123031010","PROVIDENCIA",1,"13123",3082,142079,890,0.600100532423786,534.08947385717,777,0.247191011235955,0.238202247191011,0.780898876404494,65151071.0164854,83849.5122477289,0.0216921571801603,11.5855528151789,1413267.27294539,11.5855528151789,1,11.5855528151789,"Alta","Baja","Alta demanda / Baja oferta"
"13123031007","PROVIDENCIA",1,"13123",2733,142079,890,0.600100532423786,534.08947385717,777,0.247191011235955,0.238202247191011,0.780898876404494,65151071.0164854,83849.5122477289,0.0192357772788378,10.2736261660882,1253231.49155086,10.2736261660882,11,0.933966015098927,"Alta","Alta","Alta demanda / Alta oferta"
"13123031004","PROVIDENCIA",1,"13123",3399,142079,890,0.600100532423786,534.08947385717,777,0.247191011235955,0.238202247191011,0.780898876404494,65151071.0164854,83849.5122477289,0.0239233102710464,12.777188195585,1558629.28641836,12.777188195585,7,1.82531259936928,"Alta","Alta","Alta demanda / Alta oferta"
"13123081003","PROVIDENCIA",1,"13123",1628,142079,890,0.600100532423786,534.08947385717,777,0.247191011235955,0.238202247191011,0.780898876404494,65151071.0164854,83849.5122477289,0.0114584139809543,6.1198182943255,746527.94300944,6.1198182943255,13,0.470755253409654,"Alta","Alta","Alta demanda / Alta oferta"
"13123021005","PROVIDENCIA",1,"13123",2421,142079,890,0.600100532423786,534.08947385717,777,0.247191011235955,0.238202247191011,0.780898876404494,65151071.0164854,83849.5122477289,0.0170398158770825,9.10078629641403,1110162.25431563,9.10078629641403,100,0.0910078629641402,"Alta","Alta","Alta demanda / Alta oferta"
"13123041002","PROVIDENCIA",1,"13123",3357,142079,890,0.600100532423786,534.08947385717,777,0.247191011235955,0.238202247191011,0.780898876404494,65151071.0164854,83849.5122477289,0.0236277000823486,12.6193059054365,1539369.96602131,12.6193059054365,12,1.05160882545305,"Alta","Alta","Alta demanda / Alta oferta"
"13123041010","PROVIDENCIA",1,"13123",2398,142079,890,0.600100532423786,534.08947385717,777,0.247191011235955,0.238202247191011,0.780898876404494,65151071.0164854,83849.5122477289,0.0168779341070813,9.01432694704702,1099615.48362201,9.01432694704702,27,0.333863961001741,"Alta","Alta","Alta demanda / Alta oferta"
"13123031005","PROVIDENCIA",1,"13123",2640,142079,890,0.600100532423786,534.08947385717,777,0.247191011235955,0.238202247191011,0.780898876404494,65151071.0164854,83849.5122477289,0.0185812118610069,9.92402966647378,1210585.85352882,9.92402966647378,0,NA,"Alta","Baja","Alta demanda / Baja oferta"
"13101081004","SANTIAGO",1,"13101",2794,404495,1503,0.444418532708825,667.961054661364,909,0.294078509647372,0.236859614105123,0.497671324018629,46571551.1915076,51233.8296936278,0.00690737833594976,4.61385971822606,321687.323771795,4.61385971822606,0,NA,"Baja","Baja","Baja demanda / Baja oferta"
"13123021001","PROVIDENCIA",1,"13123",3589,142079,890,0.600100532423786,534.08947385717,777,0.247191011235955,0.238202247191011,0.780898876404494,65151071.0164854,83849.5122477289,0.0252605944580128,13.4914176033994,1645754.78345263,13.4914176033994,3,4.49713920113313,"Alta","Alta","Alta demanda / Alta oferta"
"13123041008","PROVIDENCIA",1,"13123",3512,142079,890,0.600100532423786,534.08947385717,777,0.247191011235955,0.238202247191011,0.780898876404494,65151071.0164854,83849.5122477289,0.0247186424454001,13.2019667381272,1610446.02939137,13.2019667381272,0,NA,"Alta","Baja","Alta demanda / Baja oferta"
"13123011001","PROVIDENCIA",1,"13123",2142,142079,890,0.600100532423786,534.08947385717,777,0.247191011235955,0.238202247191011,0.780898876404494,65151071.0164854,83849.5122477289,0.0150761196235897,8.05199679757077,982225.340249521,8.05199679757077,31,0.259741832179702,"Alta","Alta","Alta demanda / Alta oferta"
"13123011006","PROVIDENCIA",1,"13123",2687,142079,890,0.600100532423786,534.08947385717,777,0.247191011235955,0.238202247191011,0.780898876404494,65151071.0164854,83849.5122477289,0.0189120137388354,10.1007074673542,1232137.95016361,10.1007074673542,56,0.180369776202753,"Alta","Alta","Alta demanda / Alta oferta"
"13123041003","PROVIDENCIA",1,"13123",4365,142079,890,0.600100532423786,534.08947385717,777,0.247191011235955,0.238202247191011,0.780898876404494,65151071.0164854,83849.5122477289,0.0307223446110966,16.4084808689993,2001593.65555049,16.4084808689993,25,0.656339234759971,"Alta","Alta","Alta demanda / Alta oferta"
"13123021003","PROVIDENCIA",1,"13123",3524,142079,890,0.600100532423786,534.08947385717,777,0.247191011235955,0.238202247191011,0.780898876404494,65151071.0164854,83849.5122477289,0.0248031024993138,13.2470759638839,1615948.69236196,13.2470759638839,52,0.254751460843922,"Alta","Alta","Alta demanda / Alta oferta"
"13123051002","PROVIDENCIA",1,"13123",4045,142079,890,0.600100532423786,534.08947385717,777,0.247191011235955,0.238202247191011,0.780898876404494,65151071.0164854,83849.5122477289,0.0284700765067322,15.205568182154,1854855.97633488,15.205568182154,9,1.68950757579488,"Alta","Alta","Alta demanda / Alta oferta"
"13123041004","PROVIDENCIA",1,"13123",3659,142079,890,0.600100532423786,534.08947385717,777,0.247191011235955,0.238202247191011,0.780898876404494,65151071.0164854,83849.5122477289,0.0257532781058425,13.7545547536468,1677853.65078104,13.7545547536468,13,1.05804267335745,"Alta","Alta","Alta demanda / Alta oferta"
"13123011004","PROVIDENCIA",1,"13123",3184,142079,890,0.600100532423786,534.08947385717,777,0.247191011235955,0.238202247191011,0.780898876404494,65151071.0164854,83849.5122477289,0.0224100676384265,11.9689812341108,1460039.90819537,11.9689812341108,42,0.284975743669305,"Alta","Alta","Alta demanda / Alta oferta"
"13123051001","PROVIDENCIA",1,"13123",4502,142079,890,0.600100532423786,534.08947385717,777,0.247191011235955,0.238202247191011,0.780898876404494,65151071.0164854,83849.5122477289,0.0316865968932777,16.9234778630549,2064415.72446468,16.9234778630549,56,0.302204961840266,"Alta","Alta","Alta demanda / Alta oferta"
"13123021007","PROVIDENCIA",1,"13123",4579,142079,890,0.600100532423786,534.08947385717,777,0.247191011235955,0.238202247191011,0.780898876404494,65151071.0164854,83849.5122477289,0.0322285489058904,17.2129287283271,2099724.47852594,17.2129287283271,105,0.163932654555496,"Alta","Alta","Alta demanda / Alta oferta"
"13123061001","PROVIDENCIA",1,"13123",2715,142079,890,0.600100532423786,534.08947385717,777,0.247191011235955,0.238202247191011,0.780898876404494,65151071.0164854,83849.5122477289,0.0191090871979673,10.2059623274532,1244977.49709498,10.2059623274532,20,0.510298116372658,"Alta","Alta","Alta demanda / Alta oferta"
"13123041007","PROVIDENCIA",1,"13123",3015,142079,890,0.600100532423786,534.08947385717,777,0.247191011235955,0.238202247191011,0.780898876404494,65151071.0164854,83849.5122477289,0.021220588545809,11.3336929713706,1382544.07135962,11.3336929713706,17,0.666687821845331,"Alta","Alta","Alta demanda / Alta oferta"
"13123041012","PROVIDENCIA",1,"13123",2953,142079,890,0.600100532423786,534.08947385717,777,0.247191011235955,0.238202247191011,0.780898876404494,65151071.0164854,83849.5122477289,0.0207842116005884,11.1006286382943,1354113.64601159,11.1006286382943,2,5.55031431914717,"Alta","Alta","Alta demanda / Alta oferta"
"13123011002","PROVIDENCIA",1,"13123",2654,142079,890,0.600100532423786,534.08947385717,777,0.247191011235955,0.238202247191011,0.780898876404494,65151071.0164854,83849.5122477289,0.0186797485905729,9.97665709652326,1217005.6269945,9.97665709652326,22,0.45348441347833,"Alta","Alta","Alta demanda / Alta oferta"
"13123011005","PROVIDENCIA",1,"13123",2217,142079,890,0.600100532423786,534.08947385717,777,0.247191011235955,0.238202247191011,0.780898876404494,65151071.0164854,83849.5122477289,0.0156039949605501,8.33392945855014,1016616.98381568,8.33392945855014,86,0.0969061564947691,"Alta","Alta","Alta demanda / Alta oferta"
"13123021004","PROVIDENCIA",1,"13123",3730,142079,890,0.600100532423786,534.08947385717,777,0.247191011235955,0.238202247191011,0.780898876404494,65151071.0164854,83849.5122477289,0.0262530000914984,14.0214510060406,1710411.07335701,14.0214510060406,8,1.75268137575508,"Alta","Alta","Alta demanda / Alta oferta"
"13123011003","PROVIDENCIA",1,"13123",2439,142079,890,0.600100532423786,534.08947385717,777,0.247191011235955,0.238202247191011,0.780898876404494,65151071.0164854,83849.5122477289,0.017166505957953,9.16845013504907,1118416.24877151,9.16845013504907,78,0.117544232500629,"Alta","Alta","Alta demanda / Alta oferta"
"13123061003","PROVIDENCIA",1,"13123",2184,142079,890,0.600100532423786,534.08947385717,777,0.247191011235955,0.238202247191011,0.780898876404494,65151071.0164854,83849.5122477289,0.0153717298122875,8.20987908771922,1001484.66064657,8.20987908771922,27,0.304069595841453,"Alta","Alta","Alta demanda / Alta oferta"
"13123071003","PROVIDENCIA",1,"13123",932,142079,890,0.600100532423786,534.08947385717,777,0.247191011235955,0.238202247191011,0.780898876404494,65151071.0164854,83849.5122477289,0.00655973085396153,3.50348320043696,427373.490715478,3.50348320043696,3,1.16782773347899,"Baja","Alta","Baja demanda / Alta oferta"
"13123061002","PROVIDENCIA",1,"13123",3318,142079,890,0.600100532423786,534.08947385717,777,0.247191011235955,0.238202247191011,0.780898876404494,65151071.0164854,83849.5122477289,0.0233532049071291,12.4727009217273,1521486.3113669,12.4727009217273,41,0.304212217603104,"Alta","Alta","Alta demanda / Alta oferta"
"13101091001","SANTIAGO",1,"13101",3393,404495,1503,0.444418532708825,667.961054661364,909,0.294078509647372,0.236859614105123,0.497671324018629,46571551.1915076,51233.8296936278,0.00838823718463763,5.60301575660022,390653.217450859,5.60301575660022,1,5.60301575660022,"Baja","Baja","Baja demanda / Baja oferta"
"13101071001","SANTIAGO",1,"13101",5009,404495,1503,0.444418532708825,667.961054661364,909,0.294078509647372,0.236859614105123,0.497671324018629,46571551.1915076,51233.8296936278,0.0123833421921161,8.27159031087843,576711.454822091,8.27159031087843,0,NA,"Alta","Baja","Alta demanda / Baja oferta"
"13101081001","SANTIAGO",1,"13101",3716,404495,1503,0.444418532708825,667.961054661364,909,0.294078509647372,0.236859614105123,0.497671324018629,46571551.1915076,51233.8296936278,0.00918676374244428,6.13640039832786,427841.83791553,6.13640039832786,0,NA,"Alta","Baja","Alta demanda / Baja oferta"
"13101021001","SANTIAGO",1,"13101",3448,404495,1503,0.444418532708825,667.961054661364,909,0.294078509647372,0.236859614105123,0.497671324018629,46571551.1915076,51233.8296936278,0.00852420919912483,5.69383976680152,396985.645084163,5.69383976680152,2,2.84691988340076,"Baja","Alta","Baja demanda / Alta oferta"
"13101091002","SANTIAGO",1,"13101",3321,404495,1503,0.444418532708825,667.961054661364,909,0.294078509647372,0.236859614105123,0.497671324018629,46571551.1915076,51233.8296936278,0.00821023745658166,5.48411887051852,382363.494003626,5.48411887051852,6,0.914019811753086,"Baja","Alta","Baja demanda / Alta oferta"
"13101081002","SANTIAGO",1,"13101",5244,404495,1503,0.444418532708825,667.961054661364,909,0.294078509647372,0.236859614105123,0.497671324018629,46571551.1915076,51233.8296936278,0.0129643135267432,8.65965653628398,603768.191073477,8.65965653628398,9,0.962184059587109,"Alta","Alta","Alta demanda / Alta oferta"
"13101011003","SANTIAGO",1,"13101",2209,404495,1503,0.444418532708825,667.961054661364,909,0.294078509647372,0.236859614105123,0.497671324018629,46571551.1915076,51233.8296936278,0.005461130545495,3.64782251881223,254333.320763026,3.64782251881223,47,0.0776132450811112,"Baja","Alta","Baja demanda / Alta oferta"
"13101021003","SANTIAGO",1,"13101",2768,404495,1503,0.444418532708825,667.961054661364,909,0.294078509647372,0.236859614105123,0.497671324018629,46571551.1915076,51233.8296936278,0.006843100656374,4.57092473158544,318693.812526961,4.57092473158544,5,0.914184946317089,"Baja","Alta","Baja demanda / Alta oferta"
"13101071003","SANTIAGO",1,"13101",3368,404495,1503,0.444418532708825,667.961054661364,909,0.294078509647372,0.236859614105123,0.497671324018629,46571551.1915076,51233.8296936278,0.00832643172350709,5.56173211559963,387774.841253904,5.56173211559963,1,5.56173211559963,"Baja","Baja","Baja demanda / Baja oferta"
"13101011004","SANTIAGO",1,"13101",1821,404495,1503,0.444418532708825,667.961054661364,909,0.294078509647372,0.236859614105123,0.497671324018629,46571551.1915076,51233.8296936278,0.00450190978874893,3.00710041048305,209660.92218627,3.00710041048305,33,0.0911242548631228,"Baja","Alta","Baja demanda / Alta oferta"
"13101061002","SANTIAGO",1,"13101",4747,404495,1503,0.444418532708825,667.961054661364,909,0.294078509647372,0.236859614105123,0.497671324018629,46571551.1915076,51233.8296936278,0.011735620959468,7.83893775319223,546546.072277993,7.83893775319223,16,0.489933609574515,"Alta","Alta","Alta demanda / Alta oferta"
"13101291001","SANTIAGO",1,"13101",964,404495,1503,0.444418532708825,667.961054661364,909,0.294078509647372,0.236859614105123,0.497671324018629,46571551.1915076,51233.8296936278,0.00238321858119383,1.59189719698279,110990.186154621,1.59189719698279,6,0.265316199497132,"Baja","Alta","Baja demanda / Alta oferta"
"13101021005","SANTIAGO",1,"13101",2258,404495,1503,0.444418532708825,667.961054661364,909,0.294078509647372,0.236859614105123,0.497671324018629,46571551.1915076,51233.8296936278,0.00558226924931087,3.72873845517339,259974.93810906,3.72873845517339,124,0.0300704714126886,"Baja","Alta","Baja demanda / Alta oferta"
"13101031004","SANTIAGO",1,"13101",3903,404495,1503,0.444418532708825,667.961054661364,909,0.294078509647372,0.236859614105123,0.497671324018629,46571551.1915076,51233.8296936278,0.00964906859170076,6.44520203301228,449372.091868761,6.44520203301228,2,3.22260101650614,"Alta","Alta","Alta demanda / Alta oferta"
"13101101002","SANTIAGO",1,"13101",1820,404495,1503,0.444418532708825,667.961054661364,909,0.294078509647372,0.236859614105123,0.497671324018629,46571551.1915076,51233.8296936278,0.00449943757030371,3.00544906484303,209545.787138392,3.00544906484303,8,0.375681133105379,"Baja","Alta","Baja demanda / Alta oferta"
"13101021002","SANTIAGO",1,"13101",2856,404495,1503,0.444418532708825,667.961054661364,909,0.294078509647372,0.236859614105123,0.497671324018629,46571551.1915076,51233.8296936278,0.00706065587955352,4.71624314790752,328825.696740246,4.71624314790752,3,1.57208104930251,"Baja","Alta","Baja demanda / Alta oferta"
"13101041004","SANTIAGO",1,"13101",2828,404495,1503,0.444418532708825,667.961054661364,909,0.294078509647372,0.236859614105123,0.497671324018629,46571551.1915076,51233.8296936278,0.00699143376308731,4.67000546998686,325601.915399655,4.67000546998686,1,4.67000546998686,"Baja","Baja","Baja demanda / Baja oferta"
"13101041003","SANTIAGO",1,"13101",2729,404495,1503,0.444418532708825,667.961054661364,909,0.294078509647372,0.236859614105123,0.497671324018629,46571551.1915076,51233.8296936278,0.00674668413701035,4.50652225162452,314203.54565971,4.50652225162452,19,0.237185381664448,"Baja","Alta","Baja demanda / Alta oferta"
"13101041001","SANTIAGO",1,"13101",2790,404495,1503,0.444418532708825,667.961054661364,909,0.294078509647372,0.236859614105123,0.497671324018629,46571551.1915076,51233.8296936278,0.00689748946216888,4.60725433566596,321226.783580282,4.60725433566596,19,0.242487070298209,"Baja","Alta","Baja demanda / Alta oferta"
"13101111003","SANTIAGO",1,"13101",2269,404495,1503,0.444418532708825,667.961054661364,909,0.294078509647372,0.236859614105123,0.497671324018629,46571551.1915076,51233.8296936278,0.00560946365220831,3.74690325721365,261241.423635721,3.74690325721365,5,0.749380651442729,"Baja","Alta","Baja demanda / Alta oferta"
"13101101003","SANTIAGO",1,"13101",2768,404495,1503,0.444418532708825,667.961054661364,909,0.294078509647372,0.236859614105123,0.497671324018629,46571551.1915076,51233.8296936278,0.006843100656374,4.57092473158544,318693.812526961,4.57092473158544,7,0.652989247369349,"Baja","Alta","Baja demanda / Alta oferta"
"13101041005","SANTIAGO",1,"13101",2550,404495,1503,0.444418532708825,667.961054661364,909,0.294078509647372,0.236859614105123,0.497671324018629,46571551.1915076,51233.8296936278,0.00630415703531564,4.21093138206029,293594.372089505,4.21093138206029,13,0.323917798620022,"Baja","Alta","Baja demanda / Alta oferta"
"13101041002","SANTIAGO",1,"13101",2668,404495,1503,0.444418532708825,667.961054661364,909,0.294078509647372,0.236859614105123,0.497671324018629,46571551.1915076,51233.8296936278,0.00659587881185182,4.40579016758308,307180.307739137,4.40579016758308,18,0.244766120421282,"Baja","Alta","Baja demanda / Alta oferta"
"13101121001","SANTIAGO",1,"13101",2320,404495,1503,0.444418532708825,667.961054661364,909,0.294078509647372,0.236859614105123,0.497671324018629,46571551.1915076,51233.8296936278,0.00573554679291462,3.83112188485485,267113.311077511,3.83112188485485,25,0.153244875394194,"Baja","Alta","Baja demanda / Alta oferta"
"13101051001","SANTIAGO",1,"13101",3135,404495,1503,0.444418532708825,667.961054661364,909,0.294078509647372,0.236859614105123,0.497671324018629,46571551.1915076,51233.8296936278,0.0077504048257704,5.17696858147412,360948.375098274,5.17696858147412,18,0.287609365637451,"Baja","Alta","Baja demanda / Alta oferta"
"13101111015","SANTIAGO",1,"13101",2747,404495,1503,0.444418532708825,667.961054661364,909,0.294078509647372,0.236859614105123,0.497671324018629,46571551.1915076,51233.8296936278,0.00679118406902434,4.53624647314495,316275.976521518,4.53624647314495,3,1.51208215771498,"Baja","Alta","Baja demanda / Alta oferta"
"13101051002","SANTIAGO",1,"13101",4424,404495,1503,0.444418532708825,667.961054661364,909,0.294078509647372,0.236859614105123,0.497671324018629,46571551.1915076,51233.8296936278,0.0109370944016613,7.3055531114646,509357.451813322,7.3055531114646,4,1.82638827786615,"Alta","Alta","Alta demanda / Alta oferta"
"13101131002","SANTIAGO",1,"13101",1759,404495,1503,0.444418532708825,667.961054661364,909,0.294078509647372,0.236859614105123,0.497671324018629,46571551.1915076,51233.8296936278,0.00434863224514518,2.90471698080159,202522.54921782,2.90471698080159,0,NA,"Baja","Baja","Baja demanda / Baja oferta"
"13101131009","SANTIAGO",1,"13101",3631,404495,1503,0.444418532708825,667.961054661364,909,0.294078509647372,0.236859614105123,0.497671324018629,46571551.1915076,51233.8296936278,0.00897662517460043,5.99603601892585,418055.35884588,5.99603601892585,5,1.19920720378517,"Alta","Alta","Alta demanda / Alta oferta"
"13101111017","SANTIAGO",1,"13101",1798,404495,1503,0.444418532708825,667.961054661364,909,0.294078509647372,0.236859614105123,0.497671324018629,46571551.1915076,51233.8296936278,0.00444504876450883,2.96911946076251,207012.816085071,2.96911946076251,3,0.989706486920837,"Baja","Alta","Baja demanda / Alta oferta"
"13101121009","SANTIAGO",1,"13101",4441,404495,1503,0.444418532708825,667.961054661364,909,0.294078509647372,0.236859614105123,0.497671324018629,46571551.1915076,51233.8296936278,0.0109791221152301,7.333625987345,511314.747627252,7.333625987345,2,3.6668129936725,"Alta","Alta","Alta demanda / Alta oferta"
"13101111010","SANTIAGO",1,"13101",2560,404495,1503,0.444418532708825,667.961054661364,909,0.294078509647372,0.236859614105123,0.497671324018629,46571551.1915076,51233.8296936278,0.00632887921976786,4.22744483846053,294745.722568288,4.22744483846053,0,NA,"Baja","Baja","Baja demanda / Baja oferta"
"13101281002","SANTIAGO",1,"13101",2849,404495,1503,0.444418532708825,667.961054661364,909,0.294078509647372,0.236859614105123,0.497671324018629,46571551.1915076,51233.8296936278,0.00704335035043696,4.70468372842736,328019.751405098,4.70468372842736,19,0.247614933075124,"Baja","Alta","Baja demanda / Alta oferta"
"13101271004","SANTIAGO",1,"13101",3814,404495,1503,0.444418532708825,667.961054661364,909,0.294078509647372,0.236859614105123,0.497671324018629,46571551.1915076,51233.8296936278,0.00942904115007602,6.29823227105017,439125.072607597,6.29823227105017,1,6.29823227105017,"Alta","Baja","Alta demanda / Baja oferta"
"13101101010","SANTIAGO",1,"13101",2930,404495,1503,0.444418532708825,667.961054661364,909,0.294078509647372,0.236859614105123,0.497671324018629,46571551.1915076,51233.8296936278,0.00724360004449993,4.83844272526927,337345.690283236,4.83844272526927,0,NA,"Baja","Baja","Baja demanda / Baja oferta"
"13101111008","SANTIAGO",1,"13101",2552,404495,1503,0.444418532708825,667.961054661364,909,0.294078509647372,0.236859614105123,0.497671324018629,46571551.1915076,51233.8296936278,0.00630910147220608,4.21423407334034,293824.642185262,4.21423407334034,8,0.526779259167542,"Baja","Alta","Baja demanda / Alta oferta"
"13101111019","SANTIAGO",1,"13101",2430,404495,1503,0.444418532708825,667.961054661364,909,0.294078509647372,0.236859614105123,0.497671324018629,46571551.1915076,51233.8296936278,0.00600749082188902,4.01276990525745,279778.166344117,4.01276990525745,8,0.501596238157182,"Baja","Alta","Baja demanda / Alta oferta"
"13101131004","SANTIAGO",1,"13101",2442,404495,1503,0.444418532708825,667.961054661364,909,0.294078509647372,0.236859614105123,0.497671324018629,46571551.1915076,51233.8296936278,0.00603715744323168,4.03258605293774,281159.786918656,4.03258605293774,10,0.403258605293774,"Baja","Alta","Baja demanda / Alta oferta"
"13101121007","SANTIAGO",1,"13101",3067,404495,1503,0.444418532708825,667.961054661364,909,0.294078509647372,0.236859614105123,0.497671324018629,46571551.1915076,51233.8296936278,0.00758229397149532,5.06467707795251,353119.191842554,5.06467707795251,2,2.53233853897626,"Baja","Alta","Baja demanda / Alta oferta"
"13101271002","SANTIAGO",1,"13101",3472,404495,1503,0.444418532708825,667.961054661364,909,0.294078509647372,0.236859614105123,0.497671324018629,46571551.1915076,51233.8296936278,0.00858354244181016,5.73347206216209,399748.88623324,5.73347206216209,30,0.191115735405403,"Baja","Alta","Baja demanda / Alta oferta"
"13101281006","SANTIAGO",1,"13101",2710,404495,1503,0.444418532708825,667.961054661364,909,0.294078509647372,0.236859614105123,0.497671324018629,46571551.1915076,51233.8296936278,0.00669971198655113,4.47514668446407,312015.979750023,4.47514668446407,8,0.559393335558009,"Baja","Alta","Baja demanda / Alta oferta"
"13101261001","SANTIAGO",1,"13101",2915,404495,1503,0.444418532708825,667.961054661364,909,0.294078509647372,0.236859614105123,0.497671324018629,46571551.1915076,51233.8296936278,0.0072065167678216,4.81367254066892,335618.664565062,4.81367254066892,34,0.141578604137321,"Baja","Alta","Baja demanda / Alta oferta"
"13101121004","SANTIAGO",1,"13101",4425,404495,1503,0.444418532708825,667.961054661364,909,0.294078509647372,0.236859614105123,0.497671324018629,46571551.1915076,51233.8296936278,0.0109395666201066,7.30720445710462,509472.586861201,7.30720445710462,6,1.21786740951744,"Alta","Alta","Alta demanda / Alta oferta"
"13101131005","SANTIAGO",1,"13101",3683,404495,1503,0.444418532708825,667.961054661364,909,0.294078509647372,0.236859614105123,0.497671324018629,46571551.1915076,51233.8296936278,0.00910518053375196,6.08190599220708,424042.381335548,6.08190599220708,4,1.52047649805177,"Alta","Alta","Alta demanda / Alta oferta"
"13101141002","SANTIAGO",1,"13101",3048,404495,1503,0.444418532708825,667.961054661364,909,0.294078509647372,0.236859614105123,0.497671324018629,46571551.1915076,51233.8296936278,0.00753532182103611,5.03330151079206,350931.625932868,5.03330151079206,9,0.55925572342134,"Baja","Alta","Baja demanda / Alta oferta"
"13101281004","SANTIAGO",1,"13101",1767,404495,1503,0.444418532708825,667.961054661364,909,0.294078509647372,0.236859614105123,0.497671324018629,46571551.1915076,51233.8296936278,0.00436840999270696,2.91792774592178,203443.629600846,2.91792774592178,5,0.583585549184355,"Baja","Alta","Baja demanda / Alta oferta"
"13101141001","SANTIAGO",1,"13101",4373,404495,1503,0.444418532708825,667.961054661364,909,0.294078509647372,0.236859614105123,0.497671324018629,46571551.1915076,51233.8296936278,0.010811011260955,7.22133448382339,503485.564371532,7.22133448382339,22,0.328242476537427,"Alta","Alta","Alta demanda / Alta oferta"
"13101151001","SANTIAGO",1,"13101",4797,404495,1503,0.444418532708825,667.961054661364,909,0.294078509647372,0.236859614105123,0.497671324018629,46571551.1915076,51233.8296936278,0.0118592318817291,7.92150503519342,552302.824671905,7.92150503519342,7,1.1316435764562,"Alta","Alta","Alta demanda / Alta oferta"
"13101151002","SANTIAGO",1,"13101",3915,404495,1503,0.444418532708825,667.961054661364,909,0.294078509647372,0.236859614105123,0.497671324018629,46571551.1915076,51233.8296936278,0.00967873521304342,6.46501818069256,450753.712443299,6.46501818069256,1,6.46501818069256,"Alta","Baja","Alta demanda / Baja oferta"
"13101151004","SANTIAGO",1,"13101",2038,404495,1503,0.444418532708825,667.961054661364,909,0.294078509647372,0.236859614105123,0.497671324018629,46571551.1915076,51233.8296936278,0.00503838119136207,3.36544241436818,234645.227575848,3.36544241436818,12,0.280453534530682,"Baja","Alta","Baja demanda / Alta oferta"
"13101161002","SANTIAGO",1,"13101",5341,404495,1503,0.444418532708825,667.961054661364,909,0.294078509647372,0.236859614105123,0.497671324018629,46571551.1915076,51233.8296936278,0.0132041187159297,8.81983706336628,614936.290717666,8.81983706336628,56,0.157497090417255,"Alta","Alta","Alta demanda / Alta oferta"
"13101171001","SANTIAGO",1,"13101",5638,404495,1503,0.444418532708825,667.961054661364,909,0.294078509647372,0.236859614105123,0.497671324018629,46571551.1915076,51233.8296936278,0.0139383675941606,9.3102867184533,649131.399937502,9.3102867184533,23,0.404795074715361,"Alta","Alta","Alta demanda / Alta oferta"
"13101231001","SANTIAGO",1,"13101",3535,404495,1503,0.444418532708825,667.961054661364,909,0.294078509647372,0.236859614105123,0.497671324018629,46571551.1915076,51233.8296936278,0.00873929220385913,5.83750683748358,407002.394249569,5.83750683748358,8,0.729688354685447,"Baja","Alta","Baja demanda / Alta oferta"
"13101181001","SANTIAGO",1,"13101",4270,404495,1503,0.444418532708825,667.961054661364,909,0.294078509647372,0.236859614105123,0.497671324018629,46571551.1915076,51233.8296936278,0.0105563727610972,7.05124588290096,491626.654440074,7.05124588290096,14,0.503660420207211,"Alta","Alta","Alta demanda / Alta oferta"
"13101191001","SANTIAGO",1,"13101",4915,404495,1503,0.444418532708825,667.961054661364,909,0.294078509647372,0.236859614105123,0.497671324018629,46571551.1915076,51233.8296936278,0.0121509536582652,8.11636382071621,565888.760321537,8.11636382071621,14,0.5797402729083,"Alta","Alta","Alta demanda / Alta oferta"
"13101171003","SANTIAGO",1,"13101",2555,404495,1503,0.444418532708825,667.961054661364,909,0.294078509647372,0.236859614105123,0.497671324018629,46571551.1915076,51233.8296936278,0.00631651812754175,4.21918811026041,294170.047328897,4.21918811026041,32,0.131849628445638,"Baja","Alta","Baja demanda / Alta oferta"
"13101191003","SANTIAGO",1,"13101",5562,404495,1503,0.444418532708825,667.961054661364,909,0.294078509647372,0.236859614105123,0.497671324018629,46571551.1915076,51233.8296936278,0.0137504789923238,9.1847844498115,640381.136298756,9.1847844498115,14,0.656056032129393,"Alta","Alta","Alta demanda / Alta oferta"
"13101221001","SANTIAGO",1,"13101",11031,404495,1503,0.444418532708825,667.961054661364,909,0.294078509647372,0.236859614105123,0.497671324018629,46571551.1915076,51233.8296936278,0.0272710416692419,18.2159937551008,1270054.71314484,18.2159937551008,19,0.958736513426358,"Alta","Alta","Alta demanda / Alta oferta"
"13101251001","SANTIAGO",1,"13101",5150,404495,1503,0.444418532708825,667.961054661364,909,0.294078509647372,0.236859614105123,0.497671324018629,46571551.1915076,51233.8296936278,0.0127319249928924,8.50443004612176,592945.496572923,8.50443004612176,29,0.293256208486957,"Alta","Alta","Alta demanda / Alta oferta"
"13101131001","SANTIAGO",1,"13101",1811,404495,1503,0.444418532708825,667.961054661364,909,0.294078509647372,0.236859614105123,0.497671324018629,46571551.1915076,51233.8296936278,0.00447718760429672,2.99058695408282,208509.571707488,2.99058695408282,19,0.15739931337278,"Baja","Alta","Baja demanda / Alta oferta"
"13101241002","SANTIAGO",1,"13101",4827,404495,1503,0.444418532708825,667.961054661364,909,0.294078509647372,0.236859614105123,0.497671324018629,46571551.1915076,51233.8296936278,0.0119333984350857,7.97104540439412,555756.876108252,7.97104540439412,13,0.613157338799548,"Alta","Alta","Alta demanda / Alta oferta"
"13101131003","SANTIAGO",1,"13101",3953,404495,1503,0.444418532708825,667.961054661364,909,0.294078509647372,0.236859614105123,0.497671324018629,46571551.1915076,51233.8296936278,0.00977267951396185,6.52776931501346,455128.844262672,6.52776931501346,5,1.30555386300269,"Alta","Alta","Alta demanda / Alta oferta"
"13101201001","SANTIAGO",1,"13101",2913,404495,1503,0.444418532708825,667.961054661364,909,0.294078509647372,0.236859614105123,0.497671324018629,46571551.1915076,51233.8296936278,0.00720157233093116,4.81036984938887,335388.394469306,4.81036984938887,33,0.145768783314814,"Baja","Alta","Baja demanda / Alta oferta"
"13101201003","SANTIAGO",1,"13101",3074,404495,1503,0.444418532708825,667.961054661364,909,0.294078509647372,0.236859614105123,0.497671324018629,46571551.1915076,51233.8296936278,0.00759959950061187,5.07623649743268,353925.137177702,5.07623649743268,67,0.0757647238422788,"Baja","Alta","Baja demanda / Alta oferta"
"13101211001","SANTIAGO",1,"13101",4152,404495,1503,0.444418532708825,667.961054661364,909,0.294078509647372,0.236859614105123,0.497671324018629,46571551.1915076,51233.8296936278,0.010264650984561,6.85638709737817,478040.718790442,6.85638709737817,118,0.0581049754015099,"Alta","Alta","Alta demanda / Alta oferta"
"13101011005","SANTIAGO",1,"13101",1741,404495,1503,0.444418532708825,667.961054661364,909,0.294078509647372,0.236859614105123,0.497671324018629,46571551.1915076,51233.8296936278,0.00430413231313119,2.87499275928116,200450.118356011,2.87499275928116,39,0.0737177630584913,"Baja","Alta","Baja demanda / Alta oferta"
"13101021007","SANTIAGO",1,"13101",2326,404495,1503,0.444418532708825,667.961054661364,909,0.294078509647372,0.236859614105123,0.497671324018629,46571551.1915076,51233.8296936278,0.00575038010358595,3.84102995869499,267804.12136478,3.84102995869499,33,0.116394847233182,"Baja","Alta","Baja demanda / Alta oferta"
"13101021006","SANTIAGO",1,"13101",2478,404495,1503,0.444418532708825,667.961054661364,909,0.294078509647372,0.236859614105123,0.497671324018629,46571551.1915076,51233.8296936278,0.00612615730725967,4.09203449597859,285304.648642272,4.09203449597859,5,0.818406899195717,"Baja","Alta","Baja demanda / Alta oferta"
"13101211002","SANTIAGO",1,"13101",3400,404495,1503,0.444418532708825,667.961054661364,909,0.294078509647372,0.236859614105123,0.497671324018629,46571551.1915076,51233.8296936278,0.00840554271375419,5.61457517608039,391459.162786007,5.61457517608039,24,0.233940632336683,"Baja","Alta","Baja demanda / Alta oferta"
"13101201002","SANTIAGO",1,"13101",1962,404495,1503,0.444418532708825,667.961054661364,909,0.294078509647372,0.236859614105123,0.497671324018629,46571551.1915076,51233.8296936278,0.00485049258952521,3.23994014572639,225894.963937102,3.23994014572639,59,0.0549142397580744,"Baja","Alta","Baja demanda / Alta oferta"
"13101051003","SANTIAGO",1,"13101",2355,404495,1503,0.444418532708825,667.961054661364,909,0.294078509647372,0.236859614105123,0.497671324018629,46571551.1915076,51233.8296936278,0.00582207443849739,3.88891898225568,271143.037753249,3.88891898225568,36,0.10802552728488,"Baja","Alta","Baja demanda / Alta oferta"
"13101031001","SANTIAGO",1,"13101",2313,404495,1503,0.444418532708825,667.961054661364,909,0.294078509647372,0.236859614105123,0.497671324018629,46571551.1915076,51233.8296936278,0.00571824126379807,3.81956246537469,266307.365742363,3.81956246537469,2,1.90978123268734,"Baja","Alta","Baja demanda / Alta oferta"
"13101031002","SANTIAGO",1,"13101",5950,404495,1503,0.444418532708825,667.961054661364,909,0.294078509647372,0.236859614105123,0.497671324018629,46571551.1915076,51233.8296936278,0.0147096997490698,9.82550655814068,685053.534875513,9.82550655814068,1,9.82550655814068,"Alta","Baja","Alta demanda / Baja oferta"
"13101241001","SANTIAGO",1,"13101",3419,404495,1503,0.444418532708825,667.961054661364,909,0.294078509647372,0.236859614105123,0.497671324018629,46571551.1915076,51233.8296936278,0.0084525148642134,5.64595074324084,393646.728695694,5.64595074324084,6,0.940991790540139,"Baja","Alta","Baja demanda / Alta oferta"
"13101061001","SANTIAGO",1,"13101",3968,404495,1503,0.444418532708825,667.961054661364,909,0.294078509647372,0.236859614105123,0.497671324018629,46571551.1915076,51233.8296936278,0.00980976279064018,6.55253949961382,456855.869980846,6.55253949961382,13,0.504041499970294,"Alta","Alta","Alta demanda / Alta oferta"
"13101101001","SANTIAGO",1,"13101",2491,404495,1503,0.444418532708825,667.961054661364,909,0.294078509647372,0.236859614105123,0.497671324018629,46571551.1915076,51233.8296936278,0.00615829614704755,4.11350198929889,286801.404264689,4.11350198929889,8,0.514187748662362,"Baja","Alta","Baja demanda / Alta oferta"
"13101101004","SANTIAGO",1,"13101",2423,404495,1503,0.444418532708825,667.961054661364,909,0.294078509647372,0.236859614105123,0.497671324018629,46571551.1915076,51233.8296936278,0.00599018529277247,4.00121048577729,278972.221008969,4.00121048577729,17,0.235365322692782,"Baja","Alta","Baja demanda / Alta oferta"
"13101101007","SANTIAGO",1,"13101",2965,404495,1503,0.444418532708825,667.961054661364,909,0.294078509647372,0.236859614105123,0.497671324018629,46571551.1915076,51233.8296936278,0.0073301276900827,4.8962398226701,341375.416958974,4.8962398226701,2,2.44811991133505,"Baja","Alta","Baja demanda / Alta oferta"
"13101101009","SANTIAGO",1,"13101",1345,404495,1503,0.444418532708825,667.961054661364,909,0.294078509647372,0.236859614105123,0.497671324018629,46571551.1915076,51233.8296936278,0.00332513380882335,2.2210598858318,154856.639396229,2.2210598858318,0,NA,"Baja","Baja","Baja demanda / Baja oferta"
"13101111016","SANTIAGO",1,"13101",2452,404495,1503,0.444418532708825,667.961054661364,909,0.294078509647372,0.236859614105123,0.497671324018629,46571551.1915076,51233.8296936278,0.0060618796276839,4.04909950933797,282311.137397438,4.04909950933797,0,NA,"Baja","Baja","Baja demanda / Baja oferta"
"13101111011","SANTIAGO",1,"13101",1550,404495,1503,0.444418532708825,667.961054661364,909,0.294078509647372,0.236859614105123,0.497671324018629,46571551.1915076,51233.8296936278,0.00383193859009382,2.55958574203665,178459.324211268,2.55958574203665,10,0.255958574203665,"Baja","Alta","Baja demanda / Alta oferta"
"13101111012","SANTIAGO",1,"13101",4104,404495,1503,0.444418532708825,667.961054661364,909,0.294078509647372,0.236859614105123,0.497671324018629,46571551.1915076,51233.8296936278,0.0101459844991903,6.77712250665703,472514.236492286,6.77712250665703,4,1.69428062666426,"Alta","Alta","Alta demanda / Alta oferta"
"13101111004","SANTIAGO",1,"13101",1996,404495,1503,0.444418532708825,667.961054661364,909,0.294078509647372,0.236859614105123,0.497671324018629,46571551.1915076,51233.8296936278,0.00493454801666275,3.29608589748719,229809.555564962,3.29608589748719,3,1.0986952991624,"Baja","Alta","Baja demanda / Alta oferta"
"13101121008","SANTIAGO",1,"13101",4682,404495,1503,0.444418532708825,667.961054661364,909,0.294078509647372,0.236859614105123,0.497671324018629,46571551.1915076,51233.8296936278,0.0115749267605286,7.7316002865907,539062.294165907,7.7316002865907,2,3.86580014329535,"Alta","Alta","Alta demanda / Alta oferta"
"13101131007","SANTIAGO",1,"13101",2952,404495,1503,0.444418532708825,667.961054661364,909,0.294078509647372,0.236859614105123,0.497671324018629,46571551.1915076,51233.8296936278,0.00729798885029481,4.87477232934979,339878.661336557,4.87477232934979,12,0.406231027445816,"Baja","Alta","Baja demanda / Alta oferta"
"13101151003","SANTIAGO",1,"13101",3644,404495,1503,0.444418532708825,667.961054661364,909,0.294078509647372,0.236859614105123,0.497671324018629,46571551.1915076,51233.8296936278,0.00900876401438831,6.01750351224616,419552.114468297,6.01750351224616,8,0.752187939030769,"Alta","Alta","Alta demanda / Alta oferta"
"13101161003","SANTIAGO",1,"13101",5331,404495,1503,0.444418532708825,667.961054661364,909,0.294078509647372,0.236859614105123,0.497671324018629,46571551.1915076,51233.8296936278,0.0131793965314775,8.80332360696604,613784.940238884,8.80332360696604,14,0.628808829069003,"Alta","Alta","Alta demanda / Alta oferta"
"13101191002","SANTIAGO",1,"13101",4779,404495,1503,0.444418532708825,667.961054661364,909,0.294078509647372,0.236859614105123,0.497671324018629,46571551.1915076,51233.8296936278,0.0118147319497151,7.89178081367299,550230.393810097,7.89178081367299,35,0.225479451819228,"Alta","Alta","Alta demanda / Alta oferta"
"13101281005","SANTIAGO",1,"13101",3240,404495,1503,0.444418532708825,667.961054661364,909,0.294078509647372,0.236859614105123,0.497671324018629,46571551.1915076,51233.8296936278,0.0080099877625187,5.3503598736766,373037.555125489,5.3503598736766,11,0.486396352152418,"Baja","Alta","Baja demanda / Alta oferta"
"13101281003","SANTIAGO",1,"13101",3352,404495,1503,0.444418532708825,667.961054661364,909,0.294078509647372,0.236859614105123,0.497671324018629,46571551.1915076,51233.8296936278,0.00828687622838354,5.53531058535925,385932.680487852,5.53531058535925,16,0.345956911584953,"Baja","Alta","Baja demanda / Alta oferta"
"13101111013","SANTIAGO",1,"13101",3191,404495,1503,0.444418532708825,667.961054661364,909,0.294078509647372,0.236859614105123,0.497671324018629,46571551.1915076,51233.8296936278,0.00788884905870283,5.26944393731545,367395.937779456,5.26944393731545,8,0.658680492164431,"Baja","Alta","Baja demanda / Alta oferta"
"13101011002","SANTIAGO",1,"13101",2282,404495,1503,0.444418532708825,667.961054661364,909,0.294078509647372,0.236859614105123,0.497671324018629,46571551.1915076,51233.8296936278,0.00564160249199619,3.76837075053395,262738.179258138,3.76837075053395,9,0.418707861170439,"Baja","Alta","Baja demanda / Alta oferta"
"13101011001","SANTIAGO",1,"13101",2174,404495,1503,0.444418532708825,667.961054661364,909,0.294078509647372,0.236859614105123,0.497671324018629,46571551.1915076,51233.8296936278,0.00537460289991224,3.5900254214114,250303.594087288,3.5900254214114,45,0.0797783426980311,"Baja","Alta","Baja demanda / Alta oferta"
"13101081003","SANTIAGO",1,"13101",3326,404495,1503,0.444418532708825,667.961054661364,909,0.294078509647372,0.236859614105123,0.497671324018629,46571551.1915076,51233.8296936278,0.00822259854880777,5.49237559871864,382939.169243018,5.49237559871864,1,5.49237559871864,"Baja","Baja","Baja demanda / Baja oferta"
"13101101008","SANTIAGO",1,"13101",1624,404495,1503,0.444418532708825,667.961054661364,909,0.294078509647372,0.236859614105123,0.497671324018629,46571551.1915076,51233.8296936278,0.00401488275504024,2.6817853193984,186979.317754258,2.6817853193984,1,2.6817853193984,"Baja","Baja","Baja demanda / Baja oferta"
"13101111002","SANTIAGO",1,"13101",2594,404495,1503,0.444418532708825,667.961054661364,909,0.294078509647372,0.236859614105123,0.497671324018629,46571551.1915076,51233.8296936278,0.0064129346469054,4.28359059022133,298660.314196148,4.28359059022133,8,0.535448823777666,"Baja","Alta","Baja demanda / Alta oferta"
"13101111001","SANTIAGO",1,"13101",2555,404495,1503,0.444418532708825,667.961054661364,909,0.294078509647372,0.236859614105123,0.497671324018629,46571551.1915076,51233.8296936278,0.00631651812754175,4.21918811026041,294170.047328897,4.21918811026041,9,0.468798678917823,"Baja","Alta","Baja demanda / Alta oferta"
"13132041003","VITACURA",1,"13132",2052,85384,540,0.621885108499663,335.817958589818,475,0.205555555555556,0.264814814814815,0.772222222222222,44445488.1761086,93569.4487918075,0.024032605640401,8.07058056575361,1068140.88983152,8.07058056575361,3,2.69019352191787,"Alta","Alta","Alta demanda / Alta oferta"
