"geocodigo","demanda_prob_zona","dist_rest_nearest_m","cubierta_actual","dist_nuevo_m","cubierta_nuevo","cubierta_despues","mejora_cobertura","dist_mejor_m","mejora_dist_m"
"13101091004",4.88137771190989,217.411957214635,1,6507.738138916,0,1,0,217.411957214635,0
"13112071006",3.00045001163523,323.163514642472,1,14610.0128451465,0,1,0,323.163514642472,0
"13120011008",8.80030236366291,194.682466380789,1,2430.1659462168,0,1,0,194.682466380789,0
"13101141003",6.71602271797616,105.780298096489,1,4188.75757360881,0,1,0,105.780298096489,0
"13110031007",3.55071486457971,136.780706691524,1,11165.3544423678,0,1,0,136.780706691524,0
"13101161001",4.35459845274235,45.4728250449296,1,4302.73887463227,0,1,0,45.4728250449296,0
"13112081006",5.20790509935103,770.665769412612,0,17996.1209239085,0,0,0,770.665769412612,0
"13110091001",5.14870875125768,336.004983155183,1,12068.630412454,0,1,0,336.004983155183,0
"13110181001",7.22713398964163,348.250604556921,1,12443.3945311986,0,1,0,348.250604556921,0
"13110171001",7.86254319673664,492.460273120457,0,12184.7903986679,0,0,0,492.460273120457,0
"13110171002",6.84141132734005,309.283377953924,1,12213.6842954077,0,1,0,309.283377953924,0
"13110171006",6.53834352124595,261.758981174364,1,12610.8691047456,0,1,0,261.758981174364,0
"13110171003",5.71007298300015,295.231031450317,1,12613.1986590933,0,1,0,295.231031450317,0
"13110121002",4.25844707085627,224.819597340863,1,13812.7913545551,0,1,0,224.819597340863,0
"13110161003",6.72431694771279,253.977723152674,1,13846.2407007031,0,1,0,253.977723152674,0
"13110161004",5.93048593288677,739.137380784962,0,13814.3692847459,0,0,0,739.137380784962,0
"13110151004",4.79914758854687,388.498005693513,0,13827.8345448669,0,0,0,388.498005693513,0
"13110151003",7.4389370586733,239.683390982415,1,13939.9513142646,0,1,0,239.683390982415,0
"13112081008",4.41491017543161,292.514522746207,1,18191.861950784,0,1,0,292.514522746207,0
"13127111004",6.62175220349628,176.211816023554,1,6149.12443722225,0,1,0,176.211816023554,0
"13127071004",3.15499681258862,310.091803819961,1,4797.16330529007,0,1,0,310.091803819961,0
"13127071002",4.81978762081227,226.458602166203,1,4711.79929330499,0,1,0,226.458602166203,0
"13110141006",4.77676189832401,830.550339569353,0,15231.0371328267,0,0,0,830.550339569353,0
"13127081001",4.39111957562359,262.111373681271,1,4713.98796588434,0,1,0,262.111373681271,0
"13112051010",6.25819454933417,189.684813056053,1,14597.5965724908,0,1,0,189.684813056053,0
"13112051011",6.3716680326238,137.242010365285,1,14820.4465444222,0,1,0,137.242010365285,0
"13112041003",5.22901644507934,236.742097597768,1,15199.6617600634,0,1,0,236.742097597768,0
"13119121001",7.20156391316818,593.131652107483,0,18356.453791045,0,0,0,593.131652107483,0
"13110181003",4.80431351705984,462.060184318268,0,13151.6014235595,0,0,0,462.060184318268,0
"13110061001",3.16327022610714,292.173129447724,1,9917.06514658407,0,1,0,292.173129447724,0
"13110021003",1.37585896062036,300.571577360677,1,9958.99288842102,0,1,0,300.571577360677,0
"13110071003",4.47713804457189,1168.74545115272,0,12333.1289636152,0,0,0,1168.74545115272,0
"13110031005",5.94598371842567,325.941539848315,1,10519.3034258152,0,1,0,325.941539848315,0
"13110071004",9.36582839401021,941.451000332244,0,12625.7775300264,0,0,0,941.451000332244,0
"13110181002",4.40653702156134,507.195642132664,0,13140.5870474145,0,0,0,507.195642132664,0
"13110171005",4.61317416208004,577.976137001074,0,13047.0474803082,0,0,0,577.976137001074,0
"13110211004",6.17328457299625,276.458670910556,1,9302.60214177788,0,1,0,276.458670910556,0
"13122101002",4.76525381886205,621.496489047923,0,8724.36602270053,0,0,0,621.496489047923,0
"13110201004",4.19645592870066,420.310769757803,0,11885.3295140722,0,0,0,420.310769757803,0
"13122101001",4.29208639930816,412.674622192108,0,8475.94334987387,0,0,0,412.674622192108,0
"13112051002",4.63921822379484,218.172791214877,1,14835.2792720545,0,1,0,218.172791214877,0
"13110171004",4.57873463866026,208.64659362975,1,13076.2351020558,0,1,0,208.64659362975,0
"13124071004",2.32723445481247,3260.93138339595,0,25219.6080607354,0,0,0,3260.93138339595,0
"13101171002",6.04887907940661,177.177252894367,1,5496.67812637299,0,1,0,177.177252894367,0
"13124071005",1.97505582565885,4119.29400420837,0,26202.1311644433,0,0,0,4119.29400420837,0
"13124081001",1.61335885517675,2155.02874363944,0,21192.8110610772,0,0,0,2155.02874363944,0
"13101111007",3.06985154480395,43.1620982157799,1,4771.79251373845,0,1,0,43.1620982157799,0
"13101111009",5.70539918628169,61.278931137076,1,4577.48540187755,0,1,0,61.278931137076,0
"13110101001",5.49826991396848,258.451468360784,1,12275.6744175776,0,1,0,258.451468360784,0
"13101111018",4.4982655234244,98.6879101569768,1,4303.81489964707,0,1,0,98.6879101569768,0
"13101111005",3.23663745444634,58.6555259441509,1,4657.11036868537,0,1,0,58.6555259441509,0
"13110051002",6.531455616562,142.01599884526,1,9384.25538645071,0,1,0,142.01599884526,0
"13110051003",3.63681367312917,415.361449587271,0,9523.5311212014,0,0,0,415.361449587271,0
"13110201005",3.48011384156915,554.671057877493,0,12151.4083203055,0,0,0,554.671057877493,0
"13110161002",6.73464880473872,215.245850818415,1,13374.0632392142,0,1,0,215.245850818415,0
"13110161001",3.82106512342501,799.534238581046,0,13327.6259555508,0,0,0,799.534238581046,0
"13110051004",7.72995103157047,187.611510634031,1,9602.16930566658,0,1,0,187.611510634031,0
"13127081003",4.1962704641742,169.272187420888,1,4814.09468905279,0,1,0,169.272187420888,0
"13101121002",2.92948716540194,62.0811089733924,1,5269.10682931849,0,1,0,62.0811089733924,0
"13101131008",4.99532056107152,56.6013457212042,1,5861.89907435851,0,1,0,56.6013457212042,0
"13110051005",4.19473395252967,491.226965951975,0,9905.40844037724,0,0,0,491.226965951975,0
"13110011005",5.30540858281769,75.9919566609267,1,9722.11041576309,0,1,0,75.9919566609267,0
"13110021002",4.39792714070639,390.909064461692,0,9617.95775648982,0,0,0,390.909064461692,0
"13110061003",4.36004366494463,362.856820206499,1,10058.3066059292,0,1,0,362.856820206499,0
"13110061005",4.5563489484374,309.176333795531,1,10771.5999170417,0,1,0,309.176333795531,0
"13110011002",4.0294242401147,156.560018681489,1,9377.88859023789,0,1,0,156.560018681489,0
"13110061006",7.28395920328428,374.487303736023,1,10719.7491439949,0,1,0,374.487303736023,0
"13112041002",7.62647364434988,263.655929007911,1,15185.5943271074,0,1,0,263.655929007911,0
"13121021001",2.76310714352325,168.233490190439,1,8041.87928567743,0,1,0,168.233490190439,0
"13110011003",6.88790468395676,170.948255794513,1,8951.43899735455,0,1,0,170.948255794513,0
"13110051001",9.00937932661544,605.938624441155,0,9190.81353603131,0,0,0,605.938624441155,0
"13110011004",1.9268913353369,160.382673896634,1,8941.65339910608,0,1,0,160.382673896634,0
"13110021001",5.04194622865635,443.545697557339,0,9205.63216150592,0,0,0,443.545697557339,0
"13101021004",5.41476235363753,73.2790113912976,1,5167.79459331204,0,1,0,73.2790113912976,0
"13110071005",9.3348328229324,641.402441988508,0,10629.9541509117,0,0,0,641.402441988508,0
"13110061002",9.15230334880755,448.957928895225,0,9802.90700181407,0,0,0,448.957928895225,0
"13110061007",4.73715644639126,752.008863364136,0,9462.21781793028,0,0,0,752.008863364136,0
"13110021005",4.19473395252967,656.888421548325,0,9441.38889640072,0,0,0,656.888421548325,0
"13110061004",7.47509855826407,144.476813429345,1,10418.859352952,0,1,0,144.476813429345,0
"13101031005",2.95756004128234,7.789581866626,1,5803.38419124141,0,1,0,7.789581866626,0
"13110211001",6.08718576444679,267.507130205184,1,9926.69030973025,0,1,0,267.507130205184,0
"13110021006",10.037399100696,203.504164806867,1,10049.7965814235,0,1,0,203.504164806867,0
"13110061008",4.7629860889561,206.298943904808,1,10906.8803977113,0,1,0,206.298943904808,0
"13110031001",5.55853907995311,144.243087192589,1,10468.0936153596,0,1,0,144.243087192589,0
"13110031006",4.8904123256093,304.461247189867,1,10607.5518817607,0,1,0,304.461247189867,0
"13110031002",4.98856496735568,382.723336686181,0,10605.620306266,0,0,0,382.723336686181,0
"13110211003",7.79710810223905,274.329688541925,1,10462.956556967,0,1,0,274.329688541925,0
"13110211002",4.78192782683698,388.119863243662,0,10483.4732227539,0,0,0,388.119863243662,0
"13110081002",7.40449753525352,802.661732247437,0,11288.3324336797,0,0,0,802.661732247437,0
"13110191002",4.14651861974197,218.994529379878,1,11036.5233878197,0,1,0,218.994529379878,0
"13110081001",7.1840845853669,341.129547244909,1,11380.9323351226,0,1,0,341.129547244909,0
"13110031003",5.73762460173598,403.667228260504,0,11088.6674603741,0,0,0,403.667228260504,0
"13110031004",6.47807435526133,226.846305241488,1,11010.812161788,0,1,0,226.846305241488,0
"13110201003",7.16514284748602,287.974360909968,1,11301.8686464356,0,1,0,287.974360909968,0
"13110191001",5.96836940864853,496.225260326184,0,11069.6665898777,0,0,0,496.225260326184,0
"13110041001",7.26673944157438,225.329639853471,1,11472.5470285875,0,1,0,225.329639853471,0
"13110191003",6.05446821719799,195.967108429946,1,11606.9768277249,0,1,0,195.967108429946,0
"13110191004",8.21210435944745,149.397866032876,1,11650.1778843351,0,1,0,149.397866032876,0
"13110091002",6.3403162615822,972.772183448329,0,12271.6265089471,0,0,0,972.772183448329,0
"13101031006",2.80233355112012,41.9182940544359,1,5849.7880317331,0,1,0,41.9182940544359,0
"13110091005",6.75875647113257,1224.04319781589,0,12571.8471781892,0,0,0,1224.04319781589,0
"13110041002",6.58828083020464,183.125158897386,1,11875.4135783679,0,1,0,183.125158897386,0
"13110091003",4.24467126148835,308.335418435207,1,12396.859215249,0,1,0,308.335418435207,0
"13110111005",8.06573638491337,549.230779401046,0,13947.9886527101,0,0,0,549.230779401046,0
"13110101003",6.38680961819891,149.762730564521,1,12390.9702512947,0,1,0,149.762730564521,0
"13110091004",6.75014659027763,777.493688817585,0,13035.2139847843,0,0,0,777.493688817585,0
"13110101002",7.67312581792783,205.376838284319,1,13031.6759606191,0,1,0,205.376838284319,0
"13110101005",7.07904403893656,171.365120196159,1,12912.5439055298,0,1,0,171.365120196159,0
"13110101004",4.459918282862,138.602242883609,1,12870.6627181935,0,1,0,138.602242883609,0
"13110181004",4.17923616699076,272.225618320124,1,13169.0296283558,0,1,0,272.225618320124,0
"13110111001",8.00891117127072,232.144007591905,1,13533.3609625033,0,1,0,232.144007591905,0
"13110121001",5.69801914980323,209.116579530702,1,13428.7918675379,0,1,0,209.116579530702,0
"13110111006",4.07075166821845,214.638285443476,1,13995.4440065715,0,1,0,214.638285443476,0
"13110151001",8.14666926494986,433.959785696656,0,13566.8709985944,0,0,0,433.959785696656,0
"13110111002",4.53051930587256,270.102722326817,1,13999.3024900278,0,1,0,270.102722326817,0
"13110111007",6.71054113834487,323.951854491251,1,13981.4676859206,0,1,0,323.951854491251,0
"13110151002",5.50860177099442,322.744240492343,1,14005.0457587101,0,1,0,322.744240492343,0
"13110121003",5.75656633961686,203.822606741523,1,14072.3770067947,0,1,0,203.822606741523,0
"13110111003",9.06620454025809,87.0714149753395,1,14540.773897448,0,1,0,87.0714149753395,0
"13110151005",3.64025762547115,286.281682475727,1,14043.6500207387,0,1,0,286.281682475727,0
"13110161006",5.07466377590514,375.431043098419,0,14220.7862388245,0,0,0,375.431043098419,0
"13110111004",7.80055205458103,276.65642942544,1,14538.9301629838,0,1,0,276.65642942544,0
"13110161005",3.19426579718495,762.8325688685,0,14302.7363899854,0,0,0,762.8325688685,0
"13110121004",6.3248184760433,297.686508082076,1,14581.7016270401,0,1,0,297.686508082076,0
"13110141007",6.03380450314612,382.900138172343,0,14359.2063857675,0,0,0,382.900138172343,0
"13110141004",4.75437620810115,384.666482410276,0,14542.3237288037,0,0,0,384.666482410276,0
"13110141003",6.48496225994529,193.181814581867,1,14387.4454174399,0,1,0,193.181814581867,0
"13110131001",6.83280144648511,629.209606536014,0,14632.4754209222,0,0,0,629.209606536014,0
"13110141001",4.22745149977846,337.605367319727,1,14705.2199351124,0,1,0,337.605367319727,0
"13110141002",5.43455679564188,382.045662093225,0,14787.3483810506,0,0,0,382.045662093225,0
"13110201002",5.6876872927773,519.336035753189,0,11314.2698582517,0,0,0,519.336035753189,0
"13110141005",4.938627658397,819.66283204896,0,15011.2964262578,0,0,0,819.66283204896,0
"13110201001",3.29069646276034,718.580292861393,0,10848.8552005275,0,0,0,718.580292861393,0
"13110131002",7.13414727640821,787.809586773078,0,15046.5318039361,0,0,0,787.809586773078,0
"13110131003",6.71570706685784,185.294798906056,1,15186.7646386908,0,1,0,185.294798906056,0
"13110011001",7.9486420052861,128.165534471394,1,9388.18524295373,0,1,0,128.165534471394,0
"13110071002",12.8166686406725,733.314714744004,0,11003.7997232681,0,0,0,733.314714744004,0
"13110021004",3.15638232142319,123.006144036163,1,9885.11673886985,0,1,0,123.006144036163,0
"13110081004",6.58483687786266,743.348337190671,0,11437.2398406548,0,0,0,743.348337190671,0
"13110071001",6.02691659846217,856.358537872703,0,10728.4326376766,0,0,0,856.358537872703,0
"13110081003",7.01533092060996,1058.81250755085,0,11816.6375365902,0,0,0,1058.81250755085,0
"13112071001",4.58907877769012,709.334331727007,0,14970.560949872,0,0,0,709.334331727007,0
"13112051007",5.63804876856523,176.887399560359,1,14112.2280064788,0,1,0,176.887399560359,0
"13112071005",4.1365043036396,478.841996954158,0,14906.1852239833,0,0,0,478.841996954158,0
"13112071002",3.93594651922071,281.13732676211,1,14846.2544202732,0,1,0,281.13732676211,0
"13112051006",4.56268959552974,178.013141132521,1,14268.4871553425,0,1,0,178.013141132521,0
"13112071003",4.93609652309912,402.386655105115,0,14759.8195334543,0,0,0,402.386655105115,0
"13112051009",5.9481216589497,357.831711802247,1,14374.3455975972,0,1,0,357.831711802247,0
"13112071004",4.43866043937595,115.045820846712,1,14692.0885494384,0,1,0,115.045820846712,0
"13112051008",4.98887488741988,206.327371376398,1,14517.3624538787,0,1,0,206.327371376398,0
"13112051003",6.71340794160072,273.243486171475,1,14857.7643781857,0,1,0,273.243486171475,0
"13112041007",6.84667331151064,252.317171619583,1,14972.4240089623,0,1,0,252.317171619583,0
"13112041001",6.02333082810678,509.025897095229,0,15389.5047319142,0,0,0,509.025897095229,0
"13112041005",4.23150535941696,210.25238014757,1,15287.6186182088,0,1,0,210.25238014757,0
"13112041006",4.511230690317,42.9759180661196,1,15022.3086396367,0,1,0,42.9759180661196,0
"13112031002",7.8151562967966,299.665676490685,1,17376.1399684905,0,1,0,299.665676490685,0
"13101121005",3.45956911584953,86.0028805622999,1,5143.50982621676,0,1,0,86.0028805622999,0
"13112051004",0.0131945910801901,1097.47442988685,0,15847.0490095538,0,0,0,1097.47442988685,0
"13112031001",5.10630674803357,813.637513878643,0,17040.9337614933,0,0,0,813.637513878643,0
"13112081009",6.00090002327046,360.878271894126,1,18310.635943611,0,1,0,360.878271894126,0
"13112031003",6.54979501220637,58.9556730680816,1,17317.8589538571,0,1,0,58.9556730680816,0
"13112021001",6.9891748951767,626.667677890295,0,16892.7876167094,0,0,0,626.667677890295,0
"13112061001",6.27138914041435,461.530094814551,0,16842.78902616,0,0,0,461.530094814551,0
"13112061002",6.44951611999692,759.929268143329,0,16781.0995274502,0,0,0,759.929268143329,0
"13127021003",5.85482610083146,165.565146314388,1,4360.66724717318,0,1,0,165.565146314388,0
"13112031004",6.55771176685448,693.272900029996,0,17509.2302844508,0,0,0,693.272900029996,0
"13112021004",6.0457616329431,177.055798375663,1,17293.7916021899,0,1,0,177.055798375663,0
"13112061003",4.19587996350045,551.139796228543,0,17450.365689579,0,0,0,551.139796228543,0
"13112021002",4.23810265495706,306.796297346011,1,17489.8637141473,0,1,0,306.796297346011,0
"13112031005",3.7617779169622,370.871970874204,1,17947.3019520162,0,1,0,370.871970874204,0
"13112021003",5.16568240789442,580.929149566406,0,17709.1080929835,0,0,0,580.929149566406,0
"13112081004",6.62500418136345,528.283931398499,0,17469.1547851111,0,0,0,528.283931398499,0
"13112081001",5.95471895448979,476.295017312147,0,17884.1639575949,0,0,0,476.295017312147,0
"13112081007",4.2064356363646,246.008991941383,1,17782.0061685142,0,1,0,246.008991941383,0
"13112081002",6.00090002327046,307.616048879491,1,17865.5606666096,0,1,0,307.616048879491,0
"13112081005",5.18943267183877,446.068081710599,0,17899.4888108414,0,0,0,446.068081710599,0
"13112011001",2.80648952275643,1002.32171794192,0,18494.7728126209,0,0,0,1002.32171794192,0
"13112081003",0.732299804950551,997.330658831265,0,18758.9272152046,0,0,0,997.330658831265,0
"13112051005",2.96746353393475,766.168892490015,0,17112.9268676086,0,0,0,766.168892490015,0
"13112011003",0.244099934983517,2212.85899565234,0,19749.1291752184,0,0,0,2212.85899565234,0
"13122101004",5.06747042877066,410.498783237008,0,9101.77829964948,0,0,0,410.498783237008,0
"13112011002",3.19836887783808,976.201723562804,0,21101.0567778055,0,0,0,976.201723562804,0
"13112041004",0.409032323485893,1012.89313483487,0,15987.1659534068,0,0,0,1012.89313483487,0
"13112051001",4.62074579628257,411.718424825644,0,14644.3606518324,0,0,0,411.718424825644,0
"13122091003",4.72251611645073,481.530232167543,0,8219.42053898917,0,0,0,481.530232167543,0
"13122011001",2.2803616929468,172.059378976355,1,4260.55689043018,0,1,0,172.059378976355,0
"13122011002",5.88711850715917,317.634575650902,1,4813.49902946514,0,1,0,317.634575650902,0
"13122071003",7.06240532347044,557.474522046751,0,5490.58016112736,0,0,0,557.474522046751,0
"13122021001",3.58233526997733,553.267471884188,0,6135.33422230134,0,0,0,553.267471884188,0
"13122011003",7.83168396687418,396.884587664859,0,5063.12063836444,0,0,0,396.884587664859,0
"13122011004",6.31296918475767,389.595437262407,0,4574.25846970257,0,0,0,389.595437262407,0
"13122071001",3.78228666340172,302.049846820104,1,5165.17369211243,0,1,0,302.049846820104,0
"13122081001",5.16057756616675,414.596523386483,0,6724.1000799946,0,0,0,414.596523386483,0
"13122081002",7.4180440613932,413.891581431715,0,7099.02862793327,0,0,0,413.891581431715,0
"13122091004",4.46456355546813,407.601990049793,0,7489.85347351859,0,0,0,407.601990049793,0
"13122091002",6.76476775310589,688.040703337535,0,8620.41911798236,0,0,0,688.040703337535,0
"13122071002",4.35314025989576,352.727074963679,1,5642.24672575652,0,1,0,352.727074963679,0
"13122021002",6.85940123701667,502.338040212025,0,6270.94909088182,0,0,0,502.338040212025,0
"13122071004",6.18780877055309,537.419547901879,0,5588.3294618048,0,0,0,537.419547901879,0
"13122071005",4.55156530680545,369.942344218717,1,5698.05517931323,0,1,0,369.942344218717,0
"13122021003",4.96062617274236,231.200290185701,1,6190.49397147963,0,1,0,231.200290185701,0
"13122061001",9.54271840984162,347.137687093419,1,5106.54738286723,0,1,0,347.137687093419,0
"13122021004",6.23817820553786,342.791875849887,1,6617.08624109584,0,1,0,342.791875849887,0
"13122061002",6.75560967401776,371.034954226498,1,5491.01927382753,0,1,0,371.034954226498,0
"13122081004",5.92527717002642,252.238903212486,1,6991.06464196874,0,1,0,252.238903212486,0
"13122081003",6.96929818607435,290.795655288585,1,7393.16977507697,0,1,0,290.795655288585,0
"13122061003",6.71592466463582,333.449659585859,1,6039.56375923191,0,1,0,333.449659585859,0
"13122091001",8.5276979775728,394.490228804385,0,7967.90789279203,0,0,0,394.490228804385,0
"13122031002",7.18756573767501,147.945744511483,1,7127.19418835055,0,1,0,147.945744511483,0
"13122031003",9.82203982202988,764.513968374747,0,7882.22629796839,0,0,0,764.513968374747,0
"13127041003",6.10267417059509,136.321705111231,1,6308.18552866297,0,1,0,136.321705111231,0
"13122031006",7.2043555493366,533.104389454488,0,6794.25211019342,0,0,0,533.104389454488,0
"13122111003",7.39056982412878,669.190999117075,0,5563.79215730569,0,0,0,669.190999117075,0
"13122111002",8.846704399143,162.818391392332,1,6492.47859160803,0,1,0,162.818391392332,0
"13122031005",9.93193677108756,459.682570921073,0,8096.12879770764,0,0,0,459.682570921073,0
"13122111004",9.55187648892976,315.530149495151,1,5854.51014563518,0,1,0,315.530149495151,0
"13127061004",6.89142337374225,179.320085128258,1,4971.89801576387,0,1,0,179.320085128258,0
"13122111005",8.85738882474583,405.086720572192,0,6280.52192550954,0,0,0,405.086720572192,0
"13122031009",9.13823658344878,941.772510298319,0,8415.36764246305,0,0,0,941.772510298319,0
"13122031011",7.60731102921475,1369.46955238832,0,9941.59093858444,0,0,0,1369.46955238832,0
"13122111001",8.76275534083505,532.309497706929,0,6049.23852360618,0,0,0,532.309497706929,0
"13127121002",5.30301341720677,605.344505432351,0,7124.09042356822,0,0,0,605.344505432351,0
"13101121006",5.40320293415736,29.019246097302,1,4986.33961683788,0,1,0,29.019246097302,0
"13122031007",9.24508083947708,424.686525060132,0,7160.98082635707,0,0,0,424.686525060132,0
"13122031008",7.22725074705695,632.897156713167,0,7912.63651977096,0,0,0,632.897156713167,0
"13127061007",3.11758578319034,310.427267205959,1,6145.47138705329,0,1,0,310.427267205959,0
"13122051003",5.72685212311672,746.657304152094,0,6926.190634469,0,0,0,746.657304152094,0
"13122041005",4.10587212451599,233.639034047533,1,8166.73075002716,0,1,0,233.639034047533,0
"13122041004",4.12876732223634,228.743103286571,1,8302.56410670018,0,1,0,228.743103286571,0
"13101121003",3.32085608208755,70.0908283818634,1,5366.91730338233,0,1,0,70.0908283818634,0
"13122051001",6.53123673635833,490.090912813529,0,7278.40510862144,0,0,0,490.090912813529,0
"13122051005",7.05935263044106,283.297433389103,1,8385.54430122482,0,1,0,283.297433389103,0
"13122051004",5.93748794214394,302.211781076208,1,7658.75216738631,0,1,0,302.211781076208,0
"13101131006",3.62800637113194,163.961283711157,1,5927.21061838247,0,1,0,163.961283711157,0
"13122031001",6.75560967401776,874.379656833743,0,9633.21436816432,0,0,0,874.379656833743,0
"13122051002",9.36871490716696,477.148307218743,0,7993.22610179017,0,0,0,477.148307218743,0
"13122041001",5.75280001386645,483.815023577188,0,8024.40647166747,0,0,0,483.815023577188,0
"13122041002",6.54802654801992,356.197646414107,1,8485.87835128632,0,1,0,356.197646414107,0
"13122101003",3.24501269023085,125.583922408567,1,9118.01179032056,0,1,0,125.583922408567,0
"13122041003",5.9283298630558,276.655781513343,1,8726.60694113739,0,1,0,276.655781513343,0
"13122101005",4.89041423306663,275.906022382975,1,8910.49380484842,0,1,0,275.906022382975,0
"13122031004",7.34020038914401,856.419931816046,0,9051.12697183697,0,0,0,856.419931816046,0
"13122031010",9.74877518932476,1044.01221970678,0,9389.39775828364,0,0,0,1044.01221970678,0
"13122061004",7.62867988042041,266.613775450626,1,5627.75640219706,0,1,0,266.613775450626,0
"13123061004",9.53684214539545,23.7654812571749,1,3121.6424832488,0,1,0,23.7654812571749,0
"13127051001",6.02005814734055,543.77679643894,0,7913.21088630218,0,0,0,543.77679643894,0
"13127051002",6.66695719735254,236.003298699962,1,7547.63311353843,0,1,0,236.003298699962,0
"13127121003",6.57342962385683,517.092190103674,0,6721.96122905616,0,0,0,517.092190103674,0
"13127041004",4.14483029875156,176.760481346033,1,6560.36444947517,0,1,0,176.760481346033,0
"13127061001",7.70978964182971,229.641188941911,1,5623.97917234338,0,1,0,229.641188941911,0
"13127061006",7.16888850844619,290.544026578008,1,6322.0648945304,0,1,0,290.544026578008,0
"13127051003",5.68647646853918,215.404631626443,1,7317.15959537653,0,1,0,215.404631626443,0
"13127121001",4.21029960019856,75.5972278331479,1,6674.1829506046,0,1,0,75.5972278331479,0
"13127041001",7.04574387001017,540.228897499971,0,7089.89207355199,0,0,0,540.228897499971,0
"13127061002",4.42541301923869,255.431464725419,1,5692.38544565841,0,1,0,255.431464725419,0
"13127041002",7.79864083665064,549.228196467548,0,6737.43520335026,0,0,0,549.228196467548,0
"13127111001",7.44167726447534,428.913163421668,0,6789.0963970199,0,0,0,428.913163421668,0
"13127131001",4.72002487575018,690.044195968725,0,4043.68624234018,0,0,0,690.044195968725,0
"13127061003",3.82371896308295,359.677301816461,1,5506.23488068689,0,1,0,359.677301816461,0
"13127071001",4.04506755368947,324.568869179832,1,5334.27421886483,0,1,0,324.568869179832,0
"13127111002",6.68722150494328,259.015297093714,1,6485.36996548346,0,1,0,259.015297093714,0
"13127111005",7.78305290773469,245.261875832139,1,5904.40955960024,0,1,0,245.261875832139,0
"13127111003",4.04974393236425,180.604307709593,1,5765.04159773067,0,1,0,180.604307709593,0
"13127031001",4.48152956333612,571.448418701601,0,5761.11011116687,0,0,0,571.448418701601,0
"13127131002",4.27888648742874,822.100003566808,0,3639.98772645562,0,0,0,822.100003566808,0
"13127071003",5.08166482660026,196.545235915379,1,5156.6605498145,0,1,0,196.545235915379,0
"13127131003",7.15485937242183,256.633672749349,1,4228.02865428375,0,1,0,256.633672749349,0
"13127091002",7.60379172520124,668.965334309665,0,3738.69359236252,0,0,0,668.965334309665,0
"13127031002",1.81287613292518,438.530566132867,0,5223.25732216435,0,0,0,438.530566132867,0
"13127081002",3.49325487006478,309.779259824555,1,4615.90731094264,0,1,0,309.779259824555,0
"13127091003",3.85801240669805,137.560791590596,1,3170.29933035633,0,1,0,137.560791590596,0
"13127101002",3.24696559319274,123.844475365127,1,3940.02014494122,0,1,0,123.844475365127,0
"13127091001",6.78386666422218,737.394073228094,0,3776.96060408995,0,0,0,737.394073228094,0
"13107041001",6.23628740355824,222.845908417689,1,7428.18812148221,0,1,0,222.845908417689,0
"13127021001",8.05740045665544,231.066237394418,1,4876.81491074831,0,1,0,231.066237394418,0
"13127101001",3.6148407156092,158.098047778687,1,3668.83543712658,0,1,0,158.098047778687,0
"13127021004",4.97722570286338,333.816617939344,1,4068.16864959043,0,1,0,333.816617939344,0
"13108011001",5.18642570280367,164.475176432331,1,6481.21559776785,0,1,0,164.475176432331,0
"13124011002",5.48256460520239,629.479280546411,0,14125.8557363303,0,0,0,629.479280546411,0
"13127011001",5.04737138298516,60.5465721707456,1,4670.02440671057,0,1,0,60.5465721707456,0
"13127011002",6.25231828818823,116.86491966614,1,4517.35982991531,0,1,0,116.86491966614,0
"13127021002",8.97552946980499,143.771996678486,1,4442.89261562608,0,1,0,143.771996678486,0
"13107011002",5.44222596397473,418.42668766086,0,11276.4492023979,0,0,0,418.42668766086,0
"13127061005",4.44255974104624,309.657395242368,1,5102.20551591783,0,1,0,309.657395242368,0
"13120021005",7.47946608918863,123.767376768994,1,2183.50637696497,0,1,0,123.767376768994,0
"13107011007",7.20465501280641,499.876241305947,0,11866.0108087335,0,0,0,499.876241305947,0
"13107011008",11.3605660024965,816.435225773643,0,10508.3070679045,0,0,0,816.435225773643,0
"13107011004",8.12137634956135,305.244535594972,1,11923.0516808569,0,1,0,305.244535594972,0
"13121011003",8.65231501222019,549.200201894086,0,9611.84339116401,0,0,0,549.200201894086,0
"13107011003",8.90252622102154,249.439665990052,1,9995.68943724184,0,1,0,249.439665990052,0
"13107011006",8.2101433804091,386.125754492442,0,10696.1912166601,0,0,0,386.125754492442,0
"13107031001",6.4331888174387,963.259613060186,0,8225.76449835496,0,0,0,963.259613060186,0
"13107041002",5.18076670947773,410.512443838488,0,7099.47032281706,0,0,0,410.512443838488,0
"13107031003",0.345384447298515,1451.91008060641,0,5912.4394227086,0,0,0,1451.91008060641,0
"13107041003",10.2985895243543,1152.8755242117,0,6389.44142286117,0,0,0,1152.8755242117,0
"13107021002",8.63783907449371,581.331352213598,0,8290.68912369754,0,0,0,581.331352213598,0
"13107031002",9.41253316189225,471.394392478479,0,7773.55337477525,0,0,0,471.394392478479,0
"13107061001",7.59684389455192,530.156848976459,0,6103.31288903713,0,0,0,530.156848976459,0
"13107051001",5.70045732644091,309.905789522054,1,4706.64277238222,0,1,0,309.905789522054,0
"13107011009",8.33441722359595,136.282078972044,1,7511.90902748164,0,1,0,136.282078972044,0
"13107011005",8.9929071978847,208.516265226968,1,11358.8553839592,0,1,0,208.516265226968,0
"13107011010",10.2211201156145,422.59080818591,0,12153.0743732484,0,0,0,422.59080818591,0
"13107011001",5.34538920304992,1125.8852218477,0,8726.10630363267,0,0,0,1125.8852218477,0
"13124041002",5.89978523343394,156.992997870787,1,14561.7371314405,0,1,0,156.992997870787,0
"13107021003",11.417054113036,381.02834824438,0,7900.01461802945,0,0,0,381.02834824438,0
"13121011002",6.62826280093727,791.223444477231,0,9433.383101723,0,0,0,791.223444477231,0
"13107021001",5.57941137528489,852.723024868783,0,8435.39604620099,0,0,0,852.723024868783,0
"13114051001",11.1928225793928,335.476726537888,1,3754.2408342631,0,1,0,335.476726537888,0
"13121021002",6.4946811628899,235.890913291196,1,8169.18200469999,0,1,0,235.890913291196,0
"13115011008",15.2684460105635,295.775417652146,1,11405.3633358878,0,1,0,295.775417652146,0
"13105071001",6.16225050068699,268.469221297748,1,17618.346478083,0,1,0,268.469221297748,0
"13115021001",8.43657604501595,104.46768946871,1,10493.5268085387,0,1,0,104.46768946871,0
"13115011011",10.114870716886,3150.217889096,0,12477.8449235364,0,0,0,3150.217889096,0
"13121021004",4.34575915951922,582.416592571119,0,8754.09463773972,0,0,0,582.416592571119,0
"13124041003",4.24518023250046,324.25742934154,1,14907.1737867416,0,1,0,324.25742934154,0
"13115011007",11.5605304837444,1223.00516832606,0,12856.2323727002,0,0,0,1223.00516832606,0
"13115021005",13.4524694561354,396.714452049879,0,10970.8109665759,0,0,0,396.714452049879,0
"13115041005",12.7237050088029,518.339505562915,0,12099.6377838129,0,0,0,518.339505562915,0
"13121061001",8.69732621634485,1115.57468428638,0,9981.69164743278,0,0,0,1115.57468428638,0
"13121011001",5.31277406103603,423.649679913785,0,9057.62842175775,0,0,0,423.649679913785,0
"13121031004",5.5305702100263,377.363329155732,0,9873.62323512178,0,0,0,377.363329155732,0
"13121031001",5.01221537542945,479.060947595726,0,9389.84370282721,0,0,0,479.060947595726,0
"13121051001",4.8931534806481,503.418288787553,0,9995.07894369595,0,0,0,503.418288787553,0
"13121061003",4.46046513132076,250.580118716247,1,10839.0077174445,0,1,0,250.580118716247,0
"13121051004",6.83153920666152,178.540146239006,1,9968.44481407081,0,1,0,178.540146239006,0
"13121031002",3.06802175210963,438.554490635958,0,9290.28779932065,0,0,0,438.554490635958,0
"13121051002",5.76869399958899,686.334642276846,0,10509.4150713056,0,0,0,686.334642276846,0
"13121031003",5.16467267972264,651.447607626512,0,9819.49533678361,0,0,0,651.447607626512,0
"13121041001",5.91243945792257,630.481941096846,0,10363.6538435305,0,0,0,630.481941096846,0
"13121041003",6.12007178662663,414.399212762478,0,10815.5037784498,0,0,0,414.399212762478,0
"13121071002",3.09415728998846,78.3143232297666,1,11700.2858991019,0,1,0,78.3143232297666,0
"13121071001",5.31712998401583,185.261870031814,1,11383.408185742,0,1,0,185.261870031814,0
"13121071003",4.82636266162442,143.216763707518,1,11372.5863220308,0,1,0,143.216763707518,0
"13121051003",2.47706820118269,601.315434572101,0,10800.2907040625,0,0,0,601.315434572101,0
"13106111003",4.87558215214325,312.058805998272,1,9973.841962195,0,1,0,312.058805998272,0
"13121071004",5.80499335775404,346.874761423613,1,11273.3878729703,0,1,0,346.874761423613,0
"13121041004",4.11779919024274,189.66226408435,1,10299.545921685,0,1,0,189.66226408435,0
"13121041002",4.08004785775109,174.281650751014,1,10900.4305064698,0,1,0,174.281650751014,0
"13121081001",4.8103909440318,350.089314528969,1,11333.0874669515,0,1,0,350.089314528969,0
"13121081002",3.72576612206025,499.965366860796,0,11219.3293911554,0,0,0,499.965366860796,0
"13121061002",7.03336363805917,243.886284618524,1,10629.2142288723,0,1,0,243.886284618524,0
"13121021003",5.75707820497618,580.942286165351,0,8404.31925778612,0,0,0,580.942286165351,0
"13106111001",2.61629599639599,235.832187582581,1,10321.6623641119,0,1,0,235.832187582581,0
"13106131004",2.53992075685422,37.976090489818,1,8386.61120860734,0,1,0,37.976090489818,0
"13106101002",5.58960183344073,169.176100844708,1,9944.53427697914,0,1,0,169.176100844708,0
"13106111002",5.84892241421046,171.330141442952,1,10318.9659270052,0,1,0,171.330141442952,0
"13106131001",3.82409048217283,68.286325529986,1,8823.7096454253,0,1,0,68.286325529986,0
"13106101004",8.42614270665485,110.56825949687,1,9974.85772448826,0,1,0,110.56825949687,0
"13106081001",5.68018641987399,573.858357647699,0,12699.5151937444,0,0,0,573.858357647699,0
"13106081005",8.58599785918413,467.062380513475,0,12185.6273511533,0,0,0,467.062380513475,0
"13106091001",4.86137280525175,385.547029602439,0,11092.8354094161,0,0,0,385.547029602439,0
"13105071002",5.79936692912379,765.038646219578,0,17546.6021229002,0,0,0,765.038646219578,0
"13106091002",4.6837559691081,355.005737324866,1,10773.5736806464,0,1,0,355.005737324866,0
"13106081006",3.79922412511271,295.427110231306,1,11687.9189496893,0,1,0,295.427110231306,0
"13106051001",5.5736163181878,356.301575049412,1,9450.74336818015,0,1,0,356.301575049412,0
"13106081002",4.13314377706278,595.956332411343,0,11598.9176992704,0,0,0,595.956332411343,0
"13106081003",7.3391276694557,267.734181859259,1,12238.2615834574,0,1,0,267.734181859259,0
"13106061002",8.64638758347298,505.209817497981,0,10278.5334675496,0,0,0,505.209817497981,0
"13106051003",4.80098308096291,260.244109887296,1,9402.2153782737,0,1,0,260.244109887296,0
"13106041001",10.1365928387182,141.959453643216,1,10090.3824781956,0,1,0,141.959453643216,0
"13106021001",3.08698061217667,518.864594683751,0,9285.21831058992,0,0,0,518.864594683751,0
"13108011005",10.1210831676072,268.20221503936,1,5930.62420036179,0,1,0,268.20221503936,0
"13106041002",10.6587863369806,391.366372024045,0,9790.68736990802,0,0,0,391.366372024045,0
"13106141002",9.0708918218563,576.294404013215,0,12122.1714226236,0,0,0,576.294404013215,0
"13106061004",2.82943619976838,445.769169790999,0,10874.8058738182,0,0,0,445.769169790999,0
"13106031003",4.52034847985594,498.637392770259,0,10238.75943066,0,0,0,498.637392770259,0
"13106101001",6.87554772712077,354.274547636349,1,10412.7259970847,0,1,0,354.274547636349,0
"13114031007",5.00766828558025,135.02908356667,1,4559.12976636017,0,1,0,135.02908356667,0
"13106031002",3.86316618612443,734.774084614964,0,10096.0527650277,0,0,0,734.774084614964,0
"13106101005",5.99812055657113,130.451579721419,1,9346.23984070252,0,1,0,130.451579721419,0
"13119201002",6.3872856203207,196.227757970178,1,14991.2149431054,0,1,0,196.227757970178,0
"13106121002",5.05497515664833,18.4045502639843,1,8305.79061260979,0,1,0,18.4045502639843,0
"13106121001",6.11712383678737,308.767998693306,1,8859.326096529,0,1,0,308.767998693306,0
"13106111004",5.18641161539464,149.418079614444,1,9427.0453300652,0,1,0,149.418079614444,0
"13106131002",8.28049690101705,113.216034846222,1,8725.98537874423,0,1,0,113.216034846222,0
"13106131003",8.1224179168492,124.043261480422,1,8736.77790847542,0,1,0,124.043261480422,0
"13106011001",2.97685817376761,399.986359713301,0,8289.12794820859,0,0,0,399.986359713301,0
"13106101003",8.90926050096558,316.094670950131,1,9425.32404908397,0,1,0,316.094670950131,0
"13106051002",3.31788249916342,524.683598713715,0,9812.45156568396,0,0,0,524.683598713715,0
"13106061001",3.14737033646551,135.831383921939,1,10633.6932385966,0,1,0,135.831383921939,0
"13106031001",5.24147283459917,677.373594430848,0,10711.6657145561,0,0,0,677.373594430848,0
"13106071001",4.64112792843362,145.881290604061,1,11097.6415366169,0,1,0,145.881290604061,0
"13106081004",3.90579422679891,169.779122179872,1,12970.0960700976,0,1,0,169.779122179872,0
"13106021002",3.11362313759822,364.24105578146,1,8980.15493029244,0,1,0,364.24105578146,0
"13129071002",4.06209023864582,441.623846362764,0,6906.87770848276,0,0,0,441.623846362764,0
"13106071003",9.95719983421312,553.160303049163,0,11496.8784669516,0,0,0,553.160303049163,0
"13106141001",8.4190380332091,304.320459669984,1,11840.5820737211,0,1,0,304.320459669984,0
"13109041003",4.46987150773797,341.110707377526,1,13026.822071285,0,1,0,341.110707377526,0
"13106071002",8.57356468065408,159.551303230759,1,11250.5369110939,0,1,0,159.551303230759,0
"13106061003",6.27165048423235,288.034543259244,1,10674.6195342156,0,1,0,288.034543259244,0
"13109021001",5.6083322783143,300.203945476929,1,11392.5311265895,0,1,0,300.203945476929,0
"13109021004",6.11216172571829,208.067742814603,1,11170.9900125768,0,1,0,208.067742814603,0
"13109031003",8.76857019039639,323.557861776253,1,10951.9537269139,0,1,0,323.557861776253,0
"13109021003",5.01245706648073,336.112312305007,1,11674.8860224886,0,1,0,336.112312305007,0
"13109021005",3.59462932667078,379.117905908875,0,12094.6121576342,0,0,0,379.117905908875,0
"13109021002",5.82795024256732,245.509666530225,1,11808.7273040002,0,1,0,245.509666530225,0
"13124101004",3.43770760980139,209.67444899217,1,14217.046163975,0,1,0,209.67444899217,0
"13109031001",8.06288599643631,262.874362201278,1,11447.8625955726,0,1,0,262.874362201278,0
"13109011001",5.83925410837446,457.981200863314,0,12713.8020615828,0,0,0,457.981200863314,0
"13109031002",8.76534051445149,153.253731456125,1,11806.4889667287,0,1,0,153.253731456125,0
"13109011003",6.46419640371211,268.595798871141,1,12479.7465999025,0,1,0,268.595798871141,0
"13109041001",5.65193290357041,172.023714243039,1,12472.6294689891,0,1,0,172.023714243039,0
"13109041002",7.06330129149057,465.70445390747,0,12194.9098214091,0,0,0,465.70445390747,0
"13109041004",4.8687364869328,115.435147082261,1,12828.0518734902,0,1,0,115.435147082261,0
"13109011002",8.34386780364238,217.300887403152,1,13273.8883025962,0,1,0,217.300887403152,0
"13109011004",6.09762818396625,212.898811344807,1,12998.1026679416,0,1,0,212.898811344807,0
"13109061001",6.53524927449985,426.814986796993,0,13990.3252113618,0,0,0,426.814986796993,0
"13109061002",9.44357246287994,173.43485312202,1,13837.4596465471,0,1,0,173.43485312202,0
"13109061003",5.06090220565419,297.840260852145,1,13701.915915613,0,1,0,297.840260852145,0
"13109051003",6.1589920269193,151.517702920245,1,13579.2718664362,0,1,0,151.517702920245,0
"13105051003",5.48658295512716,205.747592051685,1,15348.3203090068,0,1,0,205.747592051685,0
"13109061004",3.30234365365757,533.659008741995,0,14279.264876915,0,0,0,533.659008741995,0
"13109051001",8.1323240292516,33.9460445408119,1,13535.592925137,0,1,0,33.9460445408119,0
"13109051002",5.97167082211525,452.787625362681,0,14036.6055152962,0,0,0,452.787625362681,0
"13105021001",4.94225759778236,936.603499892224,0,14742.4323900958,0,0,0,936.603499892224,0
"13105011001",3.86173114215761,1305.06075622732,0,15119.7432437536,0,0,0,1305.06075622732,0
"13105091004",4.09868869821567,259.567892317097,1,16379.4879584496,0,1,0,259.567892317097,0
"13105021002",6.36671102048566,877.087683297926,0,14724.507872482,0,0,0,877.087683297926,0
"13105021003",4.5130259105229,320.967109834198,1,14554.1457824882,0,1,0,320.967109834198,0
"13105011002",7.70856780936301,330.081618316192,1,15233.2033567667,0,1,0,330.081618316192,0
"13105011005",9.55006653072849,969.364156751599,0,15893.4452428855,0,0,0,969.364156751599,0
"13105031001",4.98558697946155,174.869456790118,1,14997.3261881496,0,1,0,174.869456790118,0
"13105031002",2.39394833777513,358.512782155118,1,15796.0250270787,0,1,0,358.512782155118,0
"13105041001",4.66874087593249,657.332348755979,0,14326.5130668951,0,0,0,657.332348755979,0
"13105041002",6.84875039166662,536.2062670276,0,14635.6458786784,0,0,0,536.2062670276,0
"13105051001",3.4622884048026,152.933121300815,1,15077.1088844102,0,1,0,152.933121300815,0
"13105051002",3.87527157393236,555.825756198767,0,14940.6066272835,0,0,0,555.825756198767,0
"13105051004",5.60573875474492,286.005227088295,1,15368.7020489014,0,1,0,286.005227088295,0
"13105051005",5.38502971681656,426.705595529353,0,15625.0342632955,0,0,0,426.705595529353,0
"13105091001",5.32815990336263,409.381284400598,0,16287.5052178662,0,0,0,409.381284400598,0
"13105061001",5.788534583704,470.720494316559,0,15878.6638622752,0,0,0,470.720494316559,0
"13105091002",7.2928765538783,184.43442762256,1,16976.0129937396,0,1,0,184.43442762256,0
"13105061002",5.38232163046161,621.128941009775,0,16254.6043054251,0,0,0,621.128941009775,0
"13105061004",7.14528584753356,282.344261340252,1,16776.2220495162,0,1,0,282.344261340252,0
"13105091003",5.89279590836954,209.779371340884,1,16875.7552917197,0,1,0,209.779371340884,0
"13105061005",6.99498705483388,796.847895016661,0,16679.2990723762,0,0,0,796.847895016661,0
"13129071004",2.10094143514998,166.296836639604,1,7826.04783566216,0,1,0,166.296836639604,0
"13105061003",6.29359268890203,639.029078400734,0,16265.8193648912,0,0,0,639.029078400734,0
"13105081001",3.7398672561849,164.173819658853,1,17287.4214545217,0,1,0,164.173819658853,0
"13105071004",6.25026330722284,391.017904702624,0,17253.89107427,0,0,0,391.017904702624,0
"13105071003",5.28212243532849,956.887785443702,0,17135.722626466,0,0,0,956.887785443702,0
"13105081004",7.36870297181688,127.937137995088,1,17662.7644249686,0,1,0,127.937137995088,0
"13105081005",6.71199203074169,347.489855413142,1,18130.6050659215,0,1,0,347.489855413142,0
"13105071005",4.91517673423287,693.115712467278,0,17491.1166018761,0,0,0,693.115712467278,0
"13105101001",6.89343381652328,220.936471560388,1,18081.1981485436,0,1,0,220.936471560388,0
"13105101002",8.65098186088534,596.001855600841,0,17985.5343895375,0,0,0,596.001855600841,0
"13105101003",7.54608262806605,289.714919465269,1,17916.7388532782,0,1,0,289.714919465269,0
"13105081002",4.92330099329771,290.207782810181,1,17679.6163448828,0,1,0,290.207782810181,0
"13105081003",6.35858676142081,291.149303103486,1,18158.441967196,0,1,0,291.149303103486,0
"13103071004",4.30884195268497,85.594746159829,1,14360.1323847597,0,1,0,85.594746159829,0
"13105011003",0.710872668174175,960.790029222116,0,16889.4547421355,0,0,0,960.790029222116,0
"13116051001",2.43311697223265,258.122196125019,1,12099.4634224074,0,1,0,258.122196125019,0
"13116051002",4.05326757969365,138.114637582158,1,11894.7215924805,0,1,0,138.114637582158,0
"13116041002",4.30883737573139,268.741115666562,1,12417.9743421813,0,1,0,268.741115666562,0
"13116061001",3.24377048817138,231.573308041768,1,11717.6070619567,0,1,0,231.573308041768,0
"13116041003",4.51468092186134,91.6676807663433,1,12402.5702546538,0,1,0,91.6676807663433,0
"13116061002",4.75868647373448,366.670592491602,1,11613.6525641922,0,1,0,366.670592491602,0
"13124011004",4.36891866977066,478.379849616922,0,14387.057680947,0,0,0,478.379849616922,0
"13116041004",5.12989871141827,385.675575636572,0,12346.1955196564,0,0,0,385.675575636572,0
"13116041001",4.49617813119798,198.799486927315,1,12792.9388130589,0,1,0,198.799486927315,0
"13119011004",5.24946329096158,267.787405774482,1,16550.1082935994,0,1,0,267.787405774482,0
"13116061003",4.09027316102038,454.426271063107,0,11494.2666183945,0,0,0,454.426271063107,0
"13116071001",3.6022620572741,461.729347867814,0,12183.0561230704,0,0,0,461.729347867814,0
"13116031003",4.88936243279451,363.54932519255,1,12990.5860994768,0,1,0,363.54932519255,0
"13116031004",3.27152467416643,409.796310943011,0,13310.6342734867,0,0,0,409.796310943011,0
"13116071003",6.33604937778645,462.405091999756,0,12791.813602771,0,0,0,462.405091999756,0
"13116021001",7.18833417271775,267.826443585393,1,13661.9430717203,0,1,0,267.826443585393,0
"13116071002",3.59301066194242,500.208887287855,0,12020.2732798429,0,0,0,500.208887287855,0
"13116031001",5.79599917529945,208.009164375276,1,13197.8034549212,0,1,0,208.009164375276,0
"13116031002",5.00616129885701,221.251263428794,1,13081.7268606798,0,1,0,221.251263428794,0
"13116071004",6.32679798245476,909.827218860744,0,12622.6627644773,0,0,0,909.827218860744,0
"13116021002",6.39849629627531,423.106288459283,0,13671.6038384497,0,0,0,423.106288459283,0
"13104061001",4.03202023254817,459.790972606567,0,8524.19041539336,0,0,0,459.790972606567,0
"13116011004",5.98218350634957,474.754317931135,0,14103.0611291799,0,0,0,474.754317931135,0
"13116011001",5.66416679182297,259.914593503945,1,14324.1610194631,0,1,0,259.914593503945,0
"13103071002",4.01075273667754,48.4770142047733,1,13885.4519772363,0,1,0,48.4770142047733,0
"13103091003",6.72906811442036,1232.43223789078,0,16302.6746649457,0,0,0,1232.43223789078,0
"13116011005",3.56178720269799,290.546234433509,1,14284.1943507831,0,1,0,290.546234433509,0
"13116011003",5.23744618214908,657.028203259013,0,14728.8564562095,0,0,0,657.028203259013,0
"13116011002",4.16312789925739,250.203491702779,1,14340.8361136154,0,1,0,250.203491702779,0
"13103081001",3.89775862952671,384.739231112301,0,13047.9934628299,0,0,0,384.739231112301,0
"13103091004",4.47349050881903,401.454544374527,0,15279.7130097039,0,0,0,401.454544374527,0
"13116071005",0.0370055813267323,467.414509462324,0,13777.9050331741,0,0,0,467.414509462324,0
"13105011004",4.73238090527379,810.818211990507,0,18033.2405220585,0,0,0,810.818211990507,0
"13103011002",2.63760530120651,201.381786469996,1,11528.3912561925,0,1,0,201.381786469996,0
"13103011005",5.17835851056945,30.9068315339743,1,12392.9885153323,0,1,0,30.9068315339743,0
"13103061001",2.8097867978173,270.008229234986,1,14884.1818165122,0,1,0,270.008229234986,0
"13103081002",4.21629439825667,388.376576159346,0,12911.2984616619,0,0,0,388.376576159346,0
"13103071003",5.16114036090837,399.788807006403,0,13766.0713434398,0,0,0,399.788807006403,0
"13103011003",3.86439846455837,298.010533272998,1,11677.5925360062,0,1,0,298.010533272998,0
"13103011004",4.34543052071476,166.139141001219,1,11776.5765414432,0,1,0,166.139141001219,0
"13103071005",3.59106033868875,169.9226034794,1,14255.8724996171,0,1,0,169.9226034794,0
"13114141002",10.5249546612838,456.469742088968,0,5945.33902504489,0,0,0,456.469742088968,0
"13103061003",2.63222462943742,196.0407201514,1,14775.0580447723,0,1,0,196.0407201514,0
"13103051001",5.47967612963833,414.752000012308,0,14086.6992435975,0,0,0,414.752000012308,0
"13103021002",2.80871066346348,213.183211043861,1,12486.2719192043,0,1,0,213.183211043861,0
"13103021003",1.8466465511507,361.027133606935,1,11535.7365835978,0,1,0,361.027133606935,0
"13103021004",3.47268555976883,160.029126767895,1,11988.1056491155,0,1,0,160.029126767895,0
"13103051002",5.43125008371654,261.974891704246,1,13633.0893588336,0,1,0,261.974891704246,0
"13124061015",5.66024031000062,253.222442780768,1,15343.209763543,0,1,0,253.222442780768,0
"13103021005",4.19584784553414,152.790960562055,1,12780.3359720954,0,1,0,152.790960562055,0
"13103031001",3.88376888292709,246.276056166685,1,12097.4340779131,0,1,0,246.276056166685,0
"13103041003",5.27843900547447,381.526216551007,0,12636.6754681952,0,0,0,381.526216551007,0
"13103061002",2.87220259033871,339.717758719005,1,14964.9465654522,0,1,0,339.717758719005,0
"13103041002",3.70943511760866,160.754546391716,1,12977.4814337286,0,1,0,160.754546391716,0
"13103041001",3.15307365668505,227.795561641008,1,13270.8089320841,0,1,0,227.795561641008,0
"13103071001",2.79472091686385,305.251099543516,1,14430.419515699,0,1,0,305.251099543516,0
"13103031002",4.01505727409281,474.053726875098,0,12139.5257463036,0,0,0,474.053726875098,0
"13103031003",3.67715108699414,489.28323398852,0,12135.62569437,0,0,0,489.28323398852,0
"13103091001",3.4586958131692,718.118495704662,0,15384.4100067874,0,0,0,718.118495704662,0
"13103091002",2.61500647977634,468.836884039445,0,15028.8024399404,0,0,0,468.836884039445,0
"13104081004",5.24804593036199,443.244550821529,0,11004.5566990481,0,0,0,443.244550821529,0
"13103091005",5.13423700206293,650.153287371539,0,15591.4173414016,0,0,0,650.153287371539,0
"13103061004",3.17890088117667,196.575216355892,1,14810.8480558745,0,1,0,196.575216355892,0
"13103081003",5.96716499191762,408.847504609289,0,13341.798850216,0,0,0,408.847504609289,0
"13103021001",5.50980789154522,208.871276690163,1,12991.7245877116,0,1,0,208.871276690163,0
"13103011006",3.67499881828651,492.708362266994,0,12037.1014377516,0,0,0,492.708362266994,0
"13104041003",3.48017912907327,267.652635357672,1,8094.85300541994,0,1,0,267.652635357672,0
"13103011001",2.46757607330336,541.243589706547,0,12553.8942324008,0,0,0,541.243589706547,0
"13104021001",2.2604497996925,160.417925673032,1,10243.7920955514,0,1,0,160.417925673032,0
"13104101002",5.15792422889965,316.14341581719,1,8850.79424797992,0,1,0,316.14341581719,0
"13104081001",3.11228506009,774.004209137204,0,11393.08436126,0,0,0,774.004209137204,0
"13104021002",4.82583193173019,353.60844554547,1,10607.4377400753,0,1,0,353.60844554547,0
"13104021003",5.09372794840592,242.517373172986,1,9947.40377741688,0,1,0,242.517373172986,0
"13104031002",5.24804593036199,474.843565324365,0,9059.44591304986,0,0,0,474.843565324365,0
"13104031001",5.51717649089338,142.895521222198,1,9375.87267987674,0,1,0,142.895521222198,0
"13104021004",4.86533733511094,245.285438536767,1,9971.36908358919,0,1,0,245.285438536767,0
"13104081003",3.51721544474272,200.111952549021,1,10452.5780313655,0,1,0,200.111952549021,0
"13104031005",3.65054618115277,175.403739569411,1,8609.19681684158,0,1,0,175.403739569411,0
"13104081002",4.54435593264232,569.167578685863,0,10763.5807521257,0,0,0,569.167578685863,0
"13104031004",3.01105246392682,166.179138110895,1,8339.57244451523,0,1,0,166.179138110895,0
"13104011001",4.134487372567,375.137036404614,0,9660.77563150868,0,0,0,375.137036404614,0
"13104031003",3.48882093606281,121.025938591108,1,8994.53494659107,0,1,0,121.025938591108,0
"13104071003",1.64317787186822,284.21796080015,1,9916.42696017248,0,1,0,284.21796080015,0
"13104071002",4.58879951144567,439.981592731332,0,10007.5847707868,0,0,0,439.981592731332,0
"13104071001",0.0148145262677826,601.898629166149,0,10101.3095253035,0,0,0,601.898629166149,0
"13104011002",4.51966505552935,212.527365481922,1,8941.07950292953,0,1,0,212.527365481922,0
"13104041001",3.748075145749,284.981832001129,1,8640.2956100743,0,1,0,284.981832001129,0
"13104041002",4.6912666514645,379.454835513263,0,8352.08267243929,0,0,0,379.454835513263,0
"13104041004",3.47771004136197,178.034860190614,1,7865.77396380206,0,1,0,178.034860190614,0
"13104011003",2.71476193857116,279.408112691361,1,9316.72659719911,0,1,0,279.408112691361,0
"13104071004",1.94934474806906,126.574009858357,1,9567.09716333224,0,1,0,126.574009858357,0
"13124061014",6.01083254893283,261.924873437031,1,15059.5238570062,0,1,0,261.924873437031,0
"13104091001",6.18383017294359,85.0386064691362,1,8713.06295407242,0,1,0,85.0386064691362,0
"13104091002",4.18140003908164,57.8605347367211,1,8254.04384323128,0,1,0,57.8605347367211,0
"13104101003",4.4776905644373,277.600418385354,1,9195.35268565566,0,1,0,277.600418385354,0
"13104051001",3.61474440933896,279.058241560508,1,7947.78869830005,0,1,0,279.058241560508,0
"13104101001",3.90239312770507,208.4701056603,1,9493.17487332675,0,1,0,208.4701056603,0
"13104051003",3.61227532162766,605.587858099236,0,7445.97538113756,0,0,0,605.587858099236,0
"13104051004",4.15670916196867,780.535011633647,0,7405.11105792235,0,0,0,780.535011633647,0
"13104051002",4.82830101944149,385.826972322061,0,7800.96824276618,0,0,0,385.826972322061,0
"13104091003",4.87891731752308,92.8775447995055,1,8151.52893180109,0,1,0,92.8775447995055,0
"13104061003",3.67523705826574,545.774808742168,0,8786.51817569696,0,0,0,545.774808742168,0
"13104051005",4.04189658339336,127.774019294217,1,7588.5061119894,0,1,0,127.774019294217,0
"13104051006",6.23815010259213,570.278353174125,0,7142.90697534614,0,0,0,570.278353174125,0
"13104061002",4.21349817932851,492.892228258142,0,8289.4194554856,0,0,0,492.892228258142,0
"13119081002",3.44442813989664,320.367595495589,1,18522.0758745656,0,1,0,320.367595495589,0
"13108051001",2.82467719924071,412.892007377373,0,7085.79967971433,0,0,0,412.892007377373,0
"13108041001",3.1170532175635,300.030550215502,1,7223.4566575453,0,1,0,300.030550215502,0
"13108031003",5.67534337788789,124.525369510382,1,7239.79364633993,0,1,0,124.525369510382,0
"13108061002",12.6728760830799,114.595476212996,1,6030.430843332,0,1,0,114.595476212996,0
"13108031005",7.66837323612156,512.537430078298,0,7987.93825560238,0,0,0,512.537430078298,0
"13108051002",3.27786002764103,245.3561765725,1,6687.93232136888,0,1,0,245.3561765725,0
"13108011004",8.39606465950272,95.4611394229322,1,5667.4807573793,0,1,0,95.4611394229322,0
"13108051004",2.46083148755013,519.565332113135,0,5828.13414149086,0,0,0,519.565332113135,0
"13108051003",9.12375608288388,160.284029927028,1,6275.32145681433,0,1,0,160.284029927028,0
"13108031004",4.60492228858391,362.075818962725,1,7584.06205681118,0,1,0,362.075818962725,0
"13108041002",9.24070649021299,247.732065517799,1,6712.2672170264,0,1,0,247.732065517799,0
"13125011006",3.9073881839067,204.760949452593,1,13350.8832551466,0,1,0,204.760949452593,0
"13108031001",3.85773913064789,430.577655091716,0,7827.25874033636,0,0,0,430.577655091716,0
"13108061001",8.39281603707691,280.093842044317,1,6348.75420703235,0,1,0,280.093842044317,0
"13108051005",10.9949626001497,215.670951644426,1,5824.91052827089,0,1,0,215.670951644426,0
"13128071007",5.03665050427664,169.662560700737,1,14854.1465583367,0,1,0,169.662560700737,0
"13108031002",5.02237027030033,246.886548680738,1,7027.44865366737,0,1,0,246.886548680738,0
"13108021002",4.41975081031281,453.310379051972,0,7581.21836496352,0,0,0,453.310379051972,0
"13108021001",4.31741920389983,241.221439457876,1,7328.85754510197,0,1,0,241.221439457876,0
"13108021004",7.90389836199269,148.887704598614,1,6763.40064441694,0,1,0,148.887704598614,0
"13108071001",5.64935439848142,146.869557379615,1,5402.0616308596,0,1,0,146.869557379615,0
"13108021005",5.30012748770698,235.607096743766,1,6603.06812787586,0,1,0,235.607096743766,0
"13108021003",6.04731064564299,552.561494131872,0,7028.04668001735,0,0,0,552.561494131872,0
"13108011002",4.229706398403,423.643767001802,0,6325.46139746816,0,0,0,423.643767001802,0
"13108011003",9.40313761150343,224.537370702853,1,5640.60464383281,0,1,0,224.537370702853,0
"13108071002",2.61838967520185,163.957970166998,1,5235.38722215393,0,1,0,163.957970166998,0
"13124021001",11.1713599391884,295.358198713005,1,16102.4470162461,0,1,0,295.358198713005,0
"13124021003",7.13082404525022,159.967832733335,1,15743.0847864584,0,1,0,159.967832733335,0
"13124041005",3.36632004983781,361.224915199874,1,15123.7050623125,0,1,0,361.224915199874,0
"13124041001",6.06159703601804,216.116615126978,1,14609.0103080323,0,1,0,216.116615126978,0
"13124101002",3.80733653139055,100.867389920718,1,14165.5135876947,0,1,0,100.867389920718,0
"13124101003",5.56505689671586,240.15967512452,1,13567.7849958992,0,1,0,240.15967512452,0
"13124101001",7.09909624082197,344.964469677553,1,13880.9624272427,0,1,0,344.964469677553,0
"13124041004",6.59779693085554,188.235488361884,1,15237.6247249331,0,1,0,188.235488361884,0
"13124021006",8.6489994871422,301.37840363616,1,16295.6042321627,0,1,0,301.37840363616,0
"13124031002",6.12346625465314,291.384730433929,1,14855.3869877134,0,1,0,291.384730433929,0
"13124031004",2.88723020297117,428.935539384729,0,15049.7200381115,0,0,0,428.935539384729,0
"13124031001",3.66456141146341,325.73800669959,1,15378.2937199864,0,1,0,325.73800669959,0
"13124091003",5.28585221774722,236.543356211005,1,14949.4511868411,0,1,0,236.543356211005,0
"13124051004",2.9284763487279,76.0359248735564,1,13686.8587530425,0,1,0,76.0359248735564,0
"13124051003",7.08957789949349,284.335566118826,1,14271.9794453075,0,1,0,284.335566118826,0
"13124021004",8.07313983676938,131.221290438241,1,15876.6218434762,0,1,0,131.221290438241,0
"13124051002",2.07182562916502,428.302650722811,0,13943.5884797368,0,0,0,428.302650722811,0
"13124011001",3.21878575924643,241.349199369005,1,14557.1967083989,0,1,0,241.349199369005,0
"13124051001",6.30272834967277,433.351978685044,0,13637.4525294145,0,0,0,433.351978685044,0
"13124031003",3.58524190039277,51.0203296354634,1,14688.0298079319,0,1,0,51.0203296354634,0
"13124091002",4.44347901017706,247.590369855437,1,15388.0607841838,0,1,0,247.590369855437,0
"13124091001",10.6557831172293,476.769649121264,0,16268.9115056952,0,0,0,476.769649121264,0
"13124011003",5.03837534320683,677.197247277804,0,13655.5335493089,0,0,0,677.197247277804,0
"13124091005",3.90410633489673,621.841710952719,0,15374.3796863058,0,0,0,621.841710952719,0
"13124071001",9.36446147699934,631.500318017721,0,23312.4357329486,0,0,0,631.500318017721,0
"13124091004",5.16370017069844,412.328763112185,0,14999.3083211148,0,0,0,412.328763112185,0
"13128031003",2.55203913989514,470.532336179615,0,10056.9768481809,0,0,0,470.532336179615,0
"13124061003",3.90251994467532,212.074353430698,1,14714.7082341543,0,1,0,212.074353430698,0
"13124061004",7.04515897329393,117.875520294737,1,14288.0081893454,0,1,0,117.875520294737,0
"13124071003",3.10139288286189,1989.14397181483,0,21203.414148745,0,0,0,1989.14397181483,0
"13124061005",4.05164062548811,296.918179190925,1,13764.614875456,0,1,0,296.918179190925,0
"13124061006",5.14942265870572,250.462796872257,1,13190.0191120472,0,1,0,250.462796872257,0
"13124061002",8.83777992349032,154.501160469913,1,15834.9828579787,0,1,0,154.501160469913,0
"13124061018",7.83676769377889,190.771712656061,1,13913.2100830086,0,1,0,190.771712656061,0
"13124061016",4.54659437456888,203.182528188199,1,14923.8086338432,0,1,0,203.182528188199,0
"13124061017",6.68504839303324,228.701322344143,1,14494.364292146,0,1,0,228.701322344143,0
"13124061019",4.60211803231833,189.104672983179,1,13398.0630337936,0,1,0,189.104672983179,0
"13124061024",7.42430623621157,369.805835534885,1,15503.6634108449,0,1,0,369.805835534885,0
"13119201010",5.99407899221564,156.327487699752,1,14709.8656265862,0,1,0,156.327487699752,0
"13124061012",7.40685594377603,148.17869073253,1,15668.9164994237,0,1,0,148.17869073253,0
"13124061023",5.5206379705163,323.014304021579,1,15048.4702856235,0,1,0,323.014304021579,0
"13124061022",8.0382392518983,188.147689150605,1,14666.2165957089,0,1,0,188.147689150605,0
"13113031002",5.81326530390752,369.288863879659,1,3648.35538231591,0,1,0,369.288863879659,0
"13124061007",5.23032855999777,287.641917208386,1,13320.700770692,0,1,0,287.641917208386,0
"13124061021",5.64279001756508,206.540075802412,1,14150.7795735371,0,1,0,206.540075802412,0
"13124061011",5.5206379705163,556.748414911074,0,15187.7471434132,0,0,0,556.748414911074,0
"13124061008",5.22715577955494,191.115366343751,1,13809.8681507163,0,1,0,191.115366343751,0
"13124061010",6.77388624543236,478.71089202891,0,14806.7197463174,0,0,0,478.71089202891,0
"13124061009",7.19903882477097,450.299408391478,0,14276.0591406138,0,0,0,450.299408391478,0
"13124061020",6.95790751111623,239.231527004638,1,13443.5533824912,0,1,0,239.231527004638,0
"13124021005",5.77604679616375,532.149866404093,0,16925.1570192222,0,0,0,532.149866404093,0
"13124021002",6.6295247352838,134.297265370518,1,15589.5697145717,0,1,0,134.297265370518,0
"13119201004",7.07152707552713,283.235837994152,1,14695.1264941694,0,1,0,283.235837994152,0
"13124061001",7.00549921775862,148.867147399355,1,16133.5862546672,0,1,0,148.867147399355,0
"13124061013",8.09534929986916,375.471079961407,0,15327.0486518946,0,0,0,375.471079961407,0
"13113051003",8.70776676783143,33.2184527781932,1,5050.07953437542,0,1,0,33.2184527781932,0
"13124071002",8.898062751904,1292.66971644512,0,23302.9739201611,0,0,0,1292.66971644512,0
"13113051001",7.80278014080409,692.395194380687,0,4849.59523687156,0,0,0,692.395194380687,0
"13113031004",5.77929797742392,457.634466933243,0,4049.57124962994,0,0,0,457.634466933243,0
"13128061001",2.30991212782343,141.233257429252,1,12608.5007867014,0,1,0,141.233257429252,0
"13113031001",9.39196577271536,103.307980537751,1,2425.83232318281,0,1,0,103.307980537751,0
"13113031003",10.2945261621367,123.261518828204,1,3143.39503306719,0,1,0,123.261518828204,0
"13114121007",9.05510880134918,275.747213328839,1,995.83724106206,0,1,0,275.747213328839,0
"13113061002",11.7769573393853,672.679372120014,0,7058.6357991084,0,0,0,672.679372120014,0
"13113051004",8.35596231496557,411.079694046627,0,5471.22441449996,0,0,0,411.079694046627,0
"13113021001",4.99077075548321,164.484574515315,1,2746.61453844821,0,1,0,164.484574515315,0
"13113041004",7.0288103444992,269.853237105218,1,3913.3865971541,0,1,0,269.853237105218,0
"13113041001",5.58034649373427,336.645754809905,1,4109.29896489032,0,1,0,336.645754809905,0
"13114111004",7.89908039691153,229.550594990982,1,2419.92861073578,0,1,0,229.550594990982,0
"13113071004",5.16303362550718,441.551611193153,0,6133.63710842721,0,0,0,441.551611193153,0
"13113051002",9.90875438278728,436.559026273869,0,4874.4532006197,0,0,0,436.559026273869,0
"13113041003",7.3684836093352,158.437781601892,1,3484.16420967846,0,1,0,158.437781601892,0
"13113061003",2.20059750861608,1024.36428394765,0,7952.19082786091,0,0,0,1024.36428394765,0
"13114121004",5.94107405064823,131.056406349234,1,1752.6615094189,0,1,0,131.056406349234,0
"13113041002",6.36644747806901,320.163652225636,1,4238.30542522155,0,1,0,320.163652225636,0
"13113021003",5.0004757059071,242.211241289889,1,3752.69099967,0,1,0,242.211241289889,0
"13113021002",5.46631332625361,155.227499736557,1,3380.12057677883,0,1,0,155.227499736557,0
"13113071001",10.1513781433844,380.575387092477,0,5143.49440019672,0,0,0,380.575387092477,0
"13113071002",12.9124365389799,298.926591116266,1,5804.60068761313,0,1,0,298.926591116266,0
"13113071003",11.456693975397,492.509628563805,0,6334.844981273,0,0,0,492.509628563805,0
"13113071006",9.91360685799922,415.64592189447,0,6659.79175228043,0,0,0,415.64592189447,0
"13113011001",5.43962471258792,246.075159046611,1,4208.61307262662,0,1,0,246.075159046611,0
"13113011004",8.8970133010972,359.697284823244,1,3912.59276517019,0,1,0,359.697284823244,0
"13113011002",5.0004757059071,542.790737432204,0,4908.60784476258,0,0,0,542.790737432204,0
"13114091001",9.52449388435751,90.7235237980563,1,4026.05117021251,0,1,0,90.7235237980563,0
"13113011003",8.12546974239828,355.848886580842,1,4544.328003656,0,1,0,355.848886580842,0
"13113071005",12.0996469409795,258.730010383792,1,6355.84727610244,0,1,0,258.730010383792,0
"13113061001",13.8659479181267,584.581957367842,0,6453.19540981622,0,0,0,584.581957367842,0
"13114041001",12.8423758711078,465.51138107225,0,11032.6490003384,0,0,0,465.51138107225,0
"13114021001",10.3291540266575,504.4007838611,0,4778.26922411478,0,0,0,504.4007838611,0
"13114041003",16.9380959954147,606.569063136176,0,9105.69732219009,0,0,0,606.569063136176,0
"13114031001",8.00368621541053,226.829582689226,1,4827.12791615017,0,1,0,226.829582689226,0
"13114161002",6.0349510672499,1172.9538958385,0,8690.1527038108,0,0,0,1172.9538958385,0
"13114151003",12.5392872175081,271.495290050477,1,8592.08781219935,0,1,0,271.495290050477,0
"13114021002",10.6939332911668,62.4489375392393,1,6729.80198560427,0,1,0,62.4489375392393,0
"13114041002",13.4512353787814,432.35604989423,0,7505.23556039144,0,0,0,432.35604989423,0
"13114161001",10.2460058119532,593.893918550842,0,6134.09084621022,0,0,0,593.893918550842,0
"13114161003",12.0028471226415,528.401333173083,0,7194.58300776693,0,0,0,528.401333173083,0
"13114031002",7.7354661679772,215.664999967327,1,5580.04645515264,0,1,0,215.664999967327,0
"13114011002",10.8119501120375,202.374533218642,1,4311.32651240789,0,1,0,202.374533218642,0
"13114161004",10.8521831191525,241.369579127408,1,5420.3120745301,0,1,0,241.369579127408,0
"13114031006",6.65990377776955,103.865060209416,1,3888.45359163466,0,1,0,103.865060209416,0
"13114071003",11.0104329471381,238.144200160372,1,6282.87216180336,0,1,0,238.144200160372,0
"13114011009",9.8302647384315,380.72556100158,0,2897.77107411836,0,0,0,380.72556100158,0
"13114131001",6.16101448954356,468.18440054992,0,2559.50848588584,0,0,0,468.18440054992,0
"13114011004",3.71752985742594,55.2540915170454,1,3493.38159411122,0,1,0,55.2540915170454,0
"13114071001",14.5348443704121,279.225713481354,1,5825.51353643448,0,1,0,279.225713481354,0
"13114051003",7.61208494615787,188.454387078429,1,3940.33397984552,0,1,0,188.454387078429,0
"13114061001",9.79539613226517,203.654710904491,1,5284.60143010554,0,1,0,203.654710904491,0
"13114051004",8.14316064007586,337.501305749541,1,4374.74178271093,0,1,0,337.501305749541,0
"13114011007",7.32508949540421,31.248732492359,1,2780.73592197647,0,1,0,31.248732492359,0
"13114061002",8.42479168988086,261.412581861808,1,4810.67289049731,0,1,0,261.412581861808,0
"13114111003",10.4015734394645,359.280745424106,1,2395.33296906335,0,1,0,359.280745424106,0
"13114111006",8.23971985715186,162.205109211099,1,3384.14298973557,0,1,0,162.205109211099,0
"13114131003",5.63530319657424,30.4052410231396,1,2149.72249508753,0,1,0,30.4052410231396,0
"13114101001",10.4471708475282,90.712721757806,1,2005.79393403571,0,1,0,90.712721757806,0
"13114051002",11.2947461974175,101.882823060087,1,4102.03728737871,0,1,0,101.882823060087,0
"13114131004",7.19902607311055,180.23156166757,1,2010.5647804298,0,1,0,180.23156166757,0
"13114131006",8.93977418095285,33.7111804282578,1,1921.51371548454,0,1,0,33.7111804282578,0
"13114111001",9.19458322601451,322.077531716461,1,1977.52491055278,0,1,0,322.077531716461,0
"13114111005",7.29826749066088,314.154460042059,1,3224.56906940215,0,1,0,314.154460042059,0
"13114131007",7.41360211105721,67.1162166176756,1,1559.31376026442,0,1,0,67.1162166176756,0
"13114141001",15.3180469089174,610.815021106506,0,5996.38229615645,0,0,0,610.815021106506,0
"13114081005",8.42210948940652,229.739859074012,1,4209.21620072753,0,1,0,229.739859074012,0
"13114101004",11.6970762685675,295.990202463039,1,2904.24130873886,0,1,0,295.990202463039,0
"13114131008",7.82934318457887,144.732988717947,1,1352.29351144124,0,1,0,144.732988717947,0
"13114101005",12.9067486824918,459.462915465469,0,2528.60711768991,0,0,0,459.462915465469,0
"13114121001",8.56426611454619,341.919099676808,1,1310.14744944391,0,1,0,341.919099676808,0
"13114091003",10.7583061025508,477.763798285832,0,3655.15138171434,0,0,0,477.763798285832,0
"13114141004",8.55621951312319,498.807652309096,0,5859.36610782234,0,0,0,498.807652309096,0
"13119081001",4.85470860526556,213.196195185559,1,18880.6555390251,0,1,0,213.196195185559,0
"13114121005",9.09802400893851,98.5999970229586,1,1812.37953511412,0,1,0,98.5999970229586,0
"13114091002",10.6671112864235,439.710198705154,0,3501.21651024835,0,0,0,439.710198705154,0
"13114121006",7.27949208734054,305.363713979395,1,1380.93103357514,0,1,0,305.363713979395,0
"13114121002",9.94559935882783,357.577584736536,1,994.24683580312,0,1,0,357.577584736536,0
"13114141003",16.7905749693264,1173.17122250241,0,6882.57184191126,0,0,0,1173.17122250241,0
"13114011005",5.9544850530199,106.424262095424,1,3227.87647624409,0,1,0,106.424262095424,0
"13114021004",10.4203488427848,383.668702428351,0,5333.4042301341,0,0,0,383.668702428351,0
"13114021003",6.97372123326655,361.231703972105,1,5772.61921565443,0,1,0,361.231703972105,0
"13114031005",8.00368621541053,119.972915611698,1,4186.9405591303,0,1,0,119.972915611698,0
"13114031003",9.20531202791185,354.806562956539,1,5018.93001873756,0,1,0,354.806562956539,0
"13114031004",7.94736000544953,105.979201304574,1,4310.7754625086,0,1,0,105.979201304574,0
"13114071002",11.7936354856435,858.737475563029,0,7222.49137529334,0,0,0,858.737475563029,0
"13114081003",10.4578996494255,239.930333605428,1,5249.65754540097,0,1,0,239.930333605428,0
"13101271003",5.63108863248062,39.8662428227371,1,6930.04091244785,0,1,0,39.8662428227371,0
"13114081001",9.06315540277218,118.760377510361,1,4606.40226765806,0,1,0,118.760377510361,0
"13114081004",11.0184795485611,424.989203771762,0,4742.26751133802,0,0,0,424.989203771762,0
"13114091004",11.0533481547275,99.1975625213667,1,3585.64853434721,0,1,0,99.1975625213667,0
"13114101003",10.0528873778012,200.003977026651,1,2851.49066585853,0,1,0,200.003977026651,0
"13114111002",10.0287475735322,341.84751758189,1,2902.37461207582,0,1,0,341.84751758189,0
"13114111007",7.81861438268154,45.8804808491251,1,2923.30557988846,0,1,0,45.8804808491251,0
"13114121003",8.90758777526085,105.09607635235,1,1559.7658931454,0,1,0,105.09607635235,0
"13114131005",8.87808357004318,81.6636447138518,1,1834.52648240971,0,1,0,81.6636447138518,0
"13114151001",19.0838563748813,542.175120798836,0,9505.82692602605,0,0,0,542.175120798836,0
"13114011003",8.51866870648252,60.7216801431555,1,3658.99221272314,0,1,0,60.7216801431555,0
"13119071005",7.06533484516327,429.035815220006,0,19226.7985021638,0,0,0,429.035815220006,0
"13114011008",10.4847216541688,262.783553545664,1,2767.11405279902,0,1,0,262.783553545664,0
"13114011006",4.76090584194159,130.414931651878,1,3089.28430734824,0,1,0,130.414931651878,0
"13114011001",10.7261196968588,50.9084362437934,1,3895.664187103,0,1,0,50.9084362437934,0
"13114081002",10.3801158356698,508.858931421351,0,4988.75274124533,0,0,0,508.858931421351,0
"13114101002",9.33673985115418,330.305334558747,1,2462.36192374355,0,1,0,330.305334558747,0
"13132041007",15.7321258591688,362.488285190312,1,7480.64745053092,0,1,0,362.488285190312,0
"13132041002",12.3143215162644,119.934792144338,1,7673.1853863792,0,1,0,119.934792144338,0
"13114131009",6.70818338630755,67.6835634296029,1,2184.03138200678,0,1,0,67.6835634296029,0
"13114131010",6.34072192132389,84.0735858666356,1,2085.54910018283,0,1,0,84.0735858666356,0
"13114131002",5.06935889648991,264.999278452218,1,2332.71510684983,0,1,0,264.999278452218,0
"13114151002",14.4034165471698,355.699328798519,1,10514.2585552966,0,1,0,355.699328798519,0
"13114071004",17.7266629348687,592.574557782388,0,8744.14730503318,0,0,0,592.574557782388,0
"13132041005",12.8098834808282,311.832429348589,1,6040.86247187951,0,1,0,311.832429348589,0
"13132041008",13.5610924906035,124.72218937012,1,7524.62303910923,0,1,0,124.72218937012,0
"13132021003",15.7832552682111,171.464829791237,1,5610.1931420382,0,1,0,171.464829791237,0
"13132041001",13.8442707560686,334.971809594919,1,6605.32934128185,0,1,0,334.971809594919,0
"13132041006",10.7214437730236,350.58801029071,1,6904.28669430923,0,1,0,350.58801029071,0
"13132021001",8.97124477119103,343.040448717838,1,5048.45237216163,0,1,0,343.040448717838,0
"13132011006",8.22003576141572,98.7944475347463,1,2788.95803071419,0,1,0,98.7944475347463,0
"13132021005",16.4833348689441,256.185231982361,1,4664.90880015633,0,1,0,256.185231982361,0
"13132021007",12.4126473028842,197.845544521246,1,4592.7137895133,0,1,0,197.845544521246,0
"13132051003",10.88269806308,290.019192778879,1,5943.7422910136,0,1,0,290.019192778879,0
"13132011001",10.5129931053896,136.004378195241,1,3525.06804003447,0,1,0,136.004378195241,0
"13132051001",11.9170853383204,286.478396107348,1,5089.52771821099,0,1,0,286.478396107348,0
"13132031003",NA,400.484682532295,0,3665.35709606505,0,0,0,400.484682532295,0
"13132021004",12.0665405339825,233.807894500394,1,4201.51694548146,0,1,0,233.807894500394,0
"13132011003",13.2661151307441,200.628493304057,1,3632.07242954986,0,1,0,200.628493304057,0
"13132021002",13.1520572182651,177.820102172576,1,4064.68960546732,0,1,0,177.820102172576,0
"13132011005",10.6506492066573,173.989539798384,1,2937.15349025034,0,1,0,173.989539798384,0
"13132011002",9.60052980555778,81.8972519035844,1,3617.88285004562,0,1,0,81.8972519035844,0
"13132021006",17.2581420675082,192.819795503715,1,3637.88951306184,0,1,0,192.819795503715,0
"13132041004",15.4332154678446,323.026828123764,1,7107.79831432418,0,1,0,323.026828123764,0
"13132031002",22.221627776076,1075.59971935886,0,6807.83713621208,0,0,0,1075.59971935886,0
"13132031001",20.4006342078772,1267.03192014815,0,7929.16306189648,0,0,0,1267.03192014815,0
"13132051002",11.8423577404893,233.28090199211,1,5972.38702289795,0,1,0,233.28090199211,0
"13120071002",10.4269610090733,131.812198160101,1,2866.34811099599,0,1,0,131.812198160101,0
"13115011010",19.3585474527589,1651.8828455143,0,12409.7115209887,0,0,0,1651.8828455143,0
"13115041003",10.6940841538539,1566.7253048057,0,13450.5332776607,0,0,0,1566.7253048057,0
"13115041004",15.84528562197,1462.62185655834,0,13572.9094432321,0,0,0,1462.62185655834,0
"13117021004",4.366758915892,482.364123359488,0,11158.5112917713,0,0,0,482.364123359488,0
"13115041001",12.5219298360887,83.6719899254503,1,11857.5170854587,0,1,0,83.6719899254503,0
"13115021004",2.94354369606634,85.2697996821947,1,12118.2674397679,0,1,0,85.2697996821947,0
"13115011004",12.0495385493812,195.631948562525,1,11138.7844719644,0,1,0,195.631948562525,0
"13115011003",6.64908539732405,298.20752513619,1,10751.2778642687,0,1,0,298.20752513619,0
"13115011006",11.4489606823613,460.174510936743,0,13992.7520575537,0,0,0,460.174510936743,0
"13115041002",8.70007068232511,5.93299138032414,1,11528.9263337181,0,1,0,5.93299138032414,0
"13132011004",7.35870187062622,84.5796110555254,1,3095.30400585447,0,1,0,84.5796110555254,0
"13115021003",9.56651701221561,165.773015535937,1,11339.3739083796,0,1,0,165.773015535937,0
"13117011004",3.47473390764709,606.381294566374,0,12655.9981854311,0,0,0,606.381294566374,0
"13117041003",4.93200248547294,331.046915279243,1,10776.5915318021,0,1,0,331.046915279243,0
"13115011002",9.28165794485435,762.229084574567,0,10179.8228453436,0,0,0,762.229084574567,0
"13115011012",13.3836285148565,1688.65264305562,0,10173.6183879279,0,0,0,1688.65264305562,0
"13115021002",12.0068096892771,1987.02013105866,0,14263.509757062,0,0,0,1987.02013105866,0
"13117021001",3.80656216389661,181.801711161403,1,11591.0056076908,0,1,0,181.801711161403,0
"13115011001",12.4435935925643,516.495467579993,0,9448.52074807738,0,0,0,516.495467579993,0
"13115011009",10.4543277721582,62.668346724195,1,10533.5750484008,0,1,0,62.668346724195,0
"13115011005",5.81824645085371,536.356180439334,0,12329.3917722387,0,0,0,536.356180439334,0
"13117011003",4.23427995427147,514.171430150642,0,12284.1346779624,0,0,0,514.171430150642,0
"13117061001",3.59585752970014,442.736368357049,0,13146.2683660457,0,0,0,442.736368357049,0
"13117011002",4.87522578763556,274.638649410859,1,11967.5661305509,0,1,0,274.638649410859,0
"13117021002",2.7517772885179,166.87563900998,1,11367.0945600805,0,1,0,166.87563900998,0
"13117021005",4.94840464262595,512.185728503901,0,10590.0373741788,0,0,0,512.185728503901,0
"13117061003",2.31396586297195,551.320947441106,0,13159.038665284,0,0,0,551.320947441106,0
"13117011001",4.33016948839681,236.924801264151,1,12585.3364764111,0,1,0,236.924801264151,0
"13117021003",3.89992828922917,632.687337733554,0,10697.2199035005,0,0,0,632.687337733554,0
"13117031006",3.09117577114574,629.230249359729,0,10651.3629695477,0,0,0,629.230249359729,0
"13117061002",4.19895223117266,358.549261230089,1,13168.0956351368,0,1,0,358.549261230089,0
"13117031002",2.90570522487699,100.074089976845,1,11374.2527580973,0,1,0,100.074089976845,0
"13117031003",3.13533542501925,297.031175574498,1,10710.8360334461,0,1,0,297.031175574498,0
"13117071003",3.45202322851214,349.653779529361,1,12412.2170009193,0,1,0,349.653779529361,0
"13117051002",5.0796218998501,341.191196500906,1,12757.694117757,0,1,0,341.191196500906,0
"13117071004",3.57819366815074,345.034461972957,1,12137.8582024177,0,1,0,345.034461972957,0
"13117051004",5.06195803830069,368.955974908601,1,13030.7552012024,0,1,0,368.955974908601,0
"13117051001",5.32691596154176,520.490259057243,0,13282.576465754,0,0,0,520.490259057243,0
"13117031004",3.45454663730491,163.032502975913,1,11624.0404832289,0,1,0,163.032502975913,0
"13117031001",5.14901564165133,487.193864491231,0,11175.027854953,0,0,0,487.193864491231,0
"13117031005",4.04376259041718,302.79901242073,1,11636.7449828467,0,1,0,302.79901242073,0
"13117051003",4.32890778400042,159.064514802372,1,13077.6229518507,0,1,0,159.064514802372,0
"13117041002",3.4103869834314,505.306753707856,0,11280.2379093253,0,0,0,505.306753707856,0
"13117041001",5.35088834507309,237.587884726825,1,11726.9409230678,0,1,0,237.587884726825,0
"13117041004",3.91633044638219,282.409657831848,1,10819.2091901086,0,1,0,282.409657831848,0
"13117041005",3.54665105824109,186.379316600816,1,11277.3164080457,0,1,0,186.379316600816,0
"13117071002",2.99023941943486,191.027174168672,1,12022.1349143609,0,1,0,191.027174168672,0
"13117071001",1.44843664705115,440.126827807264,0,12326.5442395233,0,0,0,440.126827807264,0
"13126021001",6.46476761791497,321.252712140195,1,10107.9962758263,0,1,0,321.252712140195,0
"13126091003",3.29935627654008,412.019148218382,0,10805.4911618898,0,0,0,412.019148218382,0
"13126091001",4.19540170488647,266.4548166646,1,11481.1005088577,0,1,0,266.4548166646,0
"13126061004",5.50405911741987,458.392498391798,0,9786.44472798154,0,0,0,458.392498391798,0
"13126021003",4.48792512651158,179.505087474145,1,9514.60926796603,0,1,0,179.505087474145,0
"13126091002",6.59409376221239,273.444761153742,1,10984.4480405175,0,1,0,273.444761153742,0
"13126061001",6.98207219510464,446.327237316303,0,11246.4973827211,0,0,0,446.327237316303,0
"13126091004",6.09988313936154,428.083144370361,0,10402.3876800253,0,0,0,428.083144370361,0
"13126081001",8.96353347737579,100.184361553289,1,11018.3528256856,0,1,0,100.184361553289,0
"13126021002",4.85588879897685,334.222152056809,1,9825.38090854245,0,1,0,334.222152056809,0
"13126021005",3.93059102846795,321.321071081946,1,8729.43533064696,0,1,0,321.321071081946,0
"13126021004",4.32472784918389,243.975780412924,1,9365.39808471551,0,1,0,243.975780412924,0
"13126041001",6.38316897925112,109.424709992784,1,9271.08483757386,0,1,0,109.424709992784,0
"13126021006",0.195528813402048,595.922637765699,0,7855.64982458493,0,0,0,595.922637765699,0
"13126011001",5.34855982487178,353.367281614493,1,9630.02108121003,0,1,0,353.367281614493,0
"13126041002",3.33476700652627,290.254181413647,1,8731.92448170977,0,1,0,290.254181413647,0
"13126011002",5.24078803795727,359.630983616527,1,9108.45454969551,0,1,0,359.630983616527,0
"13126081003",8.01514175252806,242.521586727285,1,10295.3414792899,0,1,0,242.521586727285,0
"13126011003",3.2085200561407,345.099383163648,1,8672.17871269887,0,1,0,345.099383163648,0
"13126031003",6.94050307729476,493.258661209923,0,7981.98809622607,0,0,0,493.258661209923,0
"13126071001",7.56557944139894,280.716332694148,1,10901.1643651104,0,1,0,280.716332694148,0
"13126071002",5.7627114060147,227.617886690551,1,9775.20508274181,0,1,0,227.617886690551,0
"13126061002",7.14065068156457,216.898772703036,1,10491.5720070313,0,1,0,216.898772703036,0
"13126031002",7.15450705416786,144.166532451057,1,8223.16245359946,0,1,0,144.166532451057,0
"13126061003",3.78278972069947,384.927974730165,0,10119.8343755067,0,0,0,384.927974730165,0
"13126051002",8.40619937933216,107.823670958653,1,9306.03046044559,0,1,0,107.823670958653,0
"13126051001",8.84036572090206,472.698739681945,0,10032.5807870299,0,0,0,472.698739681945,0
"13126031001",8.30766517415317,267.275773355988,1,8317.875891838,0,1,0,267.275773355988,0
"13119211001",5.49250833274305,231.825945779192,1,13595.0187721067,0,1,0,231.825945779192,0
"13126081002",7.69336598874044,252.157940893131,1,10887.9877465183,0,1,0,252.157940893131,0
"13119201009",8.13194652533801,388.32576858024,0,15490.5146101094,0,0,0,388.32576858024,0
"13119201006",6.88730822220232,404.437672373142,0,15682.7767784487,0,0,0,404.437672373142,0
"13119201007",6.9058849132939,537.003923003189,0,15340.5955498892,0,0,0,537.003923003189,0
"13119201001",5.84236934830109,395.509555616025,0,14946.7015527243,0,0,0,395.509555616025,0
"13119201008",7.92295875055776,437.983708352974,0,14254.749314149,0,0,0,437.983708352974,0
"13119221001",4.41196413424963,332.73353567082,1,13065.7013702003,0,1,0,332.73353567082,0
"13119201011",6.66903210187629,238.818694617638,1,14259.5503027029,0,1,0,238.818694617638,0
"13119211002",3.55124411367321,221.96855827884,1,13958.0552281191,0,1,0,221.96855827884,0
"13119221002",5.52811365733524,245.86968799255,1,13203.0766787947,0,1,0,245.86968799255,0
"13119221003",6.23557597640615,291.944912404743,1,13052.6627654125,0,1,0,291.944912404743,0
"13119201003",6.12721194503862,402.51638285613,0,15387.3711632771,0,0,0,402.51638285613,0
"13119211003",6.9105290860668,422.538245846349,0,13919.8639190242,0,0,0,422.538245846349,0
"13119141012",4.19833218669649,275.673984944473,1,17005.0658300624,0,1,0,275.673984944473,0
"13119221004",5.08072501354642,496.931309453287,0,13434.5600085464,0,0,0,496.931309453287,0
"13119021010",7.8950937139204,80.6346142620421,1,14952.3177165444,0,1,0,80.6346142620421,0
"13119201005",4.0837759249651,79.2760126084388,1,15322.8895980897,0,1,0,79.2760126084388,0
"13119071008",6.84241455206435,554.833583785874,0,20770.1190225254,0,0,0,554.833583785874,0
"13119211004",4.81755522308241,468.752623324744,0,14912.3652513118,0,0,0,468.752623324744,0
"13119121003",7.65514478732086,126.031306605193,1,17631.6326514327,0,1,0,126.031306605193,0
"13119211005",6.28356576172606,138.597110664299,1,13996.8311971926,0,1,0,138.597110664299,0
"13119141001",6.95697081379574,186.26279751631,1,16259.4231333016,0,1,0,186.26279751631,0
"13119141003",7.35636967226465,313.345197171598,1,16010.6373193917,0,1,0,313.345197171598,0
"13119021003",7.33779298117308,141.778148800824,1,15211.3313515809,0,1,0,141.778148800824,0
"13119021007",5.18134875695913,287.501582212254,1,15033.8985755278,0,1,0,287.501582212254,0
"13119021008",6.66438792910339,546.358115447061,0,13975.3025741299,0,0,0,546.358115447061,0
"13119021005",8.21399357765914,243.498919453222,1,15182.9782252799,0,1,0,243.498919453222,0
"13119141007",7.10868045771029,280.705429162378,1,16076.2017988862,0,1,0,280.705429162378,0
"13119141004",8.20315717452239,203.450609412211,1,17198.3526153511,0,1,0,203.450609412211,0
"13119021004",8.01274609083372,93.948515799361,1,14482.1114938883,0,1,0,93.948515799361,0
"13119141005",3.4026305849406,178.738485210268,1,17619.9529627148,0,1,0,178.738485210268,0
"13119111003",4.35004183061104,494.594161763634,0,17784.9628364427,0,0,0,494.594161763634,0
"13119011001",4.10080455846571,258.95765352057,1,16245.9898036092,0,1,0,258.95765352057,0
"13119141008",5.89655136398486,381.384251355991,0,16600.5397091234,0,0,0,381.384251355991,0
"13119141009",9.71251332571305,369.308632470662,1,18593.1703517621,0,1,0,369.308632470662,0
"13119141002",7.37339830576527,498.050529435598,0,17906.0721355261,0,0,0,498.050529435598,0
"13119021009",7.93998738405838,389.765739831459,0,14498.9974354592,0,0,0,389.765739831459,0
"13119111001",4.02804585169037,465.289154256837,0,18217.3923515697,0,0,0,465.289154256837,0
"13119101001",8.15981156197538,262.644767592673,1,16920.7645279611,0,1,0,262.644767592673,0
"13119011002",7.33779298117308,11.9564324905602,1,15875.767364511,0,1,0,11.9564324905602,0
"13119021006",8.43691387075807,232.867113979565,1,15384.6175143604,0,1,0,232.867113979565,0
"13119071014",6.30988274077246,735.351988275129,0,19134.9200155061,0,0,0,735.351988275129,0
"13119121002",3.98779635432528,201.528875434937,1,17973.1808711243,0,1,0,201.528875434937,0
"13119111002",7.77898939459804,207.531910130995,1,18619.9292654155,0,1,0,207.531910130995,0
"13119021001",6.50648605482499,257.120849079824,1,15727.179634325,0,1,0,257.120849079824,0
"13119091001",5.20302156323264,319.546690853848,1,17908.4749713444,0,1,0,319.546690853848,0
"13119071015",6.32691137427307,820.353221197723,0,19570.4320982467,0,0,0,820.353221197723,0
"13119011005",3.40727475771349,195.677863729325,1,16866.9018973849,0,1,0,195.677863729325,0
"13119011003",3.83453865281977,241.501476864435,1,16234.919780634,0,1,0,241.501476864435,0
"13119101002",5.05440803450002,168.147641792365,1,17313.8226553719,0,1,0,168.147641792365,0
"13119071002",8.2465027870694,630.313236246072,0,20615.7570974444,0,0,0,630.313236246072,0
"13119021002",5.28506861555377,154.437206826961,1,16073.4557911738,0,1,0,154.437206826961,0
"13119071003",7.44306089735868,317.1403591912,1,19774.6618521126,0,1,0,317.1403591912,0
"13119071010",8.2774639388887,480.781899770126,0,20150.7315475254,0,0,0,480.781899770126,0
"13119071012",7.11642074566511,203.787299553819,1,19427.4525037075,0,1,0,203.787299553819,0
"13119071011",6.8006169971083,28.4270100112399,1,19984.3020190162,0,1,0,28.4270100112399,0
"13119151001",2.04498407766448,567.135154539228,0,15405.4156311023,0,0,0,567.135154539228,0
"13119041001",0.681145340024505,354.311032842509,1,16854.7483740214,0,1,0,354.311032842509,0
"13119031001",4.19213995633264,183.300664062916,1,16443.412242709,0,1,0,183.300664062916,0
"13125011003",4.32122157543764,880.317240875729,0,11905.0916134848,0,0,0,880.317240875729,0
"13125011007",12.0759253541578,941.276679542977,0,13775.3730226908,0,0,0,941.276679542977,0
"13119131001",3.33296799334718,2959.10263208599,0,23217.476188257,0,0,0,2959.10263208599,0
"13119031004",4.67048975194075,162.634078257749,1,16682.7526867571,0,1,0,162.634078257749,0
"13119031003",4.43828111329604,309.217242992969,1,17185.2748413821,0,1,0,309.217242992969,0
"13119071009",8.52670121103403,438.005750914321,0,20438.5223111621,0,0,0,438.005750914321,0
"13119071007",6.64581123801182,424.299848370374,0,20269.3602071841,0,0,0,424.299848370374,0
"13119071001",6.50184188205209,521.631640241672,0,19904.0859843498,0,0,0,521.631640241672,0
"13119071013",8.45858667703158,599.645433339329,0,19561.0733765212,0,0,0,599.645433339329,0
"13119091002",6.60556174064673,228.443011844222,1,18072.0775684589,0,1,0,228.443011844222,0
"13119081003",6.39347785068456,226.777652099558,1,18682.3359079588,0,1,0,226.777652099558,0
"13119081004",5.05131191931809,425.159721313967,0,19206.9391802869,0,0,0,425.159721313967,0
"13119171004",6.81300145783601,333.753585214268,1,19659.1175355206,0,1,0,333.753585214268,0
"13119171001",8.5808832267178,346.129694222892,1,19854.8625342399,0,1,0,346.129694222892,0
"13119061001",7.31147600212667,185.842308928378,1,18476.8773301466,0,1,0,185.842308928378,0
"13119031005",3.60233001417505,314.604269620696,1,17750.1991071036,0,1,0,314.604269620696,0
"13119031002",4.4661461499334,540.101525106616,0,17247.0795582052,0,0,0,540.101525106616,0
"13119181003",4.63643248493953,117.24229022135,1,20238.9586519148,0,1,0,117.24229022135,0
"13119181001",5.34699091919236,323.047406633257,1,20610.6010318302,0,1,0,323.047406633257,0
"13119181004",7.88425731078364,225.201071823236,1,20968.0882042944,0,1,0,225.201071823236,0
"13119051001",0.136229068004901,1216.4442505082,0,17578.4189930106,0,0,0,1216.4442505082,0
"13119181008",7.56226133186297,35.9925052654757,1,20533.2811048417,0,1,0,35.9925052654757,0
"13119181006",6.75262721178839,56.4743255003087,1,21164.6224541817,0,1,0,56.4743255003087,0
"13119161001",6.91672131643065,319.172376629263,1,19344.3550661022,0,1,0,319.172376629263,0
"13119171003",4.77420961053539,366.96958954215,1,20130.6556293773,0,1,0,366.96958954215,0
"13119181007",4.88412169949389,191.328862489669,1,20731.2233971114,0,1,0,191.328862489669,0
"13119161002",7.76350881868839,140.117199001796,1,19539.4566818268,0,1,0,140.117199001796,0
"13119171005",7.07617124830003,405.948161647329,0,20165.924672562,0,0,0,405.948161647329,0
"13119051006",7.82233500714505,1282.69061686995,0,20401.1656164926,0,0,0,1282.69061686995,0
"13119171002",5.61325682483831,469.4795514791,0,20570.9470744194,0,0,0,469.4795514791,0
"13119181002",8.59017157226359,370.956483861975,1,20951.892227886,0,1,0,370.956483861975,0
"13119061002",7.32850463562729,329.270311112389,1,18999.7650382006,0,1,0,329.270311112389,0
"13119181005",7.97094853587767,376.682407064336,0,21408.0336308328,0,0,0,376.682407064336,0
"13119161003",8.11182177665547,326.707504205719,1,19662.3629330508,0,1,0,326.707504205719,0
"13119191001",6.44765986636833,587.874458895489,0,21866.4868880591,0,0,0,587.874458895489,0
"13119191008",6.34394000777368,444.561203333797,0,20103.3344960428,0,0,0,444.561203333797,0
"13119191010",6.39347785068456,700.741933616594,0,22173.4638562277,0,0,0,700.741933616594,0
"13119051003",3.80048138581854,1898.10411844948,0,19178.7411517558,0,0,0,1898.10411844948,0
"13119191002",6.87182764629268,198.754515203245,1,20612.2188711297,0,1,0,198.754515203245,0
"13119191006",8.72949675545042,1018.2355058005,0,21851.9310784546,0,0,0,1018.2355058005,0
"13119191007",6.0838663324916,498.377173243072,0,21103.6455194894,0,0,0,498.377173243072,0
"13119191003",6.54673555219007,639.223690945993,0,20500.0659304521,0,0,0,639.223690945993,0
"13119051002",6.37644921718394,1534.12362096501,0,20121.8781744644,0,0,0,1534.12362096501,0
"13119191005",6.86873153111075,1305.62859588419,0,22870.7510692695,0,0,0,1305.62859588419,0
"13119191009",5.19682933286878,779.498599197892,0,20851.9317857973,0,0,0,779.498599197892,0
"13119191004",8.14587904365669,207.02098068218,1,21430.1594996551,0,1,0,207.02098068218,0
"13119051007",6.6071097982377,1020.98557923008,0,20553.5461411939,0,0,0,1020.98557923008,0
"13119051008",7.7015865150498,227.221187971004,1,21622.7366267691,0,1,0,227.221187971004,0
"13119231006",4.38100298243034,322.310157012084,1,23047.232023967,0,1,0,322.310157012084,0
"13119051004",5.00177407640722,659.852593499739,0,20650.5749402569,0,0,0,659.852593499739,0
"13119231004",5.16896429623141,389.273620336895,0,22222.69643252,0,0,0,389.273620336895,0
"13119231002",7.66288507527568,288.094312262373,1,22479.9292406124,0,1,0,288.094312262373,0
"13119231001",5.758774238389,243.791844526719,1,22618.9042438968,0,1,0,243.791844526719,0
"13119231007",5.41820156837674,654.390836643299,0,22064.4779516644,0,0,0,654.390836643299,0
"13119231003",1.26011887904533,474.599016292754,0,21800.0330378335,0,0,0,474.599016292754,0
"13119231005",4.21845693537904,342.338192312368,1,22961.0423817892,0,1,0,342.338192312368,0
"13119231008",8.05918781856266,376.384290633547,0,22931.3621346721,0,0,0,376.384290633547,0
"13119071006",9.27131691228809,875.864526997571,0,20164.0057541076,0,0,0,875.864526997571,0
"13119071004",7.84091169823663,331.924192013279,1,18990.6866808722,0,1,0,331.924192013279,0
"13119141011",7.46318564604122,161.985949307627,1,17552.0398682048,0,1,0,161.985949307627,0
"13118061005",3.56865438688054,210.862663327082,1,5862.44511993504,0,1,0,210.862663327082,0
"13119141010",7.25884204403387,68.1436782869981,1,16997.06515172,0,1,0,68.1436782869981,0
"13119051009",6.61485008619252,1045.99150428305,0,20754.9545673423,0,0,0,1045.99150428305,0
"13119051005",8.65209387590218,1511.05048517876,0,20258.4223849405,0,0,0,1511.05048517876,0
"13119141006",5.22779048468808,334.886581807546,1,15983.7680332382,0,1,0,334.886581807546,0
"13118041004",5.8974121216264,298.84994288761,1,6286.23446731614,0,1,0,298.84994288761,0
"13102041003",4.29613668441913,216.390191023625,1,12553.0944658212,0,1,0,216.390191023625,0
"13102011002",4.58610197480336,142.37278322537,1,11461.1174410407,0,1,0,142.37278322537,0
"13102041004",5.12499973146084,343.343144280706,1,12838.0710198034,0,1,0,343.343144280706,0
"13102041006",6.45856651506754,640.770742724682,0,12435.8075262638,0,0,0,640.770742724682,0
"13120021001",10.5561445967964,212.25564400922,1,2574.57646261842,0,1,0,212.25564400922,0
"13118051001",0.0755177847617437,432.266085061242,0,5761.42439198608,0,0,0,432.266085061242,0
"13102041002",6.41616593015286,516.741930517503,0,12007.6832463735,0,0,0,516.741930517503,0
"13120111006",5.27016309914983,194.621951282888,1,2448.40306837367,0,1,0,194.621951282888,0
"13102041005",3.58216554488816,961.629854048639,0,12738.5860931219,0,0,0,961.629854048639,0
"13118061006",4.70317738585929,155.890187211385,1,6014.64772437491,0,1,0,155.890187211385,0
"13102031001",7.88514103332579,757.875576604291,0,13614.6969113362,0,0,0,757.875576604291,0
"13102031006",4.60661838685885,367.746328606257,1,13891.8215883468,0,1,0,367.746328606257,0
"13120111005",7.30019090622606,129.469660243861,1,2587.14937204315,0,1,0,129.469660243861,0
"13102041001",6.5173802296266,464.485862018664,0,13054.2126408865,0,0,0,464.485862018664,0
"13118011002",9.3852800410874,235.019512203259,1,5247.90910114222,0,1,0,235.019512203259,0
"13102031002",5.94018517046555,396.900567282586,0,13962.0274017772,0,0,0,396.900567282586,0
"13102031007",5.70082702981819,253.845289117805,1,14675.0618991051,0,1,0,253.845289117805,0
"13118051002",4.19914007826347,301.961384781204,1,5062.74370854279,0,1,0,301.961384781204,0
"13102031005",5.87726817349539,393.298657735206,0,14746.9021483674,0,0,0,393.298657735206,0
"13102031003",5.5175470821225,567.153827840727,0,13702.4596718865,0,0,0,567.153827840727,0
"13102031004",4.31665309647462,327.354575674652,1,14253.6725940522,0,1,0,327.354575674652,0
"13102021001",3.89811829054267,318.428472385005,1,15472.8884692213,0,1,0,318.428472385005,0
"13102021002",5.30280863594173,435.847778534251,0,14646.339048979,0,0,0,435.847778534251,0
"13118051003",4.09201019755495,359.58974151196,1,5245.98225865493,0,1,0,359.58974151196,0
"13120111002",8.57093558546079,49.8325520480017,1,3112.59715249885,0,1,0,49.8325520480017,0
"13102021004",3.63824373783982,637.188831690473,0,15173.8886103006,0,0,0,637.188831690473,0
"13102011003",6.3573522155938,328.357104197157,1,13809.1447770448,0,1,0,328.357104197157,0
"13102011004",7.67177034794871,281.585870035167,1,13103.0356590831,0,1,0,281.585870035167,0
"13102011001",3.44675722532194,30.9054697055206,1,14560.5483509519,0,1,0,30.9054697055206,0
"13102021003",3.25116743039296,377.145136014304,0,13662.4993999431,0,0,0,377.145136014304,0
"13118051005",6.65961487945424,680.352039718207,0,5778.58837176273,0,0,0,680.352039718207,0
"13120011007",8.70539197268272,128.293298061318,1,2333.30569934447,0,1,0,128.293298061318,0
"13118011003",8.62483351081217,452.743390418553,0,5726.50139197281,0,0,0,452.743390418553,0
"13118061001",7.28131943307417,260.238906139198,1,5089.43252175242,0,1,0,260.238906139198,0
"13118011001",8.51419117499845,274.425787693973,1,4965.81073972778,0,1,0,274.425787693973,0
"13118061003",6.52438535790414,196.003097964047,1,5426.76063121779,0,1,0,196.003097964047,0
"13118011004",5.39161858647798,380.47973317491,0,5201.79277886598,0,0,0,380.47973317491,0
"13118051004",5.27922002311166,320.550647650345,1,5694.07311018348,0,1,0,320.550647650345,0
"13118061004",5.81662565420686,352.759824370302,1,6178.93878029828,0,1,0,352.759824370302,0
"13118041002",6.19948326067338,287.281368163992,1,6421.56260147744,0,1,0,287.281368163992,0
"13118021001",8.21212003595148,274.005281466084,1,6247.43374373397,0,1,0,274.005281466084,0
"13118021004",7.39196176888789,360.251668353013,1,6815.58687749549,0,1,0,360.251668353013,0
"13118041001",5.39688726913578,72.3020794083486,1,6848.16682014736,0,1,0,72.3020794083486,0
"13120011005",9.92868145642735,251.577771466524,1,1749.26917121731,0,1,0,251.577771466524,0
"13118021007",8.8601680028604,305.702949688007,1,7275.55282473291,0,1,0,305.702949688007,0
"13118021002",9.34664303493023,86.9282727511272,1,6727.83912482937,0,1,0,86.9282727511272,0
"13118041005",6.02210427786091,203.127977214968,1,6861.24940011641,0,1,0,203.127977214968,0
"13118041003",6.94587997052782,205.562318723869,1,6919.9191956918,0,1,0,205.562318723869,0
"13118021005",5.03159193819525,328.283784104605,1,7351.73216812472,0,1,0,328.283784104605,0
"13120011004",8.19920322078839,74.8757807462346,1,1824.28052476431,0,1,0,74.8757807462346,0
"13118031004",5.45133032326634,138.611135199324,1,8211.58245114817,0,1,0,138.611135199324,0
"13118031001",8.33505596463339,152.682399476808,1,7570.4031242621,0,1,0,152.682399476808,0
"13118021003",4.72425211649048,177.097281591583,1,8023.55942908608,0,1,0,177.097281591583,0
"13118021006",4.43447457031169,245.832472539795,1,7868.28301882246,0,1,0,245.832472539795,0
"13118031005",6.65434619679644,402.724594203156,0,8253.14587184596,0,0,0,402.724594203156,0
"13118031003",5.92375553491538,352.265937906703,1,8247.09145366045,0,1,0,352.265937906703,0
"13120011003",10.7406925792578,177.639974018493,1,2400.38284937578,0,1,0,177.639974018493,0
"13118031002",7.95746704082467,89.3787911050946,1,8256.52108352645,0,1,0,89.3787911050946,0
"13120011001",6.03471902649023,96.5558982301116,1,1969.19502372271,0,1,0,96.5558982301116,0
"13118061002",6.37861847103845,524.599055971743,0,4902.1507471615,0,0,0,524.599055971743,0
"13120021002",11.4261565141147,171.077952546618,1,2150.38270997928,0,1,0,171.077952546618,0
"13118031006",4.88055636867176,112.97236621195,1,7553.81485872888,0,1,0,112.97236621195,0
"13120021004",8.19129402154004,244.230141595305,1,1531.45329188687,0,1,0,244.230141595305,0
"13120021003",11.8427076745278,39.6403443753519,1,1682.11141205213,0,1,0,39.6403443753519,0
"13120031001",8.33629600775977,264.416352067014,1,3061.77043847591,0,1,0,264.416352067014,0
"13120011002",10.1896850316229,191.592018995292,1,2476.01698619446,0,1,0,191.592018995292,0
"13120111003",6.56463537612961,90.5627465091777,1,2860.42657630453,0,1,0,90.5627465091777,0
"13120031002",9.52267589501211,155.859416862903,1,2628.52857537945,0,1,0,155.859416862903,0
"13120101002",9.07976073710457,126.070743464266,1,3491.64801653008,0,1,0,126.070743464266,0
"13120111001",11.099242945183,60.5393805295241,1,3546.81570202495,0,1,0,60.5393805295241,0
"13120041001",15.0406605706102,147.776248779398,1,3360.45846928722,0,1,0,147.776248779398,0
"13120101003",9.20630792507815,68.2658522891644,1,3393.37631365927,0,1,0,68.2658522891644,0
"13120101005",9.04285114061227,4.32713936641534,1,3143.60401371414,0,1,0,4.32713936641534,0
"13120101006",9.55167629225605,124.159762020594,1,2932.05425455407,0,1,0,124.159762020594,0
"13120041004",7.77737926087644,252.418298689595,1,3171.52881592391,0,1,0,252.418298689595,0
"13120051002",12.8550851783165,197.723016741882,1,3354.59012024008,0,1,0,197.723016741882,0
"13120051004",6.58309017437576,58.8496680838227,1,2871.08186355587,0,1,0,58.8496680838227,0
"13120051001",6.50136178214282,171.542483469961,1,3018.39187784803,0,1,0,171.542483469961,0
"13120071003",11.1440617409236,312.914407659838,1,3246.15817016442,0,1,0,312.914407659838,0
"13120101008",9.30649111555724,251.652217809604,1,3966.05764621094,0,1,0,251.652217809604,0
"13120071004",7.98301844133352,130.51393968986,1,3550.4360886148,0,1,0,130.51393968986,0
"13120101007",8.60520878220363,321.416204313781,1,3517.26034737245,0,1,0,321.416204313781,0
"13120041003",8.02783723707416,180.129182581308,1,3733.76022035495,0,1,0,180.129182581308,0
"13120041002",10.0605014438998,170.620856618751,1,3627.20804399808,0,1,0,170.620856618751,0
"13120051003",9.6017678874956,142.564590787448,1,3424.33970188724,0,1,0,142.564590787448,0
"13120091002",10.4375066080711,336.234175489491,1,4294.97872615321,0,1,0,336.234175489491,0
"13120091003",9.5754038900011,507.304774533604,0,4118.89865535846,0,0,0,507.304774533604,0
"13120071006",10.2766862233547,339.819729866573,1,4343.24503280162,0,1,0,339.819729866573,0
"13120081003",4.72442835101376,310.839938538758,1,4112.09247117279,0,1,0,310.839938538758,0
"13120071005",8.47866159423005,210.972487279743,1,3858.92608292782,0,1,0,210.972487279743,0
"13120041005",11.4314293136136,342.363774871921,1,4112.99694287924,0,1,0,342.363774871921,0
"13120061001",10.1501390353811,312.689723580792,1,4228.49099335992,0,1,0,312.689723580792,0
"13120061002",8.50238919197509,326.634408549736,1,4122.46193175492,0,1,0,326.634408549736,0
"13120061005",10.2503222258602,328.138152154648,1,4340.91552219269,0,1,0,328.138152154648,0
"13120021006",9.54113069325826,156.606473805537,1,1620.32460303387,0,1,0,156.606473805537,0
"13120061003",8.18338482229169,65.7309011646896,1,4312.14622680566,0,1,0,65.7309011646896,0
"13120081001",7.80637965812039,530.408400445754,0,4451.79723941495,0,0,0,530.408400445754,0
"13120081002",7.88547165060388,232.483560798337,1,4758.06164554314,0,1,0,232.483560798337,0
"13120061004",7.95401804408957,282.47531391735,1,4597.84663447562,0,1,0,282.47531391735,0
"13120081004",7.15255252025688,318.441891856956,1,4908.71123877711,0,1,0,318.441891856956,0
"13120071007",6.03471902649023,203.912376633346,1,4607.5009370823,0,1,0,203.912376633346,0
"13120011006",11.5421581030905,123.080028802362,1,2357.52005349315,0,1,0,123.080028802362,0
"13120011009",9.24585392131989,187.924753128046,1,2299.11756194881,0,1,0,187.924753128046,0
"13120091001",13.3428191319646,173.918936860024,1,4505.85114191812,0,1,0,173.918936860024,0
"13120031003",7.26855410923266,170.861086526733,1,2916.91545686555,0,1,0,170.861086526733,0
"13120111007",7.91183564809838,119.754551081744,1,2153.79178999126,0,1,0,119.754551081744,0
"13120071001",5.92399023701335,96.4747028921426,1,3035.8812500072,0,1,0,96.4747028921426,0
"13120101001",7.04446013052944,13.4045178849553,1,3876.24254285999,0,1,0,13.4045178849553,0
"13120101004",8.93475875088484,110.902611537505,1,3019.20809183374,0,1,0,110.902611537505,0
"13120111004",9.34603711179898,145.225313749035,1,2691.13812645693,0,1,0,145.225313749035,0
"13123011008",6.24010956301003,46.3282344583206,1,2159.58525061733,0,1,0,46.3282344583206,0
"13123041009",12.5478829646551,57.2687180607244,1,289.737168676194,1,1,0,57.2687180607244,0
"13129061003",7.46168496206113,480.417388526956,0,8776.87524545831,0,0,0,480.417388526956,0
"13123041006",10.1646122038428,318.994307543069,1,559.952553305936,0,1,0,318.994307543069,0
"13129031004",7.16994381773943,570.984207628959,0,8520.4864366858,0,0,0,570.984207628959,0
"13123011007",6.22131405227807,67.4591035665026,1,2386.17452983789,0,1,0,67.4591035665026,0
"13101181002",6.70446329849599,226.573769774478,1,5991.91756426702,0,1,0,226.573769774478,0
"13129021001",4.71445585303183,204.696659816947,1,6915.99416395953,0,1,0,204.696659816947,0
"13101111014",3.12764864220478,126.403474256503,1,4186.94053977463,0,1,0,126.403474256503,0
"13101111006",2.76930663831965,66.5463511793306,1,4749.7040799936,0,1,0,66.5463511793306,0
"13101271001",6.6004285231745,86.3810477079318,1,7006.80555536311,0,1,0,86.3810477079318,0
"13128101002",2.38346970111104,506.068307517213,0,12223.7581048894,0,0,0,506.068307517213,0
"13123041001",13.3711263347149,97.1159441740745,1,926.745439518269,0,1,0,97.1159441740745,0
"13123021006",10.6833683000449,195.677496110538,1,1530.40836311052,0,1,0,195.677496110538,0
"13128091002",3.17421361395285,490.012234375932,0,13846.9033245528,0,0,0,490.012234375932,0
"13128021005",0.166526172859451,585.566271558266,0,9747.39055981294,0,0,0,585.566271558266,0
"13128021001",2.89939434708664,1492.61196625326,0,10840.9865164022,0,0,0,1492.61196625326,0
"13128071005",4.21117107071568,796.175964002021,0,14328.4525382498,0,0,0,796.175964002021,0
"13128071002",2.81868534306273,322.529886861309,1,14585.371272526,0,1,0,322.529886861309,0
"13128021002",2.92902170299415,1223.47800331011,0,10036.1141597755,0,0,0,1223.47800331011,0
"13128021006",4.9436819047048,768.095122823756,0,10244.1226080644,0,0,0,768.095122823756,0
"13128081002",2.95762742593933,775.76660534901,0,11656.989894116,0,0,0,775.76660534901,0
"13125041012",5.70689596385416,42.5998173512574,1,14928.0734651826,0,1,0,42.5998173512574,0
"13128081001",2.94434619742906,604.110298628425,0,12856.1459131137,0,0,0,604.110298628425,0
"13128061005",2.58166649580265,355.171154153137,1,11957.8369965696,0,1,0,355.171154153137,0
"13128071006",5.221566070458,279.614391629783,1,13793.9090408578,0,1,0,279.614391629783,0
"13128021004",4.33274539323271,692.248658513579,0,10317.2891729812,0,0,0,692.248658513579,0
"13128101001",2.56327710248075,259.435039519114,1,12435.3482492357,0,1,0,259.435039519114,0
"13128011001",3.8495130020516,260.121745990302,1,10576.968753844,0,1,0,260.121745990302,0
"13128011003",3.73509011027087,264.319827185057,1,11069.3461283231,0,1,0,264.319827185057,0
"13128021003",2.92697843706949,965.984761554712,0,9754.76037157587,0,0,0,965.984761554712,0
"13128091004",3.87096729426049,612.23545706296,0,13463.1357858916,0,0,0,612.23545706296,0
"13128081003",2.31195539374808,337.817444733239,1,11518.6661276939,0,1,0,337.817444733239,0
"13128071008",2.86261556044283,292.625752121708,1,14287.5559626385,0,1,0,292.625752121708,0
"13125021011",4.55483719968898,805.091200762452,0,16199.349344737,0,0,0,805.091200762452,0
"13128071003",3.96495752679466,266.502927279496,1,14090.7360723825,0,1,0,266.502927279496,0
"13128031002",3.77697706172632,401.028098161197,0,9327.7887643778,0,0,0,401.028098161197,0
"13128051001",3.90263791609265,389.027008032501,0,9383.77594768006,0,0,0,389.027008032501,0
"13128071001",4.99987171763284,460.978460573171,0,13127.7208731341,0,0,0,460.978460573171,0
"13128061002",5.72931765273497,169.672012754178,1,11822.9619369408,0,1,0,169.672012754178,0
"13128091003",3.76573909914071,378.253275947494,0,13169.3575442258,0,0,0,378.253275947494,0
"13128041001",1.21063506035858,470.854951039671,0,8564.50027375417,0,0,0,470.854951039671,0
"13128031001",1.51814658201929,187.763630383417,1,9805.60988928406,0,1,0,187.763630383417,0
"13125021016",5.13687384068089,118.65023937544,1,15175.7738671529,0,1,0,118.65023937544,0
"13128061003",2.94434619742906,149.760585843151,1,11928.3589123597,0,1,0,149.760585843151,0
"13128011002",3.35095611643558,374.549466037607,1,10525.1405902353,0,1,0,374.549466037607,0
"13128091001",3.6554027392093,362.485583964894,1,13890.5594613943,0,1,0,362.485583964894,0
"13125041005",8.26465331280026,190.334882600349,1,15382.5058354802,0,1,0,190.334882600349,0
"13128061004",2.57860159691567,454.027375043363,0,11483.245231479,0,0,0,454.027375043363,0
"13125021002",5.64682337476096,546.063099010387,0,15683.0145760052,0,0,0,546.063099010387,0
"13128101003",4.01501754194872,249.724350094229,1,12879.058736812,0,1,0,249.724350094229,0
"13128101004",1.66934826044382,308.89662296004,1,12616.5852150579,0,1,0,308.89662296004,0
"13125021001",6.90167301359673,480.807217021975,0,16169.5156863265,0,0,0,480.807217021975,0
"13128051002",3.84236157131531,416.637962995053,0,8818.34001730492,0,0,0,416.637962995053,0
"13128041002",3.41736225898689,219.166099038549,1,8190.67575048297,0,1,0,219.166099038549,0
"13125021005",5.39451850056951,323.474798564543,1,15435.8197937397,0,1,0,323.474798564543,0
"13128041003",1.4527620724303,579.417184772962,0,7737.45193771558,0,0,0,579.417184772962,0
"13125041004",6.49184446133866,160.268792863198,1,15775.3789228347,0,1,0,160.268792863198,0
"13128071004",6.59361913886439,674.723551786456,0,14684.269699274,0,0,0,674.723551786456,0
"13128071009",1.43130778022142,1804.66507388536,0,16324.0105837532,0,0,0,1804.66507388536,0
"13128071010",7.00942375453186,855.551157140663,0,15652.2831758766,0,0,0,855.551157140663,0
"13128081004",5.75485847679317,432.262213225882,0,12474.0880709131,0,0,0,432.262213225882,0
"13125031001",0.883734532882212,1004.89193459103,0,14160.4346378476,0,0,0,1004.89193459103,0
"13125041013",6.93771656705265,669.323490829753,0,15192.4042869088,0,0,0,669.323490829753,0
"13125021014",7.70397581459704,459.75180337744,0,16754.1907243555,0,0,0,459.75180337744,0
"13123041005",13.3673672325685,181.087043852257,1,1457.3544057094,0,1,0,181.087043852257,0
"13125041014",5.62946907124515,161.531755271049,1,14321.5423243663,0,1,0,161.531755271049,0
"13125041011",6.61732942522224,253.756609831394,1,15281.0422371227,0,1,0,253.756609831394,0
"13125021009",8.44487108007987,370.121798652175,1,16881.7589761244,0,1,0,370.121798652175,0
"13125021004",8.61707916881371,386.109929659316,0,16178.9597682112,0,0,0,386.109929659316,0
"13101031003",8.18241764631715,121.220146168823,1,5791.26048375722,0,1,0,121.220146168823,0
"13125041006",6.33565572969634,250.548647202547,1,14538.8654287558,0,1,0,250.548647202547,0
"13125041007",7.07388110233057,132.961564689877,1,13970.582442946,0,1,0,132.961564689877,0
"13125021007",7.15664778063676,180.025700980089,1,15805.1382181344,0,1,0,180.025700980089,0
"13125021010",7.08990045942209,125.116449897024,1,15733.490803506,0,1,0,125.116449897024,0
"13125041003",9.1029996672565,558.179296725778,0,13102.4099027126,0,0,0,558.179296725778,0
"13125041010",7.66392742186824,232.003010979983,1,13786.5439824459,0,1,0,232.003010979983,0
"13125021020",6.22085033720711,230.217753982973,1,16357.2641936627,0,1,0,230.217753982973,0
"13125021015",5.11818459074078,114.206142018747,1,15539.0521783871,0,1,0,114.206142018747,0
"13125021017",5.6988862853084,984.404554116996,0,16828.9934801141,0,0,0,984.404554116996,0
"13125041008",3.91940270172534,159.860798885546,1,14726.5659602725,0,1,0,159.860798885546,0
"13125041002",5.5987653034864,83.1460521046902,1,13911.4685926077,0,1,0,83.1460521046902,0
"13125021019",5.78298791003888,936.089655571694,0,16505.6044994407,0,0,0,936.089655571694,0
"13125021012",7.08322572730063,226.834005850843,1,15120.8986814192,0,1,0,226.834005850843,0
"13125011002",7.25409886961018,481.103113829937,0,13482.6464634665,0,0,0,481.103113829937,0
"13125021018",6.21951539078282,990.433204892677,0,17711.7251114043,0,0,0,990.433204892677,0
"13125041001",5.17692223340969,82.7856683624897,1,14641.7639789806,0,1,0,82.7856683624897,0
"13125021006",4.90592810927814,1537.0665176996,0,17402.1154199197,0,0,0,1537.0665176996,0
"13125011001",5.45058625038983,80.2037209929256,1,14076.0018535949,0,1,0,80.2037209929256,0
"13125011005",6.65470792510245,412.418333060812,0,12671.0759236516,0,0,0,412.418333060812,0
"13125011008",5.84840028482926,1203.73551955419,0,13210.7744472076,0,0,0,1203.73551955419,0
"13125011004",5.84306049913209,462.862304202695,0,13248.7461254073,0,0,0,462.862304202695,0
"13125021003",6.27825303345172,300.317958972115,1,15470.4944768316,0,1,0,300.317958972115,0
"13125021021",5.5373577679689,186.878653488815,1,16168.6616235968,0,1,0,186.878653488815,0
"13125021008",6.29961217624042,498.381775174596,0,16554.5294574266,0,0,0,498.381775174596,0
"13125021013",5.1755872869854,180.287753425398,1,16589.6275891989,0,1,0,180.287753425398,0
"13125041009",6.63601867516235,425.653868278958,0,13452.0429296902,0,0,0,425.653868278958,0
"13125041015",5.54403250009037,284.100100319281,1,14420.407254572,0,1,0,284.100100319281,0
"13101031007",4.90945058779029,115.149992090744,1,5899.61452818244,0,1,0,115.149992090744,0
"13129021002",9.28911907440952,477.288519199271,0,6776.37825985951,0,0,0,477.288519199271,0
"13129011003",9.2080798676535,488.919713962677,0,5503.7209051672,0,0,0,488.919713962677,0
"13129071003",10.9281370310502,531.384020950289,0,7418.81396255487,0,0,0,531.384020950289,0
"13129011002",6.01513512146606,86.0204304239914,1,5905.87280805241,0,1,0,86.0204304239914,0
"13129011005",4.52198773698627,521.767357194827,0,6604.16756273512,0,0,0,521.767357194827,0
"13129011004",5.98069345859475,347.314914642843,1,6368.40674520842,0,1,0,347.314914642843,0
"13129071001",10.2271478926105,868.589813087252,0,7141.58423996021,0,0,0,868.589813087252,0
"13129071005",4.609104884249,414.017078680578,0,7696.65476561242,0,0,0,414.017078680578,0
"13129021004",9.30937887609853,459.765285994206,0,7277.66112188507,0,0,0,459.765285994206,0
"13129021003",4.49767597495946,206.656956666536,1,7238.41041777496,0,1,0,206.656956666536,0
"13129061001",10.0042900740315,356.900588266066,1,8200.14380391087,0,1,0,356.900588266066,0
"13129031002",9.14730046258648,337.642893556495,1,7815.17210057959,0,1,0,337.642893556495,0
"13129031001",4.41663676820344,606.190677698127,0,8026.88927035196,0,0,0,606.190677698127,0
"13129061002",9.17363820478218,116.001086955597,1,8658.40353795191,0,1,0,116.001086955597,0
"13129031003",8.33893437519511,362.167500899704,1,8376.25871990578,0,1,0,362.167500899704,0
"13129051001",7.47991878358124,266.272172995052,1,9455.80496354649,0,1,0,266.272172995052,0
"13129051002",7.60958151439088,220.129675577338,1,9285.79626387418,0,1,0,220.129675577338,0
"13129041001",1.81730421150389,313.351075880015,1,8994.76052931656,0,1,0,313.351075880015,0
"13129051004",4.97580729482002,253.459861289693,1,9816.64041070564,0,1,0,253.459861289693,0
"13129041002",9.09259899802616,337.185734841024,1,9236.72831944129,0,1,0,337.185734841024,0
"13123041011",7.80389605590893,209.855574258801,1,1068.93915482358,0,1,0,209.855574258801,0
"13129041003",5.01835287836693,328.34163287022,1,9028.42202387089,0,1,0,328.34163287022,0
"13123031003",11.078074025416,34.4426748351845,1,1205.12756425661,0,1,0,34.4426748351845,0
"13129051003",9.08246909718166,383.013606410777,0,9999.48703644852,0,0,0,383.013606410777,0
"13130021001",7.22376970870964,220.332493705499,1,8558.75905631261,0,1,0,220.332493705499,0
"13129011001",4.84817054417928,240.892459544751,1,6361.2077038754,0,1,0,240.892459544751,0
"13123031008",7.83772797522645,215.588839961253,1,933.220398942277,0,1,0,215.588839961253,0
"13130061003",9.41968677955863,174.014563015483,1,8140.48840633756,0,1,0,174.014563015483,0
"13130011002",12.8467956182087,489.269981364721,0,8028.46037191117,0,0,0,489.269981364721,0
"13130021003",10.942630151104,634.195879807914,0,8662.62065517258,0,0,0,634.195879807914,0
"13101281001",2.0113389895488,54.0997459008484,1,6394.02972901472,0,1,0,54.0997459008484,0
"13130051002",8.42384130544465,180.21242513932,1,9394.65687345293,0,1,0,180.21242513932,0
"13130031002",10.5186178203289,313.042063154096,1,9624.67593693217,0,1,0,313.042063154096,0
"13130041002",9.64530801978758,82.1581230657802,1,10679.8747072347,0,1,0,82.1581230657802,0
"13130021002",10.8648297234389,526.194139221047,0,9144.28304642315,0,0,0,526.194139221047,0
"13130041001",9.24658082800366,131.639084469909,1,10065.2579032122,0,1,0,131.639084469909,0
"13130031003",5.91672252393503,316.227139040583,1,9753.20760924623,0,1,0,316.227139040583,0
"13130071004",5.62886094157396,248.037424241771,1,10737.7903420664,0,1,0,248.037424241771,0
"13130071002",10.9620802580203,350.585559394675,1,10195.0221098076,0,1,0,350.585559394675,0
"13130041003",11.0787808995181,518.185380354809,0,10816.7055737314,0,0,0,518.185380354809,0
"13130041004",8.60278228907451,400.379592378321,0,10222.9094081051,0,0,0,400.379592378321,0
"13130031001",7.0662238426877,184.239402719135,1,9898.15027609492,0,1,0,184.239402719135,0
"13101101006",2.14014394947064,24.9626952656195,1,3877.67659628614,0,1,0,24.9626952656195,0
"13130051004",11.8587301868612,513.164970984105,0,9201.5862294252,0,0,0,513.164970984105,0
"13130051003",8.75643813371319,679.033654582566,0,9724.81948805453,0,0,0,679.033654582566,0
"13130061004",5.93228260946806,132.442226524935,1,7634.91194258634,0,1,0,132.442226524935,0
"13130061002",8.61834237460754,392.164312302262,0,8296.76641345022,0,0,0,392.164312302262,0
"13111051002",1.90090920108799,601.603785228321,0,9388.72724191184,0,0,0,601.603785228321,0
"13130061001",7.8947983973216,149.247104741879,1,7412.74655456559,0,1,0,149.247104741879,0
"13130071001",6.17346393523004,262.375934992581,1,10223.7836151754,0,1,0,262.375934992581,0
"13130071003",5.3623944768208,166.082322005289,1,10424.6905812422,0,1,0,166.082322005289,0
"13111041003",2.61389746312038,315.735612998122,1,10297.7632529307,0,1,0,315.735612998122,0
"13130011001",9.56167256004754,200.646403135537,1,7222.6760392477,0,1,0,200.646403135537,0
"13130051001",7.1809794734938,242.61849493981,1,8801.6634044874,0,1,0,242.61849493981,0
"13111011002",5.28907656198569,686.532558309883,0,12217.1806567082,0,0,0,686.532558309883,0
"13111021002",4.40874229464984,421.433358226865,0,12494.6992345053,0,0,0,421.433358226865,0
"13111011001",6.00324331701317,125.219547638283,1,12887.2648987447,0,1,0,125.219547638283,0
"13111051005",3.81596031811713,220.362539096756,1,9889.4021980476,0,1,0,220.362539096756,0
"13111051004",5.33385929579929,589.764308573852,0,10064.7960465332,0,0,0,589.764308573852,0
"13111051001",3.45062748963772,320.879140474657,1,10233.7455693598,0,1,0,320.879140474657,0
"13111031002",3.96680742148927,768.9274103859,0,10589.4309708676,0,0,0,768.9274103859,0
"13111041001",3.85602907995035,112.524604951252,1,10487.2590033884,0,1,0,112.524604951252,0
"13111051003",3.99744823936173,660.569819301986,0,10253.5220687291,0,0,0,660.569819301986,0
"13111041002",5.06162741393238,398.969952717,0,10724.0808861074,0,0,0,398.969952717,0
"13101071002",5.79787454212301,263.555250132286,1,7536.61130243585,0,1,0,263.555250132286,0
"13111031001",4.26732313523845,621.229344219257,0,11233.7176975876,0,0,0,621.229344219257,0
"13111071003",6.75276486189349,202.044684556676,1,13689.0757476992,0,1,0,202.044684556676,0
"13111031003",5.82411238175875,667.306941511677,0,11012.5189407133,0,0,0,667.306941511677,0
"13111061001",6.95782264304,667.377324664774,0,11466.9820057969,0,0,0,667.377324664774,0
"13101091003",5.30081950447589,162.661835766988,1,6535.11028096497,0,1,0,162.661835766988,0
"13111021004",3.34456312007918,499.747358778025,0,11916.7657999114,0,0,0,499.747358778025,0
"13111021003",4.96381249533951,578.586945993005,0,11966.6163193478,0,0,0,578.586945993005,0
"13101021008",2.54472363127643,106.2748274086,1,5190.16319239725,0,1,0,106.2748274086,0
"13111021001",5.59430624771525,275.707192357176,1,12070.5631236199,0,1,0,275.707192357176,0
"13111061002",4.61262158280124,944.673230861823,0,11930.2514518847,0,0,0,944.673230861823,0
"13111061003",3.55315638021097,851.495967030275,0,12064.4829994211,0,0,0,851.495967030275,0
"13111011003",4.82121484293303,337.672937080817,1,12669.7492406714,0,1,0,337.672937080817,0
"13111071005",4.50184324126233,293.626269380095,1,13162.3918826165,0,1,0,293.626269380095,0
"13111071002",3.50012419543171,186.708366066799,1,13684.6724985832,0,1,0,186.708366066799,0
"13111081002",4.77407512312924,322.401661968267,1,13856.5285197136,0,1,0,322.401661968267,0
"13111071001",5.12998000764788,184.019014996249,1,13805.6345080651,0,1,0,184.019014996249,0
"13111081004",3.23496327153536,292.205287224079,1,13491.2160533248,0,1,0,292.205287224079,0
"13111071004",6.38036107544352,182.871839685203,1,13200.6908749841,0,1,0,182.871839685203,0
"13111081001",4.20368451350333,249.136064324067,1,13359.8198950716,0,1,0,249.136064324067,0
"13101061003",4.72945391302771,33.7854541761266,1,7131.62651499384,0,1,0,33.7854541761266,0
"13111081003",4.95792003036403,264.918097963997,1,14231.5165110351,0,1,0,264.918097963997,0
"13131011001",3.08153278142119,224.682583364475,1,10662.1748783689,0,1,0,224.682583364475,0
"13101101005",2.98067888024268,98.709359743684,1,3848.03081301509,0,1,0,98.709359743684,0
"13131031003",4.57338595337907,382.54174783571,0,12751.0148264238,0,0,0,382.54174783571,0
"13131011002",5.41578027634254,506.449167476815,0,11009.6780341297,0,0,0,506.449167476815,0
"13131011004",5.06387684142716,275.663599376421,1,11273.6147816853,0,1,0,275.663599376421,0
"13131021001",1.27446108861247,307.585294586961,1,11769.4348539584,0,1,0,307.585294586961,0
"13131011003",4.97420260704717,221.525150877582,1,11547.3882756234,0,1,0,221.525150877582,0
"13131061002",4.63045137525724,503.232639786628,0,12041.5701536373,0,0,0,503.232639786628,0
"13123031002",6.98441178799556,51.7159995793506,1,1333.06905182729,0,1,0,51.7159995793506,0
"13131021002",4.92121328673173,170.855625625516,1,12033.1268666604,0,1,0,170.855625625516,0
"13131061001",5.19974689351804,211.453184325067,1,12649.1483304887,0,1,0,211.453184325067,0
"13131031001",3.15490260955027,558.366850868022,0,12618.8203210942,0,0,0,558.366850868022,0
"13131031002",6.28263120868236,322.975623133874,1,12401.8509411426,0,1,0,322.975623133874,0
"13123071001",11.2773064391748,179.764849745479,1,3102.5751937291,0,1,0,179.764849745479,0
"13131051001",5.55708513051705,136.983574404952,1,13264.9020898342,0,1,0,136.983574404952,0
"13131071001",5.54757422687069,365.475110392941,1,13115.9954120773,0,1,0,365.475110392941,0
"13131071002",4.31115675284367,504.063441494029,0,13173.3987042041,0,0,0,504.063441494029,0
"13131051002",6.63453464359775,392.754464359953,0,13728.86489542,0,0,0,392.754464359953,0
"13131071003",5.47963920082525,295.514559399807,1,13624.9938395685,0,1,0,295.514559399807,0
"13123031001",6.88291603004299,35.263041081195,1,1445.8391802917,0,1,0,35.263041081195,0
"13131051004",6.41442515921052,228.294806439058,1,14300.8560453213,0,1,0,228.294806439058,0
"13131071004",3.95653591688647,659.612332104572,0,13793.8927083868,0,0,0,659.612332104572,0
"13131051003",6.4579035758796,633.009366019809,0,14254.7961131371,0,0,0,633.009366019809,0
"13131041001",6.72420887797773,604.59184675957,0,13965.6331187087,0,0,0,604.59184675957,0
"13131041002",6.86279633111043,448.275089214829,0,14311.6603991019,0,0,0,448.275089214829,0
"13131041003",5.71333569042157,366.740861799477,1,14269.2487069481,0,1,0,366.740861799477,0
"13123071002",12.0704769920634,219.155536082592,1,2401.67162692585,0,1,0,219.155536082592,0
"13123081004",7.22499432536462,36.1977353664654,1,2267.4939359508,0,1,0,36.1977353664654,0
"13123021002",8.75118979679961,61.7244466685291,1,1492.7260285,0,1,0,61.7244466685291,0
"13123031009",11.8110989439624,85.3511762061071,1,1127.62796242323,0,1,0,85.3511762061071,0
"13123081002",8.18732447484087,29.0935042565251,1,1742.14161138091,0,1,0,29.0935042565251,0
"13123031011",10.7623094451191,101.270882019295,1,691.455851279648,0,1,0,101.270882019295,0
"13123031006",6.05967265998323,84.510972513254,1,1285.14025135377,0,1,0,84.510972513254,0
"13123081001",5.56723027880594,34.4265077140062,1,2065.0991940385,0,1,0,34.4265077140062,0
"13123031010",11.5855528151789,223.780523534911,1,735.013650797811,0,1,0,223.780523534911,0
"13123031007",10.2736261660882,50.4404169330147,1,730.298581677444,0,1,0,50.4404169330147,0
"13123031004",12.777188195585,245.685861267268,1,437.778188912231,0,1,0,245.685861267268,0
"13123081003",6.1198182943255,73.1989463085114,1,2350.04771032195,0,1,0,73.1989463085114,0
"13123021005",9.10078629641403,91.4018410164132,1,1997.31630298761,0,1,0,91.4018410164132,0
"13123041002",12.6193059054365,84.6749356714973,1,352.464507422062,1,1,0,84.6749356714973,0
"13123041010",9.01432694704702,164.481157138456,1,717.769167760754,0,1,0,164.481157138456,0
"13123031005",9.92402966647378,252.314532877936,1,1152.08469515102,0,1,0,252.314532877936,0
"13101081004",4.61385971822606,339.073769507293,1,7086.09636430356,0,1,0,339.073769507293,0
"13123021001",13.4914176033994,195.107216810791,1,1684.00005868347,0,1,0,195.107216810791,0
"13123041008",13.2019667381272,223.539930511689,1,0,1,1,0,0,223.539930511689
"13123011001",8.05199679757077,124.451073040053,1,2731.32971508816,0,1,0,124.451073040053,0
"13123011006",10.1007074673542,60.2427124623605,1,2262.92139531922,0,1,0,60.2427124623605,0
"13123041003",16.4084808689993,65.5748373942917,1,598.702320605401,0,1,0,65.5748373942917,0
"13123021003",13.2470759638839,302.651133432674,1,1548.29841995362,0,1,0,302.651133432674,0
"13123051002",15.205568182154,184.316694955112,1,1082.58316101585,0,1,0,184.316694955112,0
"13123041004",13.7545547536468,142.627135467781,1,722.668713458536,0,1,0,142.627135467781,0
"13123011004",11.9689812341108,61.9251125600899,1,2187.0459888802,0,1,0,61.9251125600899,0
"13123051001",16.9234778630549,6.54110084620805,1,1304.13287531416,0,1,0,6.54110084620805,0
"13123021007",17.2129287283271,248.527770970633,1,1819.93908236691,0,1,0,248.527770970633,0
"13123061001",10.2059623274532,91.8229964215671,1,3447.10825486067,0,1,0,91.8229964215671,0
"13123041007",11.3336929713706,197.83393702043,1,929.168024562896,0,1,0,197.83393702043,0
"13123041012",11.1006286382943,149.501564179208,1,1292.04218992144,0,1,0,149.501564179208,0
"13123011002",9.97665709652326,167.343366882518,1,2679.23211607411,0,1,0,167.343366882518,0
"13123011005",8.33392945855014,91.8793400939661,1,3001.61667194423,0,1,0,91.8793400939661,0
"13123021004",14.0214510060406,19.8959002556245,1,1697.49414416212,0,1,0,19.8959002556245,0
"13123011003",9.16845013504907,11.611854878135,1,2447.36506753698,0,1,0,11.611854878135,0
"13123061003",8.20987908771922,28.4125050230654,1,3403.26937325229,0,1,0,28.4125050230654,0
"13123071003",3.50348320043696,74.6712547589056,1,2813.6849384203,0,1,0,74.6712547589056,0
"13123061002",12.4727009217273,73.5303144065111,1,3624.26467541278,0,1,0,73.5303144065111,0
"13101091001",5.60301575660022,398.521752289016,0,6367.43104462894,0,0,0,398.521752289016,0
"13101071001",8.27159031087843,691.301424813747,0,7631.03497413937,0,0,0,691.301424813747,0
"13101081001",6.13640039832786,601.791216413914,0,7335.29751093802,0,0,0,601.791216413914,0
"13101021001",5.69383976680152,139.356949865512,1,5493.23507087099,0,1,0,139.356949865512,0
"13101091002",5.48411887051852,45.735038080041,1,6150.3184278417,0,1,0,45.735038080041,0
"13101081002",8.65965653628398,105.66427803962,1,6999.89418768878,0,1,0,105.66427803962,0
"13101011003",3.64782251881223,5.74919178394059,1,4027.40924274231,0,1,0,5.74919178394059,0
"13101021003",4.57092473158544,79.820017651186,1,5451.75636948321,0,1,0,79.820017651186,0
"13101071003",5.56173211559963,69.1154104069322,1,7382.05087157122,0,1,0,69.1154104069322,0
"13101011004",3.00710041048305,68.8817005391596,1,4554.77107983175,0,1,0,68.8817005391596,0
"13101061002",7.83893775319223,54.249110234097,1,7588.54462003847,0,1,0,54.249110234097,0
"13101291001",1.59189719698279,197.644322786298,1,8342.60168904653,0,1,0,197.644322786298,0
"13101021005",3.72873845517339,31.5799296569288,1,5216.51301569721,0,1,0,31.5799296569288,0
"13101031004",6.44520203301228,20.1394695427584,1,5800.91484927071,0,1,0,20.1394695427584,0
"13101101002",3.00544906484303,111.712123420394,1,3836.87639073475,0,1,0,111.712123420394,0
"13101021002",4.71624314790752,56.1372677252345,1,5585.64293199942,0,1,0,56.1372677252345,0
"13101041004",4.67000546998686,173.240962430122,1,6056.70227407427,0,1,0,173.240962430122,0
"13101041003",4.50652225162452,21.262255113142,1,6293.33457127117,0,1,0,21.262255113142,0
"13101041001",4.60725433566596,23.6272295862923,1,6589.03502290663,0,1,0,23.6272295862923,0
"13101111003",3.74690325721365,78.3970756427576,1,4736.40773924836,0,1,0,78.3970756427576,0
"13101101003",4.57092473158544,75.1447376889262,1,3862.12828768222,0,1,0,75.1447376889262,0
"13101041005",4.21093138206029,52.0974683799126,1,6318.67219031024,0,1,0,52.0974683799126,0
"13101041002",4.40579016758308,51.2075643257375,1,6655.5857061779,0,1,0,51.2075643257375,0
"13101121001",3.83112188485485,39.9937865034817,1,5058.36867004559,0,1,0,39.9937865034817,0
"13101051001",5.17696858147412,141.902113549587,1,7087.84813120664,0,1,0,141.902113549587,0
"13101111015",4.53624647314495,66.9968956186918,1,4186.42844791452,0,1,0,66.9968956186918,0
"13101051002",7.3055531114646,179.111189447557,1,7619.29488802604,0,1,0,179.111189447557,0
"13101131002",2.90471698080159,94.572535113715,1,5658.23027835528,0,1,0,94.572535113715,0
"13101131009",5.99603601892585,98.0159407575172,1,5800.7809307124,0,1,0,98.0159407575172,0
"13101111017",2.96911946076251,136.809834387764,1,4150.43283236403,0,1,0,136.809834387764,0
"13101121009",7.333625987345,98.1601027753401,1,5109.22106603875,0,1,0,98.1601027753401,0
"13101111010",4.22744483846053,76.2788306934687,1,4588.76862543266,0,1,0,76.2788306934687,0
"13101281002",4.70468372842736,43.0040998233449,1,6449.61546813198,0,1,0,43.0040998233449,0
"13101271004",6.29823227105017,210.754917656962,1,7309.67348226361,0,1,0,210.754917656962,0
"13101101010",4.83844272526927,186.667004152157,1,3999.84348635099,0,1,0,186.667004152157,0
"13101111008",4.21423407334034,10.0276919338353,1,4832.69664247599,0,1,0,10.0276919338353,0
"13101111019",4.01276990525745,88.0314762544335,1,4214.82530150542,0,1,0,88.0314762544335,0
"13101131004",4.03258605293774,71.5075960793746,1,5494.97007815888,0,1,0,71.5075960793746,0
"13101121007",5.06467707795251,53.7630099788117,1,4990.09890491038,0,1,0,53.7630099788117,0
"13101271002",5.73347206216209,74.8313810400898,1,6956.2779286801,0,1,0,74.8313810400898,0
"13101281006",4.47514668446407,63.7560066174029,1,6365.33969431437,0,1,0,63.7560066174029,0
"13101261001",4.81367254066892,51.5581749922888,1,7727.21707178314,0,1,0,51.5581749922888,0
"13101121004",7.30720445710462,69.9208378442694,1,5386.12030165599,0,1,0,69.9208378442694,0
"13101131005",6.08190599220708,104.384499160834,1,5687.5227253232,0,1,0,104.384499160834,0
"13101141002",5.03330151079206,201.467853775142,1,4383.17433058031,0,1,0,201.467853775142,0
"13101281004",2.91792774592178,80.4613834425655,1,6371.00557301008,0,1,0,80.4613834425655,0
"13101141001",7.22133448382339,128.024038577446,1,4820.59659114529,0,1,0,128.024038577446,0
"13101151001",7.92150503519342,34.6527353506728,1,5423.26198478096,0,1,0,34.6527353506728,0
"13101151002",6.46501818069256,186.763990314056,1,6200.23441490568,0,1,0,186.763990314056,0
"13101151004",3.36544241436818,121.813160353379,1,5800.65552675594,0,1,0,121.813160353379,0
"13101161002",8.81983706336628,156.320679642958,1,4889.5717816336,0,1,0,156.320679642958,0
"13101171001",9.3102867184533,109.874836016896,1,4953.18312339406,0,1,0,109.874836016896,0
"13101231001",5.83750683748358,284.020216379284,1,7590.24830230408,0,1,0,284.020216379284,0
"13101181001",7.05124588290096,139.877772999859,1,5728.76299374661,0,1,0,139.877772999859,0
"13101191001",8.11636382071621,107.962133900772,1,6242.60170661248,0,1,0,107.962133900772,0
"13101171003",4.21918811026041,126.039487148572,1,5271.09101043752,0,1,0,126.039487148572,0
"13101191003",9.1847844498115,54.4151549671319,1,6358.05982221265,0,1,0,54.4151549671319,0
"13101221001",18.2159937551008,146.06204167581,1,7107.94344741333,0,1,0,146.06204167581,0
"13101251001",8.50443004612176,124.72151632357,1,8077.87249742088,0,1,0,124.72151632357,0
"13101131001",2.99058695408282,24.1037555706915,1,5510.11474685578,0,1,0,24.1037555706915,0
"13101241002",7.97104540439412,142.627922988659,1,8326.20804335868,0,1,0,142.627922988659,0
"13101131003",6.52776931501346,81.9047150010937,1,5688.67333136239,0,1,0,81.9047150010937,0
"13101201001",4.81036984938887,190.207322113435,1,5253.92948524509,0,1,0,190.207322113435,0
"13101201003",5.07623649743268,132.211793071025,1,5818.51005377589,0,1,0,132.211793071025,0
"13101211001",6.85638709737817,78.2016921100185,1,6604.15398256713,0,1,0,78.2016921100185,0
"13101011005",2.87499275928116,14.1188844608192,1,4640.53213746859,0,1,0,14.1188844608192,0
"13101021007",3.84102995869499,90.9183939500987,1,4933.07419117964,0,1,0,90.9183939500987,0
"13101021006",4.09203449597859,21.6246738306071,1,4807.21166948748,0,1,0,21.6246738306071,0
"13101211002",5.61457517608039,105.736879742965,1,6808.53843543976,0,1,0,105.736879742965,0
"13101201002",3.23994014572639,107.508809985384,1,6061.97939768537,0,1,0,107.508809985384,0
"13101051003",3.88891898225568,83.2351646988249,1,7045.06098990448,0,1,0,83.2351646988249,0
"13101031001",3.81956246537469,21.6865624664692,1,5815.91562804778,0,1,0,21.6865624664692,0
"13101031002",9.82550655814068,120.787740109553,1,5720.81576612621,0,1,0,120.787740109553,0
"13101241001",5.64595074324084,100.176725947738,1,8250.30603797758,0,1,0,100.176725947738,0
"13101061001",6.55253949961382,23.6051104809753,1,7010.88486865538,0,1,0,23.6051104809753,0
"13101101001",4.11350198929889,26.5657655460901,1,4016.0018893086,0,1,0,26.5657655460901,0
"13101101004",4.00121048577729,80.7119836635212,1,3843.47121267506,0,1,0,80.7119836635212,0
"13101101007",4.8962398226701,130.438630261807,1,3911.70585008946,0,1,0,130.438630261807,0
"13101101009",2.2210598858318,98.502175679544,1,3996.8090417469,0,1,0,98.502175679544,0
"13101111016",4.04909950933797,70.315122783691,1,4318.63794724126,0,1,0,70.315122783691,0
"13101111011",2.55958574203665,73.2603388271299,1,4478.25843557752,0,1,0,73.2603388271299,0
"13101111012",6.77712250665703,46.0476477831111,1,4489.62020593233,0,1,0,46.0476477831111,0
"13101111004",3.29608589748719,69.2002880353837,1,4782.37282314566,0,1,0,69.2002880353837,0
"13101121008",7.7316002865907,89.3882416720815,1,4932.21715720241,0,1,0,89.3882416720815,0
"13101131007",4.87477232934979,209.798041482181,1,6076.67959313328,0,1,0,209.798041482181,0
"13101151003",6.01750351224616,83.6417073078802,1,6001.7032896518,0,1,0,83.6417073078802,0
"13101161003",8.80332360696604,109.782091161437,1,4759.24794832183,0,1,0,109.782091161437,0
"13101191002",7.89178081367299,38.6775147231557,1,6661.44757899317,0,1,0,38.6775147231557,0
"13101281005",5.3503598736766,46.5111330827393,1,6675.77289826194,0,1,0,46.5111330827393,0
"13101281003",5.53531058535925,20.6092847864073,1,6644.99322754512,0,1,0,20.6092847864073,0
"13101111013",5.26944393731545,103.775250815897,1,4494.8021439851,0,1,0,103.775250815897,0
"13101011002",3.76837075053395,85.2275918601621,1,4674.58456144097,0,1,0,85.2275918601621,0
"13101011001",3.5900254214114,65.20744524837,1,4196.72541521578,0,1,0,65.20744524837,0
"13101081003",5.49237559871864,122.024631103086,1,6862.42400156027,0,1,0,122.024631103086,0
"13101101008",2.6817853193984,12.5297123301181,1,3856.78740303687,0,1,0,12.5297123301181,0
"13101111002",4.28359059022133,21.434819613903,1,4603.33693725156,0,1,0,21.434819613903,0
"13101111001",4.21918811026041,68.7812497454231,1,4284.81919828644,0,1,0,68.7812497454231,0
"13132041003",8.07058056575361,173.422202948107,1,8566.92696872814,0,1,0,173.422202948107,0
